Title,Year,Venue,DOI link,Screening judgement,ReasonCode,ReasonNote,Full-Text Accessibility,Publication Language,Multiple Paradigms,Paradigmatic Compatibility Focus
Paradigm Translations in Integrating Manufacturing Information Using a Meta-model : The TSER Approach,1993,-,-,Exclude,EC1,"A meta-model framework exploring paradigmatic integration across Entity-Relationship, Relational, and Object-Oriented models demonstrates strong potential for addressing multiple programming paradigms. While the study presents a conceptual approach to informat…",maybe,yes,yes,yes
Model fragment comparison using natural language processing techniques,2014,-,https://doi.org/10.1007/978-3-642-54411-8_20,Exclude,EC6,The abstract does not mention any quantitative components or measurements.,maybe,yes,yes,maybe
Modeling the Semantics of Geographic Categories through Conceptual Integration,2002,International Conference Geographic Information Science,https://doi.org/10.1007/3-540-45799-2_8,Exclude,EC2,"The paper appears to be primary research, but it focuses on conceptual integration in cognitive science and geographic categories, not paradigmatic compatibility in programming. It does not meet this criterion.",maybe,yes,no,no
System models effect on test integration cost,2011,2011 IEEE AUTOTESTCON,https://doi.org/10.1109/AUTEST.2011.6058775,Exclude,EC1,"The abstract addresses test program integration and platform independence, demonstrating partial alignment with paradigmatic compatibility criteria. While the study explores system models and integration challenges, it lacks clear empirical validation, quantit…",maybe,yes,maybe,yes
Integration of Semantic Tools into Document Editors,1994,Softw. Concepts Tools,-,Exclude,EC1,"While the paper discusses ""three possible paradigms,"" these appear to be integration paradigms for tools rather than programming paradigms. This is a significant mismatch with the multiple paradigms criterion.",maybe,yes,no,no
Operations on metamodels in the context of a UML-based metamodeling architecture,2003,"Seventh International Database Engineering and Applications Symposium, 2003. Proceedings.",https://doi.org/10.1109/IDEAS.2003.1214962,Exclude,EC1,"The abstract describes a metamodeling architecture with potential relevance to paradigmatic compatibility, but lacks clear evidence of empirical validation or systematic testing of paradigm integration. While the study proposes a measure of semantical distance…",maybe,yes,maybe,maybe
Toward Integrating Qualitative and Quantitative Methods: An Introduction,1992,Health Education Quarterly,https://doi.org/10.1177/109019819201900101,Exclude,EC2,"The paper appears to be an introductory or overview article discussing the combination of qualitative and quantitative research methods, rather than primary research on paradigmatic compatibility or a systematic review of software measurement.",maybe,yes,no,no
Model Integration Using Metamodels,1998,International Conference on Advances in System Simulation,https://doi.org/10.1177/003754979807000306,Exclude,EC1,"The abstract demonstrates strong alignment with paradigmatic compatibility and multiple programming paradigms, addressing model integration across different computing approaches. However, significant uncertainties exist regarding validation methods, empirical …",maybe,yes,yes,yes
HCI reality - an 'Unreal Tournament'?,2007,Int. J. Hum. Comput. Stud.,https://doi.org/10.1016/j.ijhcs.2007.03.003,Exclude,EC1,"The study explores paradigmatic compatibility between professional groups in HCI, utilizing empirical research methods and quantitative analysis. While demonstrating rigorous methodology and addressing multiple paradigms, the research focuses on professional r…",maybe,yes,yes,maybe
WYSIWYT testing in the spreadsheet paradigm: an empirical evaluation,2000,Proceedings of the 2000 International Conference on Software Engineering. ICSE 2000 the New Millennium,https://doi.org/10.1145/337180.337206,Exclude,EC1,"The study presents empirical research on testing methodology in spreadsheet programming, demonstrating strong quantitative validation and paradigm integration through systematic measurement of testing effectiveness. While the research includes robust empirical…",maybe,yes,maybe,maybe
Code Quality Metric of Searching Algorithms for Multi-Paradigm Languages,2019,International Journal of Scientific Research and Management,https://doi.org/10.18535/IJSRM/V7I2.EC03,Exclude,EC1,"The study addresses multiple programming paradigms through a comprehensive analysis of code comprehensibility, proposing new metrics and empirically validating findings across procedural, object-oriented, and multi-paradigm contexts. Quantitative components an…",maybe,yes,yes,yes
COMPOSABLE SIMULATION MODELS AND THEIR FORMAL VALIDATION,2010,-,-,Exclude,EC2,"The paper presents primary research on component-based modeling and simulation, but does not specifically focus on paradigmatic compatibility. While it discusses component integration, it is more focused on simulation modeling than programming paradigms.",maybe,yes,maybe,maybe
Towards an Experimental Framework for Measuring Usability of Model-Driven Tools,2011,IFIP TC13 International Conference on Human-Computer Interaction,https://doi.org/10.1007/978-3-642-23768-3_102,Exclude,EC1,"While MDD is a distinct paradigm, the abstract doesn't indicate comparison or integration with other paradigms. The focus appears to be on MDD tools in isolation.",maybe,yes,no,no
Integrating Formal Methods by Unifying Abstractions,2004,International Conference on Integrated Formal Methods,https://doi.org/10.1007/978-3-540-24756-2_24,Exclude,EC1,"The paper does address multiple paradigms, but these are formal methods paradigms rather than programming paradigms specifically.",maybe,yes,maybe,no
A novel discontinuity metric for unit selection text-to-speech synthesis,2004,Speech Synthesis Workshop,-,Exclude,EC2,"The paper is primary research, but it focuses on text-to-speech synthesis rather than paradigmatic compatibility or software measurement.",maybe,yes,no,no
Paradigm Issues in Critical Systems Thinking and Their Interpretation in Three Developmental Systemic Interventions,2006,-,-,Exclude,EC1,"The paper does address multiple paradigms and their integration, but these are systems thinking paradigms rather than programming paradigms.",maybe,yes,maybe,no
Integrating goal-oriented measurement for evaluation of model transformation,2011,International Conference on Computer Science and Software Engineering,https://doi.org/10.1109/CSICSSE.2011.5964000,Exclude,EC1,"The paper does address multiple platforms and languages, but it's not clear if these represent different programming paradigms or just different technical platforms.",maybe,yes,maybe,no
A Rough Set Formalization of Quantitative Evaluation with Ambiguity,2012,International Conference on Language Resources and Evaluation,-,Exclude,EC2,"The paper presents a formal model for evaluation, but it is focused on natural language processing evaluation rather than paradigmatic compatibility or software measurement.",maybe,yes,no,no
On integration of programming paradigms,1996,CSUR,https://doi.org/10.1145/234528.234735,Exclude,EC6,"While the paper includes formal mathematical concepts, it does not appear to include quantitative measurements or empirical observations.",maybe,yes,yes,yes
Incremental to radical ideas: paradigm-relatedness metrics for investigating ideation creativity and diversity,2019,-,https://doi.org/10.1080/21650349.2018.1463177,Exclude,EC2,"The study is primary research, but it focuses on paradigm-relatedness in idea generation/creativity, not programming paradigms, which is a critical mismatch with the screening criteria.",maybe,yes,no,no
Bridging Scales and Paradigms in Natural Systems Modeling,2010,International Conference on Metadata and Semantics Research,https://doi.org/10.1007/978-3-642-16552-8_1,Exclude,EC1,"A novel modeling formalism addressing multiple programming paradigms demonstrates strong potential for paradigmatic integration, with explicit focus on combining agent-based, process-based, temporal, and spatial modeling approaches. While the abstract presents…",maybe,yes,yes,yes
"Towards query model integration: topology-aware, IR-inspired metrics for declarative graph querying",2013,International Conference on Extending Database Technology,https://doi.org/10.1145/2457317.2457350,Exclude,EC1,"The study demonstrates strong methodological rigor with empirical validation, quantitative metrics, and systematic analysis of data and query model integration. While addressing multiple paradigms and including experimental evidence, the research focuses more …",maybe,yes,maybe,maybe
An introduction to multi-paradigm modelling and simulation.,2002,-,-,Exclude,EC1,"The abstract demonstrates strong alignment with multiple paradigm integration and theoretical modeling concepts, but lacks clear empirical validation and quantitative measurement components. While addressing multi-formalism modeling and paradigm interactions, …",maybe,yes,yes,yes
The Viewpoint Paradigm: a semiotic based approach for the intelligibility of a cooperative designing process,2002,Australasian Journal of Information Systems,https://doi.org/10.3127/AJIS.V10I1.166,Exclude,EC2,"The paper appears to be primary research developing a formal model (Viewpoint Paradigm), but it is focused on modeling and knowledge management rather than paradigmatic compatibility in programming. It does not align well with the intended focus.",maybe,yes,no,no
Reconciling Feature Modeling: A Feature Modeling Metamodel,2004,Net.ObjectDays,https://doi.org/10.1007/978-3-540-30196-7_10,Exclude,EC6,"The paper appears to be more focused on conceptual modeling and metamodeling rather than quantitative measurements, so this criterion is likely not met.",maybe,yes,yes,maybe
Summary of the 6th International Workshop on Multi-Paradigm Modeling (MPM'12),2012,MPM '12,https://doi.org/10.1145/2508443.2508444,Exclude,EC2,"The paper is a workshop summary rather than primary research or a systematic review, so it does not meet the study type criterion.",maybe,yes,yes,maybe
Proceedings of the 6th International Workshop on Multi-Paradigm Modeling,2012,ACM/IEEE International Conference on Model Driven Engineering Languages and Systems,-,Exclude,EC1,"Multi-Paradigm Modeling research addresses paradigmatic compatibility through a workshop exploring model integration challenges across different formalisms. While the abstract demonstrates strong alignment with multiple paradigm interactions, significant uncer…",maybe,yes,yes,yes
Integrating diverse paradigms in evolution and maintenance by an XML-based unified model,2003,J. Softw. Maintenance Res. Pract.,https://doi.org/10.1002/smr.272,Exclude,EC1,"The abstract demonstrates strong alignment with criteria related to paradigmatic compatibility, proposing an XML-based model for integrating disparate software analysis methods. However, significant uncertainties exist regarding validation methods, empirical e…",maybe,yes,yes,yes
Complexity and Model Integration: Formalisations,2010,-,https://doi.org/10.1007/978-3-642-15603-8_4,Exclude,EC6,"The abstract suggests a theoretical/conceptual approach rather than quantitative analysis, and there is no mention of measurements or systematic observations.",maybe,yes,maybe,maybe
An Operational Process for Goal-Driven Definition of Measures,2002,IEEE Trans. Software Eng.,https://doi.org/10.1109/TSE.2002.1158285,Exclude,EC1,The paper does not address interactions between different programming paradigms. It focuses on measurement approaches in software engineering.,maybe,yes,no,no
Utilisation de la transformation de modeles pour faciliter la sélection de composants logiciels,2008,-,-,Exclude,EC1,The paper focuses on component-based engineering but doesn't explicitly address different programming paradigms.,maybe,yes,no,no
A scenario-based verification technique to assess the compatibility of collaborative business processes,2009,Data & Knowledge Engineering,https://doi.org/10.1016/j.datak.2008.12.002,Exclude,EC1,"The study explores compatibility and integration in business processes, presenting formal criteria for analyzing interactions between different paradigms. While demonstrating strong methodological rigor in examining semantic compatibility, the research diverge…",maybe,yes,yes,maybe
A Multi-Paradigm Modelling Approach for the Engineering of Modelling Languages,2014,ACM/IEEE International Conference on Model Driven Engineering Languages and Systems,-,Exclude,EC6,The abstract suggests a structured approach but does not explicitly mention quantitative measurements or systematic observations.,maybe,yes,maybe,maybe
Using paradigm-relatedness to measure design ideation shifts,2016,-,https://doi.org/10.18260/p.27156,Exclude,EC2,"This is primary research, but it focuses on design ideation and paradigm shifts in engineering design rather than programming paradigms. It does not investigate paradigmatic compatibility in software development.",maybe,yes,no,no
Comparing Reuse Mechanisms for Model Transformation Languages: Design for an Empirical Study,2016,HuFaMo@MoDELS,-,Exclude,EC1,"The study presents a rigorous experimental design comparing reuse mechanisms in model transformation languages, with strong empirical validation methods and quantitative components. While methodologically sound, the research does not directly address paradigma…",maybe,yes,maybe,maybe
An approach to integration of complex systems: the SAVI virtual integration process,2013,HILT '13,https://doi.org/10.1145/2527269.2527275,Exclude,EC1,"The study presents a comprehensive approach to system integration, focusing on architectural modeling languages and their compatibility through systematic validation methods and quantitative analysis. While addressing multiple paradigms and including empirical…",maybe,yes,yes,maybe
Electronic Communications of the EASST Volume 50 ( 2011 ) Recent Advances in Multi-paradigm Modeling ( MPM 2011 ) How to reach a usable DSL ? Moving toward a Systematic Evaluation,2012,-,-,Exclude,EC1,The paper focuses on DSLs but does not explicitly address interactions between different programming paradigms. This criterion is not met.,maybe,yes,no,no
Should we simulate mental models to assess whether they agree?,2018,Spring Simulation Multiconference,https://doi.org/10.22360/springsim.2018.anss.012,Exclude,EC2,"The paper appears to be primary research, but it focuses on comparing mental models in policy coherence rather than programming paradigms. It does not investigate paradigmatic compatibility in the context of programming.",maybe,yes,no,no
Model Driven Conformance Testing for Standardized Services,2014,IEEE International Conference on Services Computing,https://doi.org/10.1109/SCC.2014.60,Exclude,EC2,"The paper presents primary research developing a formal framework for testing compliance, but it is not specifically focused on paradigmatic compatibility. Instead, it focuses on service interface compliance testing.",maybe,yes,no,no
Electronic Communications of the EASST Volume 50 ( 2011 ) Recent Advances in Multi-paradigm Modeling ( MPM 2011 ) Semantic Adaptation using CCSL Clock Constraints,2012,-,-,Exclude,EC1,"The study addresses paradigmatic compatibility through semantic adaptation between different modeling paradigms, using formal methods like CCSL. While demonstrating strong theoretical foundations in multiple paradigm interactions, the abstract lacks clear evid…",maybe,yes,yes,yes
Semantic-structural assessment scheme for integrability in service-oriented applications,2014,Latin American Computing Conference / Conferencia Latinoamericana En Informatica,https://doi.org/10.1109/CLEI.2014.6965175,Exclude,EC1,"The study presents a rigorous empirical investigation of service compatibility within Service-Oriented Computing, utilizing quantitative metrics and a substantial dataset of 465 web services. While demonstrating strong methodological rigor through systematic v…",maybe,yes,maybe,maybe
SysML model-driven approach to verify blocks compatibility,2019,International Journal of Computer Aided Engineering and Technology,https://doi.org/10.1504/IJCAET.2019.10018253,Exclude,EC1,"While the paper mentions ""heterogeneous components,"" it doesn't specifically address different programming paradigms. The focus is on component compatibility within a SysML framework.",maybe,yes,no,maybe
Empirical Measure of Learnability: A Tool for Semantic Map Validation,2015,Biologically Inspired Cognitive Architectures,https://doi.org/10.1016/j.procs.2015.12.223,Exclude,EC2,"The paper appears to be primary research, but it focuses on semantic mapping and human learning rather than paradigmatic compatibility or software measurement, which are the core focus of the systematic review.",maybe,yes,no,no
Combining Topological and Metric: A Natural Integration for Simultaneous Localization and Map Building,2001,-,https://doi.org/10.3929/ETHZ-A-010107259,Exclude,EC1,"The study demonstrates strong methodological rigor through comprehensive empirical validation, quantitative measurements, and systematic integration of metric and topological paradigms in a robotics context. Multiple experimental approaches, including map comp…",maybe,yes,yes,yes
An overview on protocol adaptors for service component integration,2008,-,-,Exclude,EC1,"While the paper discusses different service components and their interactions, it does not explicitly address different programming paradigms. The focus is on service-oriented architecture rather than programming paradigms.",maybe,yes,no,no
NAOMI - An Experimental Platform for Multi-modeling,2008,ACM/IEEE International Conference on Model Driven Engineering Languages and Systems,https://doi.org/10.1007/978-3-540-87875-9_10,Exclude,EC1,"The study presents an experimental platform for integrating multiple domain-specific modeling languages, demonstrating strong potential for addressing paradigmatic compatibility across different modeling paradigms. While the abstract suggests systematic analys…",maybe,yes,yes,yes
"Modélisation des processus ""métier"" mis en oeuvre dans une approche EAI en vue de leur pilotage : le pilotage des applications intégrées",2004,-,-,Exclude,EC1,A French-language thesis exploring formal modeling frameworks for integrating heterogeneous applications across different business and data perspectives. The study demonstrates strong potential in addressing paradigmatic compatibility through architectural and…,maybe,yes,yes,yes
Quantitative analysis of scrolling techniques,2002,International Conference on Human Factors in Computing Systems,https://doi.org/10.1145/503376.503389,Exclude,EC2,"The study is primary research, but it focuses on evaluating scrolling interaction techniques rather than investigating paradigmatic compatibility or programming paradigms.",maybe,yes,no,no
Goal-Driven Definition of Product Metrics Based on Properties,1995,-,-,Exclude,EC2,"The paper appears to be primary research proposing a methodology for defining product metrics, but it does not specifically focus on paradigmatic compatibility or integration.",maybe,yes,no,no
Complexity Theory: A New Paradigm for Software Integration,2013,IT Professional,https://doi.org/10.1109/MITP.2012.87,Exclude,EC1,The abstract does not specifically address interactions between different programming paradigms.,maybe,yes,no,no
Breaking incommensurability boundaries? On the production and publication of interparadigmatic research,2023,Qualitative Research in Accounting &amp; Management,https://doi.org/10.1108/qram-09-2022-0147,Exclude,EC2,"The paper is a research essay that analyzes paradigmatic compatibility, but it is focused on research paradigms in accounting rather than programming paradigms, which is a significant mismatch with the intended focus.",maybe,yes,maybe,no
"Software paradigms, assessment types and non-functional requirements in model-based integration testing: a systematic literature review",2014,International Conference on Evaluation & Assessment in Software Engineering,https://doi.org/10.1145/2601248.2601257,Exclude,EC1,"A systematic literature review on model-based integration testing that partially meets screening criteria through its methodological rigor and discussion of software paradigms. While the study includes quantitative components and systematic review methodology,…",maybe,yes,maybe,maybe
Constructing hybrid software process simulation models,2015,International Conference on Software and Systems Process,https://doi.org/10.1145/2785592.2785610,Exclude,EC1,"A systematic literature review exploring hybrid simulation paradigms demonstrates strong alignment with multiple screening criteria, particularly in addressing paradigmatic compatibility and multiple programming paradigms. While the study shows promise in anal…",maybe,yes,yes,yes
Electronic Communications of the EASST Volume 50 ( 2011 ) Recent Advances in Multi-paradigm Modeling ( MPM 2011 ) Model Based Engineering for the support of Models of Computation : The Cometa Approach,2013,-,-,Exclude,EC1,"The study addresses paradigmatic compatibility in Real Time Embedded Systems by proposing a formal approach to model integration, focusing on execution semantics across different modeling paradigms. While demonstrating strong theoretical foundations in multipl…",maybe,yes,yes,yes
A comparative study of model transformation approaches through a systematic procedural framework and goal question metrics paradigm,2013,-,-,Exclude,EC1,"The study presents a comprehensive framework for model transformation quality, addressing multiple transformation approaches through systematic validation and case studies. While not directly focused on programming paradigms, the research demonstrates strong m…",maybe,yes,yes,maybe
"Synergizing Positivistic and Aesthetic Approaches to Improve the Development of Interactive, Visual Systems Design",2010,Proceedings of DRS,https://doi.org/10.21606/drs.2008.46,Exclude,EC1,"The study presents a rigorous investigation of paradigmatic compatibility through empirical research, featuring a systematic approach with quantitative validation across two distinct design paradigms. While demonstrating strong methodological elements includin…",maybe,yes,yes,maybe
A Manageable Model for Experimental Research Data: An Empirical Study in the Materials Sciences,2018,International Conference on Advanced Information Systems Engineering,https://doi.org/10.1007/978-3-319-91563-0_26,Exclude,EC2,"The paper describes an empirical study of a data management system, but it does not appear to investigate paradigmatic compatibility in programming. The ""paradigm change"" mentioned refers to data modeling rather than programming paradigms.",maybe,yes,no,no
Assessing and improving the quality of model transformations,2012,-,https://doi.org/10.6100/IR719526,Exclude,EC1,"The study presents a comprehensive investigation of model transformation quality and metrics, utilizing empirical methods and quantitative analysis across multiple modeling languages. While demonstrating strong methodological rigor and validation techniques, t…",maybe,yes,maybe,maybe
Electronic Communications of the EASST Volume 21 ( 2009 ) Proceedings of the 3 rd International Workshop on Multi-Paradigm Modeling ( MPM 2009 ) A practical approach to multi-modeling views composition,2009,-,-,Exclude,EC1,"The abstract describes a model transformation approach that partially addresses paradigmatic compatibility, with a focus on Domain Specific Modeling Languages rather than programming paradigms. While the study involves multiple modeling languages and proposes …",maybe,yes,maybe,maybe
Validating expert systems,1990,IEEE Expert,https://doi.org/10.1109/64.54673,Exclude,EC2,"The paper presents a formal paradigm for validation, but it is focused on expert systems rather than paradigmatic compatibility between programming paradigms, which is a significant mismatch with the criterion.",maybe,yes,no,no
"A connectionist and a traditional AI quantizer, symbolic versus sub-symbolic models of rhythm perception",1993,-,https://doi.org/10.1080/07494469300640471,Exclude,EC1,"The study explores paradigmatic compatibility between Symbolic AI and Connectionist approaches, focusing on model comparison and integration in rhythm perception. While demonstrating strong alignment with multiple screening criteria, the abstract reveals parti…",maybe,yes,yes,yes
Towards an approach of formal verification of mediation protocol based on web services,2010,International Conference on Information Integration and Web-based Applications & Services,https://doi.org/10.1145/1967486.1967502,Exclude,EC1,"While the paper addresses heterogeneities between services, it does not explicitly discuss different programming paradigms, and the focus is on service composition rather than paradigmatic integration.",maybe,yes,no,maybe
Vers l'intégration des métarôles pour la recherche d'information collaborative,2015,Document Numérique,https://doi.org/10.3166/dn.18.2-3.9-38,Exclude,EC2,"The paper appears to be primary research, but it focuses on collaborative information retrieval and role-based division of labor, not paradigmatic compatibility in programming. This is a significant mismatch with the criterion.",maybe,yes,no,no
Increasing the reliability of energy system scenarios with integrated modelling: a review,2022,Environmental Research Letters,https://doi.org/10.1088/1748-9326/ac5cf5,Exclude,EC1,"The paper does address multiple paradigms and their integration, but these are modeling paradigms rather than programming paradigms.",maybe,yes,maybe,no
Second International Workshop on Multi-Paradigm Modeling: Concepts and Tools,2008,ACM/IEEE International Conference on Model Driven Engineering Languages and Systems,https://doi.org/10.1007/978-3-540-69073-3_25,Exclude,EC1,"A workshop summary addressing multi-paradigm modeling demonstrates strong alignment with paradigmatic compatibility and multiple paradigm criteria. However, the abstract lacks clear evidence of empirical validation, quantitative components, and systematic rese…",maybe,yes,yes,yes
Multi-paradigm modelling for cyber–physical systems: a descriptive framework,2021,Journal of Software and Systems Modeling,https://doi.org/10.1007/s10270-021-00876-z,Exclude,EC1,"A theoretical framework exploring multi-paradigm modeling in cyber-physical systems, addressing paradigmatic compatibility through a descriptive approach. While demonstrating strong conceptual insights into paradigm interactions, the study lacks empirical vali…",maybe,yes,yes,yes
Interfaces and binding in component based development of formal models,2009,ValueTools,https://doi.org/10.4108/ICST.VALUETOOLS2009.7677,Exclude,EC1,"The abstract describes a technical paper on component-based modeling that partially addresses interface compatibility and multiformalism models, but lacks clear empirical validation or direct focus on programming paradigm integration. While the study involves …",maybe,yes,maybe,maybe
Integration of the pathogenic exposure paradigm and the hierarchical immune system framework,2007,-,-,Exclude,EC2,"The paper appears to be primary research proposing an integration framework, but it is focused on immune system models rather than programming paradigms, which is a significant mismatch with the intended focus.",maybe,yes,no,no
Automated measurement of models of requirements,2011,Software quality journal,https://doi.org/10.1007/s11219-011-9163-6,Exclude,EC1,"The paper only explicitly mentions the object-oriented paradigm, though it does integrate requirements modeling with object-oriented approaches. This is a weak match for the criterion.",maybe,yes,maybe,no
Configuration management for models : generic methods for model comparison and model co-evolution,2011,-,https://doi.org/10.6100/IR716407,Exclude,EC1,"The research paper addresses model-driven software engineering with strong validation methods and empirical evidence, but does not directly focus on paradigmatic compatibility or integration as specified in the screening criteria. While the study includes mult…",maybe,yes,maybe,maybe
Integrating Information Systems,2001,Organizational Semiotics,https://doi.org/10.1007/978-0-387-35611-2_7,Exclude,EC6,There is no clear indication of quantitative components or measurements. The focus seems to be on theoretical frameworks and conceptual understanding.,maybe,yes,yes,maybe
Evaluation of Software Product Quality Metrics,2020,International Conference on Evaluation of Novel Approaches to Software Engineering,https://doi.org/10.1007/978-3-030-40223-5_8,Exclude,EC2,"The paper is primary research investigating software metrics and quality, but does not specifically focus on paradigmatic compatibility.",maybe,yes,no,no
A Graph-Based Framework for Multiparadigmatic Visual Access to Databases,1996,IEEE Transactions on Knowledge and Data Engineering,https://doi.org/10.1109/69.506712,Exclude,EC1,"A multiparadigmatic research approach exploring visual access integration across different interaction paradigms, with a strong focus on formal modeling and paradigmatic compatibility. The study demonstrates systematic exploration of multiple visual representa…",maybe,yes,yes,yes
A framework for understanding the integration of design methodologies,1995,SOEN,https://doi.org/10.1145/225907.225913,Exclude,EC1,"A framework for software design methodology integration is proposed, addressing multiple programming paradigms with a conceptual approach. While the study demonstrates strong potential in exploring paradigmatic compatibility, significant uncertainties exist re…",maybe,yes,yes,yes
Integration of maintenance in the enterprise: Towards an enterprise modelling-based framework compliant with proactive maintenance strategy,2001,-,https://doi.org/10.1080/09537280150501275,Exclude,EC2,"The paper focuses on enterprise modeling and maintenance systems, not on paradigmatic compatibility or software measurement, so it does not meet the study type criterion.",maybe,yes,no,no
Formalisation of Mediation Protocol for Web Services Composition with ACME/ARMANI ADL,2010,-,-,Exclude,EC1,"The study addresses service composition and mediation through formal methods, demonstrating strong alignment with paradigmatic compatibility and multiple programming paradigms. While the research provides a systematic approach using ADL and OCL, it lacks expli…",maybe,yes,yes,yes
On marrying ontological and metamodeling technical spaces,2007,ESEC-FSE companion '07,https://doi.org/10.1145/1295014.1295017,Exclude,EC6,"The abstract does not indicate any quantitative measurements or systematic observations, suggesting the paper may lack quantitative components.",maybe,yes,yes,yes
Electronic Communications of the EASST Volume 50 ( 2011 ) Recent Advances in Multi-paradigm Modeling ( MPM 2011 ) Reusing Model Transformations across Heterogeneous Metamodels,2012,-,-,Exclude,EC1,"The study addresses multi-paradigm modeling through systematic model transformation techniques, demonstrating strong alignment with paradigmatic compatibility research. While the paper shows methodological rigor in addressing metamodel integration, there are s…",maybe,yes,yes,yes
Automatic Generation of Trace Links in Model-driven Software Development,2013,-,-,Exclude,EC2,"The paper presents primary research on model-driven software engineering and traceability, but does not specifically focus on paradigmatic compatibility. While it deals with model transformations and integration, it's more focused on traceability mechanisms.",maybe,yes,no,no
Practical Automated Partial Verification of Multi-paradigm Real-Time Models,2008,IEEE International Conference on Formal Engineering Methods,https://doi.org/10.1007/978-3-540-88194-0_19,Exclude,EC1,"The study presents a rigorous investigation of formal modeling paradigms, demonstrating strong empirical validation through verification tests and addressing multiple paradigmatic integration challenges. While primarily focused on formal modeling rather than p…",maybe,yes,yes,maybe
A measure for module cohesion,1995,-,-,Exclude,EC2,"The paper presents primary research investigating software measurement (module cohesion), but does not specifically address paradigmatic compatibility. It focuses on measuring cohesion within modules.",maybe,yes,no,no
Enterprise Inter- and Intra-Organizational Integration: Building International Consensus,2013,-,-,Exclude,EC2,This appears to be a conference proceedings overview rather than primary research or a systematic review of paradigm integration. It describes an initiative and its workshops but doesn't present specific research.,maybe,yes,maybe,maybe
Multi-Paradigm Process Management,2004,CAiSE Workshops,-,Exclude,EC1,"The paper does address multiple paradigms, but these are business process modeling paradigms rather than programming paradigms.",maybe,yes,maybe,no
Functional Programming Paradigm of Python for Scientific Computation Pipeline Integration,2024,arXiv.org,https://doi.org/10.48550/arXiv.2405.16956,Exclude,EC1,The study demonstrates strong alignment with paradigmatic compatibility research by addressing functional programming integration with Python architecture across multiple programming paradigms. While the abstract clearly presents a novel approach to data proce…,maybe,yes,yes,yes
Assessing continuity and compatibility in augmented reality systems,2002,Universal Access in the Information Society,https://doi.org/10.1007/s10209-002-0024-8,Exclude,EC2,"The paper appears to be primary research investigating compatibility, but it focuses on AR system integration rather than programming paradigms specifically, which is a significant mismatch with the intended focus.",maybe,yes,no,no
METRIC: METamorphic Relation Identification based on the Category-choice framework,2016,Journal of Systems and Software,https://doi.org/10.1016/j.jss.2015.07.037,Exclude,EC1,"While the paper mentions working with ""various application domains and paradigms,"" it is not clear if it specifically addresses interactions between different programming paradigms.",maybe,yes,maybe,no
Towards a software maintenance methodology using Semantic Web techniques and paradigmatic documentation modelling,2008,IET Software,https://doi.org/10.1049/iet-sen:20070092,Exclude,EC1,"While the paper mentions ""language-neutral"" approaches, it does not explicitly address interactions between different programming paradigms. The focus is on software maintenance and metadata rather than paradigm compatibility.",maybe,yes,no,no
Manual Corpus Annotation: Giving Meaning to the Evaluation Metrics,2012,International Conference on Computational Linguistics,-,Exclude,EC2,"The paper appears to be primary research, but it focuses on inter-annotator agreement measures rather than paradigmatic compatibility, and does not align with the core focus of the systematic review.",maybe,yes,no,no
Empirical validation of integrated stock assessment models to ensuring risk equivalence: A pathway to resilient fisheries management,2024,PLoS ONE,https://doi.org/10.1371/journal.pone.0302576,Exclude,EC2,"The paper appears to be primary research, but it focuses on fisheries management models rather than programming paradigms. It does discuss model integration and validation, but not in the context of programming paradigms.",maybe,yes,no,no
"A Metric for User Requirements Traceability in Sequence, Class Diagrams, and Lines-Of-Code via Robustness Diagrams",2013,-,https://doi.org/10.1007/978-4-431-54436-4_4,Exclude,EC1,"The study presents a metric for software design model consistency with strong empirical testing and quantitative components, but its focus on modeling approaches rather than programming paradigms creates uncertainty about direct relevance. While methodological…",maybe,yes,maybe,maybe
Transforming functional models to critical chain models via expert knowledge and automatic parsing rules for design analogy identification,2017,"Artificial intelligence for engineering design, analysis and manufacturing",https://doi.org/10.1017/S0890060417000488,Exclude,EC1,"The study addresses functional modeling paradigms in engineering design, employing systematic validation methods and quantitative metrics, but diverges from the screening criteria's focus on programming paradigm compatibility. While methodologically rigorous w…",maybe,yes,maybe,maybe
Protocols versus objects: can models for telecommunications and distributed processing coexist?,1997,Proceedings of the Sixth IEEE Computer Society Workshop on Future Trends of Distributed Computing Systems,https://doi.org/10.1109/FTDCS.1997.644696,Exclude,EC6,There is no clear indication of quantitative components or measurements in the abstract. The discussion appears to be more conceptual.,maybe,yes,yes,yes
Integration Systems and Interaction Spaces,1996,International Symposium on Frontiers of Combining Systems,https://doi.org/10.1007/978-94-009-0349-4_13,Exclude,EC1,"The abstract describes a theoretical approach to integration systems across computational paradigms, with partial alignment to screening criteria around multiple paradigms and research type. While addressing paradigm integration conceptually, the study lacks c…",maybe,yes,yes,maybe
Characterizing Compatibility of Timed Choreography,2011,International Journal of Web Services Research,https://doi.org/10.4018/jwsr.2011040101,Exclude,EC1,"The study focuses on web services compatibility through a model checking approach, demonstrating quantitative analysis of service interactions. While the research includes systematic validation and quantitative components, it is narrowly centered on service-or…",maybe,yes,maybe,maybe
"Extending the ontology, metacommunication and communicability of semiotic engineering to the emerging paradigm of human-computer integration (HInt)",2022,Simpósio Brasileiro de Fatores Humanos em Sistemas Computacionais,https://doi.org/10.1145/3554364.3559109,Exclude,EC2,"The paper appears to be a theoretical analysis and proposal rather than primary research investigating paradigmatic compatibility or a systematic review. It focuses on extending an ontology for HCI, not specifically on paradigm integration or software measurem…",maybe,yes,maybe,no
Timed Model Checking Based Approach for Web Services Analysis,2009,IEEE International Conference on Web Services,https://doi.org/10.1109/ICWS.2009.42,Exclude,EC1,"The study focuses on web service choreography compatibility using model checking, presenting a domain-specific approach to service integration that partially meets screening criteria related to validation methods and quantitative analysis. While demonstrating …",maybe,yes,maybe,maybe
The MT model transformation language,2006,ACM Symposium on Applied Computing,https://doi.org/10.1145/1141277.1141577,Exclude,EC1,"While the paper mentions implementation in Converge, it does not explicitly address interactions between different programming paradigms. The focus is on model transformation languages rather than paradigm compatibility.",maybe,yes,no,no
How to assess a software process modeling formalism from a project member's point of view,1993,[1993] Proceedings of the Second International Conference on the Software Process-Continuous Software Process Improvement,https://doi.org/10.1109/SPCON.1993.236814,Exclude,EC2,"The paper proposes an experimental framework for assessing process formalisms, which is primary research. However, it does not specifically focus on paradigmatic compatibility or software measurement as defined in the criteria.",maybe,yes,no,no
New Planning Methodologies in Strategic Management ; An Inter-Paradigm System Dynamics Approach,2008,-,-,Exclude,EC1,"The study explores paradigmatic integration between two planning methodologies, demonstrating strong alignment with multiple paradigm and compatibility criteria. While the research shows promise in addressing inter-paradigm interactions, there are uncertaintie…",maybe,yes,yes,yes
"Testing the cognitive relevance of a geometric model on a word association task: A comparison of humans, ACOM, and LSA",2008,Behavior Research Methods,https://doi.org/10.3758/BRM.40.4.926,Exclude,EC2,"The paper appears to be primary research, but it focuses on validating a cognitive model rather than investigating paradigmatic compatibility in programming. It does compare different paradigms (geometric, hierarchical, vector), but in the context of semantic …",maybe,yes,no,no
A unified approach for verification and validation of systems and software engineering models,2006,European Conference on the Engineering of Computer-Based Systems,https://doi.org/10.1109/ECBS.2006.17,Exclude,EC2,"The paper presents primary research on verification and validation of software models, but does not specifically focus on paradigmatic compatibility. It is more about verification methods across different modeling approaches.",maybe,yes,no,no
Reproducibility of LLM-based Recommender Systems: the Case Study of P5 Paradigm,2024,ACM Conference on Recommender Systems,https://doi.org/10.1145/3640457.3688072,Exclude,EC2,"This is primary research, but it focuses on recommender systems and LLMs rather than paradigmatic compatibility. While it discusses a framework (LaikaLLM), it's not specifically about paradigm integration.",maybe,yes,no,no
Formalisms in Software Engineering: Myths Versus Empirical Facts,2008,Central and East European Conference on Software Engineering Techniques,https://doi.org/10.1007/978-3-540-85279-7_2,Exclude,EC2,"The paper appears to be a perspective/review paper about the state of software engineering research and practice, rather than primary research on paradigmatic compatibility or a systematic review of paradigm integration. It does not meet this criterion.",maybe,yes,no,no
A semiotic framework for manufacturing systems integration –Part I: Generative integration model,2010,International journal of computer integrated manufacturing (Print),https://doi.org/10.1080/0951192X.2010.510292,Exclude,EC2,"The paper presents exploratory research on semiotics for manufacturing systems integration, which is not specifically focused on paradigmatic compatibility in programming.",maybe,yes,no,no
Electronic Communications of the EASST Volume 072 ( 2015 ) Proceedings of the 15 th International Workshop on Automated Verification of Critical Systems ( AVoCS 2015 ) Automated Verification of Asynchronous Communicating Systems with TLA +,2015,-,-,Exclude,EC1,"A formal research study exploring compatibility between communication paradigms using TLA+ specifications, demonstrating systematic validation methods and addressing multiple communication models. The work provides a quantitative framework for analyzing paradi…",maybe,yes,yes,maybe
Analysis of systematic engineering design paradigms in industrial practice: Scaled experiments,2011,-,https://doi.org/10.1080/09544820903437742,Exclude,EC2,"The paper appears to be primary research investigating design paradigms, but it focuses on engineering design rather than programming paradigms, which is a significant mismatch with the intended focus.",maybe,yes,maybe,no
Integrando metodologias na análise de dados sob o paradigma interacionista simbólico: um caso prático,2014,-,https://doi.org/10.1590/1679-39519359,Exclude,EC2,"The paper appears to be primary research, but it focuses on combining analysis methods in social science research rather than investigating paradigmatic compatibility in the context of programming.",maybe,yes,no,no
When a Formal Model Rhymes with a Graphical Notation,2014,SEFM Workshops,https://doi.org/10.1007/978-3-319-15201-1_4,Exclude,EC1,"The abstract describes a study on formal methods and graphical representations, but does not directly address programming paradigm compatibility. While the paper includes empirical validation and discusses multiple approaches, it lacks specific focus on intera…",maybe,yes,maybe,maybe
Model-based interfacing of large-scale metrology instruments,2019,Optical Metrology,https://doi.org/10.1117/12.2527461,Exclude,EC2,"The paper appears to be primary research, but it focuses on metrology systems and protocol integration rather than programming paradigm compatibility. It does not align with the core focus of paradigmatic compatibility.",maybe,yes,no,no
Formalization of Validation Extension Metamodel for Enterprise Architecture Frameworks,2014,International Conference on Enterprise Information Systems,https://doi.org/10.5220/0004950304270434,Exclude,EC2,"The paper focuses on Enterprise Architecture formalization and validation rather than paradigmatic compatibility or software measurement, so it does not meet the study type criterion.",maybe,yes,no,no
An integration framework for multi-paradigm software process modeling,1997,IEEE International Conference on Intelligent Processing Systems,https://doi.org/10.1109/ICIPS.1997.669381,Exclude,EC6,The abstract does not mention any quantitative measurements or systematic observations.,maybe,yes,maybe,maybe
Metacognition and system usability: Incorporating metacognitive research paradigm into usability testing,2016,Computers in Human Behavior,https://doi.org/10.1016/j.chb.2015.07.041,Exclude,EC2,"The study is primary research, but it focuses on usability testing methodology rather than investigating paradigmatic compatibility or software measurement.",maybe,yes,no,no
A model-driven framework for multi-paradigm modeling and holistic simulation of healthcare systems,2018,International Conference on Advances in System Simulation,https://doi.org/10.1177/0037549717744888,Exclude,EC1,"The abstract describes a multi-paradigm modeling approach for healthcare systems, which demonstrates methodological rigor in paradigm integration but falls outside the specific domain of programming paradigms. While the study exhibits strong systematic researc…",maybe,yes,maybe,maybe
FROM DIFFICULT PROBLEMS TO PROGRAMMING PARADIGMS,2021,-,https://doi.org/10.38028/ESI.2021.21.1.008,Exclude,EC1,"The paper explores programming paradigms through a historical and systematic lens, addressing multiple paradigms but lacking clear empirical validation or quantitative metrics for compatibility. While touching on paradigmatic relationships, the study appears m…",maybe,maybe,yes,maybe
A metric for measuring the degree of entity-centric service cohesion,2010,IEEE International Conference on Service-Oriented Computing and Applications,https://doi.org/10.1109/SOCA.2010.5707187,Exclude,EC1,"The study proposes a novel metric for service cohesion in business process modeling, with empirical validation, but does not directly address paradigmatic compatibility between programming paradigms. While the research includes quantitative components and empi…",maybe,yes,maybe,maybe
Formalizing Adaptation On-the-Fly,2009,FOCLASA,https://doi.org/10.1016/j.entcs.2009.10.023,Exclude,EC1,The abstract doesn't explicitly mention multiple programming paradigms or their interaction. The focus is on component coordination and adaptation.,maybe,yes,no,no
Triune Continuum Paradigm: a paradigm for General System Modeling and its applications for UML and RM-ODP,2002,-,-,Exclude,EC1,"A comprehensive thesis exploring paradigmatic compatibility through a novel metamodeling structure that integrates multiple programming frameworks, demonstrating strong theoretical foundations and formal implementation across UML and RM-ODP. The study provides…",maybe,yes,yes,yes
Electronic Communications of the EASST Volume X ( 2010 ) Proceedings of the 4 th International Workshop on Multi-Paradigm Modeling ( MPM 2010 ) A generic in-place transformation-based approach to structured model co-evolution,2010,-,-,Exclude,EC2,"The paper appears to be primary research, but it focuses on model evolution and migration in MDE (Model-Driven Engineering) rather than paradigmatic compatibility specifically. It doesn't clearly align with the core focus of paradigm integration.",maybe,yes,no,no
A Model-Based Framework for Adapting Interaction Mismatches of Time-Aware Web Services,2010,International Conference on Service Science,https://doi.org/10.1109/ICSS.2010.23,Exclude,EC1,"The study presents a formal framework for web service composition with strong methodological elements like model checking and empirical validation, but its primary focus on service integration rather than programming paradigms creates uncertainty about full al…",maybe,yes,maybe,maybe
Component-based modeling of dynamic systems using heterogeneous composition,2012,MPM '12,https://doi.org/10.1145/2508443.2508456,Exclude,EC1,"The study demonstrates strong alignment with screening criteria related to paradigmatic compatibility, multiple programming paradigms, and primary research focus. While the abstract clearly addresses integration of different modeling approaches, significant un…",maybe,yes,yes,yes
Towards a Hybrid Temporal Paradigm for Musical Composition and Performance: The Case of Musical Interpretation,2013,Computer Music Journal,https://doi.org/10.1162/COMJ_a_00179,Exclude,EC2,"The paper appears to be a theoretical study proposing a formalism for music composition, rather than a study focused on programming paradigms or software measurement.",maybe,yes,maybe,no
An on-chip interconnect and protocol stack for multiple communication paradigms and programming models,2009,International Conference on Hardware/Software Codesign and System Synthesis,https://doi.org/10.1145/1629435.1629450,Exclude,EC1,"The study addresses multiple communication paradigms and programming models in System on Chip design, providing quantitative analysis and empirical validation of hardware-software interface integration. While the research demonstrates strong technical merit in…",maybe,yes,yes,maybe
A model for combined targeting and tracking tasks in computer applications,2013,Experimental Brain Research,https://doi.org/10.1007/s00221-013-3700-4,Exclude,EC1,"The study does address interactions between two paradigms, but they are not programming paradigms.",maybe,yes,maybe,no
Dynamic consistency in process algebra: From Paradigm to ACP,2009,Science of Computer Programming,https://doi.org/10.1016/j.scico.2010.04.011,Exclude,EC2,"The paper appears to be primary research focusing on a modeling language (Paradigm) and its relationship to process algebra, but it is not clearly focused on paradigmatic compatibility in the sense of programming paradigms.",maybe,yes,no,no
A GUI modeling DSL for pattern-based GUI testing PARADIGM,2014,International Conference on Evaluation of Novel Approaches to Software Engineering,https://doi.org/10.5220/0004880601260135,Exclude,EC2,"The paper presents primary research on a testing methodology (PBGT) and a DSL (PARADIGM), but it does not specifically focus on paradigmatic compatibility or integration. Instead, it focuses on GUI testing patterns.",maybe,yes,no,no
A multi-paradigm modeling and simulation methodology: formalisms and languages,1996,-,-,Exclude,EC1,"The document explores formalism integration across multiple modeling paradigms, demonstrating strong theoretical insights into compatibility and transformation between different modeling languages. While addressing multiple formalisms and their interactions, t…",maybe,yes,yes,maybe
Evaluation of Requirements Models,2016,IEEE International Requirements Engineering Conference,https://doi.org/10.1109/RE.2016.28,Exclude,EC2,"The paper proposes a research study investigating metrics and evaluation frameworks, but does not specifically focus on paradigmatic compatibility. It focuses on requirements engineering approaches and their quality metrics.",maybe,yes,maybe,no
Challenges of Integrating LLMs Like ChatGPT with Enterprise Software and Solving it with Object Messaging and Intelligent Objects as a New Software Design Paradigm,2023,"2023 Congress in Computer Science, Computer Engineering, & Applied Computing (CSCE)",https://doi.org/10.1109/CSCE60160.2023.00054,Exclude,EC6,The abstract suggests a theoretical/conceptual approach without mentioning any quantitative measurements or systematic observations.,maybe,yes,yes,maybe
Benchmarking pointing techniques with distractors: adding a density factor to Fitts' pointing paradigm,2011,International Conference on Human Factors in Computing Systems,https://doi.org/10.1145/1978942.1979180,Exclude,EC2,"The study is primary research, but it focuses on extending Fitts' pointing paradigm for human-computer interaction rather than paradigmatic compatibility in programming, so it does not meet this criterion.",maybe,yes,no,no
Metrics and similarities in modeling dependencies between continuous and nominal data,2013,-,-,Exclude,EC1,"The study addresses data type compatibility within an analytical paradigm, presenting empirical validation and quantitative methods for handling continuous and nominal data. While demonstrating strong methodological rigor, the research focuses more on data typ…",maybe,yes,maybe,maybe
Formalization of the RM-ODP foundations based on the Triune Continuum Paradigm,2007,Comput. Stand. Interfaces,https://doi.org/10.1016/j.csi.2005.10.001,Exclude,EC1,"While the paper mentions that the Triune Continuum Paradigm can be adapted by different modeling frameworks, it does not appear to focus on interactions between multiple paradigms.",maybe,yes,maybe,no
Towards an Approach for Orchestrating Design Space Exploration Problems to Fix Multi-Paradigm Inconsistencies,2014,MPM@MoDELS,-,Exclude,EC1,"The abstract describes a conceptual approach to solver orchestration in multi-paradigm modeling, partially meeting criteria related to multiple paradigms and quantitative components. However, the study lacks clear empirical validation, systematic evaluation, a…",maybe,yes,yes,maybe
"Correctness, Completeness, Consistency: Challenges of Migrating Arrowhead System-of-Systems Models",2022,IEEE/IFIP Network Operations and Management Symposium,https://doi.org/10.1109/NOMS54207.2022.9789830,Exclude,EC1,"The abstract describes a model-based systems engineering study that partially addresses integration challenges, but lacks clear focus on programming paradigm compatibility. While the paper discusses multiple modeling frameworks and an empirical migration scena…",maybe,yes,maybe,maybe
A Category-Theoretical Approach to the Formalisation of Version Control in MDE,2009,Fundamental Approaches to Software Engineering,https://doi.org/10.1007/978-3-642-00593-0_5,Exclude,EC1,"The paper does not explicitly address interactions between different programming paradigms. While it discusses model evolution, it appears to focus on a single paradigm (MDE).",maybe,yes,no,no
Integrated formal methods with richer methodological profiles for the development of multi-perspective systems,1996,-,-,Exclude,EC1,"The study presents a comprehensive investigation of paradigmatic compatibility through formal method integration, addressing multiple programming paradigms with rigorous mathematical approaches. While demonstrating strong theoretical foundations in integrating…",maybe,yes,yes,yes
The model-assisted global query system,1992,-,-,Exclude,EC1,"The research primarily addresses database system integration rather than programming paradigm compatibility, with limited direct focus on paradigmatic interactions. While the study includes empirical validation and systematic methods, its core emphasis on data…",maybe,yes,maybe,maybe
A Modeling Paradigm for Integrated Modular Avionics Design,2006,EUROMICRO Conference on Software Engineering and Advanced Applications,https://doi.org/10.1109/EUROMICRO.2006.11,Exclude,EC1,"The abstract describes a modeling framework for integrated modular avionics design, which partially addresses paradigmatic compatibility through integration of different modeling approaches. While the study involves formal methods and validation techniques, it…",maybe,yes,yes,maybe
Towards Compositional Domain Specific Languages,2013,MPM@MoDELS,-,Exclude,EC1,"The abstract demonstrates strong theoretical foundations in domain-specific language compositionality, explicitly addressing multiple programming paradigms and their integration. While the paper shows robust conceptual exploration of paradigmatic compatibility…",maybe,yes,yes,yes
An Integrative Bargaining Paradigm for Investigating Multidisciplinary Design Tradeoffs,1994,-,https://doi.org/10.1177/154193129403801608,Exclude,EC2,"The paper describes an experimental paradigm for studying design decision-making, but does not appear to focus on paradigmatic compatibility or software measurement. It is about design team collaboration and decision-making.",maybe,yes,no,no
Using Software Requirement Specification as Complexity Metric for Multi-Paradigm Programming Languages,2013,-,-,Exclude,EC2,"The study is primary research, but it focuses on software complexity metrics rather than paradigmatic compatibility or software measurement in the context of different programming paradigms.",maybe,yes,no,no
5th International Workshop on Multi-Paradigm Modeling for Cyber-Physical Systems (MPM4CPS),2023,ACM/IEEE International Conference on Model Driven Engineering Languages and Systems,https://doi.org/10.1109/models-c59198.2023.00084,Exclude,EC2,The abstract appears to be describing a conceptual overview of Cyber-Physical Systems rather than primary research on paradigmatic compatibility or a systematic review. It doesn't clearly indicate the type of study.,maybe,yes,no,no
A Meta‐Model for integrating Human Factors into System Engineering,2022,INCOSE International Symposium,https://doi.org/10.1002/iis2.12876,Exclude,EC6,"The abstract does not mention any quantitative measurements or systematic observations, and the paper appears to be primarily focused on formal modeling.",maybe,yes,maybe,maybe
An ontology-based approach for integrating tools supporting the software measurement process,2017,Science of Computer Programming,https://doi.org/10.1016/j.scico.2016.10.004,Exclude,EC1,"The study presents a robust methodology for tool integration using ontologies, with strong empirical validation through case studies and user surveys. However, the research primarily addresses semantic tool integration rather than programming paradigm compatib…",maybe,yes,maybe,maybe
Analyzing Mediated Service Protocol Interactions Considering User's Expectation,2010,-,-,Exclude,EC1,"While the paper addresses different service protocols, these are not explicitly different programming paradigms. The focus is on service-oriented computing protocols rather than programming paradigms like object-oriented, functional, or procedural programming.",maybe,yes,no,maybe
Semantic integration of IEC 60870 into CIM,2011,IEEE International Conference on Smart Grid Communications,https://doi.org/10.1109/SmartGridComm.2011.6102360,Exclude,EC2,"The paper appears to be primary research, but it focuses on protocol integration rather than programming paradigm compatibility. It does not investigate paradigmatic compatibility in the sense intended by the criteria.",maybe,yes,no,no
Semantic matching in machine reading comprehension: An empirical study,2022,Information Processing & Management,https://doi.org/10.1016/j.ipm.2022.103145,Exclude,EC2,"The paper is primary research, but it focuses on machine reading comprehension rather than paradigmatic compatibility. While it does compare different approaches, these are not programming paradigms.",maybe,yes,no,no
Migration among simulation paradigms and tools,2014,-,-,Exclude,EC1,"The paper does address different simulation methods and their compatibility, but these are not specifically programming paradigms as intended in the criteria.",maybe,yes,maybe,no
A schema for computer-human interface design,1994,-,-,Exclude,EC2,"The paper presents primary research, but its focus is on human-computer interface design rather than paradigmatic compatibility. While it does integrate the Object-Oriented paradigm with the GOMS model, this integration is for interface design purposes, not pa…",maybe,yes,maybe,no
Usability testing with total-effort metrics,2009,International Symposium on Empirical Software Engineering and Measurement,https://doi.org/10.1109/ESEM.2009.5316022,Exclude,EC2,"The paper is primary research, but it focuses on usability testing and metrics rather than paradigmatic compatibility or software measurement, which are the required study types.",maybe,yes,no,no
Assessing the Alignment of FOL Closeness Metrics with Human Judgement,2025,arXiv.org,https://doi.org/10.48550/arXiv.2501.08613,Exclude,EC2,"The paper is primary research, but it focuses on evaluating metrics for First-Order Logic translation rather than paradigmatic compatibility specifically. While it involves programming paradigms (LLMs and FOL), the focus is not on paradigm integration.",maybe,yes,maybe,no
Supply Chain Integration through Performance Measurement,2000,-,-,Exclude,EC2,"The paper is primary research, but it focuses on measurement systems in supply chains rather than paradigmatic compatibility in programming, so it does not meet this criterion.",maybe,yes,no,no
Applying an MDA-based approach for enhancing the validation of business process models,2021,ANT/EDI40,https://doi.org/10.1016/j.procs.2021.03.094,Exclude,EC1,"While the paper does address multiple approaches (BPMN, MDA, ontologies), these are modeling paradigms rather than programming paradigms.",maybe,yes,no,no
"(Meta-)Models, Tools and Infrastructures for Business Application Integration",2008,International United Information Systems Conference,https://doi.org/10.1007/978-3-540-78942-0_55,Exclude,EC2,"The paper appears to be primary research focused on integration, but it is specifically about business process integration rather than paradigmatic compatibility. It does not directly address paradigm integration in the sense required by the criteria.",maybe,yes,no,no
Automatizing the Evaluation of Model Matching Systems,2010,-,-,Exclude,EC1,"The study explores paradigmatic compatibility between Model-Driven Engineering and Semantic Web, proposing a mechanism for model matching algorithm evaluation. While demonstrating strong potential in addressing multiple programming paradigms, the abstract leav…",maybe,yes,yes,yes
Multilingual and multiparadigm integration of a tuple channel-based coordination model,1998,ACM Symposium on Applied Computing,https://doi.org/10.1145/330560.330668,Exclude,EC1,"The study demonstrates strong alignment with paradigmatic compatibility research by integrating a coordination model across multiple programming paradigms using C, Haskell, and Smalltalk. While the abstract clearly shows a focus on paradigm integration, signif…",maybe,yes,yes,yes
Compatibility and Continuity in Augmented Reality Systems,2001,-,-,Exclude,EC2,"The paper appears to be primary research investigating compatibility, but it focuses on AR systems rather than programming paradigms, which is not the intended focus of the systematic review.",maybe,yes,no,no
Modeling collaboration protocols for collaborative modeling tools: Experiences and applications,2013,Journal of Visual Languages and Computing,https://doi.org/10.1016/j.jvlc.2012.10.006,Exclude,EC2,"The paper is primary research proposing a visual language for collaboration protocols, but it does not specifically focus on paradigmatic compatibility or software measurement as defined in the criteria.",maybe,yes,no,no
Model Interoperability for Performance Engineering: Survey of Milestones and Evolution,2010,About Performance,https://doi.org/10.1007/978-3-642-25575-5_2,Exclude,EC1,"The abstract discusses model interoperability in performance engineering tools, but diverges from the specific focus on programming paradigm compatibility. While addressing tool integration and model transformations, the paper lacks clear evidence of empirical…",maybe,yes,maybe,maybe
"Integrating the Physical and Link Layers in Modeling the Wireless Ad Hoc Networking MAC Protocol , Synchronous Collision Resolution",-,-,-,Exclude,EC1,"The paper does address multiple paradigms (wired vs. wireless), but again, these are networking paradigms rather than programming paradigms.",maybe,yes,maybe,no
Achieving QVTO & ATL Interoperability: An Experience Report on the Realization of a QVTO to ATL Computer,2009,-,-,Exclude,EC1,"The study explores paradigmatic compatibility between QVT and ATL model transformation languages, focusing on interoperability between declarative and imperative programming paradigms. By developing a compiler and demonstrating practical implementation, the re…",maybe,yes,yes,yes
A unifying framework for homogeneous model composition,2019,Journal of Software and Systems Modeling,https://doi.org/10.1007/s10270-018-00707-8,Exclude,EC6,"The paper appears to be primarily theoretical, focusing on conceptual frameworks and structural composition. No clear quantitative components are mentioned.",maybe,yes,yes,yes
A mental model perspective for tool development and paradigm shift in spreadsheets,2016,Int. J. Hum. Comput. Stud.,https://doi.org/10.1016/j.ijhcs.2015.10.005,Exclude,EC1,"The study presents a rigorous empirical investigation of mental models in spreadsheet programming, demonstrating strong validation methods and quantitative components across three systematic studies. While focused specifically on spreadsheet paradigms rather t…",maybe,yes,maybe,maybe
"Metaphors, Stories, Models: A Unified Account of Decisions",2002,-,https://doi.org/10.5840/POM20022121,Exclude,EC2,"The paper appears to be a theoretical framework paper about decision-making paradigms in management, rather than primary research investigating paradigmatic compatibility or a systematic review/meta-analysis of paradigm integration or software measurement.",maybe,yes,yes,no
A verified integration of parallel programming paradigms in CC++,1994,Proceedings of 8th International Parallel Processing Symposium,https://doi.org/10.1109/IPPS.1994.288320,Exclude,EC1,The study demonstrates strong alignment with screening criteria by exploring paradigmatic compatibility between object-oriented and imperative programming models through formal verification and implementation. It effectively addresses multiple programming para…,maybe,yes,yes,yes
An exercise in deriving a protocol conversion,1987,"Conference on Applications, Technologies, Architectures, and Protocols for Computer Communication",https://doi.org/10.1145/55482.55498,Exclude,EC1,"The paper discusses different protocols rather than programming paradigms specifically. While protocols can be considered as part of different paradigms, this isn't explicitly addressed in the abstract.",maybe,yes,no,no
Modeling mean estimation tasks in within-trial and across-trial contexts,2022,"Attention, Perception, & Psychophysics",https://doi.org/10.3758/s13414-021-02410-1,Exclude,EC2,"This is a primary research study, but it focuses on computational models for mean estimation tasks in psychology, not on paradigmatic compatibility in programming.",maybe,yes,no,no
Towards a Formal Specification of Multi-paradigm Modelling,2019,2019 ACM/IEEE 22nd International Conference on Model Driven Engineering Languages and Systems Companion (MODELS-C),https://doi.org/10.1109/MODELS-C.2019.00067,Exclude,EC1,"The paper does address multiple paradigms (specifically modeling paradigms) and mentions ""multi-paradigm modelling,"" meeting this criterion.",maybe,yes,yes,no
A mixed paradigm reasoning approach to problem-solving in incomplete causal-theory domains,1996,-,-,Exclude,EC2,"While the paper is primary research, it focuses on integrating reasoning paradigms (case-based and model-based reasoning) rather than programming paradigms, which is a significant mismatch with the intended focus.",maybe,yes,no,no
Magic Potion: Incorporating New Development Paradigms through Metaprogramming,2010,IEEE Software,https://doi.org/10.1109/MS.2010.90,Exclude,EC6,No quantitative components or measurements are mentioned in the abstract. The discussion appears to be qualitative.,maybe,yes,yes,maybe
Metamodeling functional and interactive parts of systems for composition considerations,2011,J. Comput. Methods Sci. Eng.,https://doi.org/10.3233/JCM-2011-0381,Exclude,EC6,The abstract doesn't indicate any quantitative measurements or systematic observations. It appears to be primarily theoretical.,maybe,yes,maybe,maybe
Meta-level Extension of the Multigraph Architecture,1998,-,-,Exclude,EC1,"The abstract describes a theoretical framework for model integrated program synthesis environments, but lacks clear evidence of empirical validation, quantitative analysis, or direct focus on paradigmatic compatibility between programming paradigms. While the …",maybe,yes,maybe,maybe
Meta-Modeling And Structural Paradigm For Strategic Alignment Of Information System,2009,Mediterranean Conference on Information Systems,-,Exclude,EC2,"The paper appears to be primary research proposing a meta-model extension and structural measures, but it does not specifically focus on paradigmatic compatibility or software measurement as specified in the criteria. Instead, it is more focused on information…",maybe,yes,no,no
Multi-protocol architectures as a paradigm for achieving inter-operability,1993,"IEEE INFOCOM '93 The Conference on Computer Communications, Proceedings",https://doi.org/10.1109/INFCOM.1993.253240,Exclude,EC1,"While the paper deals with multiple protocols (OSI and Internet suites), these aren't programming paradigms in the traditional sense.",maybe,yes,no,no
Evidences of the mismatch between industry and academy on modelling language quality evaluation,2016,arXiv.org,-,Exclude,EC1,"While the paper mentions ""diversity of conceptions,"" it doesn't explicitly indicate whether it addresses multiple programming paradigms or their interactions.",maybe,yes,no,no
An Expeditious Approach to Modeling IDE Interaction Design,2015,GEMOC+MPM@MoDELS,-,Exclude,EC2,"This is a position paper proposing a solution, not primary research or a systematic review. It does not investigate paradigmatic compatibility empirically, though it mentions multi-paradigm modeling.",maybe,yes,no,no
Comparison of Gene Regulatory Networks via Steady-State Trajectories,2007,EURASIP J. Bioinform. Syst. Biol.,https://doi.org/10.1155/2007/82702,Exclude,EC2,"The paper appears to be primary research, but it focuses on genetic regulatory networks rather than programming paradigms. It does not investigate paradigmatic compatibility in software development.",maybe,yes,no,no
Quantitative Programming and Continuous-Time Markov Chains,2023,Symposium on Symbolic and Numeric Algorithms for Scientific Computing,https://doi.org/10.1109/SYNASC61333.2023.00022,Exclude,EC2,"This is primary research investigating formal verification methods, but it doesn't specifically focus on paradigmatic compatibility. It introduces a ""quantitative programming paradigm"" but this appears to be a specific approach rather than a study of paradigm …",maybe,yes,no,no
Exploring Model Engineering Techniques for the Integration of Heterogeneous Context Models,2007,Advances in Mobile Multimedia,-,Exclude,EC2,"The paper appears to be primary research investigating integration approaches, but it focuses on context-aware systems rather than programming paradigms specifically. It does not directly address paradigmatic compatibility.",maybe,yes,no,no
"REPRESENTATION, PROPAGATION AND COMBINATION OF UNCERTAIN INFORMATION",1994,-,https://doi.org/10.1080/03081079408908030,Exclude,EC2,"The paper appears to be primary research investigating compatibility between different paradigms of uncertainty representation, but these are mathematical/statistical paradigms rather than programming paradigms, which is a significant mismatch with the intende…",maybe,yes,no,no
Towards a Framework to Integrate Proof Search Paradigms,2003,-,-,Exclude,EC1,"The study explores paradigmatic compatibility in theorem proving, addressing multiple proof search methodologies through a unified framework. While demonstrating strong theoretical foundations in analyzing different programming paradigms, the abstract lacks cl…",maybe,yes,yes,yes
Active Models: A Possible Approach to the Integration of Objective and Subjective Process Models,2005,International Software Process Workshop,https://doi.org/10.1007/11608035_11,Exclude,EC1,"The abstract mentions ""explicit and tacit knowledge"" but does not clearly address interactions between different programming paradigms.",maybe,yes,no,no
Metamodelling with formal semantics with application to access control specification,2015,International Conference on Model-Driven Engineering and Software Development,https://doi.org/10.5220/0005272903540362,Exclude,EC2,"The paper appears to be primary research proposing a metamodelling paradigm, but it does not specifically focus on paradigmatic compatibility. Instead, it focuses on access control specification languages and their formal semantics.",maybe,yes,no,no
Workshop on Integration of Declarative Paradigms,1995,Knowledge engineering review (Print),https://doi.org/10.1017/S0269888900008158,Exclude,EC1,"A workshop overview discussing paradigm integration across multiple programming approaches, demonstrating strong alignment with criteria related to multiple paradigms and paradigmatic compatibility. However, significant uncertainties exist regarding empirical …",maybe,yes,yes,yes
Darwinian Model Upgrades: Model Evolving with Selective Compatibility,2022,AAAI Conference on Artificial Intelligence,https://doi.org/10.48550/arXiv.2210.06954,Exclude,EC1,"While the paper discusses different models, it doesn't address programming paradigms or their compatibility.",yes,yes,no,no
CONCEPTUAL MODELLING AND THE QUALITY OF ONTOLOGIES : A COMPARISON BETWEEN OBJECT-ROLE MODELLING AND THE OBJECT PARADIGM,2010,-,-,Exclude,EC1,"The study compares ontology modeling paradigms through a systematic analytical approach, but diverges from the screening criteria's focus on programming paradigms. While demonstrating paradigmatic comparison and systematic evaluation, the research primarily ad…",maybe,yes,maybe,maybe
Assessing Web Services Interfaces with Lightweight Semantic Basis,2017,Computing and informatics,https://doi.org/10.4149/cai_2017_5_1173,Exclude,EC1,The paper does not address interactions between different programming paradigms. It focuses on web service integration and compatibility.,maybe,yes,no,no
Supporting modelers with model qualities and patterns,2017,Research Challenges in Information Science,https://doi.org/10.1109/RCIS.2017.7956573,Exclude,EC1,"The abstract addresses multiple modeling methods and tools, but lacks clear evidence of paradigmatic compatibility research or empirical validation. While touching on multiple paradigms, the text appears more focused on model selection criteria than systematic…",maybe,yes,maybe,maybe
A Multi-paradigm Complexity Metric (MCM),2011,Communication Systems and Applications,https://doi.org/10.1007/978-3-642-21934-4_28,Exclude,EC1,A research paper proposing a metric for multi-paradigm programming languages demonstrates strong potential in addressing paradigmatic compatibility across procedural and object-oriented programming approaches. While the study shows promise in quantitative anal…,maybe,yes,yes,yes
Proposing a Paradigm for e-Collaboration,2003,-,-,Exclude,EC2,"The paper appears to be primary research developing a framework for e-Collaboration, but it does not specifically investigate paradigmatic compatibility in programming. It focuses on organizational collaboration paradigms, which is a different domain.",maybe,yes,no,no
Performance model’s development: a novel approach encompassing ontology-based data access and visual analytics,2020,Scientometrics,https://doi.org/10.1007/s11192-020-03689-x,Exclude,EC2,"The paper appears to be primary research proposing a new approach to performance evaluation and metrics, but it does not specifically focus on paradigmatic compatibility or software measurement integration. It is more about evaluation metrics and visualization…",maybe,yes,maybe,maybe
Magdeburg The METRICS NEWS can be ordered directly from the Editorial Office,2001,-,-,Exclude,EC1,"The abstract discusses measurement frameworks and empirical evaluations, touching on development paradigms but lacking a clear focus on paradigmatic compatibility. While the paper includes quantitative components and validation methods, its primary emphasis ap…",maybe,yes,maybe,maybe
Model Transformation Reuse: A Graph-based Model Typing Approach. (Réutilisation de transformation de modèle : une approche de typage de modèle basée sur les graphes),2012,-,-,Exclude,EC1,"The dissertation addresses model transformation compatibility through metamodel correspondences, but diverges from direct programming paradigm integration. While demonstrating technical sophistication in transformation mechanisms, the study lacks explicit focu…",maybe,yes,maybe,maybe
Foundations of multi-paradigm modeling and simulation: a meta-theoretic approach to modeling and simulation,2003,Online World Conference on Soft Computing in Industrial Applications,-,Exclude,EC6,The abstract suggests a theoretical framework but does not indicate specific quantitative components or measurements.,maybe,yes,maybe,maybe
Dagstuhl Seminar 9538 New Trends in the Intergration of Paradigms,1995,-,-,Exclude,EC6,The abstract suggests a primarily theoretical discussion without mention of quantitative measurements or systematic observations.,maybe,yes,yes,yes
Integrating Formalized User Experience within Building Design Models,2007,Comput. Aided Civ. Infrastructure Eng.,https://doi.org/10.1111/j.1467-8667.2006.00474.x,Exclude,EC2,"The paper appears to be primary research investigating modeling integration, but it is focused on architectural/construction modeling rather than programming paradigms, which is a significant mismatch with the intended focus.",maybe,yes,no,no
Semantic interoperability and retrieval paradigms,2011,-,-,Exclude,EC1,"While the paper discusses different paradigms, they are retrieval paradigms in information systems, not programming paradigms, which is a different domain than what the criteria specify.",maybe,yes,no,no
Complexity and Development Effort Prediction Models Using Component Oriented Metrics,2006,-,-,Exclude,EC1,The paper focuses on component-oriented design but does not address interactions between multiple programming paradigms.,maybe,yes,no,no
Combining Independent Specifications,2001,Fundamental Approaches to Software Engineering,https://doi.org/10.1007/3-540-45314-8_5,Exclude,EC1,"A formal research paper exploring mixed-paradigm approaches to component specification, focusing on integrating state-based and event-based formalisms through systematic analysis. The study demonstrates strong alignment with paradigmatic compatibility research…",maybe,yes,yes,yes
A Model for Integrating Knowledge into Component-Based Software Development,2001,-,-,Exclude,EC2,"The paper presents primary research on a component model for software integration, but does not specifically focus on paradigmatic compatibility. While it discusses integration challenges, these are more about component interfaces and restrictions rather than …",maybe,yes,no,no
A New Search Paradigm for Natural Language Code Search,2021,-,-,Exclude,EC2,"This is primary research, but it focuses on code search algorithms rather than paradigmatic compatibility or software measurement integration, so it does not meet this criterion.",maybe,yes,no,no
Mappings Between Domain Models in Answer Set Programming,2003,ASp,-,Exclude,EC1,"While the paper deals with integration, it's primarily about database schema integration rather than programming paradigms. The only programming paradigm mentioned is Answer Set Programming, but it's not comparing multiple programming paradigms.",maybe,yes,no,no
Theme issue on Integrated Formal Methods,2015,Journal of Software and Systems Modeling,https://doi.org/10.1007/s10270-015-0510-0,Exclude,EC1,"A theme issue exploring integrated formal methods demonstrates strong alignment with multiple screening criteria, particularly in addressing paradigmatic compatibility and interactions between different modeling approaches. While the abstract clearly indicates…",maybe,yes,yes,yes
Programming paradigms and program comprehension by novices,1998,Annual Workshop of the Psychology of Programming Interest Group,-,Exclude,EC2,"The abstract suggests this is primary research about programming and mental models, but does not appear to focus on paradigmatic compatibility. It seems to be about general programming cognition.",maybe,yes,no,no
Theme issue on Integrated Formal Methods,2016,Journal of Software and Systems Modeling,https://doi.org/10.1007/s10270-015-0510-0,Exclude,EC1,"A theme issue exploring integrated formal methods demonstrates strong alignment with multiple screening criteria, particularly in addressing paradigmatic compatibility and interactions between different modeling approaches. While the abstract clearly indicates…",maybe,yes,yes,yes
A Categorical Model of Process Co-Simulation,2019,International Journal of Advanced Computer Science and Applications,https://doi.org/10.14569/ijacsa.2019.0100355,Exclude,EC6,"While the paper deals with formal systems and mathematical modeling, it does not clearly indicate quantitative measurements or systematic observations.",maybe,yes,maybe,maybe
SOFTWARE COMPONENT COMPLEXITY MEASUREMENT THROUGHPROPOSED INTEGRATION METRICS,2011,-,-,Exclude,EC1,The abstract does not explicitly discuss interactions between different programming paradigms. The focus appears to be on component-based systems rather than paradigm integration.,maybe,yes,no,no
Semantic Web and Geospatial Unique Features Based Geospatial Data Integration,2016,International Journal on Semantic Web and Information Systems (IJSWIS),https://doi.org/10.4018/IJSWIS.2016010101,Exclude,EC2,"The paper is primary research, but it focuses on geospatial data integration rather than paradigmatic compatibility. While it discusses integration, it's not about programming paradigms.",maybe,yes,no,no
Taming Multi-Paradigm Integration in a Software Architecture Description Language,2014,MPM@MoDELS,-,Exclude,EC6,The abstract does not explicitly mention quantitative components or measurements. It focuses more on architectural description and modeling.,maybe,yes,yes,maybe
Analytical aspects of combining holistic evaluation and decomposition Iation for preference modeling in the FITradeoff method,2024,International Transactions in Operational Research,https://doi.org/10.1111/itor.13470,Exclude,EC1,The study demonstrates strong alignment with paradigmatic compatibility research by explicitly integrating two preference modeling paradigms and analyzing their mathematical and analytical implications. While the paper shows robust quantitative components and …,maybe,yes,yes,yes
Language-agnostic multi-paradigm code quality assurance framework,2022,BElgian-NEtherlands software eVOLution symposium,-,Exclude,EC1,"A research study exploring multi-paradigm programming languages demonstrates strong alignment with screening criteria related to paradigmatic compatibility, multiple programming paradigms, and quantitative measurement approaches. While the abstract provides cl…",maybe,yes,yes,yes
Integration Testing Prior to Unit Testing: A Paradigm Shift in Object Oriented Software Testing of Agile Software Engineering,2016,-,https://doi.org/10.17485/IJST/2016/V9I20/91223,Exclude,EC2,"While this is primary research, it focuses on testing paradigms (unit vs integration testing) rather than programming paradigms. The study does not investigate paradigmatic compatibility between programming paradigms.",maybe,yes,no,no
Transforming Meta-design from Paradigm to Working Theory,2019,International Symposium on End-User Development,https://doi.org/10.1007/978-3-030-24781-2_18,Exclude,EC2,"The paper appears to be a research proposal or framework paper about meta-design, but does not clearly indicate primary research or systematic review of paradigm integration.",maybe,yes,no,no
Modeling and Realizing Interoperability,2004,CAiSE Workshops,-,Exclude,EC1,"The paper addresses enterprise application integration across multiple paradigms, but diverges from the specific focus on programming paradigm compatibility. While demonstrating systematic approaches to integration and including empirical evidence, the study d…",maybe,yes,maybe,maybe
Systematizing Modeler Experience (MX) in Model-Driven Engineering Success Stories,2024,Journal of Software and Systems Modeling,https://doi.org/10.1007/s10270-024-01194-w,Exclude,EC1,"The study explores modeling paradigms through user experience, addressing multiple programming approaches but lacking clear quantitative validation methods. While the research touches on paradigmatic compatibility, it appears more focused on qualitative percep…",maybe,yes,yes,maybe
CodePlex: Software Complexity Measuring Tool based on ECB Measure,2023,International Journal of Engineering and Management Research,https://doi.org/10.31033/ijemr.13.5.8,Exclude,EC1,The paper appears to focus solely on object-oriented programming and does not address interactions between multiple paradigms.,maybe,yes,no,no
A model for multiparadigm systems,1991,International Conference on Scientific Computing,https://doi.org/10.1145/327164.327265,Exclude,EC1,"A theoretical model exploring multiparadigm systems demonstrates strong alignment with criteria related to programming paradigms and language accessibility. However, the abstract lacks clear evidence of empirical validation, quantitative measurements, and syst…",maybe,yes,yes,yes
An ontology-based domain model to enhance the software development process,2014,Int. J. Metadata Semant. Ontologies,https://doi.org/10.1504/IJMSO.2014.063132,Exclude,EC1,"The study proposes a multi-paradigm programming approach integrating ontological, functional, object-oriented, and concurrent paradigms within Clojure, demonstrating strong theoretical foundations in paradigmatic compatibility. However, the research lacks expl…",maybe,yes,yes,yes
"Integration of Software Packages with Different Programming Paradigms , Exemplified by a Ship Model Generating Tool",2007,-,-,Exclude,EC1,"The study addresses paradigmatic compatibility by exploring integration between Fortran and Java programming paradigms in a ship design simulation context. While demonstrating clear focus on multiple programming paradigms and practical implementation, the abst…",maybe,yes,yes,yes
Step-wise refinement in multi-paradigm modeling,2020,ACM/IEEE International Conference on Model Driven Engineering Languages and Systems,https://doi.org/10.1145/3417990.3421441,Exclude,EC1,"A comprehensive study on multi-paradigm modeling that strongly addresses paradigmatic compatibility through a novel Dynamic Multi-Layer Algebra framework, demonstrating systematic approaches to integrating different modeling paradigms. The research provides a …",maybe,yes,yes,yes
"4th International Workshop on Model Driven Engineering, Verification, and Validation: Integrating Verification and Validation in MDE",2008,ACM/IEEE International Conference on Model Driven Engineering Languages and Systems,https://doi.org/10.1007/978-3-540-69073-3_16,Exclude,EC1,"The abstract addresses multiple programming paradigms and their integration, specifically focusing on Model Driven Engineering and traditional verification techniques. While demonstrating clear relevance to paradigmatic compatibility, the text leaves significa…",maybe,yes,yes,maybe
METAMODELLING WITH FORMAL SEMANTICS SPECIFICATIONS FOR AN ACCESS CONTROL METAMODEL WITH DECISION CAPABILITIES,2015,International Conference on Model-Driven Engineering and Software Development,https://doi.org/10.5220/0005272903540362,Exclude,EC1,"The abstract describes a metamodelling approach for access control systems, but fails to meet most screening criteria related to paradigmatic compatibility and integration. While written in English, the study lacks empirical validation, quantitative measuremen…",maybe,yes,maybe,maybe
Integrating Modeling and Simulation with Test and Evaluation Activities,2004,-,https://doi.org/10.2514/6.2004-6800,Exclude,EC2,"The paper proposes a new paradigm for M&S (Modeling and Simulation) and T&E (Testing and Evaluation) integration, which involves paradigm integration, but it is not specifically about programming paradigms, which is the focus of the screening criteria.",maybe,yes,no,no
Quantitative Analysis of Software Component’s Reusability,2019,"Proceedings of the 1st International Conference on Smart Innovation, Ergonomics and Applied Human Factors (SEAHF)",https://doi.org/10.1007/978-3-030-22964-1_5,Exclude,EC1,The abstract does not explicitly mention multiple programming paradigms. The focus appears to be on component-based development rather than interactions between different programming paradigms.,maybe,yes,no,no
Nouveau paradigme d’évaluation des systèmes de dialogue homme-machine,2009,JEPTALNRECITAL,-,Exclude,EC2,"The paper appears to be a research paper about human-machine dialogue systems evaluation, rather than a study on paradigmatic compatibility or software measurement integration.",maybe,yes,no,no
"A Novel Class, Object and Inheritance based Coupling Measure (COICM) to Find Better OOP Paradigm using JAVA",2011,-,-,Exclude,EC1,"The paper focuses solely on object-oriented programming and does not address interactions between different programming paradigms, failing to meet the multiple paradigms requirement.",maybe,yes,no,no
A decision making model for software design,2007,"IEEE International Conference on Systems, Man and Cybernetics",https://doi.org/10.1109/ICSMC.2007.4413795,Exclude,EC2,"The paper presents a model for component selection, but does not appear to focus on paradigmatic compatibility or integration. It is about COTS component selection, which is a different focus.",maybe,yes,no,no
Profiling Web Components Quality Using User-Centered Assessment,2017,2017 International Conference on Computational Science and Computational Intelligence (CSCI),https://doi.org/10.1109/CSCI.2017.167,Exclude,EC1,"The study presents a quantitative approach to web component quality metrics with strong empirical validation, but only partially addresses paradigmatic compatibility. While demonstrating robust methodological rigor through user-centered evaluation and systemat…",maybe,yes,maybe,maybe
Paradigm shift and the integrated feedback approach,1995,Proceedings of 1995 IEEE International Conference on Robotics and Automation,https://doi.org/10.1109/ROBOT.1995.525688,Exclude,EC2,"The paper appears to be primary research, but it focuses on design paradigm shifting in manufacturing/assembly rather than programming paradigms, which is a significant mismatch with the intended focus.",maybe,yes,no,no
A tool for the convergence of multilevel modelling approaches,2018,ACM/IEEE International Conference on Model Driven Engineering Languages and Systems,-,Exclude,EC2,"The paper appears to be primary research, but it focuses on a tool for multilevel modeling rather than paradigmatic compatibility specifically. It does not clearly align with the required focus on paradigm integration or software measurement.",maybe,yes,no,no
Quality of Service Ranking by Quantifying Partial Compliance of Requirements,2020,International Conference on Coordination Models and Languages,https://doi.org/10.1007/978-3-030-50029-0_12,Exclude,EC1,"The paper does not explicitly address multiple programming paradigms. While it deals with service integration, it is more focused on QoS metrics than paradigmatic compatibility.",maybe,yes,no,maybe
Code Comprehension in a Multi-paradigm Environment: Background and Experimental Setup,2023,Seminar on Advanced Techniques and Tools for Software Evolution,-,Exclude,EC1,"A research proposal exploring code comprehension across object-oriented and functional programming paradigms, utilizing an experimental design with interviews to capture quantitative and qualitative data. The study aims to investigate paradigmatic compatibilit…",maybe,yes,yes,yes
Towards a Unifying Model Transformation Bus,2015,GEMOC+MPM@MoDELS,-,Exclude,EC1,"A multi-paradigm modeling framework addressing tool interoperability demonstrates strong alignment with paradigmatic compatibility research, focusing on integrating different programming paradigms through a model-driven approach. While the study shows promise …",maybe,yes,yes,yes
Integrating incompatible hardware and software systems,2010,ACM Southeast Regional Conference,https://doi.org/10.1145/1900008.1900038,Exclude,EC2,"The paper appears to be primary research investigating integration challenges, but it focuses on hardware-software integration rather than programming paradigm compatibility specifically, which is a significant mismatch with the intended focus.",maybe,yes,no,no
Quality metrics for diversified similarity searching: What they stand for?,2020,Brazilian Symposium on Databases,https://doi.org/10.5753/sbbd.2020.13620,Exclude,EC2,"The paper appears to be primary research, but it focuses on diversity-oriented searches and metrics rather than paradigmatic compatibility specifically. While it mentions ""different paradigms,"" these refer to search approaches rather than programming paradigms…",maybe,yes,no,no
CAMBIO DE PARADIGMAS: IMPLICACIONES PARA EL ACERCAMIENTO AL CONOCIMIENTO CIENTÍFICO,2002,-,-,Exclude,EC2,"This appears to be a theoretical/philosophical discussion about scientific paradigms in general, not primary research about programming paradigm compatibility or a systematic review of software measurement.",maybe,yes,yes,no
Marco de Integración de Paradigmas Tecnológicos hacia una Web Semántica Distribuida basada en la Gestión de Procesos (Integration Framework of Technological Paradigms Towards a Distributed Semantic Web based on Process Management),2018,-,-,Exclude,EC1,"The study demonstrates strong alignment with paradigm integration research, addressing multiple technological paradigms and proposing a methodological approach for semantic web application development. While the paper meets key criteria related to paradigmatic…",maybe,yes,yes,yes
Multimodal System Design Integration Using Category Theory,2023,IEEE Systems Conference,https://doi.org/10.1109/SysCon53073.2023.10131062,Exclude,EC2,"The paper appears to be primary research proposing a method (CMD) for integration, but it is focused on systems engineering rather than programming paradigms specifically, which is a significant deviation from the intended focus.",maybe,yes,no,no
Programming Language Adoption as an Epidemiological Phenomenon,2017,Brazilian Symposium on Software Engineering,https://doi.org/10.1145/3131151.3131188,Exclude,EC2,"The paper appears to be primary research proposing a mathematical model for programming language adoption, but it does not specifically focus on paradigmatic compatibility, instead focusing on adoption patterns. This is a significant mismatch with the criterio…",maybe,yes,maybe,no
A Real-Time Analysis of Human Performance in Interactive and Adaptive Mixed-Reality Simulation,2022,"IEEE/ACM International Conference on Connected Health: Applications, Systems and Engineering Technologies",-,Exclude,EC2,"The paper is primary research, but it focuses on human performance modeling and mixed reality simulation rather than paradigmatic compatibility, so it does not meet this criterion.",maybe,yes,no,no
Rethinking process improvement: from diffusion to translation,2025,International Journal of Operations &amp; Production Management,https://doi.org/10.1108/ijopm-05-2024-0360,Exclude,EC2,"While this is primary research, it focuses on process improvement paradigms in management/organizational contexts, not programming paradigms or software measurement, and therefore does not meet the study type criterion.",maybe,yes,no,no
MCP-RADAR: A Multi-Dimensional Benchmark for Evaluating Tool Use Capabilities in Large Language Models,2025,arXiv.org,https://doi.org/10.48550/arXiv.2505.16700,Exclude,EC1,"The study demonstrates strong empirical and quantitative research methods with comprehensive validation techniques, but diverges from the specific focus on programming paradigm compatibility. While addressing integration and tool interaction, the research prim…",yes,yes,maybe,maybe
On marrying ontological and metamodeling technical spaces,2007,ESEC-FSE '07,https://doi.org/10.1145/1287624.1287687,Exclude,EC6,"The abstract does not indicate any quantitative measurements or systematic observations, suggesting the paper lacks quantitative components.",maybe,yes,yes,yes
Model-driven integration of software and service components,2006,-,-,Exclude,EC1,"While the paper discusses different types of components and services, it doesn't explicitly address different programming paradigms. The focus is more on integration approaches than paradigmatic differences.",maybe,yes,no,no
Knowledge Transfer Between Languages and Paradigms,2000,-,-,Exclude,EC1,"While paradigm shifts are discussed, the abstract doesn't explicitly indicate whether multiple programming paradigms are addressed in detail.",maybe,yes,maybe,no
Computational modeling for improving usability design workflow,2009,"International Conference on Networking, Sensing and Control",https://doi.org/10.1109/ICNSC.2009.4919359,Exclude,EC2,"The paper is primary research, but it focuses on cognitive modeling for usability design rather than investigating paradigmatic compatibility or software measurement.",maybe,yes,no,no
Object-Driven Narrative in AR: A Scenario-Metaphor Framework with VLM Integration,2025,arXiv.org,https://doi.org/10.48550/arXiv.2504.13119,Exclude,EC2,"The paper presents primary research, but it focuses on AR storytelling systems and VLM integration rather than paradigmatic compatibility. While it does discuss integration between different technologies (VLMs and AR), this isn't specifically about programming…",maybe,yes,no,no
Specification and Verification of Communication Paradigms for CBSE in Event B,2023,IEEE International Conference on Engineering of Complex Computer Systems,https://doi.org/10.1109/ICECCS59891.2023.00028,Exclude,EC1,"The study addresses multiple programming paradigms through formal modeling of communication techniques, with a focus on message passing and remote procedure call. While the research includes validation and explores paradigmatic interactions, its primary emphas…",maybe,yes,yes,maybe
Systematic Assessment of Formal Methods Based Models Quality Criteria,2021,MEDI Workshops,https://doi.org/10.1007/978-3-030-87657-9_3,Exclude,EC1,The paper doesn't address interactions between different programming paradigms. It focuses on comparing different formal specifications within the same paradigm (Event-B notation).,maybe,yes,no,no
Web Services Interfaces Assessment through Semantic Similarity of Terms,2014,International Conference of the Chilean Computer Science Society,https://doi.org/10.1109/SCCC.2014.34,Exclude,EC1,The paper appears to focus on compatibility within the Service-Oriented Computing paradigm rather than between multiple programming paradigms.,maybe,yes,no,maybe
An experimental design for evaluating the maintainability of aspect-oriented models enhanced with domain-specific constructs,2010,-,-,Exclude,EC2,"The paper is described as a ""position paper"" that proposes an experimental approach, but does not appear to be primary research or a systematic review yet. It is more of a theoretical proposal.",maybe,yes,yes,yes
UML-based Frameworks for Engineering of Interoperable Information Systems,2003,-,-,Exclude,EC1,"The study proposes a metamodeling architecture with potential implications for paradigm integration, but lacks clear empirical validation and comprehensive evidence of paradigmatic compatibility. While addressing multiple modeling paradigms and suggesting quan…",maybe,yes,yes,maybe
New Trends in the Intergration of Paradigms,2008,-,-,Exclude,EC1,"The abstract describes programming language constructs within the Actor model, but lacks clear evidence of paradigmatic compatibility, empirical validation, or quantitative analysis across multiple programming paradigms. While the research addresses coordinati…",maybe,yes,maybe,maybe
Development and Evaluation Process of Model Transformation,2011,-,-,Exclude,EC1,"The study addresses model transformation paradigms with a systematic approach to comparing different transformation techniques, utilizing case studies and a Goal/Question/Metric methodology. While not directly focused on programming paradigms, the research pro…",maybe,yes,yes,maybe
System evolution by migration coordination,2008,-,-,Exclude,EC1,The paper does not explicitly address interactions between different programming paradigms. It focuses on component interactions within a single coordination framework.,maybe,yes,no,no
Electronic Communications of the EASST Volume X ( 2011 ) Proceedings of the 5 th International Workshop on Multi-Paradigm Modeling ( MPM 2011 ) Semantic Adaptation using CCSL Clock Constraints,2011,-,-,Exclude,EC1,"The study addresses paradigmatic compatibility through semantic adaptation between different modeling paradigms, using formal methods like CCSL. While demonstrating strong theoretical foundations in multiple paradigm interactions, the abstract lacks clear evid…",maybe,yes,yes,yes
Modeling the performance of the human (pilot) interaction in a synthetic flight domain: Information theoretic approach,1992,-,-,Exclude,EC2,"The paper proposes a formal method for human-machine interaction, but does not appear to focus on paradigmatic compatibility or software measurement. It is more focused on human-machine interaction theory.",maybe,yes,no,no
Using Design Paradigms to Evaluate the Collaborative,2008,-,-,Exclude,EC2,"The paper appears to be primary research, but it focuses on design paradigms in media rather than programming paradigms, which is a significant mismatch with the intended focus.",maybe,yes,no,no
Paradigmes pour l'interoperabilite entre environnements virtuels,1996,-,-,Exclude,EC1,"A French-language research paper exploring interoperability between virtual environments, demonstrating strong methodological rigor through compatibility calculations, empirical testing, and systematic analysis of paradigmatic interactions. The study comprehen…",maybe,yes,yes,yes
Formalisation of component-based systems,2007,-,-,Exclude,EC1,"The study presents a formal approach to component-based system design with strong theoretical foundations in compatibility and integration, demonstrating quantitative methods and validation techniques. While addressing systematic software engineering challenge…",maybe,yes,maybe,maybe
Alma Mater Studiorum Università di Bologna Archivio istituzionale,-,-,-,Exclude,EC1,A systematic review exploring multi-paradigm modeling approaches demonstrates strong alignment with criteria focused on paradigmatic compatibility and integration across different computational paradigms. The study provides a comprehensive overview of multi-pa…,maybe,yes,yes,yes
Software metric extension of the Enterprisemodelling technique,1997,-,-,Exclude,EC1,"The study demonstrates strong alignment with paradigm integration by exploring the compatibility between Enterprise Modelling and GQM metrics, with clear focus on multiple programming paradigms. While the research shows promise in addressing methodological int…",maybe,yes,yes,yes
The Object Relational impedance mismatch from a cognitive point of view,2014,-,-,Exclude,EC1,"An experimental study exploring communication challenges between practitioners working across different programming paradigms, with potential empirical insights into semantic compatibility. The research appears to address multiple paradigms and includes an exp…",maybe,yes,yes,maybe
"A Hard Science is Good to Find Textual Similarity as a Measure of Scientific Paradigm Development , A Preliminary Investigation",2011,-,-,Exclude,EC2,"The paper appears to be primary research investigating a measure of paradigm development, but it is focused on academic fields rather than programming paradigms, which is a significant mismatch with the intended focus.",maybe,yes,no,no
Integrating a Declarative with an Imperative Model Transformation Language,2006,-,-,Exclude,EC1,"A research paper exploring paradigmatic compatibility through a hybrid model transformation language, comparing declarative and imperative approaches using a case study benchmark. The study addresses multiple programming paradigms, proposes a novel integration…",maybe,yes,yes,yes
Current Issues in Multi-Paradigm Modeling,2008,-,-,Exclude,EC1,"A workshop summary addressing multi-paradigm modeling demonstrates strong alignment with paradigmatic compatibility and multiple paradigm criteria. However, the abstract lacks clear evidence of empirical validation, quantitative components, and systematic rese…",maybe,yes,yes,yes
Metric Based Evaluation of Software Paradigms,2016,-,-,Exclude,EC1,"The abstract mentions ""four different development approaches"" but doesn't specify if these represent different programming paradigms. The focus appears to be on development methodologies rather than programming paradigms.",maybe,yes,maybe,no
4.1 Qualitative Methodology 4.1.1 Qualitative Research Paradigms 4.1.4 Methods and Methodological Design,-,-,-,Exclude,EC2,"The paper is a methodological chapter about integrating qualitative and quantitative approaches in agent-based modeling, but it is not specifically focused on programming paradigms.",maybe,yes,no,no
Component Model Interoperability for Scientific Computing,2006,-,-,Exclude,EC1,"The dissertation addresses software component interoperability through a generative programming approach, presenting tools and techniques for bridging different component models. While the work demonstrates systematic methods for integration, it partially meet…",maybe,yes,maybe,maybe
Modular semantics for model-oriented design,2004,-,-,Exclude,EC1,"A comprehensive framework for integrating heterogeneous computational models is proposed, demonstrating strong capabilities in addressing paradigmatic compatibility through formal semantic approaches. The study systematically explores interactions between diff…",maybe,yes,yes,yes
Applying Modelling Paradigms to analyse Organisational problems,2006,-,-,Exclude,EC1,"The study explores three modeling paradigms (Econometrics, Agent-Based Modelling, and System Dynamics) with a focus on their compatibility and application to organizational analysis. While demonstrating strong alignment with multiple paradigm investigation and…",maybe,yes,yes,yes
Bridging model-based design for dependability and empirical observations,2007,-,-,Exclude,EC1,The paper doesn't explicitly address interactions between different programming paradigms. It focuses on model-driven architecture and fault analysis within a single paradigmatic approach.,maybe,yes,no,no
Analysis of Cognitive Models to Evaluate User Interfaces,2006,-,-,Exclude,EC2,"This is a research paper about cognitive models for user interface evaluation, not about paradigmatic compatibility or software measurement. It focuses on usability evaluation methods and cognitive architectures, rather than the target domain.",maybe,yes,no,no
Triune Continuum Paradigm,2002,-,https://doi.org/10.5075/EPFL-THESIS-2581,Exclude,EC1,"A thesis presenting a novel paradigm for object-oriented modeling that addresses multiple programming paradigms (UML and RM-ODP) with a focus on formal integration and theoretical foundations. While demonstrating strong potential in paradigmatic compatibility,…",maybe,yes,yes,yes
Diagnosing interoperability problems and debugging models by enhancing constraint satisfaction with case-based reasoning,2002,-,-,Exclude,EC2,"The paper presents primary research, but it focuses on interoperability testing of networking protocols rather than paradigmatic compatibility in programming. While it does involve multiple paradigms (CSP and OO), this isn't the type of paradigm integration th…",maybe,yes,maybe,no
Does-It-Work? Metrology for Functionality and Efficacy,2018,-,https://doi.org/10.1007/978-3-319-63026-7_4,Exclude,EC2,"The paper appears to be primary research developing a metrology for decision paradigms, but it is not clearly focused on paradigmatic compatibility between programming paradigms. Instead, it seems to focus on decision theory paradigms.",maybe,yes,no,no
Electronic Communications of the EASST Volume 21 ( 2009 ) Proceedings of the 3 rd International Workshop on Multi-Paradigm Modeling ( MPM 2009 ) DSL Composition for model-based test generation,2009,-,-,Exclude,EC1,"While the paper deals with multiple DSLs, it is not explicitly addressing different programming paradigms (e.g., object-oriented, functional, etc.). The focus is on DSL integration rather than paradigm integration.",maybe,yes,no,maybe
Quantitative Analysis of Model Transformations by Means of Metrics: A Generic Approach,2011,-,-,Exclude,EC2,"The paper presents primary research on model transformations and their quality assessment, but does not specifically focus on paradigmatic compatibility. It is more focused on model-driven engineering metrics.",maybe,yes,no,no
Multi-paradigm network modeling framework,2006,-,-,Exclude,EC1,"The dissertation presents a multi-paradigm network modeling framework with strong empirical validation and quantitative components, but its focus on network modeling paradigms rather than programming paradigms creates uncertainty about direct relevance to the …",maybe,yes,maybe,maybe
Uma avaliação empírica de métricas para programas orientados a objeto no contexto de teste de software,2012,-,-,Exclude,EC2,"This is primary research, but it focuses on software metrics and testing in object-oriented systems rather than paradigmatic compatibility. It does not investigate paradigm integration.",maybe,yes,no,no
On integrating triple graph grammars and OCL for model-driven development,2009,-,-,Exclude,EC1,"While the paper discusses different approaches (model-centric vs. code-centric), it does not specifically address programming paradigms like object-oriented, functional, or procedural programming.",maybe,yes,no,no
Electronic Communications of the EASST Volume 21 ( 2009 ) Proceedings of the 3 rd International Workshop on Multi-Paradigm Modeling ( MPM 2009 ) Concurrent Design of Embedded Control Software,2009,-,-,Exclude,EC1,"While the paper discusses integration of different system parts, it does not explicitly address different programming paradigms.",maybe,yes,no,no
Towards a Quantitative Framework for Evaluating the Expressive Power of Conceptual System Models,2016,-,https://doi.org/10.1002/j.2334-5837.2016.00144.x,Exclude,EC1,The paper focuses on OPM as a single paradigm and doesn't appear to address interactions between multiple paradigms.,maybe,yes,no,no
Querying paradigms for the web (פרדיגמות לשאילתות מעל מידע באינטרנט.),2008,-,-,Exclude,EC2,"The paper appears to be primary research, but it focuses on query paradigms for web data rather than programming paradigm compatibility, which is the core focus of the review.",maybe,yes,no,no
MDE 2.0 : Pragmatical formal model verification and other challenges,2012,-,-,Exclude,EC1,"The paper appears to focus primarily on MDE as a single paradigm, rather than interactions between multiple paradigms.",maybe,yes,no,maybe
Comparing integration effort and correctness of different merge approaches in version control systems,2016,-,-,Exclude,EC2,"This is primary research investigating code integration and merge approaches, but it does not specifically focus on paradigmatic compatibility. The study compares unstructured vs. semistructured merge approaches, which is related to but not directly focused on…",maybe,yes,no,no
Question-learn-test-feedback pattern to test emerging software construction paradigms,2010,-,-,Exclude,EC1,"A comprehensive habilitation thesis exploring software construction paradigms through a systematic question-learn-test-feedback pattern, addressing multiple programming paradigms with rigorous evaluation techniques. The study demonstrates strong potential for …",maybe,yes,yes,yes
Visual Interfaces for Model Mapping – Large Mapping Visualization,2012,-,-,Exclude,EC2,"The paper presents primary research on visualization techniques for model mapping, but does not specifically focus on paradigmatic compatibility. While it deals with integration, it's more about data model integration than programming paradigms.",maybe,yes,no,no
La Programmation Bayésienne d'un modèle computationnel intégrateur permet de comparer uniformément les différentes théories cognitives de la perception de la parole,2011,-,-,Exclude,EC2,"This is a theoretical paper about speech processing and Bayesian modeling of different theories in speech communication, and does not investigate paradigmatic compatibility in programming or software measurement.",maybe,yes,maybe,no
"Model-based, client-side integration of heterogeneous data from REST services",2018,-,-,Exclude,EC2,"The paper presents primary research on data integration and API compatibility, but does not specifically focus on paradigmatic compatibility. It is more about data integration across APIs.",maybe,yes,no,no
Designing For Quality With TheMetaparadigm,1970,-,https://doi.org/10.2495/SQM930121,Exclude,EC2,"The paper appears to be primarily theoretical, discussing metadesign paradigms and software quality concepts, rather than primary research on paradigmatic compatibility or a systematic review of paradigm integration.",maybe,yes,maybe,maybe
An Experimental Usability Evaluation Framework for Model-Driven Tools,2011,-,-,Exclude,EC2,"The paper appears to be primary research focused on developing a framework for evaluating MDD tools, but it does not specifically investigate paradigmatic compatibility. It focuses on usability evaluation of MDD tools.",maybe,yes,no,no
On the Convergence of Experimental Methodologies for Distributed Systems: Where do we stand?,2013,-,-,Exclude,EC1,"The abstract describes a study on experimental paradigms in distributed systems, demonstrating strong methodological rigor and empirical validation across multiple approaches. While the paper exhibits sophisticated research techniques and addresses paradigm in…",maybe,yes,maybe,maybe
Vers une unification des différents paradigmes de la théorie de la décision : une approche basée sur les mesures non-additives et la théorie du mesurage,1999,-,-,Exclude,EC2,"This appears to be a theoretical mathematics/decision theory thesis focusing on measurement theory and decision-making paradigms, and does not investigate programming paradigm compatibility or software measurement.",maybe,yes,no,no
Top-down part of the meta process,-,-,-,Exclude,EC2,"The paper appears to be primary research, but it focuses on software process modeling and metrics rather than paradigmatic compatibility. The study combines G-Q-M paradigm with SOCCA approach, but this is about process modeling, not programming paradigms.",maybe,yes,no,no
A Verified Integration of Imperative Parallel Programming Paradigms in an Object-Oriented Language,1993,-,-,Exclude,EC1,The study demonstrates strong alignment with screening criteria by exploring paradigmatic compatibility between object-oriented and imperative programming models through formal verification. It effectively addresses multiple programming paradigms and their int…,maybe,yes,yes,yes
Empiricité en linguistique et grammaire de Montague : la sémantique en 5P et la compositionnalité,2001,-,-,Exclude,EC2,"This appears to be a theoretical analysis of semantic choices in the 5P paradigm and Montague grammar, rather than primary research on paradigmatic compatibility or a systematic review of paradigm integration.",maybe,yes,maybe,maybe
Verification and validation in systems engineering : application to UML 2.0 activity and class diagrams,2006,-,-,Exclude,EC1,"While the paper discusses multiple modeling languages, these are not programming paradigms in the sense typically meant by this criterion (e.g., object-oriented, functional, procedural).",maybe,yes,no,no
Model-Solver Integration in Decision Support Systems : A Web Services Approach,2003,-,-,Exclude,EC1,"A research paper exploring model-solver integration across different mathematical modeling paradigms, presenting a Web services framework for compatibility and solver selection. While addressing paradigmatic integration, the study lacks clear evidence of empir…",maybe,yes,yes,yes
An Architectural Proposal for a Model-Driven Environment to Support Lightweight Formal Software Engineering,2015,-,-,Exclude,EC6,The abstract does not mention any quantitative components or measurements. It appears to be primarily architectural and theoretical.,maybe,yes,yes,maybe
STANDARDS COMPLIANT PLATFORM FOR PRODUCT DESIGN IN DYNAMIC ENVIRONMENTS,2014,-,https://doi.org/10.29268/STSC.2014.2.2.4,Exclude,EC2,"The paper presents a framework and formal analysis, but it is not primarily focused on paradigmatic compatibility. While it discusses SaaS paradigm compliance, this is more about standard compliance than paradigm integration.",maybe,yes,no,no
Revision of the combined metamodel,2010,-,https://doi.org/10.5281/ZENODO.12238,Exclude,EC1,"The study explores paradigmatic integration between ontologies and model-driven software development, demonstrating strong alignment with multiple paradigm compatibility and conceptual integration criteria. While showing promise in addressing cross-paradigm in…",maybe,yes,yes,yes
Towards an Hybrid Temporal Paradigm for Musical Composition and Performance,2013,-,-,Exclude,EC2,"While the paper discusses paradigm integration, it focuses on music paradigms rather than programming paradigms, which is a critical mismatch with the screening criteria.",maybe,yes,no,no
4. Experiences 5. Other Approaches 3.3. Sspf Architecture 3.4. Sspf Modeling Paradigm 3.1. Sspf Functionalities 3.2. Design Challenges and Issues 3. a Model-integrated System: Sspf,-,-,-,Exclude,EC2,"The paper appears to be primary research about model-integrated computing and software development processes, but it does not specifically focus on paradigmatic compatibility.",maybe,yes,no,no
combining formal theories and statistical data in natural language processing,2000,-,-,Exclude,EC2,"This appears to be an introduction/overview paper rather than primary research or a systematic review. While it discusses paradigm integration (symbolic vs. statistical approaches), it seems to be more of a conference introduction or editorial piece.",yes,yes,yes,yes
Dynamic knowledge modelling,1996,-,-,Exclude,EC1,"The abstract discusses knowledge integration across modeling paradigms, but diverges from the specific focus on programming paradigms and quantitative metrics. While addressing multiple paradigms and integration challenges, the study lacks clear empirical vali…",maybe,yes,maybe,maybe
Idea Grou p Inc . Copy right Idea Grou p Inc . Copy right Idea Grou p Inc . Copy right Idea Grou p Inc . Chapter V XML-Based Toolkit for Interoperability of Web Information Systems,2018,-,-,Exclude,EC6,The abstract suggests a theoretical framework without mention of quantitative measurements or systematic observations.,yes,yes,maybe,maybe
Magic Potion : A Metalanguage for Incorporating New Development,2010,-,-,Exclude,EC1,"The study presents a novel approach to integrating multiple programming paradigms through a domain-specific metalanguage, demonstrating strong alignment with criteria related to paradigmatic compatibility and multi-paradigm interactions. While the research sho…",maybe,yes,yes,yes
Object-Oriented Frameworks as Basis for Modularity in Program-Language Design,2006,-,-,Exclude,EC6,"There is no clear indication of quantitative components or measurements, and the approach seems primarily conceptual.",maybe,yes,yes,yes
On the evaluation of aggregated web search,2014,-,-,Exclude,EC2,"While the paper is primary research, it focuses on evaluation metrics for aggregated search rather than paradigmatic compatibility between programming paradigms. The ""paradigm"" mentioned refers to search evaluation methodology, not programming paradigms.",maybe,yes,no,no
A Comparative Study of Structural Composition Methods and Techniques,2016,-,https://doi.org/10.17265/1934-7332/2016.03.005,Exclude,EC1,"The abstract addresses model composition in model-driven engineering, partially meeting criteria related to paradigm integration and multiple paradigms. However, significant uncertainties exist regarding empirical validation, quantitative analysis, and the dep…",maybe,yes,maybe,maybe
An Introduction to Paradigm,2002,-,-,Exclude,EC1,"The paper does not appear to address different programming paradigms or their compatibility. Instead, it focuses on process modeling paradigms.",maybe,yes,no,no
Integrating Object-Oriented Methods and Models,2007,-,-,Exclude,EC6,"No quantitative components or measurements are mentioned in the abstract, indicating that the discussion appears to be qualitative.",maybe,yes,yes,maybe
Un paradigme de modélisation pour la conception de l ’ avionique modulaire intégrée,2005,-,-,Exclude,EC1,"The study presents a modeling framework for avionics design that integrates multiple programming paradigms, with partial alignment to screening criteria around paradigmatic compatibility. While demonstrating validation techniques and addressing multiple modeli…",maybe,yes,yes,maybe
Measurement and Modelling of Interactions between Environment and Components: A Theoretical Characterizatio n,2005,-,-,Exclude,EC1,"While the paper discusses interactions between different components and platforms, it doesn't explicitly address different programming paradigms.",maybe,yes,no,no
The Support for the Integration of BIM Through Collaborative Action Research: ShareLab,2016,-,-,Exclude,EC2,"The paper appears to be primary research investigating BIM integration, but it is focused on architectural/engineering firms rather than programming paradigms. It does not align with the intended focus on paradigmatic compatibility in software.",maybe,yes,no,no
Characterizing Compatibility of Timed Choreography,2018,-,-,Exclude,EC1,"The paper doesn't address different programming paradigms. Instead, it focuses on compatibility between web services within the service-oriented computing paradigm.",yes,yes,no,no
"Component-based Programming under Different Paradigms a Personal View on Components Gj: Making Java Easier to Type, and Easier to Type Polytypic Programming a Simple Approach to Generic Functional Programming Behavior Protocols and Components Separation of Concerns with Adaptive Plug-n-play Componen",-,-,-,Exclude,EC6,"No mention of quantitative components, measurements, or systematic observations. The focus appears to be on theoretical discussion and practical know-how.",maybe,yes,yes,yes
Understanding the Nature of Multi-Paradigm Modeling for Cyberphysical Systems,2017,-,-,Exclude,EC1,"The study addresses multi-paradigm modeling in cyber-physical systems through an empirical industry survey, focusing on paradigmatic compatibility and integration across different modeling techniques. While promising strong methodological rigor and practical r…",maybe,yes,yes,yes
"Preprint Mcs-p422-0394, Mathematics and Computer Science Division, Argonne National Laboratory Libraries for Parallel Paradigm Integration",1994,-,-,Exclude,EC1,"The study demonstrates strong alignment with paradigmatic compatibility by proposing extensions to Fortran that integrate task and data parallelism paradigms. While the abstract clearly addresses multiple programming paradigms and their integration, there are …",maybe,yes,yes,yes
Automatic Schema Matching as a Complex Adaptive System: a new Approach based on Agent-based Modeling and Simulation,2019,-,-,Exclude,EC2,"The paper presents primary research, but it focuses on schema matching using Complex Adaptive Systems theory rather than paradigmatic compatibility. While it mentions a ""paradigm shift,"" this appears to be about the approach to schema matching rather than prog…",maybe,yes,no,no
Metrics-guided models and methods for cost and quality management of component-based software,2003,-,-,Exclude,EC1,"The paper does not explicitly address different programming paradigms. While it discusses component-based systems, this is more about technical components rather than programming paradigms.",maybe,yes,no,no
Exploring Interface Paradigms for Information Models Mapping,2012,-,-,Exclude,EC2,"The paper presents primary research on interface paradigms for mapping information models, but this is not specifically about programming paradigms or their integration, which is a significant mismatch with the criterion.",maybe,yes,no,no
