Title,Authors,DOI,DOI link,Venue,Citation count,Year,Full-Text Accessibility,"Reasoning for ""Full-Text Accessibility""",Publication Language,"Reasoning for ""Publication Language""",Empirical Evidence,"Reasoning for ""Empirical Evidence""",Multiple Paradigms,"Reasoning for ""Multiple Paradigms""",Paradigmatic Compatibility Focus,"Reasoning for ""Paradigmatic Compatibility Focus""",Quantitative Components,"Reasoning for ""Quantitative Components""",Study Type,"Reasoning for ""Study Type""",Validation Methods,"Reasoning for ""Validation Methods""",Screening judgement,"Reasoning for ""Screening judgement""",Screening score,Reason code,Reason note,ReasonCode,ReasonNote
Paradigm Translations in Integrating Manufacturing Information Using a Meta-model : The TSER Approach,"C. Hsu, Yicheng Tao, M'hamed Bouziane, G. Babin",-,-,-,13,1993,maybe,"The paper appears to be from an academic source, suggesting likely accessibility, but this cannot be determined from the abstract alone.",yes,"The paper is written in English, which meets the criterion for publication language.",maybe,The abstract does not clearly indicate whether empirical data or systematic observations are included.,yes,"The paper explicitly addresses multiple paradigms (Entity-Relationship, Relational, and Object-Oriented), meeting this criterion.",yes,"The paper directly addresses paradigmatic compatibility by proposing a meta-model for integrating different paradigms (Entity-Relationship, Relational, and Object-Oriented).",maybe,"While the paper discusses models and integration, it is unclear from the abstract whether it includes quantitative measurements or systematic observations.",yes,"The paper presents a framework for model integration and discusses a meta-model (TSER) for paradigm integration, which aligns with the criterion of studying paradigmatic compatibility.",maybe,"The abstract does not explicitly mention validation methods or empirical testing, so there is significant uncertainty around this criterion.",Exclude,"A meta-model framework exploring paradigmatic integration across Entity-Relationship, Relational, and Object-Oriented models demonstrates strong potential for addressing multiple programming paradigms. While the study presents a conceptual approach to information integration, significant uncertainties remain regarding empirical validation, quantitative measurements, and systematic testing of the proposed meta-model.",3.5,EC1,"A meta-model framework exploring paradigmatic integration across Entity-Relationship, Relational, and Object-Oriented models demonstrates strong potential for addressing multiple programming paradigms. While the study presents a conceptual approach to informat…",EC1,"A meta-model framework exploring paradigmatic integration across Entity-Relationship, Relational, and Object-Oriented models demonstrates strong potential for addressing multiple programming paradigms. While the study presents a conceptual approach to informat…"
Model fragment comparison using natural language processing techniques,"Karagiannis Dimitris, BuchmannRobert Andrei",10.1007/978-3-642-54411-8_20,https://doi.org/10.1007/978-3-642-54411-8_20,-,3,2014,maybe,The abstract does not provide enough information to determine the full-text accessibility of the paper.,yes,"The paper is written in English, which meets the publication language criterion.",no,The abstract does not indicate whether empirical data or systematic observations are included.,yes,The paper explicitly addresses integration between two paradigms (computational linguistics and metamodelling).,maybe,"The paper does address paradigmatic compatibility between computational linguistics and metamodelling, but it's unclear if it proposes formal models or quantitative metrics.",no,The abstract does not mention any quantitative components or measurements.,maybe,"The paper appears to be about integrating concepts between computational linguistics and metamodelling, which could be considered paradigm integration. However, it's not clear if this is primary research or a systematic review.",no,"The abstract does not mention any validation methods, empirical testing, or systematic evaluation.",Exclude,"The abstract addresses multiple programming paradigms and integration between computational linguistics and metamodelling, meeting some screening criteria. However, significant methodological uncertainties exist regarding validation methods, empirical evidence, and quantitative components, which create substantial gaps in meeting the comprehensive screening requirements.",3.1,EC6,The abstract does not mention any quantitative components or measurements.,EC6,The abstract does not mention any quantitative components or measurements.
Modeling the Semantics of Geographic Categories through Conceptual Integration,W. Kuhn,10.1007/3-540-45799-2_8,https://doi.org/10.1007/3-540-45799-2_8,International Conference Geographic Information Science,87,2002,maybe,The full-text accessibility of the paper cannot be determined from the abstract alone.,yes,"The paper is written in English, meeting the publication language criterion.",no,The abstract doesn't clearly indicate empirical data collection or systematic observations about programming paradigm integration.,no,"While the paper discusses integration, it's not about programming paradigms. The ""houseboats and boathouses"" example is about conceptual integration, not programming paradigms.",no,"While the paper discusses integration, it's focused on conceptual integration in cognitive science and geographic categories, not programming paradigms. It does not meet this criterion.",maybe,"The paper includes formalization in Haskell, suggesting some quantitative components, but these appear to be theoretical rather than empirical measurements.",no,"The paper appears to be primary research, but it focuses on conceptual integration in cognitive science and geographic categories, not paradigmatic compatibility in programming. It does not meet this criterion.",maybe,"The abstract mentions ""formalization in Haskell"" as a test, suggesting some validation, but it's unclear if this constitutes systematic evaluation.",Exclude,"The abstract describes a cognitive science study on conceptual integration in geographic categories, which fundamentally diverges from the systematic review's focus on programming paradigm compatibility. Despite using Haskell for formalization, the paper lacks empirical evidence, quantitative measurements, or substantive exploration of programming paradigms, rendering it unsuitable for the intended review.",1.4,EC2,"The paper appears to be primary research, but it focuses on conceptual integration in cognitive science and geographic categories, not paradigmatic compatibility in programming. It does not meet this criterion.",EC2,"The paper appears to be primary research, but it focuses on conceptual integration in cognitive science and geographic categories, not paradigmatic compatibility in programming. It does not meet this criterion."
System models effect on test integration cost,H. Pritchett,10.1109/AUTEST.2011.6058775,https://doi.org/10.1109/AUTEST.2011.6058775,2011 IEEE AUTOTESTCON,0,2011,maybe,The full-text accessibility of the paper cannot be determined from the abstract alone.,yes,"The paper is written in English, meeting the language requirement.",no,"While the paper discusses integration challenges, the abstract does not clearly indicate whether empirical data or systematic observations were collected. It appears more theoretical in nature.",maybe,"The paper addresses different test platforms and their integration, which could be considered different paradigms, but it's not explicitly focused on programming paradigms as typically understood in software engineering.",yes,"The paper does address paradigmatic compatibility, specifically focusing on test program integration and platform independence. It discusses system models and paradigms affecting integration.",maybe,"The abstract mentions ""parametric values"" and ""test limits"" but does not clearly indicate whether the study includes quantitative analysis or measurements. It seems more focused on conceptual discussion.",maybe,"The paper appears to be primary research investigating paradigmatic compatibility, specifically focusing on test program integration and platform independence. However, it's not entirely clear if this is a systematic study or more of a theoretical discussion.",no,"The abstract does not explicitly mention validation methods or empirical testing. While it discusses integration efforts and challenges, it does not clearly indicate how these were systematically evaluated.",Exclude,"The abstract addresses test program integration and platform independence, demonstrating partial alignment with paradigmatic compatibility criteria. While the study explores system models and integration challenges, it lacks clear empirical validation, quantitative measurements, and explicit focus on programming paradigms. The theoretical nature of the discussion limits its direct applicability to the specified screening requirements.",3.2,EC6,"The abstract mentions ""parametric values"" and ""test limits"" but does not clearly indicate whether the study includes quantitative analysis or measurements. It seems more focused on conceptual discussion.",EC1,"The abstract addresses test program integration and platform independence, demonstrating partial alignment with paradigmatic compatibility criteria. While the study explores system models and integration challenges, it lacks clear empirical validation, quantit…"
Integration of Semantic Tools into Document Editors,"J. Welsh, Yun Yang",-,-,Softw. Concepts Tools,18,1994,maybe,"The full-text accessibility of the paper cannot be determined from the abstract alone, which is a common limitation in screening.",yes,"The paper is written in English, which meets the publication language criterion.",maybe,"The abstract indicates there is evaluation of the prototype, suggesting some empirical evidence, though the nature and extent are not clear.",no,"While the paper discusses ""three possible paradigms,"" these appear to be integration paradigms for tools rather than programming paradigms. This is a significant mismatch with the multiple paradigms criterion.",no,"The paper discusses integration paradigms, but focuses on tool integration rather than programming paradigms specifically. This is a significant mismatch with the paradigmatic compatibility focus criterion.",maybe,"The abstract mentions ""key requirements"" and evaluation, but does not explicitly indicate quantitative measurements.",maybe,"The paper appears to be primary research investigating tool integration paradigms, which is related to but not exactly the same as paradigmatic compatibility. It is somewhat aligned but not perfectly matched with the study type criterion.",maybe,"The abstract mentions ""prototype implementation and evaluation,"" suggesting some form of validation, though the details are limited.",Exclude,"The abstract describes a study on tool integration paradigms, which fundamentally differs from the screening criteria's focus on programming paradigm compatibility. While the paper includes some relevant elements like evaluation and multiple approaches, its core focus on document preparation and verification tools represents a significant mismatch with the intended research scope. Consequently, the paper does not align sufficiently with the established screening criteria.",2.7,EC1,"While the paper discusses ""three possible paradigms,"" these appear to be integration paradigms for tools rather than programming paradigms. This is a significant mismatch with the multiple paradigms criterion.",EC1,"While the paper discusses ""three possible paradigms,"" these appear to be integration paradigms for tools rather than programming paradigms. This is a significant mismatch with the multiple paradigms criterion."
Operations on metamodels in the context of a UML-based metamodeling architecture,"M. Terrasse, George Becker, M. Savonnet, É. Leclercq",10.1109/IDEAS.2003.1214962,https://doi.org/10.1109/IDEAS.2003.1214962,"Seventh International Database Engineering and Applications Symposium, 2003. Proceedings.",0,2003,maybe,The full-text accessibility of the paper cannot be determined from the abstract alone.,yes,"The paper is written in English, meeting the language requirement.",no,The abstract does not mention any empirical data or systematic observations about integration challenges.,maybe,"The paper mentions ""modeling paradigms"" and discusses integration between different metamodels, suggesting it addresses multiple paradigms, though this is not explicitly detailed.",maybe,"The paper discusses ""modeling paradigms"" and proposes a measure of ""semantical distance between metamodels,"" which relates to paradigmatic compatibility, but the focus seems to be more on metamodeling architecture than direct paradigm integration.",maybe,"The paper mentions a ""measure of semantical distance,"" suggesting some quantitative components, but the extent of these is unclear.",maybe,"The paper appears to be primary research proposing a metamodeling architecture and formal operations, including integration of metamodels, which is partially relevant to the study type criterion.",no,"The abstract does not explicitly mention any validation methods or empirical testing, so it is unclear if the study includes such components.",Exclude,"The abstract describes a metamodeling architecture with potential relevance to paradigmatic compatibility, but lacks clear evidence of empirical validation or systematic testing of paradigm integration. While the study proposes a measure of semantical distance between metamodels and addresses multiple modeling paradigms, it appears more theoretical than empirically grounded, with limited demonstration of quantitative analysis or integration challenges.",3.2,EC6,"The paper mentions a ""measure of semantical distance,"" suggesting some quantitative components, but the extent of these is unclear.",EC1,"The abstract describes a metamodeling architecture with potential relevance to paradigmatic compatibility, but lacks clear evidence of empirical validation or systematic testing of paradigm integration. While the study proposes a measure of semantical distance…"
Toward Integrating Qualitative and Quantitative Methods: An Introduction,"A. Steckler, K. McLeroy, R. Goodman, S. T. Bird, Laurie Mccormick",10.1177/109019819201900101,https://doi.org/10.1177/109019819201900101,Health Education Quarterly,749,1992,maybe,"The paper appears to be an academic article that would likely be accessible through standard channels, though this cannot be definitively determined from the abstract alone.",yes,"The paper is written in English, which meets the publication language criterion.",no,"The abstract does not indicate that the paper presents empirical data about paradigm integration, suggesting that it appears to be a theoretical discussion of methodological strengths and weaknesses rather than including empirical evidence.",no,"The paper does address multiple paradigms (qualitative and quantitative), but these are research paradigms rather than programming paradigms, which is the focus of the systematic review.",no,"While the paper discusses combining different paradigms (qualitative and quantitative), it appears to be in the context of research methodology rather than programming paradigms, which is a significant mismatch with the intended focus.",no,"While the paper discusses quantitative methods, it does not appear to present specific quantitative measurements or systematic observations about paradigm integration.",no,"The paper appears to be an introductory or overview article discussing the combination of qualitative and quantitative research methods, rather than primary research on paradigmatic compatibility or a systematic review of software measurement.",no,"The abstract does not mention any specific validation methods or empirical testing, indicating that the paper appears to be a theoretical discussion of methodological approaches rather than including validation methods or empirical testing.",Exclude,"The abstract discusses research methodology paradigms rather than programming paradigms, fundamentally misaligning with the systematic review's core screening criteria. Lacking empirical evidence, validation methods, and specific focus on programming paradigm integration, the paper fails to meet the essential requirements for inclusion. The theoretical discussion of qualitative and quantitative research methods does not address the systematic review's targeted research domain.",1.4,EC2,"The paper appears to be an introductory or overview article discussing the combination of qualitative and quantitative research methods, rather than primary research on paradigmatic compatibility or a systematic review of software measurement.",EC2,"The paper appears to be an introductory or overview article discussing the combination of qualitative and quantitative research methods, rather than primary research on paradigmatic compatibility or a systematic review of software measurement."
Model Integration Using Metamodels,T. Maxwell,10.1177/003754979807000306,https://doi.org/10.1177/003754979807000306,International Conference on Advances in System Simulation,0,1998,maybe,The full-text accessibility cannot be determined from the abstract alone.,yes,"The abstract appears to be written in English, meeting the publication language criterion.",maybe,The abstract doesn't clearly indicate whether empirical data or systematic observations are included.,yes,"The abstract clearly addresses multiple paradigms, mentioning procedural models, distributed object formalisms, and different computing paradigms.",yes,"The abstract directly addresses paradigmatic compatibility, discussing the integration of procedural models and different computing paradigms (serial/distributed message passing/distributed shared memory).",maybe,The abstract doesn't explicitly mention quantitative components or measurements.,maybe,"The abstract discusses model integration and programming paradigms, suggesting it may be primary research investigating paradigmatic compatibility. However, the abstract is incomplete and doesn't clearly state the study type.",no,The abstract doesn't mention any validation methods or empirical testing.,Exclude,"The abstract demonstrates strong alignment with paradigmatic compatibility and multiple programming paradigms, addressing model integration across different computing approaches. However, significant uncertainties exist regarding validation methods, empirical evidence, and quantitative components due to the abstract's incomplete nature. The text suggests potential relevance to the screening criteria but lacks definitive confirmation of key methodological requirements.",3.5,EC6,The abstract doesn't explicitly mention quantitative components or measurements.,EC1,"The abstract demonstrates strong alignment with paradigmatic compatibility and multiple programming paradigms, addressing model integration across different computing approaches. However, significant uncertainties exist regarding validation methods, empirical …"
HCI reality - an 'Unreal Tournament'?,"C. Bartneck, G.W.M. Rauterberg",10.1016/j.ijhcs.2007.03.003,https://doi.org/10.1016/j.ijhcs.2007.03.003,Int. J. Hum. Comput. Stud.,43,2007,maybe,The full-text accessibility of the paper cannot be determined from the abstract alone.,yes,"The paper is written in English, meeting the language requirement.",yes,The study includes empirical data through questionnaire responses and systematic observations about integration challenges between different professional groups.,yes,"The study addresses interactions between three different paradigms (designers, engineers, scientists), but these are professional paradigms rather than programming paradigms.",maybe,"The study proposes and evaluates a formal paradigm model, but focuses on professional paradigms rather than programming paradigms, which is a significant deviation from the intended focus.",yes,The study includes quantitative components through questionnaire data and analysis of educational backgrounds as predictors.,maybe,"The paper presents primary research investigating paradigmatic compatibility between different professional groups (designers, engineers, scientists) in HCI, which is partially relevant to the study type criterion, though it does not focus on programming paradigms.",yes,The study includes empirical validation through an online questionnaire and attempts to validate their paradigm model using the 'Attitude About Reality' scale.,Exclude,"The study explores paradigmatic compatibility between professional groups in HCI, utilizing empirical research methods and quantitative analysis. While demonstrating rigorous methodology and addressing multiple paradigms, the research focuses on professional rather than programming paradigms, which significantly deviates from the intended screening criteria. Consequently, the paper's alignment with the systematic review's objectives is limited despite its strong methodological approach.",2.7,EC1,"The study explores paradigmatic compatibility between professional groups in HCI, utilizing empirical research methods and quantitative analysis. While demonstrating rigorous methodology and addressing multiple paradigms, the research focuses on professional r…",EC1,"The study explores paradigmatic compatibility between professional groups in HCI, utilizing empirical research methods and quantitative analysis. While demonstrating rigorous methodology and addressing multiple paradigms, the research focuses on professional r…"
WYSIWYT testing in the spreadsheet paradigm: an empirical evaluation,"Karen J. Rothermel, C. Cook, M. Burnett, J. Schonfeld, T. Green, Gregg Rothermel",10.1145/337180.337206,https://doi.org/10.1145/337180.337206,Proceedings of the 2000 International Conference on Software Engineering. ICSE 2000 the New Millennium,146,2000,maybe,"The full-text accessibility of the paper cannot be determined from the abstract alone, but the reference to previous work suggests it is a published paper.",yes,"The paper is written in English, meeting the publication language criterion.",yes,"The study explicitly mentions presenting empirical data about the methodology's effectiveness, including measurements of testing effectiveness and efficiency.",maybe,"The paper discusses integration between formal testing concepts and spreadsheet programming, but it is not clearly about multiple programming paradigms in the traditional sense (e.g., object-oriented vs. functional).",maybe,"The paper partially meets this criterion, as it focuses on integrating formal testing concepts into the spreadsheet paradigm, which represents a form of paradigmatic integration, though not between multiple programming paradigms in the traditional sense.",yes,"The study includes quantitative measurements of testing effectiveness and efficiency, as well as measurements of overconfidence.",maybe,"The study is primary research investigating testing methodology in the spreadsheet paradigm, which addresses integration of formal testing concepts into an informal paradigm, though it is not explicitly about paradigmatic compatibility.",yes,"The study includes empirical testing and evaluation of the methodology's effectiveness, with specific mention of measuring testing effectiveness and efficiency.",Exclude,"The study presents empirical research on testing methodology in spreadsheet programming, demonstrating strong quantitative validation and paradigm integration through systematic measurement of testing effectiveness. While the research includes robust empirical evidence and quantitative components, it only partially addresses multiple programming paradigms, focusing more on testing methodology integration within a single paradigm.",3.5,EC1,"The study presents empirical research on testing methodology in spreadsheet programming, demonstrating strong quantitative validation and paradigm integration through systematic measurement of testing effectiveness. While the research includes robust empirical…",EC1,"The study presents empirical research on testing methodology in spreadsheet programming, demonstrating strong quantitative validation and paradigm integration through systematic measurement of testing effectiveness. While the research includes robust empirical…"
Code Quality Metric of Searching Algorithms for Multi-Paradigm Languages,"K. A. Sotonwa, M. O. Balogun, O. Titilayo",10.18535/IJSRM/V7I2.EC03,https://doi.org/10.18535/IJSRM/V7I2.EC03,International Journal of Scientific Research and Management,0,2019,maybe,The full-text accessibility of the paper cannot be determined from the abstract alone.,yes,"The abstract is written in English, which meets the criterion for publication language. However, the full paper's language cannot be confirmed without additional information.",maybe,"The abstract indicates that empirical validation was performed, though specific details about the nature of the empirical data are not provided, which partially meets the criterion for empirical evidence.",yes,"The study explicitly addresses multiple paradigms (procedural, object-oriented, and multi-paradigm), which strongly meets the criterion for multiple paradigms.",yes,"The study proposes metrics related to paradigmatic compatibility, analyzing factors affecting complexity across procedural, object-oriented, and multi-paradigm codes, which strongly meets the criterion for paradigmatic compatibility focus.",yes,"The study clearly includes quantitative components through its proposed metrics and empirical validation, which meets the criterion for quantitative components.",yes,"The paper appears to be primary research investigating paradigmatic compatibility, specifically focusing on code comprehensibility across different paradigms, which meets the criterion for study type.",yes,"The abstract explicitly mentions ""empirically validated,"" indicating that validation methods were used, which meets the criterion for validation methods.",Exclude,"The study addresses multiple programming paradigms through a comprehensive analysis of code comprehensibility, proposing new metrics and empirically validating findings across procedural, object-oriented, and multi-paradigm contexts. Quantitative components and systematic evaluation of paradigmatic compatibility are central to the research, with clear evidence of empirical testing and metric development. While some details require further investigation, the study demonstrates strong potential for understanding cross-paradigm software complexity.",4.3,EC1,"The study addresses multiple programming paradigms through a comprehensive analysis of code comprehensibility, proposing new metrics and empirically validating findings across procedural, object-oriented, and multi-paradigm contexts. Quantitative components an…",EC1,"The study addresses multiple programming paradigms through a comprehensive analysis of code comprehensibility, proposing new metrics and empirically validating findings across procedural, object-oriented, and multi-paradigm contexts. Quantitative components an…"
COMPOSABLE SIMULATION MODELS AND THEIR FORMAL VALIDATION,Claudia Szabo,-,-,-,5,2010,maybe,"The full-text accessibility of the paper cannot be determined from the abstract alone, but since it appears to be a thesis, it is likely accessible through academic channels.",yes,"The paper is written in English, meeting the language requirement.",maybe,"The paper appears to include systematic evaluation and validation, but focuses on simulation components rather than programming paradigm integration.",maybe,"While the paper discusses different components and their integration, it does not specifically address programming paradigms. The focus is on simulation components rather than programming paradigms.",maybe,"While the paper deals with component integration and compatibility, it focuses on simulation components rather than programming paradigms specifically. The formal models and metrics discussed are for simulation components, not programming paradigms.",yes,"The paper includes quantitative components, formal metrics, and systematic observations, including a ""new metric to quantify semantic similarity.""",no,"The paper presents primary research on component-based modeling and simulation, but does not specifically focus on paradigmatic compatibility. While it discusses component integration, it is more focused on simulation modeling than programming paradigms.",yes,"The paper explicitly discusses validation methods, including semantic validation strategies, formal verification, and quantitative metrics for semantic similarity.",Exclude,"The study presents a comprehensive approach to component-based modeling and simulation, with strong methodological elements around validation and quantitative analysis. However, the research focuses on simulation components rather than programming paradigms, which limits its direct alignment with the screening criteria. While demonstrating rigorous validation techniques and quantitative metrics, the paper does not specifically address paradigmatic compatibility or integration between programming paradigms.",2.9,EC2,"The paper presents primary research on component-based modeling and simulation, but does not specifically focus on paradigmatic compatibility. While it discusses component integration, it is more focused on simulation modeling than programming paradigms.",EC2,"The paper presents primary research on component-based modeling and simulation, but does not specifically focus on paradigmatic compatibility. While it discusses component integration, it is more focused on simulation modeling than programming paradigms."
Towards an Experimental Framework for Measuring Usability of Model-Driven Tools,"José Ignacio Panach, Nelly Condori-Fernández, A. Baars, T. Vos, Ignacio Romeu, Ó. Pastor",10.1007/978-3-642-23768-3_102,https://doi.org/10.1007/978-3-642-23768-3_102,IFIP TC13 International Conference on Human-Computer Interaction,5,2011,maybe,"The full-text accessibility of the paper cannot be determined from the abstract alone, which is a common limitation in screening.",yes,"The paper is written in English, which meets the publication language criterion.",maybe,"The paper plans to collect empirical evidence through experiments, but the abstract doesn't indicate existing empirical data. The focus is on future research rather than current findings.",no,"While MDD is a distinct paradigm, the abstract doesn't indicate comparison or integration with other paradigms. The focus appears to be on MDD tools in isolation.",no,"The paper focuses on MDD tools and their usability, but doesn't explicitly address compatibility between different programming paradigms. While MDD is a distinct paradigm, the focus is on tool usability rather than paradigm integration.",maybe,"The abstract suggests systematic evaluation through experiments, but doesn't specify whether these will include quantitative measurements.",maybe,"The paper proposes a framework for evaluating MDD tools, which is primary research. However, it doesn't specifically focus on paradigmatic compatibility, though MDD represents a distinct paradigm.",maybe,"The abstract mentions ""a family of experiments"" to evaluate usability, indicating planned empirical testing. However, these are future plans rather than completed validation.",Exclude,"The abstract describes a framework for evaluating Model-Driven Development tool usability, but lacks clear evidence of paradigmatic compatibility or integration between programming paradigms. While the study proposes future experiments, it does not currently demonstrate empirical validation or quantitative analysis of multiple programming paradigms. The research appears more focused on tool usability than paradigmatic interactions.",2.9,EC1,"While MDD is a distinct paradigm, the abstract doesn't indicate comparison or integration with other paradigms. The focus appears to be on MDD tools in isolation.",EC1,"While MDD is a distinct paradigm, the abstract doesn't indicate comparison or integration with other paradigms. The focus appears to be on MDD tools in isolation."
Integrating Formal Methods by Unifying Abstractions,R. Boute,10.1007/978-3-540-24756-2_24,https://doi.org/10.1007/978-3-540-24756-2_24,International Conference on Integrated Formal Methods,20,2004,maybe,"The full-text accessibility of the paper cannot be determined from the abstract alone, which is a common limitation in screening.",yes,"The paper is written in English, meeting the publication language criterion.",no,The abstract doesn't indicate any empirical data or systematic observations. It appears to be primarily theoretical.,maybe,"The paper does address multiple paradigms, but these are formal methods paradigms rather than programming paradigms specifically.",no,"While the paper discusses integration and unification of formal methods, it doesn't specifically address programming paradigm compatibility. The focus is on mathematical and formal methods integration.",no,The paper seems to focus on theoretical frameworks and abstractions rather than quantitative measurements or systematic observations.,maybe,"The paper appears to be primary research investigating formal methods integration, but it's not clearly focused on paradigmatic compatibility in programming. It discusses integration of formal methods more broadly.",no,"The abstract doesn't explicitly mention validation methods or empirical testing. It appears to be more theoretical in nature, focusing on conceptual unification.",Exclude,"The abstract describes a theoretical exploration of formal methods integration, focusing on mathematical abstractions across different domains, but lacks empirical validation and specific programming paradigm compatibility analysis. While addressing multiple formal paradigms, the study does not meet the screening criteria's requirements for quantitative measurements, empirical evidence, or direct programming paradigm integration. The paper appears more conceptual and theoretical, diverging from the targeted research focus.",2.7,EC1,"The paper does address multiple paradigms, but these are formal methods paradigms rather than programming paradigms specifically.",EC1,"The paper does address multiple paradigms, but these are formal methods paradigms rather than programming paradigms specifically."
A novel discontinuity metric for unit selection text-to-speech synthesis,J. Bellegarda,-,-,Speech Synthesis Workshop,27,2004,maybe,The full-text accessibility of the paper cannot be determined from the abstract alone.,yes,"The paper is written in English, meeting the language requirement.",maybe,"The study includes empirical data through listening comparisons and contiguity prediction tasks, but not related to programming paradigm integration.",no,"While the paper compares different approaches, these are not programming paradigms as intended by the screening criteria.",no,"While the paper discusses different approaches (modal decomposition vs. Fourier analysis), it does not focus on paradigmatic compatibility between programming paradigms. The ""paradigm"" mentioned refers to signal processing approaches, not programming paradigms.",maybe,"The study is strongly quantitative, including measurements and systematic observations, but not in the context of programming paradigms.",no,"The paper is primary research, but it focuses on text-to-speech synthesis rather than paradigmatic compatibility or software measurement.",yes,"The paper includes validation methods through ""experimental evaluations"" and ""systematic listening comparison.""",Exclude,"The research paper focuses on text-to-speech synthesis and signal processing techniques, which fundamentally diverges from the screening criteria's emphasis on programming paradigm compatibility. Despite demonstrating rigorous quantitative methods and empirical validation, the study does not address interactions between programming paradigms or their integration. Consequently, the paper falls outside the systematic review's targeted research domain.",1.4,EC2,"The paper is primary research, but it focuses on text-to-speech synthesis rather than paradigmatic compatibility or software measurement.",EC2,"The paper is primary research, but it focuses on text-to-speech synthesis rather than paradigmatic compatibility or software measurement."
Integrated Modeling and Verification of Real-Time Systems through Multiple Paradigms,"M. Bersani, Carlo A. Furia, Matteo Pradella, M. Rossi",10.1109/SEFM.2009.16,https://doi.org/10.1109/SEFM.2009.16,2009 Seventh IEEE International Conference on Software Engineering and Formal Methods,7,2009,maybe,"The full-text accessibility of the paper cannot be determined from the abstract alone, which is a common limitation in screening.",yes,"The paper is written in English, which meets the publication language criterion.",maybe,"The paper mentions an example application to a monitoring system, suggesting some empirical testing, though the extent is not fully clear from the abstract.",yes,"The paper explicitly focuses on a ""multi-paradigm approach to modeling"" and integrating ""different formalisms,"" clearly meeting the multiple paradigms criterion.",yes,"The paper directly addresses paradigmatic compatibility by proposing a technique for integrating different formalisms and modeling paradigms, which strongly meets the paradigmatic compatibility focus criterion.",yes,"The paper includes formal verification and SAT-based analysis, which are quantitative approaches, meeting the quantitative components criterion.",yes,"The paper presents primary research investigating paradigmatic compatibility through formal modeling integration, which meets the study type criterion.",yes,"The paper includes formal verification activities and uses SAT checking for validation, indicating the inclusion of systematic evaluation methods, which meets the validation methods criterion.",Include,"A multi-paradigm modeling approach integrating different formalisms through formal verification techniques demonstrates strong alignment with screening criteria focused on paradigmatic compatibility and quantitative analysis. The study presents primary research with systematic validation methods, addressing interactions between multiple programming paradigms through a rigorous, SAT-based verification approach. Empirical evidence is suggested through an example application, though the depth of validation remains partially uncertain.",4.6,IC,"Meets IC; multi-paradigm, compatibility focus, quantitative component, validation method, research contribution, supported language.",IC,"Meets IC; multi-paradigm, compatibility focus, quantitative component, validation method, research contribution, supported language."
Paradigm Issues in Critical Systems Thinking and Their Interpretation in Three Developmental Systemic Interventions,"D. Petkov, O. Petkova, T. Nepal, T. Andrew",-,-,-,3,2006,maybe,The full-text accessibility of the paper cannot be determined from the abstract alone.,yes,"The paper is written in English, meeting the language requirement.",maybe,"The paper includes three case studies in ""rural telecommunications and software development,"" suggesting some empirical evidence, though the focus is not specifically on programming paradigm integration.",maybe,"The paper does address multiple paradigms and their integration, but these are systems thinking paradigms rather than programming paradigms.",no,"While the paper does address paradigm compatibility, it focuses on systems thinking paradigms rather than programming paradigms. It discusses ""mixing of techniques from several soft systems approaches"" but does not appear to address programming paradigms specifically.",maybe,"The abstract mentions ""multi-criteria decision analysis"" but does not clearly indicate whether quantitative measurements were used. The focus appears more theoretical and qualitative.",maybe,"The paper appears to be primary research investigating paradigmatic compatibility, specifically focusing on ""paradigm incommensurability"" and methods for overcoming it. However, it is more focused on systems thinking than programming paradigms specifically.",maybe,"The paper mentions three practical interventions and claims to have ""confirmed our theoretical findings,"" suggesting some empirical validation, though the depth of validation is not entirely clear.",Exclude,"The abstract discusses paradigm compatibility within systems thinking, but diverges significantly from programming paradigm integration, lacking specific focus on software development paradigms. While the study explores method mixing and theoretical frameworks, it does not meet the core screening criteria related to programming paradigm compatibility, quantitative measurements, or empirical validation of software integration challenges.",2.7,EC1,"The paper does address multiple paradigms and their integration, but these are systems thinking paradigms rather than programming paradigms.",EC1,"The paper does address multiple paradigms and their integration, but these are systems thinking paradigms rather than programming paradigms."
Integrating goal-oriented measurement for evaluation of model transformation,"Shekoufeh Kolahdouz Rahimi, K. Lano",10.1109/CSICSSE.2011.5964000,https://doi.org/10.1109/CSICSSE.2011.5964000,International Conference on Computer Science and Software Engineering,7,2011,maybe,"The full-text accessibility of the paper cannot be determined from the abstract alone, which is a common limitation in screening.",yes,"The paper is written in English, which meets the publication language criterion.",maybe,"The abstract doesn't clearly indicate whether empirical data or systematic observations about paradigm integration are included. The G/Q/M evaluation suggests some systematic approach, but the nature of the evidence isn't specified.",maybe,"The paper does address multiple platforms and languages, but it's not clear if these represent different programming paradigms or just different technical platforms.",no,"While the paper discusses model transformations between different languages and platforms, it doesn't explicitly focus on paradigmatic compatibility. The focus appears to be more on technical transformation approaches rather than paradigm integration.",maybe,"The use of G/Q/M paradigm suggests some quantitative evaluation, but the abstract doesn't clearly indicate the extent of quantitative analysis.",maybe,"The paper is a survey/review of model transformation techniques, which partially aligns with the criterion of being a systematic review. However, it's not specifically focused on paradigmatic compatibility or software measurement.",maybe,"The abstract mentions using the G/Q/M paradigm for evaluation, which suggests some systematic evaluation methodology. However, the details of validation methods are not clearly specified.",Exclude,"A survey of model transformation techniques that partially meets screening criteria, with strengths in systematic evaluation and multiple platform considerations. While the study involves technical transformations and uses the G/Q/M paradigm for assessment, it lacks clear focus on paradigmatic compatibility and comprehensive empirical evidence. The paper's alignment with core screening requirements is limited and indirect.",3.2,EC1,"The paper does address multiple platforms and languages, but it's not clear if these represent different programming paradigms or just different technical platforms.",EC1,"The paper does address multiple platforms and languages, but it's not clear if these represent different programming paradigms or just different technical platforms."
On the Feasibility of a Unified Modelling and Programming Paradigm,"A. Haxthausen, J. Peleska",10.1007/978-3-319-47169-3_4,https://doi.org/10.1007/978-3-319-47169-3_4,Leveraging Applications of Formal Methods,3,2016,maybe,"The full-text accessibility of the paper cannot be determined from the abstract alone, which is a common limitation in screening.",yes,"The paper is written in English, which meets the publication language criterion.",maybe,"The paper includes a case study, suggesting some empirical evidence, but the abstract doesn't detail the extent of systematic observations.",yes,"The paper strongly meets this criterion, explicitly focusing on multiple formalisms and their integration, including modeling, programming, and verification paradigms.",yes,"The paper strongly meets this criterion, as it explicitly focuses on integrating multiple formalisms and programming paradigms, particularly in the context of verification and modeling.",maybe,"While the paper discusses formal methods and verification, it's not entirely clear from the abstract whether it includes specific quantitative measurements or metrics.",yes,"The paper appears to be primary research investigating paradigmatic compatibility, specifically focusing on multi-formalism approaches and their integration, which meets the study type criterion.",maybe,"The abstract mentions a case study from the railway domain and discusses verification methods, suggesting some empirical validation, but the extent of validation is not fully clear from the abstract.",Include,"The study explores multi-formalism approaches in system development, demonstrating strong alignment with paradigmatic compatibility criteria through its focus on integrating multiple programming and modeling paradigms. A case study from the railway domain provides empirical validation, while the research systematically addresses interactions between different formal methods and verification techniques. The work meets key screening requirements by proposing a comprehensive approach to paradigm integration and verification across complex systems.",4.6,IC,"Meets IC; multi-paradigm, compatibility focus, research contribution, supported language.",IC,"Meets IC; multi-paradigm, compatibility focus, research contribution, supported language."
A Rough Set Formalization of Quantitative Evaluation with Ambiguity,"P. Paroubek, Xavier Tannier",-,-,International Conference on Language Resources and Evaluation,0,2012,maybe,The full-text accessibility of the paper cannot be determined from the abstract alone.,yes,"The paper is written in English, meeting the language requirement.",no,"While the paper discusses evaluation of computer programs against human reference data, it is not focused on paradigm integration challenges or interoperability between programming paradigms.",no,"The paper does not address interactions between programming paradigms. While it discusses evaluation paradigms, these are in the context of NLP evaluation, not programming paradigms.",no,"The paper focuses on evaluation paradigms in NLP, not on paradigmatic compatibility between programming paradigms.",maybe,"The paper does include quantitative components through its formal model and rough sets approach, but these are not related to programming paradigm compatibility.",no,"The paper presents a formal model for evaluation, but it is focused on natural language processing evaluation rather than paradigmatic compatibility or software measurement.",maybe,"The abstract mentions ""objective quantitative evaluation"" but does not explicitly describe validation methods or empirical testing of the proposed model.",Exclude,"The abstract describes a formal model for natural language processing evaluation, which fundamentally diverges from the screening criteria focused on programming paradigm compatibility. Despite having quantitative and formal elements, the paper lacks direct relevance to paradigm integration, empirical testing of programming paradigms, or systematic observations about interoperability between different programming approaches. Consequently, the abstract fails to meet the core screening requirements for the systematic review.",1.4,EC2,"The paper presents a formal model for evaluation, but it is focused on natural language processing evaluation rather than paradigmatic compatibility or software measurement.",EC2,"The paper presents a formal model for evaluation, but it is focused on natural language processing evaluation rather than paradigmatic compatibility or software measurement."
On integration of programming paradigms,A. Mycroft,10.1145/234528.234735,https://doi.org/10.1145/234528.234735,CSUR,5,1996,maybe,"The abstract does not provide information about the full-text accessibility of the paper, but the formal academic style suggests it is likely a published paper.",yes,"The paper is written in English, meeting the language requirement.",no,The abstract does not indicate any empirical data or systematic observations. It appears to be primarily theoretical.,yes,"The paper explicitly discusses integration between multiple paradigms, including examples like C (imperative), Prolog (logic), and Haskell (functional).",yes,"The paper directly addresses formal models for paradigmatic compatibility, proposing an algebraic view of integration between different programming paradigms.",no,"While the paper includes formal mathematical concepts, it does not appear to include quantitative measurements or empirical observations.",yes,"The paper appears to be primary research investigating paradigmatic compatibility, specifically focusing on the algebraic integration of different programming paradigms.",no,The abstract does not explicitly mention any validation methods or empirical testing. It presents a theoretical framework but does not discuss how it was validated.,Exclude,"A theoretical exploration of programming paradigm integration that strongly addresses multiple programming paradigms and proposes an algebraic model for compatibility. While demonstrating rigorous conceptual analysis, the study lacks empirical validation, quantitative measurements, and explicit testing of its proposed framework. The research provides a formal approach to understanding paradigmatic interactions but falls short of comprehensive empirical substantiation.",4,EC6,"While the paper includes formal mathematical concepts, it does not appear to include quantitative measurements or empirical observations.",EC6,"While the paper includes formal mathematical concepts, it does not appear to include quantitative measurements or empirical observations."
Incremental to radical ideas: paradigm-relatedness metrics for investigating ideation creativity and diversity,"Eli Silk, S. Daly, K. Jablokow, Seda McKilligan",10.1080/21650349.2018.1463177,https://doi.org/10.1080/21650349.2018.1463177,-,9,2019,maybe,"The full-text accessibility of the paper cannot be determined from the abstract alone, which is a common limitation in screening.",yes,"The paper is written in English, which meets the publication language criterion.",maybe,"The study includes empirical data collection and coding of ideation data, but not related to programming paradigms.",no,"While the study discusses paradigms, it's not about programming paradigms or their interaction.",no,"While the study deals with paradigms, it's about paradigm-relatedness in creativity and idea generation, not programming paradigms or their integration, which is another critical mismatch.",maybe,"The study includes quantitative components through its metrics and reliability testing, but again, not in the context of programming paradigms.",no,"The study is primary research, but it focuses on paradigm-relatedness in idea generation/creativity, not programming paradigms, which is a critical mismatch with the screening criteria.",yes,"The study includes validation methods, testing two different approaches (category-based and component-based) and evaluating their reliability and ease of use.",Exclude,"The abstract describes a study on creativity and paradigm-relatedness in idea generation, which fundamentally differs from the systematic review's focus on programming paradigm compatibility. Despite meeting some methodological criteria like empirical testing and quantitative analysis, the paper's core subject matter is unrelated to programming paradigms, rendering it unsuitable for inclusion in the review.",1.4,EC2,"The study is primary research, but it focuses on paradigm-relatedness in idea generation/creativity, not programming paradigms, which is a critical mismatch with the screening criteria.",EC2,"The study is primary research, but it focuses on paradigm-relatedness in idea generation/creativity, not programming paradigms, which is a critical mismatch with the screening criteria."
Bridging Scales and Paradigms in Natural Systems Modeling,F. Villa,10.1007/978-3-642-16552-8_1,https://doi.org/10.1007/978-3-642-16552-8_1,International Conference on Metadata and Semantics Research,3,2010,maybe,"The full-text accessibility of the paper cannot be determined from the abstract alone, which is a common limitation in screening.",yes,"The paper is written in English, which meets the publication language criterion.",maybe,"The abstract does not clearly indicate whether the study includes empirical data or systematic observations, so it is unclear whether this criterion is met.",yes,"The paper strongly meets this criterion, as it explicitly addresses multiple paradigms and their integration, specifically mentioning agent-based, process-based, temporal, and spatial paradigms.",yes,"The paper strongly meets this criterion, as it explicitly focuses on ""multiple-paradigm modeling"" and describes a formalism for integrating different paradigms.",maybe,"The paper appears to include systematic modeling approaches, but the abstract does not explicitly mention quantitative measurements or metrics, so it is unclear whether this criterion is met.",yes,"The paper presents primary research on a modeling formalism that explicitly addresses paradigm integration, which meets the study type criterion.",maybe,"The abstract does not explicitly mention validation methods or empirical testing, so it is unclear whether the study includes such components.",Exclude,"A novel modeling formalism addressing multiple programming paradigms demonstrates strong potential for paradigmatic integration, with explicit focus on combining agent-based, process-based, temporal, and spatial modeling approaches. While the abstract presents a sophisticated theoretical framework for paradigm compatibility, it lacks clear evidence of empirical validation or quantitative measurement methods. The study's core contribution centers on developing a semantic meta-modeling approach that enables systematic paradigm integration.",4.3,EC1,"A novel modeling formalism addressing multiple programming paradigms demonstrates strong potential for paradigmatic integration, with explicit focus on combining agent-based, process-based, temporal, and spatial modeling approaches. While the abstract presents…",EC1,"A novel modeling formalism addressing multiple programming paradigms demonstrates strong potential for paradigmatic integration, with explicit focus on combining agent-based, process-based, temporal, and spatial modeling approaches. While the abstract presents…"
Towards the systematic measurement of ATL transformation models,"José Barranquero Tolosa, Oscar Sanjuán Martínez, Vicente García Díaz, B. C. P. García-Bustelo, J. M. C. Lovelle",10.1002/spe.1033,https://doi.org/10.1002/spe.1033,"Software, Practice & Experience",27,2011,maybe,"The full-text accessibility of the paper cannot be determined from the abstract alone, but the copyright notice suggests it is likely accessible through academic channels.",yes,"The paper is written in English, meeting the publication language criterion.",yes,"The study includes empirical data from evaluating multiple meta-modeling bridges and provides quantitative measurements of declarative and imperative constructs, meeting the empirical evidence criterion.",yes,"The study explicitly addresses multiple paradigms/technologies, including UML, MOF, Ecore, KM3, and Microsoft DSL Tools.",yes,"The paper directly addresses paradigmatic compatibility through meta-modeling bridges between different technological spaces (UML, MOF, Ecore, KM3, and Microsoft DSL Tools).",yes,"The study includes strong evidence of quantitative components, including ""quantitative measurements of the declarative and imperative constructs"" and ""relative quality factors.""",yes,"This is primary research investigating paradigmatic compatibility, specifically focusing on meta-modeling technologies and their interoperability.",yes,"The study includes empirical testing and evaluation of meta-modeling bridges, with quantitative measurements and comparative analysis, meeting the validation methods criterion.",Include,"This research systematically explores paradigmatic compatibility through meta-modeling bridges, providing quantitative measurements and empirical evidence across multiple technological spaces. The study demonstrates strong methodological rigor by evaluating interoperability between different programming paradigms, including UML, MOF, Ecore, KM3, and Microsoft DSL Tools, with a focus on quantitative analysis and comparative assessment.",4.6,IC,"Meets IC; multi-paradigm, compatibility focus, quantitative component, empirical evidence, validation method, research contribution, supported language.",IC,"Meets IC; multi-paradigm, compatibility focus, quantitative component, empirical evidence, validation method, research contribution, supported language."
"Towards query model integration: topology-aware, IR-inspired metrics for declarative graph querying","L. Gomes, Rodrigo Jensen, André Santanchè",10.1145/2457317.2457350,https://doi.org/10.1145/2457317.2457350,International Conference on Extending Database Technology,6,2013,maybe,The full-text accessibility of the paper cannot be determined from the abstract alone.,yes,"The paper is written in English, meeting the language requirement.",yes,The paper includes empirical evidence through experiments with real data.,maybe,"The paper addresses integration between multiple paradigms, though these are data and query paradigms rather than programming paradigms.",maybe,"The paper addresses integration between different models and paradigms, but focuses on data and query models rather than programming paradigms specifically. It proposes formal models (graph models) for integration.",yes,The paper includes quantitative components through ranking metrics and graph analysis tasks.,maybe,"The paper presents primary research investigating integration between different data and query models, which relates to paradigmatic compatibility, but it focuses more on data models than programming paradigms specifically.",yes,The paper includes empirical validation through experiments with real data.,Exclude,"The study demonstrates strong methodological rigor with empirical validation, quantitative metrics, and systematic analysis of data and query model integration. While addressing multiple paradigms and including experimental evidence, the research focuses more on data and query models rather than programming paradigms specifically. The paper's comprehensive approach to model integration provides valuable insights, though its precise alignment with programming paradigm research remains nuanced.",3.5,EC1,"The study demonstrates strong methodological rigor with empirical validation, quantitative metrics, and systematic analysis of data and query model integration. While addressing multiple paradigms and including experimental evidence, the research focuses more …",EC1,"The study demonstrates strong methodological rigor with empirical validation, quantitative metrics, and systematic analysis of data and query model integration. While addressing multiple paradigms and including experimental evidence, the research focuses more …"
An introduction to multi-paradigm modelling and simulation.,"H. Vangheluwe, J. de Lara, P. Mosterman",-,-,-,207,2002,maybe,The full-text accessibility of the paper cannot be determined from the abstract alone.,yes,"The paper is written in English, meeting the language requirement.",maybe,"The abstract doesn't indicate clear empirical data or systematic observations. It appears more theoretical in nature, focusing on conceptual frameworks.",yes,The paper explicitly focuses on multi-paradigm modeling and integration between different formalisms.,yes,"The paper does address paradigmatic compatibility through its focus on ""multi-formalism modelling"" and ""coupling of and transformation between models described in different formalisms.""",maybe,"While the paper discusses formal models and transformations, it's not clear if it includes specific quantitative measurements or systematic observations.",maybe,"The paper appears to be a theoretical overview/review of multi-paradigm modeling rather than primary research or a systematic review of paradigm integration. While it discusses paradigm integration, it seems more focused on modeling theory than empirical research.",maybe,"The abstract does not explicitly mention validation methods or empirical testing. While it discusses ""behaviour-conserving transformation,"" it doesn't clearly indicate validation approaches.",Exclude,"The abstract demonstrates strong alignment with multiple paradigm integration and theoretical modeling concepts, but lacks clear empirical validation and quantitative measurement components. While addressing multi-formalism modeling and paradigm interactions, the text appears more theoretical than empirically grounded, potentially limiting its direct applicability to programming paradigm research. The study's focus on modeling theory and conceptual frameworks suggests a more abstract approach to paradigm compatibility.",3.2,EC1,"The abstract demonstrates strong alignment with multiple paradigm integration and theoretical modeling concepts, but lacks clear empirical validation and quantitative measurement components. While addressing multi-formalism modeling and paradigm interactions, …",EC1,"The abstract demonstrates strong alignment with multiple paradigm integration and theoretical modeling concepts, but lacks clear empirical validation and quantitative measurement components. While addressing multi-formalism modeling and paradigm interactions, …"
The Viewpoint Paradigm: a semiotic based approach for the intelligibility of a cooperative designing process,Pierre-Jean Charrel,10.3127/AJIS.V10I1.166,https://doi.org/10.3127/AJIS.V10I1.166,Australasian Journal of Information Systems,11,2002,maybe,The full-text accessibility of the paper cannot be determined from the abstract alone.,yes,"The paper is written in English, meeting the language requirement.",no,The abstract does not indicate any empirical data collection or systematic observations about programming paradigm integration.,no,"While the paper discusses multiple viewpoints, these are not programming paradigms as intended in the criteria.",no,"While the paper discusses ""viewpoints"" and their integration, it is in the context of design processes and knowledge management, not programming paradigms. The focus is different from what is required.",no,"The paper appears to be primarily theoretical, focusing on formal definitions and models. No clear quantitative components are mentioned.",no,"The paper appears to be primary research developing a formal model (Viewpoint Paradigm), but it is focused on modeling and knowledge management rather than paradigmatic compatibility in programming. It does not align well with the intended focus.",no,"The abstract mentions ""operational concerns"" and ""models,"" but does not explicitly describe validation methods or empirical testing. The paper appears to be more theoretical.",Exclude,"The abstract describes a theoretical study on viewpoints in design processes, which fundamentally diverges from the screening criteria focused on programming paradigm compatibility. Despite using similar terminology, the paper lacks empirical evidence, quantitative components, and direct relevance to programming paradigm integration. Consequently, the study does not meet the essential screening requirements for the intended research review.",1.4,EC2,"The paper appears to be primary research developing a formal model (Viewpoint Paradigm), but it is focused on modeling and knowledge management rather than paradigmatic compatibility in programming. It does not align well with the intended focus.",EC2,"The paper appears to be primary research developing a formal model (Viewpoint Paradigm), but it is focused on modeling and knowledge management rather than paradigmatic compatibility in programming. It does not align well with the intended focus."
Reconciling Feature Modeling: A Feature Modeling Metamodel,V. Vranić,10.1007/978-3-540-30196-7_10,https://doi.org/10.1007/978-3-540-30196-7_10,Net.ObjectDays,33,2004,maybe,"The full-text accessibility of the paper cannot be determined from the abstract alone, which is a common limitation in screening.",yes,"The paper is written in English, meeting this criterion.",maybe,"The abstract doesn't clearly indicate whether empirical data or systematic observations about paradigm integration are included, so this criterion is uncertain.",yes,"The paper explicitly mentions ""multi-paradigm design,"" meeting this criterion.",maybe,"While the paper discusses ""multi-paradigm design,"" it focuses more on feature modeling as a technique rather than specifically addressing paradigmatic compatibility or integration challenges, so this is a partial match.",no,"The paper appears to be more focused on conceptual modeling and metamodeling rather than quantitative measurements, so this criterion is likely not met.",maybe,"The paper appears to be primary research investigating feature modeling across multiple paradigms, but it's not entirely clear if it specifically addresses paradigmatic compatibility as its main focus.",maybe,"The abstract mentions ""evaluates other approaches"" but doesn't explicitly describe validation methods or empirical testing, so this criterion is uncertain.",Exclude,"The abstract addresses multi-paradigm design through feature modeling, but lacks clear evidence of empirical validation or quantitative analysis of paradigmatic compatibility. While the study touches on multiple paradigms, it appears more focused on conceptual modeling techniques than systematic investigation of integration challenges, resulting in partial alignment with the screening criteria.",2.9,EC6,"The paper appears to be more focused on conceptual modeling and metamodeling rather than quantitative measurements, so this criterion is likely not met.",EC6,"The paper appears to be more focused on conceptual modeling and metamodeling rather than quantitative measurements, so this criterion is likely not met."
Summary of the 6th International Workshop on Multi-Paradigm Modeling (MPM'12),"Cécile Hardebolle, Eugene Syriani, J. Sprinkle, T. Mészáros",10.1145/2508443.2508444,https://doi.org/10.1145/2508443.2508444,MPM '12,3,2012,maybe,"The paper appears to be a workshop summary from a conference, likely accessible through academic databases or conference proceedings.",yes,"The paper is written in English, meeting the language requirement.",no,"The abstract does not indicate that the paper includes empirical data or systematic observations, suggesting it is more of a theoretical discussion and workshop summary.",yes,"The paper clearly addresses multiple paradigms, specifically focusing on multi-paradigm modeling and the integration of different modeling formalisms.",maybe,"The paper does address paradigmatic compatibility, specifically discussing ""coupling, combination, composition, transformation and integration of models and of modeling formalisms."" However, it is unclear if it proposes or evaluates specific formal models or metrics.",no,The abstract does not provide any clear indication of quantitative components or measurements in the paper.,no,"The paper is a workshop summary rather than primary research or a systematic review, so it does not meet the study type criterion.",no,"The abstract does not mention any specific validation methods or empirical testing, so it is unclear if the paper includes such components.",Exclude,"A workshop summary paper addressing multi-paradigm modeling challenges, focusing on theoretical discussions of model integration across different formalisms. While meeting language and multiple paradigm criteria, the abstract lacks clear evidence of empirical validation, quantitative components, or systematic research methodology. The paper appears more conceptual in nature, summarizing workshop discussions rather than presenting original research with rigorous validation.",2.9,EC2,"The paper is a workshop summary rather than primary research or a systematic review, so it does not meet the study type criterion.",EC2,"The paper is a workshop summary rather than primary research or a systematic review, so it does not meet the study type criterion."
Proceedings of the 6th International Workshop on Multi-Paradigm Modeling,"Cécile Hardebolle, Eugene Syriani, J. Sprinkle, T. Mészáros",-,-,ACM/IEEE International Conference on Model Driven Engineering Languages and Systems,0,2012,maybe,"The abstract suggests the paper is from a workshop proceedings, which implies it should be accessible, but this cannot be confirmed from the abstract alone.",yes,"The paper is written in English, which meets the publication language criterion.",maybe,"The abstract does not explicitly mention empirical data or systematic observations, though it suggests these might be discussed in the full paper.",yes,"The paper explicitly focuses on multiple paradigms and their integration, as evidenced by its focus on Multi-Paradigm Modeling (MPM).",yes,"The paper directly addresses paradigmatic compatibility, specifically focusing on ""coupling, combination, composition, transformation and integration of models and of modeling formalisms.""",maybe,"While the paper discusses formalisms and modeling, it's unclear from the abstract whether it includes quantitative components or measurements.",yes,"The paper appears to be a workshop overview paper that discusses multi-paradigm modeling, which relates to paradigmatic compatibility. However, it's not clear if it contains primary research or systematic review elements.",no,"The abstract does not mention any specific validation methods, empirical testing, or systematic evaluation.",Exclude,"Multi-Paradigm Modeling research addresses paradigmatic compatibility through a workshop exploring model integration challenges across different formalisms. While the abstract demonstrates strong alignment with multiple paradigm interactions, significant uncertainty exists regarding empirical validation, quantitative components, and systematic evaluation methods. The paper appears to offer a conceptual framework for understanding paradigm integration but may lack the depth of empirical evidence sought by the screening criteria.",3.5,EC6,"While the paper discusses formalisms and modeling, it's unclear from the abstract whether it includes quantitative components or measurements.",EC1,"Multi-Paradigm Modeling research addresses paradigmatic compatibility through a workshop exploring model integration challenges across different formalisms. While the abstract demonstrates strong alignment with multiple paradigm interactions, significant uncer…"
Towards Paradigm-Independent Software Assessment,"S. Bryton, Fernando Brito e Abreu",10.1109/QUATIC.2007.24,https://doi.org/10.1109/QUATIC.2007.24,Quality of Information and Communications Technology,11,2007,maybe,"The full-text accessibility of the paper cannot be determined from the abstract alone, which is a common limitation in screening.",yes,"The paper is written in English, meeting the publication language criterion.",maybe,"The abstract indicates a case study comparing OOP and AOP systems, suggesting empirical evidence, though the depth is not fully clear from the abstract.",yes,"The paper explicitly mentions comparison between OOP and AOP paradigms, clearly meeting the multiple paradigms criterion.",yes,"The paper explicitly focuses on paradigmatic compatibility, proposing a ""paradigm-independent"" metamodel for comparing systems across different paradigms, strongly meeting this criterion.",yes,"The paper mentions a ""formal quantification approach"" and ""paradigm-independent software systems assessment,"" indicating the presence of quantitative components.",yes,"The paper appears to be primary research investigating paradigmatic compatibility, specifically proposing a metamodel for comparing systems across paradigms, meeting the study type criterion.",maybe,"The abstract mentions a case study comparing functionally-equivalent systems, suggesting some empirical validation, though the extent is not fully clear.",Include,"A paradigmatic software engineering study proposing a metamodel for cross-paradigm system comparison, demonstrating strong alignment with multiple screening criteria through its focus on OOP and AOP paradigm interactions. The research includes a case study, quantitative assessment approach, and empirical validation, addressing key requirements for systematic investigation of programming paradigm compatibility.",4.6,IC,"Meets IC; multi-paradigm, compatibility focus, quantitative component, research contribution, supported language.",IC,"Meets IC; multi-paradigm, compatibility focus, quantitative component, research contribution, supported language."
Integration testing of heterotic systems,"M. Gheorghe, M. Stannett",10.1098/rsta.2014.0222,https://doi.org/10.1098/rsta.2014.0222,"Philosophical Transactions of the Royal Society A: Mathematical, Physical and Engineering Sciences",2,2014,maybe,"The full-text accessibility of the paper cannot be determined from the abstract alone, which is a common limitation in screening.",yes,"The paper is written in English, meeting the language requirement.",maybe,"While the paper proposes a theoretical framework, the abstract does not explicitly mention empirical data collection. However, it does describe systematic observations through test-set generation, partially meeting the empirical evidence criterion.",yes,"The paper strongly addresses integration between different paradigms, including ""silicon chips and wetware"" and specifically mentioning X-machine-based devices and cell-based P systems, meeting the multiple paradigms criterion.",yes,"The paper strongly focuses on combining ""radically different approaches"" and proposes formal models for integration testing, demonstrating a focus on paradigmatic compatibility.",yes,"The paper includes quantitative components through formal modeling and test-set generation, meeting the quantitative components criterion.",yes,"The paper presents primary research investigating paradigmatic compatibility, specifically focusing on combining different computational paradigms, meeting the study type criterion.",yes,"The paper includes systematic evaluation methods, such as ""automatic heterotic test-set generation"" and a formal specification strategy, indicating the presence of validation methods.",Include,"The study presents a rigorous approach to integrating computational paradigms through formal modeling, addressing multiple technological domains and proposing systematic test-set generation strategies. By focusing on combining radically different computational approaches like silicon chips and wetware, the research offers a quantitative framework for understanding paradigmatic compatibility and integration challenges. The work demonstrates strong methodological rigor in exploring multi-technology system interactions through a formal specification strategy.",4.6,IC,"Meets IC; multi-paradigm, compatibility focus, quantitative component, validation method, research contribution, supported language.",IC,"Meets IC; multi-paradigm, compatibility focus, quantitative component, validation method, research contribution, supported language."
Integrating diverse paradigms in evolution and maintenance by an XML-based unified model,"Chih-Wei Lu, W. Chu, Chih-Hung Chang, Don-Lin Yang, Wen-Da Lian",10.1002/smr.272,https://doi.org/10.1002/smr.272,J. Softw. Maintenance Res. Pract.,8,2003,maybe,I states that the full-text accessibility cannot be determined from the abstract alone.,yes,"The abstract is written in English, which meets the criterion for publication language. However, I notes that they cannot be 100% certain about the full paper without seeing it.",maybe,"I indicates that the abstract does not explicitly mention empirical data or systematic observations, and it discusses problems generally but does not indicate if these are supported by empirical evidence.",yes,"I states that the paper clearly addresses multiple paradigms, referring to ""disparate software analysis/design methods and tools"" and their integration, meeting this criterion.",yes,"I states that the paper strongly meets this criterion, as it directly addresses paradigmatic compatibility and proposes a formal model (XML-based) for integration between different software paradigms.",maybe,"I notes that while the paper proposes a model, the abstract does not indicate whether it includes quantitative measurements or systematic observations.",yes,"I indicates that the paper appears to be primary research investigating paradigmatic compatibility, proposing an XML-based model for integration, which meets the criterion for study type.",maybe,"I notes that the abstract does not explicitly mention any validation methods or empirical testing, which creates significant uncertainty about whether this criterion is met.",Exclude,"The abstract demonstrates strong alignment with criteria related to paradigmatic compatibility, proposing an XML-based model for integrating disparate software analysis methods. However, significant uncertainties exist regarding validation methods, empirical evidence, and quantitative components, which create gaps in comprehensively meeting all screening requirements. The paper's core focus on paradigm integration suggests potential relevance, but lacks explicit confirmation of key methodological criteria.",3.9,EC1,"The abstract demonstrates strong alignment with criteria related to paradigmatic compatibility, proposing an XML-based model for integrating disparate software analysis methods. However, significant uncertainties exist regarding validation methods, empirical e…",EC1,"The abstract demonstrates strong alignment with criteria related to paradigmatic compatibility, proposing an XML-based model for integrating disparate software analysis methods. However, significant uncertainties exist regarding validation methods, empirical e…"
Complexity and Model Integration: Formalisations,"Manish Patel, S. Nagl",10.1007/978-3-642-15603-8_4,https://doi.org/10.1007/978-3-642-15603-8_4,-,0,2010,maybe,"The abstract does not provide enough information to determine if the full text is accessible, though the fact that it is a ""chapter"" suggests it may be part of a book or proceedings.",yes,"The paper is written in English, which meets the publication language criterion.",no,The abstract does not mention any empirical data or systematic observations.,maybe,"The abstract mentions ""model integration"" and different paradigms, but it's unclear if this specifically refers to programming paradigms or just different modeling approaches.",maybe,"The abstract mentions ""paradigm (formalism)"" and model integration, suggesting some focus on paradigmatic compatibility. However, it's not clear if it specifically addresses programming paradigms or just modeling paradigms in general.",no,"The abstract suggests a theoretical/conceptual approach rather than quantitative analysis, and there is no mention of measurements or systematic observations.",maybe,"The abstract suggests this is a review/analysis of model integration, which partially aligns with the criterion of being a systematic review of paradigm integration. However, it's not clear if it's a systematic review or just a general review.",no,"The abstract does not mention any validation methods or empirical testing, suggesting the study is more theoretical/conceptual in nature.",Exclude,"The abstract appears to be a theoretical exploration of model integration that lacks empirical validation, quantitative components, and clear focus on programming paradigms. While touching on paradigmatic concepts, the text does not provide sufficient evidence of systematic research or measurement of paradigmatic compatibility. The chapter seems more conceptual than research-oriented, missing key screening criteria for empirical investigation.",2.8,EC6,"The abstract suggests a theoretical/conceptual approach rather than quantitative analysis, and there is no mention of measurements or systematic observations.",EC6,"The abstract suggests a theoretical/conceptual approach rather than quantitative analysis, and there is no mention of measurements or systematic observations."
An Operational Process for Goal-Driven Definition of Measures,"L. Briand, S. Morasca, V. Basili",10.1109/TSE.2002.1158285,https://doi.org/10.1109/TSE.2002.1158285,IEEE Trans. Software Eng.,166,2002,maybe,The full-text accessibility of the paper cannot be determined from the abstract alone.,yes,"The paper is written in English, meeting the language requirement.",no,"While the paper includes empirical components, they are not related to paradigm integration or compatibility challenges.",no,The paper does not address interactions between different programming paradigms. It focuses on measurement approaches in software engineering.,no,"The paper does not appear to focus on paradigmatic compatibility or integration between programming paradigms. Instead, it focuses on software measurement and metrics definition.",yes,"The paper clearly includes quantitative components, mentioning ""theoretically valid measures"" and ""mathematical properties.""",maybe,"The paper appears to be primary research proposing a measurement approach (GOM/MEDEA), but it does not specifically focus on paradigmatic compatibility or integration. Instead, it focuses on software measurement in general.",maybe,"The paper includes ""experimental verification"" and ""empirical hypotheses,"" indicating some form of validation, though the details are limited.",Exclude,"The abstract describes a software measurement approach that lacks specific focus on paradigmatic compatibility or integration between programming paradigms. While the study demonstrates rigorous quantitative and empirical methods, it fails to meet critical screening criteria related to multiple programming paradigms and paradigmatic compatibility. Consequently, the paper does not align with the targeted research domain.",2.5,EC1,The paper does not address interactions between different programming paradigms. It focuses on measurement approaches in software engineering.,EC1,The paper does not address interactions between different programming paradigms. It focuses on measurement approaches in software engineering.
Utilisation de la transformation de modeles pour faciliter la sélection de composants logiciels,"Kahina Hassam, B. George, Régis Fleurquin, S. Sadou",-,-,-,3,2008,maybe,"The presence of keywords suggests the paper is likely a formal publication, but the full-text accessibility cannot be determined from the abstract alone.",yes,"The paper is written in English, with French keywords, which meets the publication language criterion.",maybe,"The study includes empirical validation, but not specifically about paradigm integration challenges.",no,The paper focuses on component-based engineering but doesn't explicitly address different programming paradigms.,no,"While the paper deals with component compatibility, it focuses on model transformation and component selection rather than programming paradigm compatibility specifically.",maybe,"The paper likely includes quantitative aspects in component comparison, but the abstract doesn't explicitly detail these.",yes,"The paper appears to be primary research investigating component compatibility and integration, though not specifically focused on programming paradigms.",yes,"The abstract mentions validation of the approach on the ComponentSource component market, indicating the inclusion of empirical testing.",Exclude,"The study focuses on component-based software engineering and model transformation, but does not directly address programming paradigm compatibility or integration. While the research includes validation and empirical testing, it lacks specific examination of interactions between different programming paradigms. Consequently, the paper does not fully meet the systematic review's core screening criteria.",2.7,EC1,The paper focuses on component-based engineering but doesn't explicitly address different programming paradigms.,EC1,The paper focuses on component-based engineering but doesn't explicitly address different programming paradigms.
A scenario-based verification technique to assess the compatibility of collaborative business processes,"M. D. Backer, M. Snoeck, Geert Monsieur, Wilfried Lemahieu, G. Dedene",10.1016/j.datak.2008.12.002,https://doi.org/10.1016/j.datak.2008.12.002,Data & Knowledge Engineering,33,2009,maybe,"The full-text accessibility of the paper cannot be determined from the abstract alone, which is a common limitation in screening.",yes,"The paper is written in English, meeting the publication language criterion.",maybe,"The abstract doesn't explicitly mention empirical data collection or systematic observations, and the paper appears more theoretical in nature, focusing on formal models and criteria.",yes,The paper addresses interactions between different paradigms (atomic business activity-based interaction paradigm vs. message-based paradigm).,maybe,"The paper strongly focuses on compatibility and integration, proposing ""formal compatibility criteria"" and analyzing ""semantic compatibility,"" but this is focused on business processes rather than programming paradigms specifically.",yes,The paper includes formal models and quantitative aspects through its compatibility criteria and analysis of interaction protocols.,maybe,"The paper appears to be primary research investigating compatibility between business processes and interaction paradigms, which is related to but not exactly about programming paradigms.",maybe,"The paper mentions ""formal compatibility criteria"" and ""exhaustive lists of incompatible scenarios,"" suggesting systematic evaluation methods, but it's not entirely clear if empirical testing was performed.",Exclude,"The study explores compatibility and integration in business processes, presenting formal criteria for analyzing interactions between different paradigms. While demonstrating strong methodological rigor in examining semantic compatibility, the research diverges from direct programming paradigm focus, with limited empirical validation. The work provides systematic insights into compatibility assessment through formal models and quantitative analysis.",3.5,EC1,"The study explores compatibility and integration in business processes, presenting formal criteria for analyzing interactions between different paradigms. While demonstrating strong methodological rigor in examining semantic compatibility, the research diverge…",EC1,"The study explores compatibility and integration in business processes, presenting formal criteria for analyzing interactions between different paradigms. While demonstrating strong methodological rigor in examining semantic compatibility, the research diverge…"
A Multi-Paradigm Modelling Approach for the Engineering of Modelling Languages,B. Meyers,-,-,ACM/IEEE International Conference on Model Driven Engineering Languages and Systems,4,2014,maybe,"The paper appears to be a Ph.D. thesis, which typically has accessible full text through university libraries or repositories, though this is not explicitly confirmed in the abstract.",yes,"The paper is written in English, meeting the language requirement.",no,The abstract does not explicitly mention empirical data or systematic observations. It focuses on theoretical approaches to language composition and co-evolution.,maybe,"The paper does address interactions between different modeling languages and their integration, but these are domain-specific modeling languages rather than programming paradigms in the traditional sense.",maybe,"The paper discusses compatibility and integration between different modeling languages, including their semantics and operational aspects, but this is at the modeling language level rather than programming paradigms specifically.",no,The abstract suggests a structured approach but does not explicitly mention quantitative measurements or systematic observations.,maybe,"The paper focuses on domain-specific modeling languages (DSMLs) and their integration/compatibility, which relates to paradigmatic compatibility, but is more focused on language engineering than programming paradigms specifically.",no,The abstract does not explicitly mention validation methods or empirical testing. It describes research questions but does not detail how they are validated.,Exclude,"The document addresses domain-specific modeling language engineering with a focus on language composition and co-evolution, but only partially meets the screening criteria related to paradigmatic compatibility. While the study explores interactions between modeling languages, it lacks explicit validation methods, empirical evidence, and direct focus on programming paradigms, resulting in limited alignment with the systematic review's core requirements.",2.9,EC6,The abstract suggests a structured approach but does not explicitly mention quantitative measurements or systematic observations.,EC6,The abstract suggests a structured approach but does not explicitly mention quantitative measurements or systematic observations.
Reasoning and modeling paradigms are incompatible,P. Wegner,10.1109/HICSS.1993.284118,https://doi.org/10.1109/HICSS.1993.284118,[1993] Proceedings of the Twenty-sixth Hawaii International Conference on System Sciences,1,1993,maybe,"The abstract does not provide information about the full-text accessibility of the paper, but the formal academic nature of the paper suggests it is likely accessible through academic channels.",yes,"The paper is written in English, which meets the publication language criterion.",maybe,"The abstract suggests theoretical rather than empirical evidence, focusing on formal proofs and models rather than observational data, which partially meets the empirical evidence criterion.",yes,"The paper specifically addresses the interaction between object-oriented and logic programming paradigms, which clearly meets the multiple paradigms criterion.",yes,"The paper directly addresses paradigmatic compatibility, proposing formal models and metrics to analyze compatibility between object-oriented and logic programming paradigms, which strongly meets this criterion.",yes,"The paper introduces quantitative concepts like ""software complexity"" and ""LP-completeness"" with parallels to computational complexity theory, which meets the quantitative components criterion.",yes,"The paper appears to be primary research investigating paradigmatic compatibility, specifically analyzing the compatibility between object-oriented and logic programming paradigms, which meets the study type criterion.",maybe,"The abstract mentions ""impossibility result"" and ""novel use of models and metrics,"" suggesting some form of systematic evaluation, though the specific validation methods are not explicitly detailed.",Include,"A rigorous theoretical study exploring paradigmatic compatibility between object-oriented and logic programming, introducing novel quantitative metrics and complexity models. The research systematically analyzes interactions between programming paradigms through formal models, demonstrating strong potential for understanding computational integration challenges. While primarily theoretical, the work presents significant insights into paradigmatic incompatibility and introduces innovative conceptual frameworks for software complexity analysis.",4.6,IC,"Meets IC; multi-paradigm, compatibility focus, quantitative component, research contribution, supported language.",IC,"Meets IC; multi-paradigm, compatibility focus, quantitative component, research contribution, supported language."
Using paradigm-relatedness to measure design ideation shifts,"Eli Silk, S. Daly, K. Jablokow, Seda Yilmaz, Amy Rechkemmer, J. Wenger",10.18260/p.27156,https://doi.org/10.18260/p.27156,-,7,2016,maybe,"The full-text accessibility of the paper cannot be determined from the abstract alone, which is a common limitation in screening.",yes,"The paper is written in English, meeting this criterion.",no,"The study includes empirical data, but not about programming paradigm integration or interoperability.",no,"While the study does address different paradigms, these are design paradigms rather than programming paradigms.",no,"While the study does examine paradigms, it focuses on design paradigms in engineering rather than programming paradigms. The paradigm-relatedness metric is not related to programming paradigm compatibility.",yes,"The study has strong quantitative components, including two versions of a paradigm-relatedness metric and quantitative analysis of ideation shifts.",no,"This is primary research, but it focuses on design ideation and paradigm shifts in engineering design rather than programming paradigms. It does not investigate paradigmatic compatibility in software development.",yes,"The study includes empirical testing with 23 participants and quantitative analysis of ideation shifts, meeting this criterion.",Exclude,"The study focuses on design ideation in engineering, examining paradigm shifts through quantitative metrics, but does not address programming paradigms or software integration. While methodologically rigorous with empirical testing and multiple paradigm-related metrics, the research falls outside the systematic review's scope of programming paradigm compatibility. Consequently, the paper does not meet the core screening criteria for inclusion.",1.4,EC2,"This is primary research, but it focuses on design ideation and paradigm shifts in engineering design rather than programming paradigms. It does not investigate paradigmatic compatibility in software development.",EC2,"This is primary research, but it focuses on design ideation and paradigm shifts in engineering design rather than programming paradigms. It does not investigate paradigmatic compatibility in software development."
Comparing Reuse Mechanisms for Model Transformation Languages: Design for an Empirical Study,"D. Strüber, Anthony Anjorin",-,-,HuFaMo@MoDELS,4,2016,maybe,"The full-text accessibility of the paper cannot be determined from the abstract alone, which is a common limitation in screening.",yes,"The paper is written in English, which meets the publication language criterion.",yes,"The study design includes systematic empirical evaluation through controlled experiments, which meets the empirical evidence criterion.",maybe,"While the paper compares two different approaches, these are both within the context of model transformation languages rather than different programming paradigms. This criterion is not clearly met.",maybe,"The paper focuses on comparing two different reuse mechanisms (rule refinement and variability-based rules) in model transformation languages. While this involves different approaches, it is not explicitly about paradigmatic compatibility between programming paradigms. It is more about different implementation approaches within a specific domain.",yes,"The study includes quantitative components through controlled experiments and systematic measurements of understandability and changeability, which meets the quantitative components criterion.",maybe,"The paper proposes a study design for a controlled experiment comparing two reuse mechanisms, which is primary research. However, it is not directly focused on paradigmatic compatibility, but rather investigates different approaches to model transformation, which could be considered related to paradigm integration.",yes,"The abstract clearly indicates that the study includes empirical testing through a controlled experiment with specific tasks (comprehension, bug-finding, bug-fixing, and modification tasks), which strongly meets the validation methods criterion.",Exclude,"The study presents a rigorous experimental design comparing reuse mechanisms in model transformation languages, with strong empirical validation methods and quantitative components. While methodologically sound, the research does not directly address paradigmatic compatibility between different programming paradigms, instead focusing on implementation approaches within a specific domain. The paper demonstrates systematic investigation of software engineering techniques but falls short of fully meeting the screening criteria for paradigm integration research.",3.2,EC1,"The study presents a rigorous experimental design comparing reuse mechanisms in model transformation languages, with strong empirical validation methods and quantitative components. While methodologically sound, the research does not directly address paradigma…",EC1,"The study presents a rigorous experimental design comparing reuse mechanisms in model transformation languages, with strong empirical validation methods and quantitative components. While methodologically sound, the research does not directly address paradigma…"
An approach to integration of complex systems: the SAVI virtual integration process,"Donald T. Ward, David A. Redman, B. Lewis",10.1145/2527269.2527275,https://doi.org/10.1145/2527269.2527275,HILT '13,3,2013,maybe,"The technical nature and references to standards suggest the paper is likely an academic publication with accessible full text, though this cannot be determined from the abstract alone.",yes,"The paper is written in English, meeting the language requirement.",maybe,"The abstract suggests systematic observations about integration challenges, particularly in the context of architectural modeling, but it's not clear if there's substantial empirical data collection.",yes,The paper explicitly addresses integration between two different architectural definition languages (SysML and AADL).,maybe,"The paper focuses on formal models and quantitative metrics for integration between different architectural definition languages, which is related to but not directly about programming paradigms.",yes,"The paper clearly includes quantitative components, mentioning ""quantitative evaluation,"" ""quantitative trade studies,"" and systematic analysis methods.",maybe,"The paper appears to be primary research investigating integration approaches and compatibility between different architectural definition languages (SysML and AADL), which is related to but not directly about programming paradigms.",yes,"The paper describes systematic evaluation methods, including ""six types of consistency"" checking and quantitative analysis of system impact, as well as validation through ""Functional Hazard Assessments, Failure Modes and Effects Analyses, and Fault Tree Analyses.""",Exclude,"The study presents a comprehensive approach to system integration, focusing on architectural modeling languages and their compatibility through systematic validation methods and quantitative analysis. While addressing multiple paradigms and including empirical observations, the research primarily explores architectural definition languages rather than direct programming paradigms, creating some uncertainty about its precise alignment with the screening criteria. The work demonstrates strong methodological rigor in integration and compatibility assessment, with multiple validation techniques and quantitative trade studies.",3.5,EC1,"The study presents a comprehensive approach to system integration, focusing on architectural modeling languages and their compatibility through systematic validation methods and quantitative analysis. While addressing multiple paradigms and including empirical…",EC1,"The study presents a comprehensive approach to system integration, focusing on architectural modeling languages and their compatibility through systematic validation methods and quantitative analysis. While addressing multiple paradigms and including empirical…"
Electronic Communications of the EASST Volume 50 ( 2011 ) Recent Advances in Multi-paradigm Modeling ( MPM 2011 ) How to reach a usable DSL ? Moving toward a Systematic Evaluation,"Ankica Barišić, Vasco Amaral, M. Goulão, B. Barroca",-,-,-,26,2012,maybe,"The full-text accessibility of the paper cannot be determined from the abstract alone, but as it appears to be an academic paper, it is likely accessible through standard channels.",yes,"The paper is written in English, which meets the publication language criterion.",no,"While the paper reviews existing literature, it does not appear to present new empirical data about paradigm integration. The focus is on DSL usability evaluation.",no,The paper focuses on DSLs but does not explicitly address interactions between different programming paradigms. This criterion is not met.,no,"The paper focuses on DSL usability and evaluation, not specifically on paradigmatic compatibility or integration between programming paradigms. This is a significant miss for a core criterion.",no,The paper discusses evaluation methods but does not appear to present specific quantitative measurements or metrics related to paradigm compatibility.,yes,"The paper is a systematic literature review, which meets the study type criterion. However, it focuses on DSL usability rather than paradigmatic compatibility specifically.",maybe,"The paper discusses the need for systematic validation and proposes an evaluation process, but does not appear to conduct validation itself. It is more about proposing a methodology.",Exclude,"The systematic review focuses on Domain-Specific Language (DSL) usability evaluation methodology, which diverges significantly from the core screening criteria of paradigmatic compatibility and integration. While meeting basic language and study type requirements, the paper lacks substantive evidence of paradigm interactions, quantitative metrics, or empirical data about programming paradigm compatibility. Consequently, the abstract does not sufficiently address the key screening requirements for inclusion.",2.7,EC1,The paper focuses on DSLs but does not explicitly address interactions between different programming paradigms. This criterion is not met.,EC1,The paper focuses on DSLs but does not explicitly address interactions between different programming paradigms. This criterion is not met.
Should we simulate mental models to assess whether they agree?,"E. Lavin, P. Giabbanelli, Andrew T. Stefanik, Steven A. Gray, R. Arlinghaus",10.22360/springsim.2018.anss.012,https://doi.org/10.22360/springsim.2018.anss.012,Spring Simulation Multiconference,41,2018,maybe,"The full-text accessibility of the paper cannot be determined from the abstract alone, which is a common limitation in screening.",yes,"The paper is written in English, meeting this criterion.",maybe,"The study includes empirical data (264 participants), but again, not related to programming paradigms.",no,"While the study examines different perspectives, these are not programming paradigms as intended by the screening criteria.",no,"While the study does examine paradigm compatibility, it's in the context of mental models and policy coherence, not programming paradigms. This is a critical mismatch with the screening criteria.",yes,"The study uses quantitative methods (network centrality, simulation outcomes), meeting this criterion.",no,"The paper appears to be primary research, but it focuses on comparing mental models in policy coherence rather than programming paradigms. It does not investigate paradigmatic compatibility in the context of programming.",yes,"The study includes empirical testing with 264 participants and uses network centrality analysis, meeting this criterion.",Exclude,"The study focuses on mental models and policy coherence, fundamentally diverging from the screening criteria's emphasis on programming paradigms. Despite employing rigorous empirical methods and quantitative analysis, the research does not address paradigmatic compatibility in software development or programming contexts. Consequently, the paper fails to meet the core screening requirements for inclusion in the systematic review.",1.4,EC2,"The paper appears to be primary research, but it focuses on comparing mental models in policy coherence rather than programming paradigms. It does not investigate paradigmatic compatibility in the context of programming.",EC2,"The paper appears to be primary research, but it focuses on comparing mental models in policy coherence rather than programming paradigms. It does not investigate paradigmatic compatibility in the context of programming."
Model Driven Conformance Testing for Standardized Services,"Malik Khalfallah, Nicolas Figay, M. Barhamgi, P. Ghodous",10.1109/SCC.2014.60,https://doi.org/10.1109/SCC.2014.60,IEEE International Conference on Services Computing,11,2014,maybe,The full-text accessibility of the paper cannot be determined from the abstract alone.,yes,"The paper is written in English, meeting the language requirement.",maybe,"The paper includes empirical evidence through a case study, but not specifically about paradigm integration challenges.",no,"While the paper considers multiple dimensions, these are not programming paradigms. The focus is on service interface compliance rather than paradigm compatibility.",no,"The paper does not focus on paradigmatic compatibility. Instead, it focuses on compliance testing across multiple dimensions of service interfaces, which are not programming paradigms.",yes,"The paper includes quantitative results and systematic testing, meeting this criterion.",no,"The paper presents primary research developing a formal framework for testing compliance, but it is not specifically focused on paradigmatic compatibility. Instead, it focuses on service interface compliance testing.",yes,The paper includes empirical validation through the implementation of a prototype and testing of the framework on a case study.,Exclude,"The research paper addresses service interface compliance testing across multiple dimensions, but does not focus on paradigmatic compatibility or integration between programming paradigms. While the study includes empirical validation and quantitative components, it fails to meet the core screening criteria related to paradigm interactions and compatibility. The paper's primary focus on service interface testing diverges from the systematic review's specific requirements.",2.7,EC2,"The paper presents primary research developing a formal framework for testing compliance, but it is not specifically focused on paradigmatic compatibility. Instead, it focuses on service interface compliance testing.",EC2,"The paper presents primary research developing a formal framework for testing compliance, but it is not specifically focused on paradigmatic compatibility. Instead, it focuses on service interface compliance testing."
Electronic Communications of the EASST Volume 50 ( 2011 ) Recent Advances in Multi-paradigm Modeling ( MPM 2011 ) Semantic Adaptation using CCSL Clock Constraints,"Frédéric Boulanger, Ayman Dogui, Cécile Hardebolle, Christophe Jacquet, Dominique Marcadet, Iuliana Prodan",-,-,-,13,2012,maybe,"The full-text accessibility of the paper cannot be determined from the abstract alone, which is a common limitation in screening.",yes,"The paper is written in English, which meets the publication language criterion.",maybe,"The abstract does not clearly indicate whether empirical data or systematic observations are included, suggesting the paper may be more theoretical in nature.",yes,"The paper explicitly deals with ""different modeling paradigms"" and their interaction, which meets the multiple paradigms criterion.",yes,"The paper directly addresses paradigmatic compatibility through semantic adaptation between different modeling paradigms, using formal methods (CCSL), which meets the paradigmatic compatibility focus criterion.",maybe,"The paper uses formal methods (CCSL), which implies quantitative components, but the abstract does not explicitly mention measurements or systematic observations.",yes,"The paper appears to be primary research investigating paradigmatic compatibility, specifically focusing on semantic adaptation between different modeling paradigms, which meets the study type criterion.",maybe,"The abstract does not explicitly mention validation methods or empirical testing, so it is unclear whether the study includes such components.",Exclude,"The study addresses paradigmatic compatibility through semantic adaptation between different modeling paradigms, using formal methods like CCSL. While demonstrating strong theoretical foundations in multiple paradigm interactions, the abstract lacks clear evidence of empirical validation or systematic testing. The research appears to focus on formal modeling approaches with potential quantitative components, but definitive empirical confirmation remains uncertain.",3.9,EC1,"The study addresses paradigmatic compatibility through semantic adaptation between different modeling paradigms, using formal methods like CCSL. While demonstrating strong theoretical foundations in multiple paradigm interactions, the abstract lacks clear evid…",EC1,"The study addresses paradigmatic compatibility through semantic adaptation between different modeling paradigms, using formal methods like CCSL. While demonstrating strong theoretical foundations in multiple paradigm interactions, the abstract lacks clear evid…"
Semantic-structural assessment scheme for integrability in service-oriented applications,"A. D. Renzis, Martin Garriga, A. Flores, A. Cechich, Alejandro Zunino",10.1109/CLEI.2014.6965175,https://doi.org/10.1109/CLEI.2014.6965175,Latin American Computing Conference / Conferencia Latinoamericana En Informatica,16,2014,maybe,The full-text accessibility of the paper cannot be determined from the abstract alone.,yes,"The paper is written in English, meeting the language requirement.",yes,"The study includes systematic observations and empirical data from 465 real-life web services, meeting the empirical evidence criterion.",maybe,"The study focuses on Service-Oriented Computing and doesn't explicitly address multiple programming paradigms. While it deals with service integration, it's within a single paradigmatic framework.",maybe,"The study proposes formal models and metrics for compatibility assessment, but focuses specifically on service interface compatibility rather than broader paradigmatic compatibility. The metrics (compatibility gap and adaptability gap) are quantitative but service-specific.",yes,"The study clearly includes quantitative components through its metrics and empirical validation, meeting the quantitative components criterion.",maybe,"The paper presents primary research on service compatibility, but focuses specifically on Service-Oriented Computing rather than general paradigmatic compatibility. While related, it's not directly aligned with the core focus of paradigm integration.",yes,"The study includes empirical testing with ""different experiments with a data-set of 465 real-life Web Services"" and uses ""three metrics from the Information Retrieval field"" for validation, meeting the validation methods criterion.",Exclude,"The study presents a rigorous empirical investigation of service compatibility within Service-Oriented Computing, utilizing quantitative metrics and a substantial dataset of 465 web services. While demonstrating strong methodological rigor through systematic validation and measurement, the research focuses narrowly on service interface compatibility rather than broader paradigmatic integration. The work provides detailed insights into service compatibility assessment but does not comprehensively address multiple programming paradigms.",3.2,EC1,"The study presents a rigorous empirical investigation of service compatibility within Service-Oriented Computing, utilizing quantitative metrics and a substantial dataset of 465 web services. While demonstrating strong methodological rigor through systematic v…",EC1,"The study presents a rigorous empirical investigation of service compatibility within Service-Oriented Computing, utilizing quantitative metrics and a substantial dataset of 465 web services. While demonstrating strong methodological rigor through systematic v…"
SysML model-driven approach to verify blocks compatibility,"Hamida Bouaziz, Samir Chouali, A. Hammad, H. Mountassir",10.1504/IJCAET.2019.10018253,https://doi.org/10.1504/IJCAET.2019.10018253,International Journal of Computer Aided Engineering and Technology,4,2019,maybe,"The full-text accessibility of the paper cannot be determined from the abstract alone, which is a common limitation in screening.",yes,"The paper is written in English, which meets the publication language criterion.",no,The abstract doesn't mention any empirical data or observations about integration challenges. It describes a theoretical approach to verification.,no,"While the paper mentions ""heterogeneous components,"" it doesn't specifically address different programming paradigms. The focus is on component compatibility within a SysML framework.",maybe,"The paper focuses on component compatibility verification, but doesn't explicitly address programming paradigms. It deals with SysML diagrams and formal models, which is somewhat adjacent to but not directly focused on paradigmatic compatibility.",maybe,"The paper includes formal models and systematic verification methods, but doesn't explicitly mention quantitative measurements or metrics.",maybe,"The paper presents primary research on compatibility verification between components, which is related to paradigmatic compatibility. However, it focuses more on formal verification than paradigm integration specifically.",yes,"The paper describes a formal verification approach using interface automata and Ptolemy tool, indicating systematic evaluation methods.",Exclude,"The study presents a formal verification approach for component compatibility using SysML diagrams and interface automata, but does not directly address programming paradigm integration. While the research includes systematic verification methods, it lacks explicit empirical evidence, quantitative metrics, and a clear focus on multiple programming paradigms. The paper's primary contribution appears to be a methodological approach to component compatibility verification rather than a comprehensive exploration of paradigmatic compatibility.",2.9,EC1,"While the paper mentions ""heterogeneous components,"" it doesn't specifically address different programming paradigms. The focus is on component compatibility within a SysML framework.",EC1,"While the paper mentions ""heterogeneous components,"" it doesn't specifically address different programming paradigms. The focus is on component compatibility within a SysML framework."
Empirical Measure of Learnability: A Tool for Semantic Map Validation,A. Samsonovich,10.1016/j.procs.2015.12.223,https://doi.org/10.1016/j.procs.2015.12.223,Biologically Inspired Cognitive Architectures,2,2015,maybe,The full-text accessibility of the paper cannot be determined from the abstract alone.,yes,"The paper is written in English, meeting the language requirement.",no,"While the study includes empirical evidence, it's not related to programming paradigm integration or interoperability.",no,"The study does not address programming paradigms at all, let alone their interactions.",no,"The paper does not address programming paradigms or their compatibility. Instead, it focuses on semantic mapping and human learning of semantic relationships.",maybe,"The study has strong quantitative components (Pearson's correlation, coordinate measurements), but these are not related to programming paradigms.",no,"The paper appears to be primary research, but it focuses on semantic mapping and human learning rather than paradigmatic compatibility or software measurement, which are the core focus of the systematic review.",yes,"The study includes validation through empirical testing with human subjects and uses quantitative measures (Pearson's correlation), meeting the validation methods criterion.",Exclude,"The abstract describes a study on semantic mapping and human learning, which fundamentally diverges from the systematic review's focus on programming paradigm compatibility. Despite demonstrating rigorous methodological approaches with empirical validation and quantitative measures, the research fails to address key screening criteria related to programming paradigms, rendering it unsuitable for inclusion.",1.4,EC2,"The paper appears to be primary research, but it focuses on semantic mapping and human learning rather than paradigmatic compatibility or software measurement, which are the core focus of the systematic review.",EC2,"The paper appears to be primary research, but it focuses on semantic mapping and human learning rather than paradigmatic compatibility or software measurement, which are the core focus of the systematic review."
Combining Topological and Metric: A Natural Integration for Simultaneous Localization and Map Building,"N. Tomatis, I. Nourbakhsh, R. Siegwart",10.3929/ETHZ-A-010107259,https://doi.org/10.3929/ETHZ-A-010107259,-,27,2001,maybe,"The full-text accessibility of the paper cannot be determined from the abstract alone, which is a common limitation in screening.",yes,"The paper is written in English, which meets the publication language criterion.",yes,"The study includes empirical data from testing in a 50x25m2 environment, multiple types of experiments, and real-world implementation on a robot, which strongly meets the empirical evidence criterion.",yes,"The study explicitly focuses on integrating two paradigms (metric and topological), which meets the multiple paradigms criterion.",yes,"The paper directly addresses the integration between metric and topological paradigms, proposing a formal model for their integration, which meets the paradigmatic compatibility focus criterion.",yes,"The study includes quantitative measurements through laser scanner data, map comparisons, and efficiency evaluations, which meets the quantitative components criterion.",yes,"The paper is primary research investigating the integration between two paradigms (metric and topological), which meets the study type criterion.",yes,"The paper includes three types of experiments for validation, including map quality comparison, test missions for localization efficiency, and loop closure experiments, which strongly meets the validation methods criterion.",Exclude,"The study demonstrates strong methodological rigor through comprehensive empirical validation, quantitative measurements, and systematic integration of metric and topological paradigms in a robotics context. Multiple experimental approaches, including map comparisons, test missions, and loop closure experiments, provide robust evidence of the research's technical depth and paradigmatic integration. While the focus is on mapping techniques rather than programming paradigms, the methodological approach offers valuable insights into systematic paradigm integration.",4.3,EC1,"The study demonstrates strong methodological rigor through comprehensive empirical validation, quantitative measurements, and systematic integration of metric and topological paradigms in a robotics context. Multiple experimental approaches, including map comp…",EC1,"The study demonstrates strong methodological rigor through comprehensive empirical validation, quantitative measurements, and systematic integration of metric and topological paradigms in a robotics context. Multiple experimental approaches, including map comp…"
An overview on protocol adaptors for service component integration,"R. Pérez, H. Eshuis, P. Grefen",-,-,-,25,2008,maybe,The full-text accessibility of the paper cannot be determined from the abstract alone.,yes,"The paper is written in English, which meets the publication language criterion.",no,The abstract does not indicate any empirical data or systematic observations. It appears to be more of a theoretical overview.,no,"While the paper discusses different service components and their interactions, it does not explicitly address different programming paradigms. The focus is on service-oriented architecture rather than programming paradigms.",no,"The paper focuses on protocol compatibility between service components, which is related to but not exactly the same as paradigmatic compatibility. It's more about technical interoperability than programming paradigms.",no,The abstract does not provide any clear indication of quantitative components or measurements.,maybe,"The paper appears to be a review or overview of different approaches to service adaptation, which partially meets the study type criterion. However, it's not clear if it's a systematic review or meta-analysis.",no,"The abstract does not explicitly mention any validation methods or empirical testing. It only states that the paper ""presents an overview"" of different approaches.",Exclude,"The abstract describes a study on service-oriented architecture that primarily focuses on technical interoperability rather than programming paradigms, lacking clear empirical validation or quantitative analysis. While addressing compatibility challenges, the paper does not meet several key screening criteria related to paradigmatic integration, empirical evidence, and systematic evaluation of programming paradigms.",2.7,EC1,"While the paper discusses different service components and their interactions, it does not explicitly address different programming paradigms. The focus is on service-oriented architecture rather than programming paradigms.",EC1,"While the paper discusses different service components and their interactions, it does not explicitly address different programming paradigms. The focus is on service-oriented architecture rather than programming paradigms."
NAOMI - An Experimental Platform for Multi-modeling,"T. Denton, E. Jones, Srini Srinivasan, Ken Owens, R. Buskens",10.1007/978-3-540-87875-9_10,https://doi.org/10.1007/978-3-540-87875-9_10,ACM/IEEE International Conference on Model Driven Engineering Languages and Systems,37,2008,maybe,The full-text accessibility of the paper cannot be determined from the abstract alone.,yes,"The abstract is written in English, which meets the criterion for publication language. However, the full paper's language cannot be determined from the abstract alone.",maybe,"While the paper presents a platform for integration, the abstract does not explicitly mention empirical data or systematic observations about integration challenges. However, the platform itself could provide such evidence in the full paper.",yes,"The paper clearly addresses multiple paradigms, specifically focusing on combining different DSMLs and ""diverse modeling paradigms,"" strongly meeting this criterion.",yes,"The paper directly addresses paradigmatic compatibility by focusing on integrating multiple DSMLs and different modeling paradigms, strongly meeting this criterion.",maybe,"The abstract suggests systematic analysis of model dependencies and change propagation, but does not explicitly mention quantitative measurements or metrics.",yes,"The paper presents NAOMI, an experimental platform for model integration, which appears to be primary research investigating paradigmatic compatibility, meeting the study type criterion.",maybe,"The abstract mentions that NAOMI ""analyzes model dependencies"" and ""coordinates the propagation of necessary model changes,"" suggesting some form of validation, but the details of the validation methods or empirical testing are not explicitly stated.",Exclude,"The study presents an experimental platform for integrating multiple domain-specific modeling languages, demonstrating strong potential for addressing paradigmatic compatibility across different modeling paradigms. While the abstract suggests systematic analysis of model dependencies and change propagation, there are uncertainties regarding the depth of empirical validation and quantitative measurement components. The research appears to offer a promising approach to understanding and managing interactions between diverse modeling paradigms.",4.3,EC1,"The study presents an experimental platform for integrating multiple domain-specific modeling languages, demonstrating strong potential for addressing paradigmatic compatibility across different modeling paradigms. While the abstract suggests systematic analys…",EC1,"The study presents an experimental platform for integrating multiple domain-specific modeling languages, demonstrating strong potential for addressing paradigmatic compatibility across different modeling paradigms. While the abstract suggests systematic analys…"
"Modélisation des processus ""métier"" mis en oeuvre dans une approche EAI en vue de leur pilotage : le pilotage des applications intégrées",Lionel Blanc dit Jolicoeur,-,-,-,5,2004,maybe,"The abstract does not provide enough information to determine if the full text is accessible, though I notes that being a thesis suggests it might be available through academic channels.",yes,"The paper is written in French, which meets the criterion for publication language.",maybe,The abstract does not clearly indicate whether empirical data or systematic observations were collected.,yes,"The paper explicitly addresses integration between different viewpoints and heterogeneous applications, including business and data perspectives.",yes,"The paper focuses on formal models for integrating heterogeneous applications and different viewpoints (""metier"" and ""donnee""), which relates to paradigmatic compatibility.",maybe,"While the paper discusses formal modeling and architectural frameworks, it is not clear if it includes quantitative measurements or metrics.",yes,"The paper appears to be primary research investigating modeling frameworks for integrating heterogeneous applications, which relates to paradigmatic compatibility.",maybe,"The abstract does not explicitly mention validation methods or empirical testing, and I notes that it describes a theoretical framework but does not discuss how it was validated.",Exclude,"A French-language thesis exploring formal modeling frameworks for integrating heterogeneous applications across different business and data perspectives. The study demonstrates strong potential in addressing paradigmatic compatibility through architectural and process-oriented approaches, though empirical validation and quantitative measurement details remain unclear from the abstract. Multiple paradigm interactions are explicitly addressed, suggesting a comprehensive approach to system integration challenges.",3.5,EC1,A French-language thesis exploring formal modeling frameworks for integrating heterogeneous applications across different business and data perspectives. The study demonstrates strong potential in addressing paradigmatic compatibility through architectural and…,EC1,A French-language thesis exploring formal modeling frameworks for integrating heterogeneous applications across different business and data perspectives. The study demonstrates strong potential in addressing paradigmatic compatibility through architectural and…
Quantitative analysis of scrolling techniques,"K. Hinckley, Edward Cutrell, Steven Bathiche, Tim Muss",10.1145/503376.503389,https://doi.org/10.1145/503376.503389,International Conference on Human Factors in Computing Systems,167,2002,maybe,"The full-text accessibility of the paper cannot be determined from the abstract alone, which is a common limitation in screening.",yes,"The paper is written in English, which meets the publication language criterion.",no,"While the study includes empirical evidence, it is about scrolling interaction techniques, not about programming paradigm integration or compatibility.",no,The study does not address multiple programming paradigms. It compares different scrolling techniques (IBM ScrollPoint and IntelliMouse Wheel) but these are not programming paradigms.,no,"The study does not address paradigmatic compatibility or integration between programming paradigms. Instead, it focuses on human-computer interaction and scrolling techniques.",maybe,"The study has strong quantitative components, including experimental measurements and Fitts' Law modeling, but these are not related to programming paradigms.",no,"The study is primary research, but it focuses on evaluating scrolling interaction techniques rather than investigating paradigmatic compatibility or programming paradigms.",maybe,"The study includes strong validation methods through formal experimental design and empirical testing, but these are not related to paradigmatic compatibility.",Exclude,"The abstract describes a study on scrolling interaction techniques that does not address programming paradigms or their compatibility. Despite being a rigorous experimental study with quantitative methods, it fails to meet key screening criteria related to paradigmatic integration, empirical evidence about programming paradigms, and multiple paradigm interactions. Consequently, the paper does not align with the systematic review's core focus on paradigmatic compatibility.",1.4,EC2,"The study is primary research, but it focuses on evaluating scrolling interaction techniques rather than investigating paradigmatic compatibility or programming paradigms.",EC2,"The study is primary research, but it focuses on evaluating scrolling interaction techniques rather than investigating paradigmatic compatibility or programming paradigms."
Goal-Driven Definition of Product Metrics Based on Properties,"L. Briand, S. Morasca, V. Basili",-,-,-,21,1995,maybe,"The full-text accessibility of the paper cannot be determined from the abstract alone, which is a common limitation in screening.",yes,"The paper is written in English, which meets the publication language criterion.",no,"While the paper mentions experimental goals, it does not appear to present specific empirical data about paradigm integration. The focus is on metric definition methodology.",no,The paper does not address interactions between different programming paradigms. It focuses on software metrics definition methodology.,no,The paper does not address paradigmatic compatibility or integration between programming paradigms. It focuses on software product metrics in general.,maybe,"The paper does include quantitative components through its focus on mathematical properties of metrics, but not in relation to paradigm compatibility.",no,"The paper appears to be primary research proposing a methodology for defining product metrics, but it does not specifically focus on paradigmatic compatibility or integration.",maybe,"The abstract mentions ""experimental goals"" and ""mathematical properties"" but does not explicitly describe validation methods or empirical testing. The paper appears to be more theoretical in nature.",Exclude,"The abstract describes a methodology for software product metrics that does not address paradigmatic compatibility or integration between programming paradigms. While the paper presents a rigorous approach to metric definition, it fails to meet key screening criteria related to paradigm interactions, empirical evidence of paradigm integration, and quantitative analysis of multiple programming paradigms. Consequently, the paper does not align with the systematic review's specific research focus.",2.5,EC2,"The paper appears to be primary research proposing a methodology for defining product metrics, but it does not specifically focus on paradigmatic compatibility or integration.",EC2,"The paper appears to be primary research proposing a methodology for defining product metrics, but it does not specifically focus on paradigmatic compatibility or integration."
Complexity Theory: A New Paradigm for Software Integration,G. Hurlburt,10.1109/MITP.2012.87,https://doi.org/10.1109/MITP.2012.87,IT Professional,5,2013,maybe,The full-text accessibility cannot be determined from the abstract alone.,yes,"The abstract is written in English, so this criterion is met.",no,The abstract does not provide any clear indication of empirical data or systematic observations.,no,The abstract does not specifically address interactions between different programming paradigms.,no,The abstract does not explicitly mention paradigmatic compatibility or integration between programming paradigms. It focuses on software integration testing in general.,no,"While complexity theory is mentioned, there is no clear indication of quantitative measurements or systematic observations.",maybe,"The abstract suggests this is about software integration testing and complexity theory, but it's unclear if it's primary research or a systematic review. There is significant uncertainty about the study type.",no,The abstract does not mention any specific validation methods or empirical testing. It only discusses theoretical opportunities.,Exclude,"The abstract lacks explicit focus on paradigmatic compatibility, empirical validation, and quantitative methods related to programming paradigm integration. Critical screening criteria remain unaddressed, with no clear evidence of systematic research on paradigm interactions or measurement techniques. Consequently, the text appears insufficiently aligned with the specified research requirements.",1.4,EC1,The abstract does not specifically address interactions between different programming paradigms.,EC1,The abstract does not specifically address interactions between different programming paradigms.
Breaking incommensurability boundaries? On the production and publication of interparadigmatic research,"Y. Gendron, Luc Paugam, Hervé Stolowy",10.1108/qram-09-2022-0147,https://doi.org/10.1108/qram-09-2022-0147,Qualitative Research in Accounting &amp; Management,4,2023,maybe,"The paper is likely accessible through academic channels, as it is published in FT50 journals.",yes,"The paper is written in English, meeting the language requirement.",maybe,"The paper includes some empirical observations through case studies, but these are about research collaboration rather than programming paradigm integration.",maybe,"The paper does address multiple paradigms, but these are research paradigms rather than programming paradigms.",no,"While the paper does address paradigmatic compatibility, it focuses on research paradigms (positivist vs. interpretive) in accounting, not programming paradigms, which is a fundamental mismatch with the review's focus.",no,"The paper appears to be primarily qualitative, focusing on case analysis and personal experience, and does not mention any clear quantitative measurements.",no,"The paper is a research essay that analyzes paradigmatic compatibility, but it is focused on research paradigms in accounting rather than programming paradigms, which is a significant mismatch with the intended focus.",maybe,"The paper includes some systematic evaluation through case analysis of two articles and the authors' personal experience with three interparadigmatic studies, but these are not rigorous empirical validations.",Exclude,"The abstract describes a research essay about paradigmatic compatibility in accounting research, which fundamentally misaligns with the screening criteria focused on programming paradigms. Despite addressing multiple paradigms and including some systematic analysis, the paper lacks quantitative metrics, empirical testing of programming paradigm integration, and relevance to software measurement. Consequently, the study does not meet the essential requirements for inclusion in the systematic review.",1.4,EC2,"The paper is a research essay that analyzes paradigmatic compatibility, but it is focused on research paradigms in accounting rather than programming paradigms, which is a significant mismatch with the intended focus.",EC2,"The paper is a research essay that analyzes paradigmatic compatibility, but it is focused on research paradigms in accounting rather than programming paradigms, which is a significant mismatch with the intended focus."
"Software paradigms, assessment types and non-functional requirements in model-based integration testing: a systematic literature review","Florian Häser, M. Felderer, R. Breu",10.1145/2601248.2601257,https://doi.org/10.1145/2601248.2601257,International Conference on Evaluation & Assessment in Software Engineering,26,2014,maybe,"The full-text accessibility of the paper cannot be determined from the abstract alone, but since it appears to be a formal academic paper, it is likely accessible through academic channels.",yes,"The paper is written in English, which meets the publication language criterion.",maybe,"The paper synthesizes 83 primary studies, but it is unclear how much empirical data about paradigm integration is included. The focus seems to be on testing metrics rather than paradigm integration challenges.",maybe,"While the paper mentions ""software paradigms,"" it does not explicitly focus on interactions between different programming paradigms. The focus is more on testing approaches for component-oriented systems.",maybe,"While the paper discusses integration testing and mentions ""software paradigms"" in its objective, it does not appear to focus specifically on paradigmatic compatibility. Instead, it focuses on model-based testing approaches and their metrics.",yes,"The paper discusses metrics (static, dynamic, and stochastic/random) and includes systematic observations, meeting this criterion.",maybe,"The paper is a systematic literature review (SLR) of model-based integration testing approaches, which aligns with the criterion of being a systematic review of software measurement. However, it is not specifically focused on paradigmatic compatibility.",maybe,"The paper uses systematic review methodology following Kitchenham's guidelines, which includes systematic evaluation. However, it is reviewing others' work rather than conducting primary validation.",Exclude,"A systematic literature review on model-based integration testing that partially meets screening criteria through its methodological rigor and discussion of software paradigms. While the study includes quantitative components and systematic review methodology, it lacks a direct focus on paradigmatic compatibility, instead emphasizing testing approaches for component-oriented systems. The paper's scope and objectives diverge from the specific requirements of paradigm integration research.",2.9,EC1,"A systematic literature review on model-based integration testing that partially meets screening criteria through its methodological rigor and discussion of software paradigms. While the study includes quantitative components and systematic review methodology,…",EC1,"A systematic literature review on model-based integration testing that partially meets screening criteria through its methodological rigor and discussion of software paradigms. While the study includes quantitative components and systematic review methodology,…"
Composition de modèles pour la modélisation multi-paradigme du comportement des systèmes. (Composition of models for the multi-paradigm modeling of the behavior of systems),Cécile Hardebolle,-,-,-,9,2008,maybe,"The abstract indicates that the paper is from a thesis, which may be accessible through academic channels, but this cannot be confirmed from the abstract alone.",yes,"The paper is written in French, which meets the language criterion.",yes,"The study includes empirical components through implementation and simulation of heterogeneous models, though the extent of empirical data collection isn't fully clear from the abstract.",yes,"The study explicitly focuses on multiple paradigms, specifically addressing heterogeneous models and their integration.",yes,"The paper strongly focuses on paradigmatic compatibility, specifically addressing heterogeneous models and their integration through the ModHel'X approach.",yes,The paper includes systematic observations and quantitative components through its framework and simulation approach.,yes,"This is primary research investigating paradigmatic compatibility, specifically focusing on multi-paradigm modeling in Model-Driven Engineering.",yes,"The abstract mentions implementation and simulation, indicating empirical validation of the findings.",Include,"A comprehensive French-language thesis exploring multi-paradigm modeling in Model-Driven Engineering, demonstrating strong methodological rigor through systematic framework development, implementation, and simulation of heterogeneous model interactions. The research addresses paradigmatic compatibility by proposing a novel approach (ModHel'X) that enables quantitative analysis and integration of diverse modeling paradigms, with empirical validation through computational techniques.",4.6,IC,"Meets IC; multi-paradigm, compatibility focus, quantitative component, empirical evidence, validation method, research contribution, supported language.",IC,"Meets IC; multi-paradigm, compatibility focus, quantitative component, empirical evidence, validation method, research contribution, supported language."
"Composability, compatibility, compositionality: automatic preservation of timed properties during incremental development","J. Julliand, H. Mountassir, Emilie Oudot",-,-,-,10,2007,maybe,"The abstract includes institutional contact information and appears to be from a university research group, suggesting likely accessibility through academic channels, but this cannot be confirmed from the abstract alone.",yes,"The paper is written in both English and French, which meets the language criterion.",maybe,"While the paper includes systematic analysis, it's not clear from the abstract whether it includes empirical data or observations from real-world implementations.",yes,The paper explicitly addresses two different paradigms: CSP-like and CCS-like composition paradigms for timed systems.,yes,"The paper directly addresses paradigmatic compatibility through formal models and quantitative metrics, specifically examining how properties are preserved during component integration across different composition paradigms.",yes,"The study includes quantitative components through formal verification and analysis of timed properties, safety properties, and liveness properties.",yes,"This is primary research investigating paradigmatic compatibility, specifically focusing on the integration of timed components and their properties across different composition paradigms (CSP-like and CCS-like).",yes,"The study includes formal verification methods, specifically ""verification of timed τ-simulation relations"" and systematic evaluation of composability, compatibility, and compositionality properties.",Include,"This research explores paradigmatic compatibility through formal verification of timed components across CSP-like and CCS-like composition paradigms, utilizing systematic analysis of safety and liveness properties. The study demonstrates strong methodological rigor in examining integration challenges between different programming paradigms, with comprehensive quantitative approaches to understanding component interactions. While empirically robust, the research maintains a theoretical focus on preserving local properties during incremental system development.",4.6,IC,"Meets IC; multi-paradigm, compatibility focus, quantitative component, validation method, research contribution, supported language.",IC,"Meets IC; multi-paradigm, compatibility focus, quantitative component, validation method, research contribution, supported language."
Constructing hybrid software process simulation models,"Chao Gao, He Zhang, Shu Jiang",10.1145/2785592.2785610,https://doi.org/10.1145/2785592.2785610,International Conference on Software and Systems Process,14,2015,maybe,"The full-text accessibility of the paper cannot be determined from the abstract alone, but since it appears to be a formal research paper, it is likely accessible through academic channels.",yes,"The paper is written in English, which meets the publication language criterion.",maybe,"While the paper is a systematic review, the abstract does not explicitly mention whether it includes empirical data about integration challenges. It focuses more on mechanisms and strategies.",yes,"The paper explicitly focuses on multiple paradigms, specifically discussing hybrid simulation and the integration of multiple simulation paradigms.",yes,"The paper directly addresses paradigmatic compatibility, specifically focusing on ""compatibility, interoperatability and synchronization"" between simulation paradigms, and proposes two hybrid mechanisms (Hierarchical and Interlinked).",maybe,The abstract does not clearly indicate whether the paper includes quantitative components or measurements. It appears more focused on qualitative analysis of integration mechanisms.,yes,"The paper is a systematic literature review of hybrid simulation paradigms, which aligns with the study type criterion of being a systematic review of paradigm integration.",maybe,"The abstract does not explicitly mention validation methods or empirical testing, so it is unclear if the paper includes validation methods or empirical testing of its findings.",Exclude,"A systematic literature review exploring hybrid simulation paradigms demonstrates strong alignment with multiple screening criteria, particularly in addressing paradigmatic compatibility and multiple programming paradigms. While the study shows promise in analyzing integration mechanisms, there are uncertainties regarding empirical validation and quantitative components. The research provides a comprehensive overview of hybrid simulation strategies with potential value for understanding paradigm integration challenges.",4.3,EC1,"A systematic literature review exploring hybrid simulation paradigms demonstrates strong alignment with multiple screening criteria, particularly in addressing paradigmatic compatibility and multiple programming paradigms. While the study shows promise in anal…",EC1,"A systematic literature review exploring hybrid simulation paradigms demonstrates strong alignment with multiple screening criteria, particularly in addressing paradigmatic compatibility and multiple programming paradigms. While the study shows promise in anal…"
Electronic Communications of the EASST Volume 50 ( 2011 ) Recent Advances in Multi-paradigm Modeling ( MPM 2011 ) Model Based Engineering for the support of Models of Computation : The Cometa Approach,"Papa Issa Diallo, J. Champeau, Vincent Leildé",-,-,-,7,2013,maybe,"The technical nature and academic context of the paper suggest it is likely accessible through academic channels, though this cannot be determined from the abstract alone.",yes,"The paper is written in English, which meets the publication language criterion.",maybe,"The abstract does not explicitly mention empirical data or systematic observations, so it is unclear whether the study includes such evidence.",yes,"The paper explicitly deals with ""different modeling paradigms"" and ""different models"" in RTES, focusing on their integration and compatibility, which meets the multiple paradigms criterion.",yes,"The paper directly addresses paradigmatic compatibility by focusing on the ""interconnection of different modeling paradigms"" and ""execution semantics of different models,"" and proposes formal models for managing paradigm integration, which meets the paradigmatic compatibility focus criterion.",maybe,"While the paper discusses system properties and performance analysis, it is unclear whether it includes specific quantitative measurements or metrics.",yes,"The paper appears to be primary research investigating paradigmatic compatibility, specifically focusing on model integration and execution semantics in Real Time Embedded Systems, which meets the study type criterion.",maybe,"The abstract does not explicitly mention validation methods or empirical testing, so it is unclear whether the study includes such components.",Exclude,"The study addresses paradigmatic compatibility in Real Time Embedded Systems by proposing a formal approach to model integration, focusing on execution semantics across different modeling paradigms. While demonstrating strong theoretical foundations in multiple paradigm interactions, the research exhibits uncertainty regarding empirical validation and quantitative measurement methods. The work primarily contributes a theoretical framework for understanding and managing complexity in heterogeneous system design.",4.3,EC1,"The study addresses paradigmatic compatibility in Real Time Embedded Systems by proposing a formal approach to model integration, focusing on execution semantics across different modeling paradigms. While demonstrating strong theoretical foundations in multipl…",EC1,"The study addresses paradigmatic compatibility in Real Time Embedded Systems by proposing a formal approach to model integration, focusing on execution semantics across different modeling paradigms. While demonstrating strong theoretical foundations in multipl…"
Contributions aux approches formelles de développement de logiciels : Intégration de méthodes formelles et analyse multifacette. (Contribution to formal approaches of software engineering: formal method integration and multi-faceted analysis),J. Attiogbé,-,-,-,3,2007,maybe,"The full-text accessibility of the paper cannot be determined from the abstract alone, but I notes that being a formal research paper, it likely has accessible full text.",yes,"The paper is written in French, which meets the language criterion.",yes,"The abstract indicates empirical work through experimental validation and implementation of their framework, including model-checking and proof systems integration, providing empirical evidence.",yes,"The paper explicitly addresses multiple paradigms, discussing integration between different formal methods (LOTOS, CSP-B, Circus, B, Petri nets) and proposing a multi-paradigm algebra.",yes,"The paper strongly focuses on paradigmatic compatibility, proposing formal models and frameworks for integrating different formal methods and paradigms. It specifically addresses semantic compatibility and interoperability between different formal systems.",yes,"While not explicitly quantitative, the paper deals with formal methods and logical systems, which inherently involve systematic and formal analysis, indicating the inclusion of quantitative components.",yes,"This is primary research investigating paradigmatic compatibility and integration, specifically focusing on formal methods integration and multi-paradigm specification.",yes,"The abstract mentions experimental validation (""experimentations"") and implementation of their ideas, including a platform for testing their approach, indicating the inclusion of validation methods.",Include,"A comprehensive French-language research paper exploring formal methods integration across multiple programming paradigms, demonstrating strong empirical validation through experimental platforms and systematic analysis of semantic compatibility. The study proposes novel frameworks for multi-paradigm specification, addressing interoperability challenges through formal logical reasoning and experimental implementation across diverse software engineering methodologies.",4.9,IC,"Meets IC; multi-paradigm, compatibility focus, quantitative component, empirical evidence, validation method, research contribution, supported language.",IC,"Meets IC; multi-paradigm, compatibility focus, quantitative component, empirical evidence, validation method, research contribution, supported language."
A comparative study of model transformation approaches through a systematic procedural framework and goal question metrics paradigm,S. Rahimi,-,-,-,9,2013,maybe,"The paper appears to be a thesis, which typically has accessible full text through academic channels, though this is not explicitly confirmed in the abstract.",yes,"The paper is written in English, which meets the publication language criterion.",maybe,"The paper includes case studies and evaluation procedures, indicating empirical evidence, though the specific nature of the empirical data is not detailed.",yes,"The paper addresses multiple transformation languages and approaches (""graph theoretic to relational, hybrid and imperative""), meeting the multiple paradigms criterion.",maybe,"The paper focuses on model transformation quality and metrics, which involves compatibility between different transformation approaches and languages, though it is not explicitly about programming paradigms.",yes,"The paper includes quantitative metrics through its quality framework based on ISO/IEC 9126 and mentions evaluation procedures, meeting the quantitative components criterion.",maybe,"The paper presents primary research investigating transformation quality frameworks and metrics, which relates to paradigmatic compatibility in model-driven engineering, though it is not directly focused on paradigm integration.",yes,"The paper includes validation through ""different transformation languages using diverse case studies"" and an evaluation procedure, meeting the validation methods criterion.",Exclude,"The study presents a comprehensive framework for model transformation quality, addressing multiple transformation approaches through systematic validation and case studies. While not directly focused on programming paradigms, the research demonstrates strong methodological rigor with quantitative metrics and empirical evidence across different transformation languages. The work partially meets screening criteria by exploring compatibility and integration challenges in model-driven engineering.",4,EC1,"The study presents a comprehensive framework for model transformation quality, addressing multiple transformation approaches through systematic validation and case studies. While not directly focused on programming paradigms, the research demonstrates strong m…",EC1,"The study presents a comprehensive framework for model transformation quality, addressing multiple transformation approaches through systematic validation and case studies. While not directly focused on programming paradigms, the research demonstrates strong m…"
"Synergizing Positivistic and Aesthetic Approaches to Improve the Development of Interactive, Visual Systems Design","Michael Gibson, D. Peak, V. Prybutok",10.21606/drs.2008.46,https://doi.org/10.21606/drs.2008.46,Proceedings of DRS,9,2010,maybe,"The full-text accessibility of the paper cannot be determined from the abstract alone, and would need to be assessed during the full-text review.",yes,"The paper is written in English, meeting the language requirement.",yes,"The study includes empirical data from their experiment with 105 participants, meeting the empirical evidence criterion.",yes,"The study explicitly addresses two distinct paradigms: ""positivistic and functionally guided approaches"" vs. ""qualitatively based, aesthetically and experientially guided approaches,"" meeting the multiple paradigms criterion.",maybe,"The paper proposes a ""theoretical, pluralistic process model"" to bridge gaps between different design paradigms, but it focuses on design paradigms rather than programming paradigms specifically.",yes,"The study includes quantitative components through their experimental validation, meeting the quantitative components criterion.",maybe,"The paper presents primary research investigating paradigmatic compatibility between IT and visual interaction design approaches, which is relevant to the study type criterion, even though it does not specifically focus on programming paradigms.",yes,"The study includes empirical testing through a ""small-scale visual experiment on 105 participants"" to validate their hypothesis, meeting the validation methods criterion.",Exclude,"The study presents a rigorous investigation of paradigmatic compatibility through empirical research, featuring a systematic approach with quantitative validation across two distinct design paradigms. While demonstrating strong methodological elements including experimental testing and multiple paradigm interactions, the research focuses on design rather than programming paradigms, potentially limiting its direct relevance to the review's core objectives. The work provides a comprehensive exploration of bridging paradigmatic gaps through a pluralistic process model and experimental validation.",3.5,EC1,"The study presents a rigorous investigation of paradigmatic compatibility through empirical research, featuring a systematic approach with quantitative validation across two distinct design paradigms. While demonstrating strong methodological elements includin…",EC1,"The study presents a rigorous investigation of paradigmatic compatibility through empirical research, featuring a systematic approach with quantitative validation across two distinct design paradigms. While demonstrating strong methodological elements includin…"
A Manageable Model for Experimental Research Data: An Empirical Study in the Materials Sciences,"Susanne Putze, R. Porzel, Gian-Luca Savino, R. Malaka",10.1007/978-3-319-91563-0_26,https://doi.org/10.1007/978-3-319-91563-0_26,International Conference on Advanced Information Systems Engineering,5,2018,maybe,"The full-text accessibility of the paper cannot be determined from the abstract alone, which is a common limitation in screening.",yes,"The paper is written in English, which meets the publication language criterion.",no,"While the paper includes empirical evidence, it's about data management systems rather than programming paradigm integration.",no,The paper does not address programming paradigms or their interactions. The focus is entirely on data management in material sciences.,no,"The paper focuses on data management and modeling in material sciences, not on programming paradigm compatibility. The ""paradigm change"" mentioned is about data modeling, not programming paradigms.",maybe,"The paper appears to include systematic observations and structured data collection, but not specifically related to programming paradigms.",no,"The paper describes an empirical study of a data management system, but it does not appear to investigate paradigmatic compatibility in programming. The ""paradigm change"" mentioned refers to data modeling rather than programming paradigms.",maybe,"The abstract mentions an ""empirical study"" was performed, but the details of validation methods are not clearly specified.",Exclude,"The abstract describes a data management system for material sciences, which fundamentally diverges from the systematic review's focus on programming paradigm compatibility. Despite mentioning a ""paradigm change,"" the study addresses data modeling rather than programming paradigms, rendering it non-compliant with the core screening criteria. Consequently, the paper does not meet the essential requirements for inclusion in the systematic review.",1.4,EC2,"The paper describes an empirical study of a data management system, but it does not appear to investigate paradigmatic compatibility in programming. The ""paradigm change"" mentioned refers to data modeling rather than programming paradigms.",EC2,"The paper describes an empirical study of a data management system, but it does not appear to investigate paradigmatic compatibility in programming. The ""paradigm change"" mentioned refers to data modeling rather than programming paradigms."
Assessing and improving the quality of model transformations,V. Amstel,10.6100/IR719526,https://doi.org/10.6100/IR719526,-,59,2012,maybe,"The full text is likely accessible through academic channels, as it appears to be a thesis.",yes,"The paper is written in English, meeting the language requirement.",maybe,"The paper includes empirical evidence through studies of model transformations and their quality metrics, but this evidence is not specifically about programming paradigm integration.",maybe,"The paper addresses interactions between different modeling paradigms and languages (ASF+SDF, ATL, Xtend, and QVTO), but these are modeling paradigms rather than programming paradigms.",maybe,"The paper focuses on model transformation compatibility and quality metrics, but not specifically on programming paradigms. It deals with compatibility between different modeling languages and domains, which is adjacent to but not exactly the same as programming paradigm compatibility.",yes,"The paper has strong quantitative components, including software metrics and empirical studies to measure model transformation quality.",maybe,"The paper is primary research investigating model transformation compatibility and quality metrics, which is related to but not directly about programming paradigms.",yes,The paper includes empirical studies to validate their metrics and quality assessment approaches.,Exclude,"The study presents a comprehensive investigation of model transformation quality and metrics, utilizing empirical methods and quantitative analysis across multiple modeling languages. While demonstrating strong methodological rigor and validation techniques, the research focuses on model transformation compatibility rather than direct programming paradigm integration. The work provides insights into compatibility and transformation between different modeling domains, but does not directly address programming paradigm interactions.",2.9,EC1,"The study presents a comprehensive investigation of model transformation quality and metrics, utilizing empirical methods and quantitative analysis across multiple modeling languages. While demonstrating strong methodological rigor and validation techniques, t…",EC1,"The study presents a comprehensive investigation of model transformation quality and metrics, utilizing empirical methods and quantitative analysis across multiple modeling languages. While demonstrating strong methodological rigor and validation techniques, t…"
Electronic Communications of the EASST Volume 21 ( 2009 ) Proceedings of the 3 rd International Workshop on Multi-Paradigm Modeling ( MPM 2009 ) A practical approach to multi-modeling views composition,"Andrés Yie, R. Casallas, D. Deridder, Dennis Wagelaar",-,-,-,9,2009,maybe,"The full-text accessibility of the paper cannot be determined from the abstract alone, which is a common limitation in screening.",yes,"The paper is written in English, meeting this criterion.",no,"The abstract does not mention any empirical data or systematic observations about integration challenges, so this criterion appears unmet.",maybe,"The paper does address multiple modeling languages and their integration, but these are DSMLs rather than programming paradigms specifically, so it partially meets this criterion.",maybe,"The paper discusses compatibility between different Domain Specific Modeling Languages (DSMLs) and their transformation into a common language. While this relates to compatibility, it is more focused on model transformation than programming paradigms specifically, so it partially meets this criterion.",maybe,"The abstract suggests a systematic approach but does not explicitly mention quantitative measurements or systematic observations, so this criterion is unclear.",maybe,"The paper appears to be primary research investigating model integration and compatibility, though it focuses more on model transformation than paradigmatic compatibility specifically. It partially meets this criterion.",maybe,"The abstract mentions an ""automatic mechanism"" but does not explicitly describe validation methods or empirical testing, so this criterion is unclear from the abstract.",Exclude,"The abstract describes a model transformation approach that partially addresses paradigmatic compatibility, with a focus on Domain Specific Modeling Languages rather than programming paradigms. While the study involves multiple modeling languages and proposes an automatic mechanism for integration, it lacks clear empirical validation and quantitative components. The research touches on compatibility themes but does not fully align with the specific screening criteria for programming paradigm integration.",3.2,EC6,"The abstract suggests a systematic approach but does not explicitly mention quantitative measurements or systematic observations, so this criterion is unclear.",EC1,"The abstract describes a model transformation approach that partially addresses paradigmatic compatibility, with a focus on Domain Specific Modeling Languages rather than programming paradigms. While the study involves multiple modeling languages and proposes …"
Validating expert systems,"T. O'Leary, M. Goul, Kathleen E. Moffitt, A. Radwan",10.1109/64.54673,https://doi.org/10.1109/64.54673,IEEE Expert,114,1990,maybe,"The full-text accessibility of the paper cannot be determined from the abstract alone, but since it is from 1987, it is likely accessible through academic archives or libraries.",yes,"The paper is written in English, meeting this criterion.",no,"While the paper includes empirical evaluation of a prototype, it is not focused on paradigm integration challenges, so this criterion is not met.",no,"The paper does not address interactions between different programming paradigms. It focuses solely on expert systems validation, so this criterion is not met.",no,"The paper focuses on validation of expert systems rather than paradigmatic compatibility or integration between programming paradigms, which is a critical mismatch with the criterion.",maybe,"The abstract mentions both qualitative and quantitative methods of formal validation, partially meeting this criterion.",no,"The paper presents a formal paradigm for validation, but it is focused on expert systems rather than paradigmatic compatibility between programming paradigms, which is a significant mismatch with the criterion.",yes,"The paper does discuss validation methods and includes evaluation of a prototype (Signal Control), meeting this criterion.",Exclude,"The abstract describes an expert system validation methodology that, while methodologically rigorous, fundamentally diverges from the systematic review's focus on paradigmatic compatibility and programming paradigm integration. Despite meeting some technical screening criteria like language and validation methods, the study fails to address key requirements related to multiple programming paradigms and their interoperability. Consequently, the paper does not align with the core research objectives of the systematic review.",2.5,EC2,"The paper presents a formal paradigm for validation, but it is focused on expert systems rather than paradigmatic compatibility between programming paradigms, which is a significant mismatch with the criterion.",EC2,"The paper presents a formal paradigm for validation, but it is focused on expert systems rather than paradigmatic compatibility between programming paradigms, which is a significant mismatch with the criterion."
"A connectionist and a traditional AI quantizer, symbolic versus sub-symbolic models of rhythm perception",P. Desain,10.1080/07494469300640471,https://doi.org/10.1080/07494469300640471,-,19,1993,maybe,"The full-text accessibility of the paper cannot be determined from the abstract alone, which is a common limitation in screening.",yes,"The paper is written in English, meeting the publication language criterion.",maybe,The abstract suggests systematic observation of model behavior but does not explicitly mention empirical data collection. This criterion is partially met.,yes,The paper clearly meets this criterion as it explicitly focuses on two different paradigms (Symbolic AI and Connectionist) and their compatibility.,yes,The paper strongly meets this criterion as it directly addresses compatibility between two different paradigms (Symbolic AI and Connectionist) and proposes methods to compare and evaluate them.,maybe,"The abstract mentions ""conceptual and visual representation"" of model operation, suggesting some systematic analysis, but does not explicitly mention quantitative measurements. This criterion is partially met.",yes,"The paper appears to be primary research investigating paradigmatic compatibility between Symbolic AI and Connectionist paradigms, meeting the study type criterion.",maybe,"The abstract mentions ""developing perspectives"" and ""tools"" to compare and evaluate models, but does not explicitly describe validation methods or empirical testing. This criterion is partially met.",Exclude,"The study explores paradigmatic compatibility between Symbolic AI and Connectionist approaches, focusing on model comparison and integration in rhythm perception. While demonstrating strong alignment with multiple screening criteria, the abstract reveals partial methodological details regarding empirical validation and quantitative analysis. The research appears to systematically address interactions between different programming paradigms with a nuanced approach to model comparison.",4.3,EC1,"The study explores paradigmatic compatibility between Symbolic AI and Connectionist approaches, focusing on model comparison and integration in rhythm perception. While demonstrating strong alignment with multiple screening criteria, the abstract reveals parti…",EC1,"The study explores paradigmatic compatibility between Symbolic AI and Connectionist approaches, focusing on model comparison and integration in rhythm perception. While demonstrating strong alignment with multiple screening criteria, the abstract reveals parti…"
Towards an approach of formal verification of mediation protocol based on web services,"Mohamed Graiet, Raoudha Maraoui, Mourad Kmimech, Mohamed Tahar Bhiri, Walid Gaaloul",10.1145/1967486.1967502,https://doi.org/10.1145/1967486.1967502,International Conference on Information Integration and Web-based Applications & Services,16,2010,maybe,"The full-text accessibility of the paper cannot be determined from the abstract alone, which is a common limitation in screening.",yes,"The paper is written in English, meeting the publication language criterion.",no,"The abstract does not mention any empirical data or systematic observations, and the paper appears to be primarily theoretical/formal.",no,"While the paper addresses heterogeneities between services, it does not explicitly discuss different programming paradigms, and the focus is on service composition rather than paradigmatic integration.",maybe,"The paper addresses heterogeneities and mediation between services, which is related to paradigmatic compatibility, but focuses specifically on SOA and web services rather than general programming paradigms.",no,The paper includes formal models and specifications but does not appear to include quantitative measurements or empirical observations.,maybe,"The paper appears to be primary research investigating formal models for service composition and mediation, which relates to paradigmatic compatibility, but is specifically focused on SOA and web services rather than general programming paradigms.",maybe,"The abstract mentions formalization and specification of properties using OCL and Armani, suggesting some systematic evaluation, but does not explicitly describe validation methods or empirical testing.",Exclude,"The abstract describes a technical approach to web service composition and mediation, focusing on formal modeling within Service Oriented Architecture. While the study involves systematic formalization techniques, it lacks empirical validation, quantitative measurements, and explicit exploration of multiple programming paradigms. The research appears narrowly specialized in SOA and web services, limiting its broader applicability to paradigmatic compatibility.",2.9,EC1,"While the paper addresses heterogeneities between services, it does not explicitly discuss different programming paradigms, and the focus is on service composition rather than paradigmatic integration.",EC1,"While the paper addresses heterogeneities between services, it does not explicitly discuss different programming paradigms, and the focus is on service composition rather than paradigmatic integration."
Vers l'intégration des métarôles pour la recherche d'information collaborative,"Laure Soulier, Lynda Tamine",10.3166/dn.18.2-3.9-38,https://doi.org/10.3166/dn.18.2-3.9-38,Document Numérique,2,2015,maybe,"The full-text accessibility of the paper cannot be determined from the abstract alone, which is a common limitation in screening.",yes,"The paper is written in French, which meets the criterion of being written in English or French.",maybe,"The study includes empirical evidence through user studies, but again, this evidence is about collaborative information retrieval, not programming paradigm integration.",no,"While the paper discusses multiple paradigms, these are collaboration paradigms rather than programming paradigms.",no,"While the paper mentions ""paradigmes"" (paradigms), these refer to collaboration paradigms in information retrieval, not programming paradigms. This is a critical mismatch with the criterion.",maybe,"The study does include quantitative components through experimental validation, but not in the context of programming paradigms.",no,"The paper appears to be primary research, but it focuses on collaborative information retrieval and role-based division of labor, not paradigmatic compatibility in programming. This is a significant mismatch with the criterion.",maybe,"The paper does include validation methods, mentioning experiments with 25 and 10 pairs of users and comparing their model against individual strategies and fixed role strategies. However, these validations are not related to programming paradigms.",Exclude,"The French-language abstract describes a research study on collaborative information retrieval, which fundamentally diverges from the screening criteria focused on programming paradigm compatibility. Despite demonstrating rigorous empirical methodology and multiple experimental approaches, the paper's core subject matter does not align with the systematic review's specific requirements for programming paradigm integration.",1.4,EC2,"The paper appears to be primary research, but it focuses on collaborative information retrieval and role-based division of labor, not paradigmatic compatibility in programming. This is a significant mismatch with the criterion.",EC2,"The paper appears to be primary research, but it focuses on collaborative information retrieval and role-based division of labor, not paradigmatic compatibility in programming. This is a significant mismatch with the criterion."
Increasing the reliability of energy system scenarios with integrated modelling: a review,"T. Niet, N. Arianpoo, Kamaria Kuling, A. Wright",10.1088/1748-9326/ac5cf5,https://doi.org/10.1088/1748-9326/ac5cf5,Environmental Research Letters,12,2022,maybe,"The full-text accessibility of the paper cannot be determined from the abstract alone, but it is likely accessible through standard academic channels.",yes,"The paper is written in English, meeting this criterion.",maybe,"The study includes empirical data through expert workshops and systematic observations of modeling practices, but again, not specifically about programming paradigms.",maybe,"The paper does address multiple paradigms and their integration, but these are modeling paradigms rather than programming paradigms.",no,"The paper focuses on compatibility between different modeling paradigms (energy economy, capacity expansion, and power sector planning), but these are not programming paradigms, which is a significant mismatch with the criterion.",maybe,"The paper appears to include systematic observations and evaluation frameworks, but the abstract does not explicitly mention quantitative metrics.",maybe,"The paper is a review that examines different modeling paradigms and their integration, partially meeting this criterion, though it is not specifically about programming paradigms.",yes,"The paper includes expert Iation workshops and systematic evaluation of modeling practices, meeting this criterion.",Exclude,"The abstract describes a study on energy modeling paradigms that fundamentally differs from programming paradigm research, failing to meet key screening criteria related to software and programming integration. While methodologically rigorous, the paper's focus on energy systems modeling rather than programming paradigms renders it unsuitable for the intended review. The mismatch in subject matter and paradigm type prevents the paper from satisfying the core screening requirements.",2.5,EC1,"The paper does address multiple paradigms and their integration, but these are modeling paradigms rather than programming paradigms.",EC1,"The paper does address multiple paradigms and their integration, but these are modeling paradigms rather than programming paradigms."
Second International Workshop on Multi-Paradigm Modeling: Concepts and Tools,"J. Lara, T. Levendovszky, P. Mosterman, H. Vangheluwe",10.1007/978-3-540-69073-3_25,https://doi.org/10.1007/978-3-540-69073-3_25,ACM/IEEE International Conference on Model Driven Engineering Languages and Systems,5,2008,maybe,"The full-text accessibility of the paper cannot be determined from the abstract alone, but as a workshop paper, it is likely accessible through academic channels.",yes,"The paper is written in English, which meets the publication language criterion.",maybe,"The abstract does not indicate whether the paper includes empirical data or systematic observations, so it is unclear if such content is present.",yes,"The paper clearly addresses multiple paradigms, specifically mentioning ""Multi-Paradigm Modeling"" and different formalisms.",yes,"The paper does address paradigmatic compatibility, specifically mentioning ""combining, coupling, and integrating models at different levels of abstraction and in different formalisms.""",maybe,"The abstract does not mention any quantitative components or measurements, so it is unclear if the paper includes such elements.",maybe,"The paper appears to be a workshop summary rather than primary research or a systematic review, so it is not clear if it contains original research or systematic analysis.",maybe,"The abstract does not mention any validation methods or empirical testing, so it is unclear if the paper includes such components.",Exclude,"A workshop summary addressing multi-paradigm modeling demonstrates strong alignment with paradigmatic compatibility and multiple paradigm criteria. However, the abstract lacks clear evidence of empirical validation, quantitative components, and systematic research methodology, creating uncertainty about its comprehensive research value. The paper's focus on model integration challenges suggests potential relevance, but its workshop summary format limits definitive assessment against the screening criteria.",3.2,EC1,"A workshop summary addressing multi-paradigm modeling demonstrates strong alignment with paradigmatic compatibility and multiple paradigm criteria. However, the abstract lacks clear evidence of empirical validation, quantitative components, and systematic rese…",EC1,"A workshop summary addressing multi-paradigm modeling demonstrates strong alignment with paradigmatic compatibility and multiple paradigm criteria. However, the abstract lacks clear evidence of empirical validation, quantitative components, and systematic rese…"
Multi-paradigm modelling for cyber–physical systems: a descriptive framework,"Moussa Amrani, Dominique Blouin, Reinhart Heinrich, A. Rensink, H. Vangheluwe, A. Wortmann",10.1007/s10270-021-00876-z,https://doi.org/10.1007/s10270-021-00876-z,Journal of Software and Systems Modeling,25,2021,maybe,"The formal academic nature of the paper suggests it is likely accessible through academic channels, though this cannot be determined from the abstract alone.",yes,"The paper is written in English, meeting the language requirement.",no,"The abstract does not indicate inclusion of empirical data or systematic observations, and the paper appears more theoretical in nature, focusing on framework development.",yes,"The paper explicitly addresses multiple paradigms, including Discrete Event Dynamic Systems and Synchronous Data Flow, and discusses paradigm combinations, strongly meeting this criterion.",yes,"The paper explicitly focuses on formal models and frameworks for analyzing paradigmatic compatibility, particularly in the context of cyber-physical systems and MPM, strongly meeting this criterion.",maybe,"While the paper discusses formal structures and frameworks, it does not explicitly mention quantitative measurements or systematic observations, so this criterion is partially met at best.",maybe,"The paper proposes a ""Descriptive Framework"" for analyzing paradigmatic compatibility in Multi-Paradigm Modelling (MPM), which partially meets the requirement for primary research or systematic review.",no,"The abstract mentions ""formal analyses"" as a future goal but does not indicate current validation methods or empirical testing, so this criterion is not clearly met.",Exclude,"A theoretical framework exploring multi-paradigm modeling in cyber-physical systems, addressing paradigmatic compatibility through a descriptive approach. While demonstrating strong conceptual insights into paradigm interactions, the study lacks empirical validation and quantitative measurements. The research provides a systematic approach to understanding paradigm integration but falls short of comprehensive empirical evidence.",3.5,EC6,"While the paper discusses formal structures and frameworks, it does not explicitly mention quantitative measurements or systematic observations, so this criterion is partially met at best.",EC1,"A theoretical framework exploring multi-paradigm modeling in cyber-physical systems, addressing paradigmatic compatibility through a descriptive approach. While demonstrating strong conceptual insights into paradigm interactions, the study lacks empirical vali…"
Interfaces and binding in component based development of formal models,"G. Franceschinis, M. Gribaudo, M. Iacono, S. Marrone, Francesco Moscato, V. Vittorini",10.4108/ICST.VALUETOOLS2009.7677,https://doi.org/10.4108/ICST.VALUETOOLS2009.7677,ValueTools,31,2009,maybe,The full-text accessibility of the paper cannot be determined from the abstract alone.,yes,"The paper is written in English, meeting the language requirement.",no,The abstract does not indicate any empirical data collection or systematic observations about paradigm integration. The paper appears to be primarily theoretical.,maybe,"While the paper mentions ""multiformalism models,"" it is unclear if this refers to programming paradigms specifically. The focus appears to be on component-based modeling rather than programming paradigms.",maybe,"While the paper discusses interface compatibility and multiformalism models, it is more focused on component-based modeling than programming paradigms specifically. The compatibility discussed is at a different level than what the criteria seem to target.",maybe,"The paper seems to focus on formal models and meta-modeling, but does not explicitly mention quantitative measurements or systematic observations.",maybe,"The paper appears to be primary research focused on component-based modeling and interface compatibility, but it is not primarily focused on programming paradigms.",maybe,"The abstract mentions ""analysis tools"" but does not explicitly describe validation methods or empirical testing. The paper appears to be more focused on theoretical framework development.",Exclude,"The abstract describes a technical paper on component-based modeling that partially addresses interface compatibility and multiformalism models, but lacks clear empirical validation or direct focus on programming paradigm integration. While the study involves formal modeling and meta-modeling, it does not fully meet the screening criteria's requirements for paradigmatic compatibility research, particularly in terms of quantitative measurements and systematic observations.",2.9,EC6,"The paper seems to focus on formal models and meta-modeling, but does not explicitly mention quantitative measurements or systematic observations.",EC1,"The abstract describes a technical paper on component-based modeling that partially addresses interface compatibility and multiformalism models, but lacks clear empirical validation or direct focus on programming paradigm integration. While the study involves …"
Integration of the pathogenic exposure paradigm and the hierarchical immune system framework,J. Brownlee,-,-,-,3,2007,maybe,The full-text accessibility of the paper cannot be determined from the abstract alone.,yes,"The paper is written in English, which meets the publication language criterion.",no,The abstract does not clearly indicate empirical data collection or systematic observations about paradigm integration. The focus appears to be primarily theoretical.,no,"While the paper does address integration between different frameworks (hierarchical and flat), these are not programming paradigms as intended by the criteria.",no,"While the paper discusses integration between frameworks (hierarchical and flat), these are not programming paradigms. The focus is on immune system models, making this a poor match for the criterion.",no,The abstract does not explicitly mention quantitative measurements or systematic observations. The discussion appears to be primarily conceptual.,no,"The paper appears to be primary research proposing an integration framework, but it is focused on immune system models rather than programming paradigms, which is a significant mismatch with the intended focus.",maybe,"The abstract mentions ""demonstration"" but does not clearly indicate empirical testing or systematic evaluation methods, so this criterion is weakly met at best.",Exclude,"The abstract describes an immune system model integration framework that fundamentally diverges from programming paradigm compatibility research. Despite being in English, the study lacks empirical evidence, quantitative measurements, and direct relevance to programming paradigm interactions. Consequently, the paper fails to meet most of the systematic review's core screening criteria.",1.4,EC2,"The paper appears to be primary research proposing an integration framework, but it is focused on immune system models rather than programming paradigms, which is a significant mismatch with the intended focus.",EC2,"The paper appears to be primary research proposing an integration framework, but it is focused on immune system models rather than programming paradigms, which is a significant mismatch with the intended focus."
Automated measurement of models of requirements,"Monperrus Martin, B. Baudry, J. Champeau, B. Hoeltzener, J. Jézéquel",10.1007/s11219-011-9163-6,https://doi.org/10.1007/s11219-011-9163-6,Software quality journal,9,2011,maybe,"The full-text accessibility of the paper cannot be determined from the abstract alone, which is a common limitation in screening.",yes,"The paper is written in English, which meets the publication language criterion.",maybe,"The paper includes some empirical evidence through automated measurement and integration of 78 metrics, but this isn't focused on paradigm integration challenges.",maybe,"The paper only explicitly mentions the object-oriented paradigm, though it does integrate requirements modeling with object-oriented approaches. This is a weak match for the criterion.",no,"While the paper deals with formal models and metrics, it doesn't specifically focus on paradigmatic compatibility. Instead, it focuses on requirements metrics within an object-oriented framework.",yes,"The paper is strong on this criterion, as it includes automated measurement, 78 metrics from 11 papers, and software generation.",maybe,"The paper appears to be primary research, but it focuses on requirements metrics and metamodels rather than paradigmatic compatibility specifically. It does involve some paradigm integration (object-oriented with requirements modeling), but this isn't the main focus.",maybe,"The abstract mentions ""automated measurement approach"" and software generation, suggesting some empirical validation, though details are limited.",Exclude,"The study primarily focuses on requirements metrics within an object-oriented framework, with limited direct engagement with paradigmatic compatibility. While demonstrating quantitative rigor through automated measurement and metric integration, the research does not centrally address paradigm integration challenges or multiple programming paradigms. The paper's technical approach and empirical components are strong, but its alignment with the specific screening criteria is only partial.",2.9,EC1,"The paper only explicitly mentions the object-oriented paradigm, though it does integrate requirements modeling with object-oriented approaches. This is a weak match for the criterion.",EC1,"The paper only explicitly mentions the object-oriented paradigm, though it does integrate requirements modeling with object-oriented approaches. This is a weak match for the criterion."
Configuration management for models : generic methods for model comparison and model co-evolution,Z. Protic,10.6100/IR716407,https://doi.org/10.6100/IR716407,-,54,2011,maybe,"The paper appears to be a thesis, which typically has full-text availability through university libraries or repositories, though this is not explicitly confirmed in the abstract.",yes,"The paper is written in English, meeting the language requirement.",maybe,"The paper includes empirical evidence through experiments and tool comparisons, but these are not specifically about paradigm integration challenges.",maybe,"The paper does address two paradigms (traditional SE and MDSE), but the focus is more on the transition to MDSE rather than their compatibility or integration.",maybe,"The paper discusses the transition from traditional software engineering to MDSE, but does not specifically focus on formal models or metrics for paradigmatic compatibility. It is more focused on model configuration management and evolution.",yes,The study includes quantitative components through systematic experiments and tool comparisons.,maybe,"The paper presents primary research on model-driven software engineering (MDSE) and its integration with traditional software engineering, but it is not specifically focused on paradigmatic compatibility as defined in the criteria.",yes,"The paper includes strong validation methods, including tool development and comparison with industrial tools, systematic experiments for model comparison, and experiments for model co-evolution.",Exclude,"The research paper addresses model-driven software engineering with strong validation methods and empirical evidence, but does not directly focus on paradigmatic compatibility or integration as specified in the screening criteria. While the study includes multiple programming paradigms and quantitative components, its primary emphasis is on model configuration management and evolution rather than systematic analysis of paradigm interactions. Consequently, the paper only partially meets the defined screening requirements.",2.9,EC1,"The research paper addresses model-driven software engineering with strong validation methods and empirical evidence, but does not directly focus on paradigmatic compatibility or integration as specified in the screening criteria. While the study includes mult…",EC1,"The research paper addresses model-driven software engineering with strong validation methods and empirical evidence, but does not directly focus on paradigmatic compatibility or integration as specified in the screening criteria. While the study includes mult…"
Integrating Information Systems,"Valerie A. Martin, M. Lycett, R. Macredie",10.1007/978-0-387-35611-2_7,https://doi.org/10.1007/978-0-387-35611-2_7,Organizational Semiotics,9,2001,maybe,"The full-text accessibility of the paper cannot be determined from the abstract alone, which is a common limitation in screening.",yes,"The paper is written in English, which meets the publication language criterion.",no,The abstract doesn't indicate any empirical data collection or systematic observations. It appears to be more conceptual in nature.,yes,"The paper does address multiple paradigms, specifically mentioning ""varied and often conflicting paradigms"" in information systems integration.",maybe,"The paper does address paradigmatic compatibility, specifically focusing on integration between different information systems and their paradigms. However, it seems to focus more on semantic and organizational aspects rather than formal models or quantitative metrics.",no,There is no clear indication of quantitative components or measurements. The focus seems to be on theoretical frameworks and conceptual understanding.,maybe,"The paper appears to be a review of paradigms in information systems integration, which partially aligns with the criterion of being a systematic review of paradigm integration. However, it's not clear if it's a systematic review or a more general literature review.",no,"The abstract doesn't explicitly mention any validation methods or empirical testing. It appears to be more theoretical in nature, developing a framework rather than testing it.",Exclude,"The abstract addresses multiple paradigms and integration challenges in information systems, but lacks empirical validation, quantitative components, and clear systematic review methodology. While conceptually exploring paradigmatic compatibility through an organizational semiotics lens, the study appears more theoretical and does not meet several key screening criteria related to empirical evidence and measurement.",2.9,EC6,There is no clear indication of quantitative components or measurements. The focus seems to be on theoretical frameworks and conceptual understanding.,EC6,There is no clear indication of quantitative components or measurements. The focus seems to be on theoretical frameworks and conceptual understanding.
Evaluation of Software Product Quality Metrics,"A. Molnar, Alexandra Neamţu, S. Motogna",10.1007/978-3-030-40223-5_8,https://doi.org/10.1007/978-3-030-40223-5_8,International Conference on Evaluation of Novel Approaches to Software Engineering,8,2020,maybe,"The paper appears to be an academic publication, suggesting likely accessibility of the full text.",yes,"The paper is written in English, meeting the language requirement.",maybe,"The study includes empirical data from three complex, open-source applications over 18 years, but this evidence is not specifically about paradigm integration.",no,"While the study mentions different programming languages and platforms, it does not explicitly focus on interactions or compatibility between paradigms.",no,"The paper does not explicitly focus on paradigmatic compatibility, as it mentions ""diversity of software application types, development platforms and languages"" as a barrier rather than the research focus.",yes,"The study is heavily quantitative, focusing on software metrics and their analysis across different applications.",no,"The paper is primary research investigating software metrics and quality, but does not specifically focus on paradigmatic compatibility.",yes,"The study includes empirical testing and systematic evaluation, analyzing metric values across 18 years of development history and performing comparative evaluations.",Exclude,"The study focuses on software metrics and quality across different applications, but does not directly address paradigmatic compatibility or integration between programming paradigms. While the research includes empirical data and quantitative analysis, it lacks the specific focus on paradigm interactions required by the screening criteria. Consequently, the paper does not fully meet the systematic review's core requirements for paradigmatic compatibility research.",2.7,EC2,"The paper is primary research investigating software metrics and quality, but does not specifically focus on paradigmatic compatibility.",EC2,"The paper is primary research investigating software metrics and quality, but does not specifically focus on paradigmatic compatibility."
A Graph-Based Framework for Multiparadigmatic Visual Access to Databases,"T. Catarci, Shi-Kuo Chang, M. Costabile, S. Levialdi, G. Santucci",10.1109/69.506712,https://doi.org/10.1109/69.506712,IEEE Transactions on Knowledge and Data Engineering,62,1996,maybe,"The full-text accessibility of the paper cannot be determined from the abstract alone, which is a common limitation in screening.",yes,"The paper is written in English, meeting this criterion.",maybe,"While the paper mentions ""some results,"" it is unclear whether these constitute systematic empirical observations about integration challenges, so this criterion is uncertainly met.",yes,"The paper clearly addresses multiple paradigms, specifically mentioning ""forms, diagrams and icons"" as different visual formalisms and discussing multiparadigmatic integration, strongly meeting this criterion.",yes,"The paper strongly meets this criterion, proposing formal models for integrating different interaction paradigms and visual representations, and specifically mentioning a ""graph model"" as a common underlying formalism for integration.",maybe,"The paper includes formal definitions and systematic approaches, but it is not entirely clear if it includes quantitative measurements. The mention of ""graphical primitives"" suggests some quantitative elements, partially meeting this criterion.",yes,"The paper appears to be primary research investigating paradigmatic compatibility, specifically focusing on multiparadigmatic visual access integration, meeting this criterion.",maybe,"The abstract mentions ""some results on user model construction"" but does not explicitly detail validation methods or empirical testing, so this criterion is partially met with uncertainty.",Exclude,"A multiparadigmatic research approach exploring visual access integration across different interaction paradigms, with a strong focus on formal modeling and paradigmatic compatibility. The study demonstrates systematic exploration of multiple visual representations and interaction modalities, utilizing a graph model as a common underlying formalism. While showing promise in addressing paradigmatic integration, the research exhibits some uncertainty regarding comprehensive empirical validation and quantitative measurement.",4.3,EC1,"A multiparadigmatic research approach exploring visual access integration across different interaction paradigms, with a strong focus on formal modeling and paradigmatic compatibility. The study demonstrates systematic exploration of multiple visual representa…",EC1,"A multiparadigmatic research approach exploring visual access integration across different interaction paradigms, with a strong focus on formal modeling and paradigmatic compatibility. The study demonstrates systematic exploration of multiple visual representa…"
A framework for understanding the integration of design methodologies,Xiping Song,10.1145/225907.225913,https://doi.org/10.1145/225907.225913,SOEN,21,1995,maybe,"The full-text accessibility of the paper cannot be determined from the abstract alone, which is a common limitation in screening.",yes,"The paper is written in English, which meets the publication language criterion.",maybe,"The abstract does not clearly indicate whether empirical data or systematic observations are included, as it only mentions that ""users often fail"" without specifying if this is based on empirical study.",yes,"The paper explicitly focuses on ""integrating major design paradigms"" and multiple SDMs, meeting the multiple paradigms criterion.",yes,"The paper directly addresses paradigm integration and proposes a framework for understanding SDM integrations, meeting the paradigmatic compatibility focus criterion.",maybe,"The abstract does not mention any quantitative components or measurements, and the paper appears to be more conceptual in nature.",yes,"The paper appears to be primary research proposing a framework for understanding paradigm integration, which aligns with the study type criterion.",maybe,"The abstract does not explicitly mention validation methods or empirical testing, so it is unclear if the study includes such components.",Exclude,"A framework for software design methodology integration is proposed, addressing multiple programming paradigms with a conceptual approach. While the study demonstrates strong potential in exploring paradigmatic compatibility, significant uncertainties exist regarding empirical validation, quantitative measurements, and systematic evidence. The research appears promising but lacks clear demonstration of rigorous testing or measurement methodologies.",3.5,EC1,"A framework for software design methodology integration is proposed, addressing multiple programming paradigms with a conceptual approach. While the study demonstrates strong potential in exploring paradigmatic compatibility, significant uncertainties exist re…",EC1,"A framework for software design methodology integration is proposed, addressing multiple programming paradigms with a conceptual approach. While the study demonstrates strong potential in exploring paradigmatic compatibility, significant uncertainties exist re…"
Integration of maintenance in the enterprise: Towards an enterprise modelling-based framework compliant with proactive maintenance strategy,"J. Léger, G. Morel",10.1080/09537280150501275,https://doi.org/10.1080/09537280150501275,-,62,2001,maybe,"The abstract mentions the paper is from a PhD thesis and related to an ESPRIT project, suggesting potential accessibility, but this is not certain from the abstract alone.",yes,"The paper is written in English, which meets the publication language criterion.",maybe,"The paper includes some empirical evidence from hydropower plant applications, but not related to programming paradigm integration.",no,"While the paper discusses integration, it is not about programming paradigms. The integration discussed is between different levels of enterprise systems and maintenance processes, so it does not meet the multiple paradigms criterion.",no,"While the paper discusses integration, it is focused on enterprise modeling and maintenance systems rather than programming paradigms. The ""systemic paradigm"" mentioned refers to a different context, so it does not meet the paradigmatic compatibility focus criterion.",maybe,"The paper appears to include formal frameworks and modeling, but these are not specifically focused on programming paradigm metrics.",no,"The paper focuses on enterprise modeling and maintenance systems, not on paradigmatic compatibility or software measurement, so it does not meet the study type criterion.",yes,"The paper mentions application to two hydropower plants and practical implementation through the PREDICT company, indicating some empirical validation.",Exclude,"The abstract describes an enterprise modeling framework for maintenance systems, which fundamentally diverges from the screening criteria focused on programming paradigm compatibility. Despite being in English and showing some empirical validation, the paper fails to address key requirements related to programming paradigms, integration challenges, or quantitative metrics across different programming approaches. Consequently, the study does not meet the essential screening criteria for the intended research review.",1.4,EC2,"The paper focuses on enterprise modeling and maintenance systems, not on paradigmatic compatibility or software measurement, so it does not meet the study type criterion.",EC2,"The paper focuses on enterprise modeling and maintenance systems, not on paradigmatic compatibility or software measurement, so it does not meet the study type criterion."
Formalisation of Mediation Protocol for Web Services Composition with ACME/ARMANI ADL,"Raoudha Maraoui, Mohamed Graiet, Mourad Kmimech, Mohamed Tahar Bhiri, B. Ayeb",-,-,-,3,2010,maybe,"The abstract does not provide enough information to determine the full-text accessibility of the paper, but the formal academic nature suggests it is likely accessible through academic channels.",yes,"The paper is written in English, which meets the publication language criterion.",no,"The abstract does not mention any empirical data or systematic observations, and the approach appears to be primarily theoretical and formal, not meeting the empirical evidence criterion.",yes,"The paper addresses heterogeneities between different web services and their composition, which implies interaction between different paradigms, meeting the multiple paradigms criterion.",yes,"The paper focuses on formal models and quantitative approaches to address heterogeneities in service composition, which is directly related to paradigmatic compatibility, meeting the paradigmatic compatibility focus criterion.",maybe,"While the paper includes formal and systematic components (OCL, Armani), it is unclear if these translate to quantitative measurements or metrics, partially meeting the quantitative components criterion.",yes,"The paper is primary research investigating formal models for service composition and mediation, which relates to paradigmatic compatibility in software systems, meeting the study type criterion.",maybe,"The abstract mentions formalization and specification of properties using OCL and Armani, suggesting some systematic evaluation, but does not explicitly describe validation methods or empirical testing, partially meeting the validation methods criterion.",Exclude,"The study addresses service composition and mediation through formal methods, demonstrating strong alignment with paradigmatic compatibility and multiple programming paradigms. While the research provides a systematic approach using ADL and OCL, it lacks explicit empirical validation and quantitative measurements. The work focuses on theoretical modeling of web service interactions, offering a structured approach to addressing heterogeneities in software systems.",3.5,EC6,"While the paper includes formal and systematic components (OCL, Armani), it is unclear if these translate to quantitative measurements or metrics, partially meeting the quantitative components criterion.",EC1,"The study addresses service composition and mediation through formal methods, demonstrating strong alignment with paradigmatic compatibility and multiple programming paradigms. While the research provides a systematic approach using ADL and OCL, it lacks expli…"
On marrying ontological and metamodeling technical spaces,"Fernando Silva Parreiras, Steffen Staab, A. Winter",10.1145/1295014.1295017,https://doi.org/10.1145/1295014.1295017,ESEC-FSE companion '07,61,2007,maybe,"The full-text accessibility of the paper cannot be determined from the abstract alone, which is a common limitation in screening.",yes,"The paper is written in English, meeting the publication language criterion.",no,"The abstract suggests the paper is primarily a theoretical analysis rather than an empirical study, indicating it may not meet the empirical evidence criterion.",yes,The paper clearly meets the multiple paradigms criterion as it explicitly addresses the integration between multiple paradigms (metamodeling and ontology approaches).,yes,"The paper strongly meets the paradigmatic compatibility focus criterion as it directly addresses the integration and compatibility between metamodeling and ontology paradigms, including formal models.",no,"The abstract does not indicate any quantitative measurements or systematic observations, suggesting the paper may lack quantitative components.",yes,"The paper appears to be a primary research study investigating paradigmatic compatibility between metamodeling and ontology approaches, meeting the study type criterion.",maybe,"The abstract does not explicitly mention validation methods or empirical testing, suggesting the paper may lack these components.",Exclude,"The study explores paradigmatic compatibility between metamodeling and ontology approaches, demonstrating strong theoretical insights into technical space integration. While meeting key criteria around multiple paradigms and compatibility focus, the research lacks empirical validation and quantitative components, which limits its comprehensive assessment of paradigm integration.",3.5,EC6,"The abstract does not indicate any quantitative measurements or systematic observations, suggesting the paper may lack quantitative components.",EC6,"The abstract does not indicate any quantitative measurements or systematic observations, suggesting the paper may lack quantitative components."
Electronic Communications of the EASST Volume 50 ( 2011 ) Recent Advances in Multi-paradigm Modeling ( MPM 2011 ) Reusing Model Transformations across Heterogeneous Metamodels,"M. Wimmer, A. Kusel, W. Retschitzegger, J. Schönböck, W. Schwinger, J. Cuadrado, E. Guerra, J. Lara",-,-,-,20,2012,maybe,The full-text accessibility of the paper cannot be determined from the abstract alone.,yes,"The paper is written in English, meeting the language requirement.",maybe,"While the paper discusses structural heterogeneities and their resolution, it's not explicitly clear if empirical data is presented. The focus seems more methodological.",yes,"The paper explicitly addresses ""multi-paradigm modeling"" and deals with different metamodels, meeting this criterion.",yes,"The paper directly addresses paradigmatic compatibility through model transformations and metamodel integration, strongly meeting this criterion.",maybe,"The paper appears to be primarily methodological, with systematic analysis of heterogeneities, but quantitative measurements are not explicitly mentioned.",yes,"The paper appears to be primary research investigating paradigmatic compatibility through model transformations, meeting the study type criterion.",maybe,"The paper mentions ""systematic classification"" and automated resolution support, suggesting some systematic evaluation, though specific validation methods are not explicitly detailed.",Exclude,"The study addresses multi-paradigm modeling through systematic model transformation techniques, demonstrating strong alignment with paradigmatic compatibility research. While the paper shows methodological rigor in addressing metamodel integration, there are some uncertainties regarding empirical validation and quantitative measurement components. The research focuses on resolving structural heterogeneities between different programming paradigms through a flexible binding mechanism.",4.3,EC1,"The study addresses multi-paradigm modeling through systematic model transformation techniques, demonstrating strong alignment with paradigmatic compatibility research. While the paper shows methodological rigor in addressing metamodel integration, there are s…",EC1,"The study addresses multi-paradigm modeling through systematic model transformation techniques, demonstrating strong alignment with paradigmatic compatibility research. While the paper shows methodological rigor in addressing metamodel integration, there are s…"
Automatic Generation of Trace Links in Model-driven Software Development,Birgit Grammel,-,-,-,4,2013,maybe,"The full-text accessibility cannot be determined from the abstract alone, but the paper is likely accessible through academic channels since it appears to be a formal research paper.",yes,"The paper is written in English, meeting the language requirement.",maybe,"The paper includes empirical evidence through evaluation of transformations, but this evidence is not specifically about paradigm integration challenges.",no,"While the paper deals with different modeling languages and transformations, it doesn't explicitly address interactions between different programming paradigms.",no,"The paper does not explicitly focus on paradigmatic compatibility. While it deals with model transformations and integration, it's primarily about traceability mechanisms rather than paradigm compatibility.",yes,The paper includes quantitative components through similarity measures and model matching techniques.,no,"The paper presents primary research on model-driven software engineering and traceability, but does not specifically focus on paradigmatic compatibility. While it deals with model transformations and integration, it's more focused on traceability mechanisms.",yes,"The paper includes empirical validation through evaluation ""according to a set of transformations from an SAP business application and the domain of MDSD.""",Exclude,"The research paper focuses on traceability mechanisms in model-driven software engineering, presenting primary research with empirical validation, but does not directly address paradigmatic compatibility or interactions between programming paradigms. While the study includes quantitative components and systematic evaluation, its core emphasis on traceability data and model transformations diverges from the specific screening criteria related to paradigm integration. Consequently, the paper only partially meets the required screening elements.",2.9,EC2,"The paper presents primary research on model-driven software engineering and traceability, but does not specifically focus on paradigmatic compatibility. While it deals with model transformations and integration, it's more focused on traceability mechanisms.",EC2,"The paper presents primary research on model-driven software engineering and traceability, but does not specifically focus on paradigmatic compatibility. While it deals with model transformations and integration, it's more focused on traceability mechanisms."
Ugatze : métamodélisation pour la réutilisation de composants hétérogènes distribués,F. Séller,-,-,-,5,2004,maybe,"The full-text accessibility cannot be determined from the abstract alone, though being a thesis suggests it might be available through academic channels.",yes,"The paper is written in French, which meets the language criterion.",yes,The study includes empirical evidence through the ASIMIL project implementation and validation through a software engineering tool.,yes,"The paper explicitly addresses interoperability between heterogeneous components and different viewpoints, indicating multiple paradigms are considered.",yes,The paper explicitly focuses on interoperability between heterogeneous components and proposes formal models (meta-models) for integration.,yes,"The paper includes quantitative components through its meta-modeling approach, verification rules, and systematic transformation process.",yes,"This appears to be primary research investigating paradigmatic compatibility, specifically focusing on component-based modeling and interoperability between heterogeneous components.",yes,"The abstract mentions validation through a software engineering tool and includes a concrete example from the ASIMIL European project, indicating empirical validation.",Include,"A French-language thesis exploring paradigmatic compatibility through meta-modeling and interoperability techniques, demonstrating strong empirical validation and quantitative approaches to integrating heterogeneous software components. The research systematically addresses multiple programming paradigms, provides concrete implementation evidence, and offers a comprehensive framework for understanding and managing cross-paradigm interactions.",4.6,IC,"Meets IC; multi-paradigm, compatibility focus, quantitative component, empirical evidence, validation method, research contribution, supported language.",IC,"Meets IC; multi-paradigm, compatibility focus, quantitative component, empirical evidence, validation method, research contribution, supported language."
Practical Automated Partial Verification of Multi-paradigm Real-Time Models,"Carlo A. Furia, Matteo Pradella, M. Rossi",10.1007/978-3-540-88194-0_19,https://doi.org/10.1007/978-3-540-88194-0_19,IEEE International Conference on Formal Engineering Methods,3,2008,maybe,"The full-text accessibility of the paper cannot be determined from the abstract alone, which is a common limitation in screening.",yes,"The paper is written in English, meeting the publication language criterion.",yes,The study includes empirical testing through verification tests on a communication protocol example.,yes,"The study explicitly addresses multiple paradigms, specifically the integration of operational (automata-based) and descriptive (logic-based) formalisms.",maybe,"The paper explicitly addresses compatibility between different formalisms (operational/descriptive, dense/discrete), though these are formal modeling paradigms rather than programming paradigms specifically.",yes,The study includes quantitative components through formal verification and performance measurements.,maybe,"The paper presents primary research investigating formal models for integration between different formalisms (operational and descriptive), which is related to paradigmatic compatibility, though not explicitly about programming paradigms.",yes,"The study includes validation through ""verification tests"" and ""bounded validity checker"" with ""consistent results and interesting performances.""",Exclude,"The study presents a rigorous investigation of formal modeling paradigms, demonstrating strong empirical validation through verification tests and addressing multiple paradigmatic integration challenges. While primarily focused on formal modeling rather than programming paradigms, the research exhibits robust quantitative components, systematic evaluation methods, and clear evidence of multi-paradigm compatibility. The work provides a nuanced exploration of paradigmatic integration through a communication protocol example, with consistent results and performance measurements.",4.3,EC1,"The study presents a rigorous investigation of formal modeling paradigms, demonstrating strong empirical validation through verification tests and addressing multiple paradigmatic integration challenges. While primarily focused on formal modeling rather than p…",EC1,"The study presents a rigorous investigation of formal modeling paradigms, demonstrating strong empirical validation through verification tests and addressing multiple paradigmatic integration challenges. While primarily focused on formal modeling rather than p…"
A measure for module cohesion,Jagadeesh Nandigam,-,-,-,11,1995,maybe,"The paper appears to be a dissertation, which typically has accessible full text through academic channels, but this is not explicitly confirmed in the abstract.",yes,"The paper is written in English, meeting this criterion.",maybe,"While the study includes strong empirical evidence, it's not about paradigm integration or compatibility. The evidence relates to module cohesion measurement.",no,The study does not address interactions between different programming paradigms. It focuses on C programming only.,no,The paper does not focus on paradigmatic compatibility or integration between programming paradigms. It focuses on measuring module cohesion within a single paradigm (C programming).,yes,"The study includes strong quantitative components, such as algorithmic computation of cohesion, statistical analysis, quantitative measurements, and systematic observations.",no,"The paper presents primary research investigating software measurement (module cohesion), but does not specifically address paradigmatic compatibility. It focuses on measuring cohesion within modules.",yes,"The study includes extensive validation through experimental design, statistical analysis (binomial test, ANOVA, correlation tests), two different validation paradigms (comprehension and production), and empirical testing with human subjects.",Exclude,"The dissertation presents a rigorous study on module cohesion measurement with strong empirical validation, but fails to address paradigmatic compatibility or interactions between programming paradigms. While demonstrating robust quantitative methods and experimental design, the research does not meet key screening criteria related to multiple programming paradigms or paradigm integration. Consequently, the study does not align with the systematic review's specific focus on paradigmatic compatibility.",2.5,EC2,"The paper presents primary research investigating software measurement (module cohesion), but does not specifically address paradigmatic compatibility. It focuses on measuring cohesion within modules.",EC2,"The paper presents primary research investigating software measurement (module cohesion), but does not specifically address paradigmatic compatibility. It focuses on measuring cohesion within modules."
Enterprise Inter- and Intra-Organizational Integration: Building International Consensus,"K. Kosanke, Roland Jochem, J. G. Nell, Á. O. Bas",-,-,-,7,2013,maybe,"The abstract indicates this is conference proceedings (ICEIMT'02), which suggests it should be accessible through academic channels, but this isn't explicitly confirmed.",yes,"The paper is written in English, which meets the publication language criterion.",no,The abstract doesn't indicate any empirical data or systematic observations. It appears to be more of an overview of workshop discussions and potential research areas.,maybe,"While the paper discusses integration and interoperability, it's focused on business processes and organizational paradigms rather than programming paradigms specifically.",maybe,"While the paper discusses integration and interoperability, it focuses on business processes and organizational paradigms rather than programming paradigms specifically. The mention of ontologies and agent technologies suggests some technical content, but it's not clearly focused on programming paradigm compatibility.",no,No quantitative components or measurements are mentioned in the abstract. The content appears to be primarily descriptive and theoretical.,no,This appears to be a conference proceedings overview rather than primary research or a systematic review of paradigm integration. It describes an initiative and its workshops but doesn't present specific research.,no,The abstract doesn't mention any validation methods or empirical testing. It focuses on describing the initiative and its topics rather than presenting validated findings.,Exclude,"The conference proceedings overview fails to meet most screening criteria, particularly those related to programming paradigm compatibility, empirical research, and quantitative analysis. While written in English and potentially accessible, the document lacks validation methods, empirical evidence, and specific focus on programming paradigms, rendering it unsuitable for the intended research scope.",2.5,EC2,This appears to be a conference proceedings overview rather than primary research or a systematic review of paradigm integration. It describes an initiative and its workshops but doesn't present specific research.,EC2,This appears to be a conference proceedings overview rather than primary research or a systematic review of paradigm integration. It describes an initiative and its workshops but doesn't present specific research.
Multi-Paradigm Process Management,"M. Muehlen, M. Rosemann",-,-,CAiSE Workshops,44,2004,maybe,The full-text accessibility of the paper cannot be determined from the abstract alone.,yes,"The paper is written in English, meeting the language requirement.",no,The abstract does not indicate any empirical data collection or systematic observations. It appears to be primarily methodological.,maybe,"The paper does address multiple paradigms, but these are business process modeling paradigms rather than programming paradigms.",no,"While the paper does address paradigm integration, it focuses on business process modeling paradigms rather than programming paradigms, which is a significant mismatch with the intended focus.",no,The abstract does not mention any quantitative measurements or systematic observations. It appears to be more focused on qualitative methodology.,maybe,"The paper appears to be primary research proposing a methodology (MPM) for process management integration, but it is not clearly focused on paradigmatic compatibility in programming paradigms, and instead focuses on business process modeling paradigms.",no,"The abstract does not explicitly mention any validation methods or empirical testing. It describes a ""structured methodology"" but does not indicate how it was validated.",Exclude,"The abstract describes a methodology for business process management integration, but diverges significantly from the screening criteria's focus on programming paradigms. While addressing multiple paradigms, the study lacks empirical validation, quantitative components, and direct relevance to programming paradigm compatibility. Consequently, the paper does not meet the core requirements for systematic review inclusion.",2.7,EC1,"The paper does address multiple paradigms, but these are business process modeling paradigms rather than programming paradigms.",EC1,"The paper does address multiple paradigms, but these are business process modeling paradigms rather than programming paradigms."
Functional Programming Paradigm of Python for Scientific Computation Pipeline Integration,"Chen Zhang, L. Jia, Wei Zhang, Ning Wen",10.48550/arXiv.2405.16956,https://doi.org/10.48550/arXiv.2405.16956,arXiv.org,0,2024,maybe,"The full-text accessibility of the paper cannot be determined from the abstract alone, which is a common limitation in screening.",yes,"The paper is written in English, which meets the publication language criterion.",maybe,"The abstract doesn't explicitly mention empirical data or systematic observations, and while it discusses practical applications, it's unclear if these are systematically studied.",yes,"The paper clearly addresses multiple paradigms, specifically functional programming and Python architecture, meeting the multiple paradigms criterion.",yes,"The paper clearly focuses on paradigmatic compatibility, specifically the integration of functional programming with Python architecture and different data mapping operations, which strongly meets the paradigmatic compatibility focus criterion.",maybe,"The abstract mentions ""optimising algorithm performance"" but doesn't clearly indicate whether quantitative measurements or systematic observations are included.",yes,"The paper appears to be primary research investigating paradigmatic compatibility, specifically focusing on functional programming integration with Python architecture, which meets the study type criterion.",maybe,"The abstract does not explicitly mention validation methods or empirical testing, and while it discusses ""prototype verification,"" it's unclear if this involves systematic evaluation.",Exclude,"The study demonstrates strong alignment with paradigmatic compatibility research by addressing functional programming integration with Python architecture across multiple programming paradigms. While the abstract clearly presents a novel approach to data processing integration, significant uncertainties exist regarding empirical validation, quantitative measurement, and systematic evaluation methods. The research appears promising but lacks explicit confirmation of rigorous methodological approaches.",3.9,EC1,The study demonstrates strong alignment with paradigmatic compatibility research by addressing functional programming integration with Python architecture across multiple programming paradigms. While the abstract clearly presents a novel approach to data proce…,EC1,The study demonstrates strong alignment with paradigmatic compatibility research by addressing functional programming integration with Python architecture across multiple programming paradigms. While the abstract clearly presents a novel approach to data proce…
Assessing continuity and compatibility in augmented reality systems,"E. Dubois, L. Nigay, J. Troccaz",10.1007/s10209-002-0024-8,https://doi.org/10.1007/s10209-002-0024-8,Universal Access in the Information Society,37,2002,maybe,"The full-text accessibility of the paper cannot be determined from the abstract alone, which is a common limitation in screening.",yes,"The paper is written in English, meeting the publication language criterion.",maybe,"The paper includes empirical study of integration challenges, but again, not in the context of programming paradigms.",no,"The paper discusses integration between computer-based information and real-world environments, but not between programming paradigms specifically.",no,"While the paper discusses compatibility, it is focused on AR system integration with real-world environments, not programming paradigms, which is a critical mismatch with the screening criteria.",maybe,"The paper mentions analytical methods and empirical study, suggesting quantitative components, but not in the intended domain of programming paradigms.",no,"The paper appears to be primary research investigating compatibility, but it focuses on AR system integration rather than programming paradigms specifically, which is a significant mismatch with the intended focus.",yes,"The paper mentions ""empirically study"" and provides an analytical method for assessment, meeting the validation methods criterion.",Exclude,"The abstract describes an Augmented Reality system study that fundamentally differs from the screening criteria's focus on programming paradigm compatibility. While methodologically rigorous with empirical validation, the research addresses AR system integration with real-world environments rather than interactions between programming paradigms. Consequently, the paper does not meet the core screening requirements despite sharing some methodological similarities.",2.7,EC2,"The paper appears to be primary research investigating compatibility, but it focuses on AR system integration rather than programming paradigms specifically, which is a significant mismatch with the intended focus.",EC2,"The paper appears to be primary research investigating compatibility, but it focuses on AR system integration rather than programming paradigms specifically, which is a significant mismatch with the intended focus."
METRIC: METamorphic Relation Identification based on the Category-choice framework,"T. Chen, P. Poon, Xiaoyuan Xie",10.1016/j.jss.2015.07.037,https://doi.org/10.1016/j.jss.2015.07.037,Journal of Systems and Software,69,2016,maybe,"The full-text accessibility of the paper cannot be determined from the abstract alone, which is a common limitation in screening.",yes,"The paper is written in English, meeting the publication language criterion.",maybe,"The paper includes empirical evidence through experimental validation, but not specifically about paradigm integration challenges.",maybe,"While the paper mentions working with ""various application domains and paradigms,"" it is not clear if it specifically addresses interactions between different programming paradigms.",no,"While the paper mentions ""various application domains and paradigms,"" it does not appear to focus specifically on paradigmatic compatibility or integration. The focus is on metamorphic testing methodology.",yes,The study includes quantitative components through experimental evaluation and systematic methodology.,maybe,"The paper presents primary research on a testing methodology (METRIC) and includes experimental validation, but it is not specifically focused on paradigmatic compatibility, though it mentions ""various application domains and paradigms.""",yes,"The paper includes empirical testing through an experiment to validate their methodology, meeting the validation methods criterion.",Exclude,"The abstract describes a methodology for metamorphic testing that includes experimental validation, but does not directly address paradigmatic compatibility or integration between programming paradigms. While the study demonstrates empirical research with quantitative components, its primary focus on testing methodology diverges from the specific screening criteria related to paradigm interactions. Consequently, the paper only partially meets the required screening parameters.",2.9,EC1,"While the paper mentions working with ""various application domains and paradigms,"" it is not clear if it specifically addresses interactions between different programming paradigms.",EC1,"While the paper mentions working with ""various application domains and paradigms,"" it is not clear if it specifically addresses interactions between different programming paradigms."
Towards a software maintenance methodology using Semantic Web techniques and paradigmatic documentation modelling,"David Hyland-Wood, David Carrington, S. Kaplan",10.1049/iet-sen:20070092,https://doi.org/10.1049/iet-sen:20070092,IET Software,9,2008,maybe,"The full-text accessibility of the paper cannot be determined from the abstract alone, which is a common limitation in screening.",yes,"The paper is written in English, which meets the publication language criterion.",no,The abstract does not indicate any empirical data collection or systematic observations about paradigm integration. It describes a proposed methodology but does not mention empirical validation.,no,"While the paper mentions ""language-neutral"" approaches, it does not explicitly address interactions between different programming paradigms. The focus is on software maintenance and metadata rather than paradigm compatibility.",no,"While the paper mentions ""Kuhn's paradigms,"" it appears to use this concept metaphorically for software system description rather than focusing on programming paradigm compatibility. The focus is on metadata and maintenance rather than paradigm integration.",maybe,"The paper mentions metrics and measurements, but these appear to be about software maintenance rather than paradigm compatibility. The quantitative aspects are present but not focused on the target domain.",maybe,"The paper appears to be primary research proposing a methodology for paradigmatic description of software, but it is not clearly focused on paradigmatic compatibility between programming paradigms, and instead focuses on software maintenance and metadata.",no,The abstract does not explicitly mention any validation methods or empirical testing. It describes a proposed methodology but does not indicate how it was validated.,Exclude,"The research proposal focuses on software maintenance methodology using metadata and Semantic Web techniques, but does not directly address paradigmatic compatibility between programming paradigms. While the study includes quantitative components and discusses software system descriptions, it lacks explicit empirical validation and does not systematically explore interactions between different programming paradigms. The paper's approach is more aligned with software maintenance strategies than the specific screening criteria related to paradigm integration.",2.7,EC1,"While the paper mentions ""language-neutral"" approaches, it does not explicitly address interactions between different programming paradigms. The focus is on software maintenance and metadata rather than paradigm compatibility.",EC1,"While the paper mentions ""language-neutral"" approaches, it does not explicitly address interactions between different programming paradigms. The focus is on software maintenance and metadata rather than paradigm compatibility."
Manual Corpus Annotation: Giving Meaning to the Evaluation Metrics,"Yann Mathet, Antoine Widlöcher, Karën Fort, Claire François, Olivier Galibert, Cyril Grouin, Juliette Kahn, S. Rosset, Pierre Zweigenbaum",-,-,International Conference on Computational Linguistics,26,2012,maybe,"The full-text accessibility of the paper cannot be determined from the abstract alone, which is a common limitation in screening.",yes,"The paper is written in English, which meets the publication language criterion.",no,"The paper includes empirical evidence, but it's about annotation agreement rather than programming paradigm integration.",no,"The paper does not address interactions between programming paradigms. The ""paradigms"" mentioned are related to annotation errors.",no,"The paper does not address paradigmatic compatibility or integration between programming paradigms. While it mentions ""error paradigms,"" this refers to annotation error patterns, not programming paradigms.",maybe,"The paper includes quantitative components (agreement measures and modeling), but not in relation to programming paradigms.",no,"The paper appears to be primary research, but it focuses on inter-annotator agreement measures rather than paradigmatic compatibility, and does not align with the core focus of the systematic review.",maybe,"The paper includes validation methods, specifically through empirical testing of agreement measures and systematic evaluation using artificial annotations. However, these methods are not related to paradigmatic compatibility.",Exclude,"The abstract describes a research method for analyzing inter-annotator agreement in corpus annotation, which fundamentally diverges from the screening criteria focused on programming paradigm compatibility. Despite demonstrating rigorous research methodology with empirical validation, the study does not address interactions between programming paradigms or their integration, rendering it non-compliant with the systematic review's core requirements.",1.4,EC2,"The paper appears to be primary research, but it focuses on inter-annotator agreement measures rather than paradigmatic compatibility, and does not align with the core focus of the systematic review.",EC2,"The paper appears to be primary research, but it focuses on inter-annotator agreement measures rather than paradigmatic compatibility, and does not align with the core focus of the systematic review."
Empirical validation of integrated stock assessment models to ensuring risk equivalence: A pathway to resilient fisheries management,"Laurence T Kell, I. Mosqueira, Henning Winker, Rishi Sharma, T. Kitakado, Massimiliano Cardinale",10.1371/journal.pone.0302576,https://doi.org/10.1371/journal.pone.0302576,PLoS ONE,1,2024,maybe,"The full-text accessibility of the paper cannot be determined from the abstract alone, which is a common limitation in screening.",yes,"The paper is written in English, meeting the publication language criterion.",no,"The paper includes empirical evidence and systematic observations, but these are related to fisheries management rather than programming paradigms.",no,"The paper does address multiple paradigms, but these are modeling approaches for fisheries management rather than programming paradigms.",no,"While the paper discusses different modeling paradigms (best assessment, model ensemble, MSE), these are not programming paradigms. The focus is on fisheries management models rather than programming paradigms.",maybe,"The paper has strong quantitative components, including prediction skill metrics and model validation, but not in the context of programming paradigms.",no,"The paper appears to be primary research, but it focuses on fisheries management models rather than programming paradigms. It does discuss model integration and validation, but not in the context of programming paradigms.",yes,"The paper strongly meets the validation methods criterion, discussing validation methods, prediction skill metrics, and empirical testing against observed data.",Exclude,"The abstract describes a fisheries management study that, while methodologically rigorous, does not address programming paradigms or their compatibility. Despite strong quantitative and validation components, the research focuses exclusively on fisheries modeling techniques, rendering it incompatible with the systematic review's screening criteria for programming paradigm research.",1.4,EC2,"The paper appears to be primary research, but it focuses on fisheries management models rather than programming paradigms. It does discuss model integration and validation, but not in the context of programming paradigms.",EC2,"The paper appears to be primary research, but it focuses on fisheries management models rather than programming paradigms. It does discuss model integration and validation, but not in the context of programming paradigms."
"A Metric for User Requirements Traceability in Sequence, Class Diagrams, and Lines-Of-Code via Robustness Diagrams","J. Malinao, Kristhian B. Tiu, Louise Michelle O. Lozano, Sonia M. Pascua, R. B. Chua, M. A. Magboo, Jaime D. L. Caro",10.1007/978-4-431-54436-4_4,https://doi.org/10.1007/978-4-431-54436-4_4,-,5,2013,maybe,"The full-text accessibility of the paper cannot be determined from the abstract alone, and this is typically assessed during the full-text review.",yes,"The paper is written in English, which meets the publication language criterion.",yes,"The paper includes empirical testing with real-world data, meeting the empirical evidence criterion.",maybe,"While the paper deals with multiple modeling approaches (dynamic and static models), these aren't explicitly programming paradigms in the traditional sense (e.g., object-oriented, functional, etc.).",maybe,"The paper focuses on model compatibility and consistency rather than programming paradigms specifically. While it deals with integration between different modeling approaches, it's not clearly focused on programming paradigms.",yes,"The paper includes quantitative components through metrics and algorithmic approaches, meeting the quantitative components criterion.",maybe,"The paper presents primary research investigating compatibility between different software modeling approaches (dynamic and static models), which partially aligns with paradigmatic compatibility, though it's more focused on model consistency than programming paradigms specifically.",yes,"The paper includes empirical tests on real-world data and proposes verification procedures, meeting the validation methods criterion.",Exclude,"The study presents a metric for software design model consistency with strong empirical testing and quantitative components, but its focus on modeling approaches rather than programming paradigms creates uncertainty about direct relevance. While methodologically robust with real-world data validation, the research may not fully align with the specific screening criteria related to paradigmatic compatibility.",3.2,EC1,"The study presents a metric for software design model consistency with strong empirical testing and quantitative components, but its focus on modeling approaches rather than programming paradigms creates uncertainty about direct relevance. While methodological…",EC1,"The study presents a metric for software design model consistency with strong empirical testing and quantitative components, but its focus on modeling approaches rather than programming paradigms creates uncertainty about direct relevance. While methodological…"
Transforming functional models to critical chain models via expert knowledge and automatic parsing rules for design analogy identification,"M. Agyemang, J. Linsey, C. Turner",10.1017/S0890060417000488,https://doi.org/10.1017/S0890060417000488,"Artificial intelligence for engineering design, analysis and manufacturing",15,2017,maybe,The full-text accessibility of the paper cannot be determined from the abstract alone.,yes,"The paper is written in English, meeting the language requirement.",yes,The study includes empirical evaluation through comparison with published functional models and expert knowledge approaches.,maybe,"The study does address multiple paradigms, but these are functional modeling paradigms rather than programming paradigms.",maybe,"While the paper does address paradigm comparison, it focuses on functional modeling paradigms rather than programming paradigms. The compatibility analysis is about transforming functional models into critical chain models, not about programming paradigm integration.",yes,The study includes quantitative components through the use of metrics and systematic evaluation.,maybe,"The paper appears to be primary research comparing two paradigms for functional modeling abstraction, but it is not clearly focused on paradigmatic compatibility in programming paradigms.",yes,"The study includes validation methods, such as evaluation against published functional models and the use of a ""functional chain similarity metric"" for comparison.",Exclude,"The study addresses functional modeling paradigms in engineering design, employing systematic validation methods and quantitative metrics, but diverges from the screening criteria's focus on programming paradigm compatibility. While methodologically rigorous with empirical evidence and multiple paradigm interactions, the research fundamentally examines functional modeling transformations rather than programming paradigm integration. Consequently, the paper does not align sufficiently with the intended screening requirements.",2.7,EC1,"The study addresses functional modeling paradigms in engineering design, employing systematic validation methods and quantitative metrics, but diverges from the screening criteria's focus on programming paradigm compatibility. While methodologically rigorous w…",EC1,"The study addresses functional modeling paradigms in engineering design, employing systematic validation methods and quantitative metrics, but diverges from the screening criteria's focus on programming paradigm compatibility. While methodologically rigorous w…"
Protocols versus objects: can models for telecommunications and distributed processing coexist?,"M. V. Sinderen, L. F. Pires",10.1109/FTDCS.1997.644696,https://doi.org/10.1109/FTDCS.1997.644696,Proceedings of the Sixth IEEE Computer Society Workshop on Future Trends of Distributed Computing Systems,12,1997,maybe,The full-text accessibility of the paper cannot be determined from the abstract alone.,yes,"The abstract is written in English, which meets the criterion for publication language. However, the full paper's language cannot be determined from the abstract alone.",no,"The abstract does not indicate whether empirical data or systematic observations are included. The discussion appears to be more theoretical in nature, discussing ""fundamental research problems"" rather than presenting empirical findings.",yes,"The paper explicitly addresses two paradigms (protocol-centred and object-centred) and their interaction, strongly meeting this criterion.",yes,"The paper clearly focuses on paradigmatic compatibility, specifically analyzing the coexistence and combined uses of protocol-centred and object-centred paradigms, which strongly meets the criterion.",no,There is no clear indication of quantitative components or measurements in the abstract. The discussion appears to be more conceptual.,yes,"The paper appears to be primary research investigating paradigmatic compatibility, specifically between protocol-centred and object-centred paradigms in telematics systems, which meets the criterion for study type.",no,"The abstract does not explicitly mention any validation methods, empirical testing, or systematic evaluation, which is a significant weakness.",Exclude,"The abstract addresses paradigmatic compatibility between protocol-centred and object-centred approaches in telematics systems, demonstrating strong alignment with multiple screening criteria related to paradigm interaction. However, significant uncertainties exist regarding empirical validation, quantitative components, and systematic evaluation methods, which potentially limit the study's comprehensive research value.",3.2,EC6,There is no clear indication of quantitative components or measurements in the abstract. The discussion appears to be more conceptual.,EC6,There is no clear indication of quantitative components or measurements in the abstract. The discussion appears to be more conceptual.
Integration Systems and Interaction Spaces,"C. Landauer, K. Bellman",10.1007/978-94-009-0349-4_13,https://doi.org/10.1007/978-94-009-0349-4_13,International Symposium on Frontiers of Combining Systems,32,1996,maybe,"The paper appears to be from a formal research context with institutional funding, suggesting likely accessibility of the full text.",yes,"The paper is written in English, meeting the language requirement.",maybe,"While the paper mentions testbeds, it's unclear whether it includes systematic observations about integration challenges. The abstract suggests more of a theoretical approach.",yes,The paper does address multiple paradigms and their integration.,maybe,"The paper discusses integration of ""computational paradigms"" and ""rule-driven symbolic processing systems,"" suggesting some focus on paradigmatic compatibility, but it's not clear if it proposes formal models or quantitative metrics specifically for this purpose.",maybe,The abstract doesn't explicitly mention quantitative components or measurements. The focus appears to be more on theoretical and conceptual aspects.,maybe,"The paper appears to be primary research investigating integration systems and computational paradigms, but it's not entirely clear if it specifically addresses paradigmatic compatibility.",maybe,"The abstract mentions ""testbeds"" and discusses requirements for formalisms, but doesn't explicitly describe validation methods or empirical testing.",Exclude,"The abstract describes a theoretical approach to integration systems across computational paradigms, with partial alignment to screening criteria around multiple paradigms and research type. While addressing paradigm integration conceptually, the study lacks clear empirical validation, quantitative measurements, and explicit paradigmatic compatibility metrics. The research appears more theoretical than the criteria's emphasis on systematic, measurable paradigm integration.",3.2,EC1,"The abstract describes a theoretical approach to integration systems across computational paradigms, with partial alignment to screening criteria around multiple paradigms and research type. While addressing paradigm integration conceptually, the study lacks c…",EC1,"The abstract describes a theoretical approach to integration systems across computational paradigms, with partial alignment to screening criteria around multiple paradigms and research type. While addressing paradigm integration conceptually, the study lacks c…"
Characterizing Compatibility of Timed Choreography,"Nawal Guermouche, C. Godart",10.4018/jwsr.2011040101,https://doi.org/10.4018/jwsr.2011040101,International Journal of Web Services Research,12,2011,maybe,"The full-text accessibility of the paper cannot be determined from the abstract alone, which is a common limitation in screening.",yes,"The paper is written in English, meeting the publication language criterion.",maybe,The abstract does not explicitly mention empirical data collection or systematic observations. It appears to be more theoretical/model-based.,maybe,"While the paper deals with multiple web services, it does not explicitly address different programming paradigms. The focus is on service-oriented computing (SOC) paradigm specifically.",maybe,"The paper focuses on compatibility analysis, but specifically for web services choreography rather than general programming paradigms. While it does address formal models and quantitative properties (timed properties), it is not clearly focused on paradigmatic compatibility in the broader sense.",yes,The study includes quantitative components through timed properties and model checking.,maybe,"The paper appears to be primary research investigating compatibility between web services, which is related to paradigmatic compatibility. However, it is specifically focused on web services rather than general programming paradigms.",maybe,"The abstract mentions a ""model checking based approach"" for validation, indicating some form of systematic evaluation.",Exclude,"The study focuses on web services compatibility through a model checking approach, demonstrating quantitative analysis of service interactions. While the research includes systematic validation and quantitative components, it is narrowly centered on service-oriented computing rather than broader programming paradigm compatibility. The abstract suggests a technical investigation of web service choreography with limited empirical evidence and paradigmatic scope.",2.9,EC1,"The study focuses on web services compatibility through a model checking approach, demonstrating quantitative analysis of service interactions. While the research includes systematic validation and quantitative components, it is narrowly centered on service-or…",EC1,"The study focuses on web services compatibility through a model checking approach, demonstrating quantitative analysis of service interactions. While the research includes systematic validation and quantitative components, it is narrowly centered on service-or…"
"Extending the ontology, metacommunication and communicability of semiotic engineering to the emerging paradigm of human-computer integration (HInt)","G. A. R. Barbosa, R. Prates",10.1145/3554364.3559109,https://doi.org/10.1145/3554364.3559109,Simpósio Brasileiro de Fatores Humanos em Sistemas Computacionais,2,2022,maybe,The full-text accessibility of the paper cannot be determined from the abstract alone.,yes,"The paper is written in English, meeting the language requirement.",no,The abstract does not indicate any empirical data or systematic observations about integration challenges. The work appears to be a theoretical analysis and proposal.,maybe,"While the paper mentions two paradigms (HInt and HCI), it focuses on extending one paradigm (Semiotic Engineering) to characterize another, rather than addressing their integration or compatibility challenges.",no,"While the paper discusses paradigms (HInt and HCI), it does not focus on formal models or quantitative metrics for paradigmatic compatibility. Instead, it focuses on extending an ontology for characterizing HInt.",no,No quantitative components or systematic observations are mentioned in the abstract. The work appears to be theoretical and conceptual.,no,"The paper appears to be a theoretical analysis and proposal rather than primary research investigating paradigmatic compatibility or a systematic review. It focuses on extending an ontology for HCI, not specifically on paradigm integration or software measurement.",no,"The abstract does not mention any validation methods, empirical testing, or systematic evaluation. The work appears to be primarily theoretical.",Exclude,"The abstract describes a theoretical proposal for extending an ontology in Human-Computer Interaction, which lacks empirical validation, quantitative metrics, and systematic evaluation of paradigmatic compatibility. Despite addressing multiple paradigms, the work appears to be a conceptual analysis rather than a research study meeting the specified screening criteria for paradigm integration or software measurement.",2.5,EC2,"The paper appears to be a theoretical analysis and proposal rather than primary research investigating paradigmatic compatibility or a systematic review. It focuses on extending an ontology for HCI, not specifically on paradigm integration or software measurem…",EC2,"The paper appears to be a theoretical analysis and proposal rather than primary research investigating paradigmatic compatibility or a systematic review. It focuses on extending an ontology for HCI, not specifically on paradigm integration or software measurem…"
A computational paradigm that integrates rule‐based and model‐based reasoning in expert systems,N. Lee,10.1002/int.4550050202,https://doi.org/10.1002/int.4550050202,International Journal of Intelligent Systems,3,1990,maybe,"The full-text accessibility of the paper cannot be determined from the abstract alone, which is a common limitation in screening.",yes,"The paper is written in English, which meets the publication language criterion.",yes,"The abstract indicates empirical testing through experimental results and practical application in telecommunications network maintenance, which meets the empirical evidence criterion.",yes,"The study explicitly focuses on integrating two different paradigms: rule-based and model-based reasoning, which meets the multiple paradigms criterion.",yes,"The paper directly addresses paradigmatic compatibility by proposing a formal model (R.M. inference procedure) that integrates two different reasoning paradigms, which meets the paradigmatic compatibility focus criterion.",yes,"While not extensively detailed, the abstract mentions CPU consumption and efficiency metrics, suggesting that the study includes some quantitative analysis.",yes,"This is primary research investigating paradigmatic compatibility, specifically integrating rule-based and model-based reasoning paradigms, which meets the study type criterion.",yes,"The abstract mentions ""experimental results"" and describes testing in telecommunications network maintenance, indicating that the study includes some validation methods.",Include,"A comprehensive study integrating rule-based and model-based reasoning paradigms through a novel computational approach, demonstrating empirical validation and quantitative analysis across multiple programming paradigms. The research systematically explores paradigmatic compatibility by proposing a formal integration model with experimental testing in telecommunications network maintenance, meeting key screening criteria for paradigm integration research.",4.6,IC,"Meets IC; multi-paradigm, compatibility focus, quantitative component, empirical evidence, validation method, research contribution, supported language.",IC,"Meets IC; multi-paradigm, compatibility focus, quantitative component, empirical evidence, validation method, research contribution, supported language."
Timed Model Checking Based Approach for Web Services Analysis,"Nawal Guermouche, C. Godart",10.1109/ICWS.2009.42,https://doi.org/10.1109/ICWS.2009.42,IEEE International Conference on Web Services,62,2009,maybe,"The full-text accessibility of the paper cannot be determined from the abstract alone, which is a common limitation in screening.",yes,"The paper is written in English, meeting the publication language criterion.",maybe,"The abstract suggests systematic evaluation through model checking, but does not explicitly mention empirical data collection about integration challenges.",maybe,"The paper focuses on web services and their choreography, but does not explicitly address multiple programming paradigms. It is more about service integration than paradigmatic compatibility.",maybe,"While the paper deals with compatibility, it focuses specifically on web service choreography rather than general programming paradigms. It does propose formal models and quantitative metrics, but in a specific domain context.",yes,The paper includes quantitative components through timed properties and model checking analysis.,maybe,"The paper presents primary research investigating compatibility between web services, which is related to paradigmatic compatibility. However, it is specifically focused on choreography compatibility rather than general programming paradigms.",yes,"The paper mentions using model checking (UPPAAL) as a validation method, meeting the validation methods criterion.",Exclude,"The study focuses on web service choreography compatibility using model checking, presenting a domain-specific approach to service integration that partially meets screening criteria related to validation methods and quantitative analysis. While demonstrating systematic evaluation through UPPAAL, the research is narrowly scoped within web services and does not comprehensively address broader programming paradigm compatibility or multiple paradigm interactions.",2.9,EC1,"The study focuses on web service choreography compatibility using model checking, presenting a domain-specific approach to service integration that partially meets screening criteria related to validation methods and quantitative analysis. While demonstrating …",EC1,"The study focuses on web service choreography compatibility using model checking, presenting a domain-specific approach to service integration that partially meets screening criteria related to validation methods and quantitative analysis. While demonstrating …"
The MT model transformation language,L. Tratt,10.1145/1141277.1141577,https://doi.org/10.1145/1141277.1141577,ACM Symposium on Applied Computing,34,2006,maybe,"The full-text accessibility of the paper cannot be determined from the abstract alone, which is a common limitation in screening.",yes,"The paper is written in English, meeting the publication language criterion.",maybe,"The abstract does not clearly indicate whether empirical data or systematic observations about paradigm integration are included. The mention of ""rapid experimentation"" suggests some practical testing, but it is not focused on paradigm integration.",no,"While the paper mentions implementation in Converge, it does not explicitly address interactions between different programming paradigms. The focus is on model transformation languages rather than paradigm compatibility.",no,"While the paper discusses model transformations and implementation in a specific language, it does not explicitly focus on paradigmatic compatibility or integration between different programming paradigms. The focus seems to be on model transformation languages rather than paradigm integration.",no,The abstract does not indicate any quantitative measurements or systematic observations. It appears to be more focused on language features and implementation.,maybe,"The paper appears to be primary research presenting a new model transformation language (MT), but it is not clearly focused on paradigmatic compatibility, though it does involve implementation in a specific language (Converge).",maybe,"The abstract mentions ""rapid experimentation"" but does not explicitly describe validation methods or empirical testing, so this criterion is weakly met at best.",Exclude,"The abstract describes a model transformation language implementation but lacks clear evidence of paradigmatic compatibility research, empirical validation, or systematic analysis of programming paradigm interactions. While written in English and presenting primary research, the study does not sufficiently address the core screening criteria related to paradigm integration, quantitative measurements, or multi-paradigm interactions.",2.7,EC1,"While the paper mentions implementation in Converge, it does not explicitly address interactions between different programming paradigms. The focus is on model transformation languages rather than paradigm compatibility.",EC1,"While the paper mentions implementation in Converge, it does not explicitly address interactions between different programming paradigms. The focus is on model transformation languages rather than paradigm compatibility."
How to assess a software process modeling formalism from a project member's point of view,"H. D. Rombach, M. Verlage",10.1109/SPCON.1993.236814,https://doi.org/10.1109/SPCON.1993.236814,[1993] Proceedings of the Second International Conference on the Software Process-Continuous Software Process Improvement,21,1993,maybe,"The formal academic style of the paper suggests it is likely accessible through academic channels, though this cannot be definitively determined from the abstract alone.",yes,"The paper is written in English, meeting the language requirement.",maybe,"While the paper includes an example application (ISPW-6), it is unclear if this constitutes substantial empirical evidence about paradigm integration.",no,The abstract does not mention multiple programming paradigms or their interaction. The focus appears to be on process formalisms rather than programming paradigms.,no,"The paper focuses on process formalisms and their assessment, but does not explicitly address paradigmatic compatibility between programming paradigms. It is more about process assessment frameworks.",maybe,"The paper uses the goal/question/metric paradigm, suggesting some quantitative components, but the abstract does not clearly indicate the depth of quantitative analysis.",no,"The paper proposes an experimental framework for assessing process formalisms, which is primary research. However, it does not specifically focus on paradigmatic compatibility or software measurement as defined in the criteria.",maybe,"The abstract mentions ""demonstrating feasibility"" using the ISPW-6 example, suggesting some empirical validation, though details are limited.",Exclude,"The abstract describes a research framework for assessing process formalisms, but fails to meet key screening criteria related to programming paradigms and their compatibility. While demonstrating some methodological rigor, the study does not address interactions between programming paradigms or provide clear evidence of paradigmatic integration. Consequently, the paper does not align sufficiently with the specified screening requirements.",2.7,EC2,"The paper proposes an experimental framework for assessing process formalisms, which is primary research. However, it does not specifically focus on paradigmatic compatibility or software measurement as defined in the criteria.",EC2,"The paper proposes an experimental framework for assessing process formalisms, which is primary research. However, it does not specifically focus on paradigmatic compatibility or software measurement as defined in the criteria."
New Planning Methodologies in Strategic Management ; An Inter-Paradigm System Dynamics Approach,"Georgios Papageorgiou, A. Hadjis",-,-,-,3,2008,maybe,"The full-text accessibility of the paper cannot be determined from the abstract alone, which is a common limitation in screening.",yes,"The paper is written in English, which meets the publication language criterion.",maybe,"While the paper mentions evaluation, it's unclear whether this includes empirical data about integration challenges. The abstract suggests more theoretical evaluation.",yes,"The paper explicitly deals with two different paradigms (PIMS and System Dynamics), which are described as ""different and to somewhat conflicting paradigms,"" clearly meeting the multiple paradigms criterion.",yes,"The paper explicitly focuses on integrating two different paradigms (PIMS and System Dynamics), proposing a ""composite planning framework,"" which strongly meets the paradigmatic compatibility focus criterion.",maybe,"The paper mentions ""quantifiable variables"" and ""patterns of interaction of a large number of important variables,"" suggesting quantitative components, though the extent isn't fully clear.",yes,"The paper appears to be primary research investigating paradigmatic compatibility, specifically between PIMS and System Dynamics planning methodologies, which meets the study type criterion.",maybe,"The abstract mentions evaluation ""across theoretical conditions and practical relevance criteria,"" suggesting some form of validation, though the details are limited.",Exclude,"The study explores paradigmatic integration between two planning methodologies, demonstrating strong alignment with multiple paradigm and compatibility criteria. While the research shows promise in addressing inter-paradigm interactions, there are uncertainties regarding empirical validation and the specific depth of quantitative analysis. The work appears to focus more on strategic management paradigms rather than programming paradigms specifically.",3.5,EC1,"The study explores paradigmatic integration between two planning methodologies, demonstrating strong alignment with multiple paradigm and compatibility criteria. While the research shows promise in addressing inter-paradigm interactions, there are uncertaintie…",EC1,"The study explores paradigmatic integration between two planning methodologies, demonstrating strong alignment with multiple paradigm and compatibility criteria. While the research shows promise in addressing inter-paradigm interactions, there are uncertaintie…"
"Testing the cognitive relevance of a geometric model on a word association task: A comparison of humans, ACOM, and LSA","Hyngsuk Ji, Benoît Lemaire, Hyunseung Choo, Sabine Ploux",10.3758/BRM.40.4.926,https://doi.org/10.3758/BRM.40.4.926,Behavior Research Methods,10,2008,maybe,"The full-text accessibility of the paper cannot be determined from the abstract alone, which is a common limitation in screening.",yes,"The paper is written in English, which meets the publication language criterion.",maybe,"The study includes empirical evidence through human subject responses and comparative analysis, but not related to programming paradigm integration.",no,"The study does address multiple paradigms, but they are semantic analysis paradigms rather than programming paradigms.",no,"While the paper does discuss different paradigms (geometric, hierarchical, vector), these are not programming paradigms. The focus is on semantic analysis and word association models.",maybe,"The study has strong quantitative components, including specific percentages (71% of words matched) and comparative analysis, but again not in the context of programming paradigms.",no,"The paper appears to be primary research, but it focuses on validating a cognitive model rather than investigating paradigmatic compatibility in programming. It does compare different paradigms (geometric, hierarchical, vector), but in the context of semantic analysis rather than programming paradigms.",maybe,"The study includes clear validation methods, comparing ACOM's results with human subject responses and other models. However, these validations are not related to programming paradigms.",Exclude,"The study focuses on semantic analysis and word association models, comparing different paradigms in linguistic processing, but does not address programming paradigms or their compatibility. Despite robust methodological approaches and quantitative analysis, the research fundamentally diverges from the screening criteria's focus on programming paradigm integration. Consequently, the paper does not meet the core requirements for inclusion in the targeted research domain.",1.4,EC2,"The paper appears to be primary research, but it focuses on validating a cognitive model rather than investigating paradigmatic compatibility in programming. It does compare different paradigms (geometric, hierarchical, vector), but in the context of semantic …",EC2,"The paper appears to be primary research, but it focuses on validating a cognitive model rather than investigating paradigmatic compatibility in programming. It does compare different paradigms (geometric, hierarchical, vector), but in the context of semantic …"
A unified approach for verification and validation of systems and software engineering models,"Luay Alawneh, M. Debbabi, Yosr Jarraya, Andrei Soeanu, Fawzi Hassaïne",10.1109/ECBS.2006.17,https://doi.org/10.1109/ECBS.2006.17,European Conference on the Engineering of Computer-Based Systems,35,2006,maybe,"The full-text accessibility of the paper cannot be determined from the abstract alone, which is a common limitation in screening.",yes,"The paper is written in English, meeting this criterion.",maybe,"The paper includes empirical evidence through three case studies, but these are not about paradigm integration challenges.",no,"While the paper deals with multiple modeling approaches (UML 2.0 and SysML), these are not programming paradigms in the traditional sense (e.g., object-oriented, functional, procedural).",no,"The paper does not focus on paradigmatic compatibility between programming paradigms. Instead, it focuses on verification methods for different modeling approaches (UML 2.0 and SysML).",yes,"The paper appears to include quantitative components through model-checking and program analysis, meeting this criterion.",no,"The paper presents primary research on verification and validation of software models, but does not specifically focus on paradigmatic compatibility. It is more about verification methods across different modeling approaches.",yes,"The paper includes validation through case studies and an automated assessment tool, meeting this criterion.",Exclude,"The abstract describes a verification methodology for software engineering models, but does not address paradigmatic compatibility between programming paradigms. While the study includes empirical validation and multiple modeling approaches, it falls short of the specific screening criteria focused on programming paradigm integration. The research primarily concerns verification techniques rather than paradigmatic compatibility challenges.",2.7,EC2,"The paper presents primary research on verification and validation of software models, but does not specifically focus on paradigmatic compatibility. It is more about verification methods across different modeling approaches.",EC2,"The paper presents primary research on verification and validation of software models, but does not specifically focus on paradigmatic compatibility. It is more about verification methods across different modeling approaches."
A modeling framework for the application of multi-paradigm simulation methods,"K. Mykoniatis, A. Angelopoulou",10.1177/0037549719843339,https://doi.org/10.1177/0037549719843339,International Conference on Advances in System Simulation,23,2019,maybe,The full-text accessibility of the paper cannot be determined from the abstract alone.,yes,"The paper is written in English, meeting the language requirement.",maybe,"The paper includes the implementation of the UTASiMo case study, providing some empirical evidence, though the extent is not fully clear from the abstract.",yes,"The paper explicitly addresses three different modeling paradigms and their integration, meeting the multiple paradigms requirement.",yes,"The paper explicitly focuses on combining and integrating different modeling paradigms (Discrete Event, System Dynamics, and Agent Based) and proposes a framework for their integration, meeting the paradigmatic compatibility focus requirement.",maybe,"The paper appears to include systematic observations and framework development, though the abstract does not explicitly mention quantitative metrics.",yes,"The paper presents primary research developing a framework for paradigm integration, meeting the study type requirement.",maybe,"The paper includes some validation through the implementation of the UTASiMo case study, though the details are limited.",Include,"A comprehensive study exploring multi-paradigm modeling integration across Discrete Event, System Dynamics, and Agent Based approaches, with a systematic framework development and empirical validation through a case study. The research demonstrates strong potential in addressing paradigmatic compatibility by proposing a generic modeling framework that systematically connects different simulation methodologies. While some quantitative details remain unclear, the study provides a robust approach to understanding and implementing multi-paradigm modeling techniques.",4.6,IC,"Meets IC; multi-paradigm, compatibility focus, research contribution, supported language.",IC,"Meets IC; multi-paradigm, compatibility focus, research contribution, supported language."
Reproducibility of LLM-based Recommender Systems: the Case Study of P5 Paradigm,"Pasquale Lops, Antonio Silletti, Marco Polignano, C. Musto, Giovanni Semeraro",10.1145/3640457.3688072,https://doi.org/10.1145/3640457.3688072,ACM Conference on Recommender Systems,1,2024,maybe,"The technical nature and recent publication of the paper suggest it is likely accessible through academic channels, though this cannot be determined from the abstract alone.",yes,"The paper is written in English, meeting this criterion.",no,"While the paper includes empirical evidence, it's not about paradigm integration challenges but rather about recommender system performance.",no,"The paper does not address interactions between different programming paradigms. While it discusses different LLMs and approaches, these are not programming paradigms in the traditional sense.",no,"The paper does not focus on paradigmatic compatibility or integration between programming paradigms. Instead, it focuses on LLM-based recommender systems and their evaluation frameworks.",yes,"The study includes quantitative components and systematic observations, meeting this criterion.",no,"This is primary research, but it focuses on recommender systems and LLMs rather than paradigmatic compatibility. While it discusses a framework (LaikaLLM), it's not specifically about paradigm integration.",yes,"The paper includes empirical testing and evaluation of their framework, meeting this criterion.",Exclude,"The abstract describes a study on recommender systems and large language models, which fundamentally diverges from the screening criteria focused on paradigmatic compatibility and programming paradigm integration. Despite meeting some methodological criteria like empirical validation and quantitative components, the paper fails to address the core requirements of paradigmatic analysis and multiple programming paradigm interactions. Consequently, the study does not align with the systematic review's primary research objectives.",1.4,EC2,"This is primary research, but it focuses on recommender systems and LLMs rather than paradigmatic compatibility. While it discusses a framework (LaikaLLM), it's not specifically about paradigm integration.",EC2,"This is primary research, but it focuses on recommender systems and LLMs rather than paradigmatic compatibility. While it discusses a framework (LaikaLLM), it's not specifically about paradigm integration."
Formalisms in Software Engineering: Myths Versus Empirical Facts,"Dieter Rombach, Frank Seelisch",10.1007/978-3-540-85279-7_2,https://doi.org/10.1007/978-3-540-85279-7_2,Central and East European Conference on Software Engineering Techniques,17,2008,maybe,"The full-text accessibility of the paper cannot be determined from the abstract alone, which is a common limitation in screening.",yes,"The paper is written in English, which meets the publication language criterion.",no,"While the paper advocates for empirical evidence, it does not appear to present its own empirical data about paradigm integration or compatibility.",no,The paper does not specifically address interactions between different programming paradigms. It discusses software engineering approaches broadly but not in terms of paradigmatic compatibility.,no,The paper does not specifically address paradigmatic compatibility or integration between programming paradigms. It discusses software engineering approaches in general terms but not paradigm-specific issues.,no,The paper mentions the need for quantitative baselining but does not appear to present its own quantitative analysis or measurements.,no,"The paper appears to be a perspective/review paper about the state of software engineering research and practice, rather than primary research on paradigmatic compatibility or a systematic review of paradigm integration. It does not meet this criterion.",no,"While the paper discusses the importance of empirical evidence and validation, it does not appear to present its own validation methods or empirical testing. It's more of a call to action for others to conduct such validation.",Exclude,"The abstract discusses software engineering research challenges but lacks specific focus on paradigmatic compatibility, empirical evidence about paradigm integration, or quantitative measurements of programming paradigm interactions. While advocating for empirical research, the text does not meet the screening criteria related to paradigm integration, validation methods, or systematic analysis of programming paradigms. The paper appears to be a broad perspective on software engineering research rather than a targeted study of paradigmatic compatibility.",2.5,EC2,"The paper appears to be a perspective/review paper about the state of software engineering research and practice, rather than primary research on paradigmatic compatibility or a systematic review of paradigm integration. It does not meet this criterion.",EC2,"The paper appears to be a perspective/review paper about the state of software engineering research and practice, rather than primary research on paradigmatic compatibility or a systematic review of paradigm integration. It does not meet this criterion."
Fundamental Aspects Concerning the Usability Evaluation of Model-Driven Object Oriented Programming Approaches in Machine and Plant Automation,"Martin Obermeier, Steven Braun, Kerstin Sommer, B. Vogel‐Heuser",10.1007/978-3-642-21708-1_56,https://doi.org/10.1007/978-3-642-21708-1_56,Interacción,9,2011,maybe,"The full-text accessibility of the paper cannot be determined from the abstract alone, which is a common limitation in screening.",yes,"The paper is written in English, meeting the publication language criterion.",yes,"The abstract mentions ""results of previously conducted experiments"" and proposes systematic evaluation methods (HTA), indicating the study includes empirical evidence, meeting the empirical evidence criterion.",yes,"The study explicitly compares multiple paradigms (procedural, model-driven OO, and domain-specific modeling languages), meeting the multiple paradigms criterion.",yes,"The study directly addresses compatibility between different programming paradigms (procedural vs. model-driven OO) in PLC programming, meeting the paradigmatic compatibility focus criterion.",yes,"The study includes quantitative components through experimental results and proposes systematic analysis methods (HTA), meeting the quantitative components criterion.",yes,"The paper appears to be primary research investigating paradigmatic compatibility, specifically comparing procedural (IEC 61131-3) and object-oriented (UML) paradigms in PLC programming, meeting the study type criterion.",yes,"The abstract mentions ""previously conducted experiments"" and proposes using Hierarchical Task Analysis (HTA) for evaluation, indicating the study includes systematic evaluation methods, meeting the validation methods criterion.",Include,"The study comprehensively addresses paradigmatic compatibility by comparing procedural and object-oriented programming approaches in PLC software, utilizing empirical experiments and systematic evaluation methods. It meets multiple screening criteria through its focus on multiple programming paradigms, quantitative analysis, and proposed validation techniques for understanding software development challenges. The research demonstrates a rigorous approach to investigating programming paradigm interactions with clear methodological intent.",4.6,IC,"Meets IC; multi-paradigm, compatibility focus, quantitative component, empirical evidence, validation method, research contribution, supported language.",IC,"Meets IC; multi-paradigm, compatibility focus, quantitative component, empirical evidence, validation method, research contribution, supported language."
A semiotic framework for manufacturing systems integration –Part I: Generative integration model,"G. Putnik, Zlata Putnik",10.1080/0951192X.2010.510292,https://doi.org/10.1080/0951192X.2010.510292,International journal of computer integrated manufacturing (Print),34,2010,maybe,"The full-text accessibility of the paper cannot be determined from the abstract alone, which is a common limitation in screening.",yes,"The paper is written in English, which meets the publication language criterion.",maybe,"The paper includes some empirical evidence through prototype demonstrators, but this is for manufacturing systems rather than programming paradigms.",no,"While the paper discusses integration, it is not specifically about programming paradigms. The integration discussed is for manufacturing systems.",no,"While the paper discusses integration and proposes a new paradigm, it is focused on manufacturing systems integration rather than programming paradigms. The semiotics-based approach is not specifically about programming paradigm compatibility.",maybe,The abstract does not clearly indicate whether quantitative components are included. The focus appears more theoretical and conceptual.,no,"The paper presents exploratory research on semiotics for manufacturing systems integration, which is not specifically focused on paradigmatic compatibility in programming.",maybe,"The abstract mentions ""experimental set-ups"" and ""prototype demonstrators,"" suggesting some empirical validation, but the details are limited.",Exclude,"The abstract describes a study on manufacturing systems integration using semiotics, which fundamentally diverges from the screening criteria focused on programming paradigm compatibility. Despite presenting an exploratory research approach with experimental components, the paper's core focus on manufacturing systems rather than programming paradigms renders it non-compliant with the systematic review's requirements. Consequently, the study does not meet the essential screening criteria for inclusion.",2.5,EC2,"The paper presents exploratory research on semiotics for manufacturing systems integration, which is not specifically focused on paradigmatic compatibility in programming.",EC2,"The paper presents exploratory research on semiotics for manufacturing systems integration, which is not specifically focused on paradigmatic compatibility in programming."
Electronic Communications of the EASST Volume 072 ( 2015 ) Proceedings of the 15 th International Workshop on Automated Verification of Critical Systems ( AVoCS 2015 ) Automated Verification of Asynchronous Communicating Systems with TLA +,"Florent Chevrou, A. Hurault, P. Quéinnec",-,-,-,6,2015,maybe,"The technical nature and formal framework of the paper suggest it is likely an academic paper with accessible full text, though this cannot be determined from the abstract alone.",yes,"The paper is written in English, meeting the language requirement.",maybe,"The abstract does not explicitly mention empirical data collection, and it is unclear if the paper includes empirical observations about real-world integration challenges.",yes,"The paper explicitly addresses multiple paradigms, specifically mentioning ""FIFO or causal"" message ordering paradigms and ""variety of asynchronous communication models.""",maybe,"The paper proposes formal models (in TLA+) for analyzing compatibility between different communication paradigms, which relates to paradigmatic compatibility, though it is specifically focused on communication paradigms rather than general programming paradigms.",yes,The paper includes formal quantitative components through TLA+ specifications and verification tools.,maybe,"The paper presents primary research investigating compatibility between different communication paradigms, which aligns with paradigmatic compatibility research, though it focuses specifically on communication paradigms rather than general programming paradigms.",yes,"The paper mentions a ""toolchain"" and ""verification tools"" in TLA+, indicating the inclusion of systematic evaluation methods.",Exclude,"A formal research study exploring compatibility between communication paradigms using TLA+ specifications, demonstrating systematic validation methods and addressing multiple communication models. The work provides a quantitative framework for analyzing paradigmatic interactions, with strong technical components but potential limitations in broader empirical evidence. The research meets most screening criteria, particularly in its rigorous approach to paradigmatic compatibility and formal modeling.",4,EC1,"A formal research study exploring compatibility between communication paradigms using TLA+ specifications, demonstrating systematic validation methods and addressing multiple communication models. The work provides a quantitative framework for analyzing paradi…",EC1,"A formal research study exploring compatibility between communication paradigms using TLA+ specifications, demonstrating systematic validation methods and addressing multiple communication models. The work provides a quantitative framework for analyzing paradi…"
Analysis of systematic engineering design paradigms in industrial practice: Scaled experiments,C. Spitas,10.1080/09544820903437742,https://doi.org/10.1080/09544820903437742,-,21,2011,maybe,"The reference to a ""Journal of Engineering Design"" suggests the paper is likely accessible through academic channels, though this cannot be determined from the abstract alone.",yes,"The paper is written in English, meeting this criterion.",no,"The study includes empirical data through experiments and previous survey results, but again, not related to programming paradigms.",maybe,"The study does address multiple paradigms (three different paradigms in engineering design), but not programming paradigms.",no,"While the paper does analyze paradigms, it focuses on engineering design paradigms rather than programming paradigms. The formal models and metrics discussed are not related to programming paradigm compatibility.",yes,The study includes quantitative components through experiments and systematic observations.,no,"The paper appears to be primary research investigating design paradigms, but it focuses on engineering design rather than programming paradigms, which is a significant mismatch with the intended focus.",yes,"The study includes ""scaled experiments conducted with volunteers to quantify critical pertinent aspects"" and builds on previous survey results, meeting this criterion.",Exclude,"The study focuses on engineering design paradigms rather than programming paradigms, fundamentally misaligning with the screening criteria's intended domain. Despite demonstrating robust research methodology with empirical validation and quantitative components, the paper's subject matter represents a critical deviation from the systematic review's targeted scope. Consequently, the paper fails to meet the core requirements for inclusion.",1.4,EC2,"The paper appears to be primary research investigating design paradigms, but it focuses on engineering design rather than programming paradigms, which is a significant mismatch with the intended focus.",EC2,"The paper appears to be primary research investigating design paradigms, but it focuses on engineering design rather than programming paradigms, which is a significant mismatch with the intended focus."
Integrando metodologias na análise de dados sob o paradigma interacionista simbólico: um caso prático,"L. A. P. Miguel, Silvio Popadiuk",10.1590/1679-39519359,https://doi.org/10.1590/1679-39519359,-,2,2014,maybe,The full-text accessibility of the paper cannot be determined from the abstract alone.,yes,"The paper is written in English, which meets the publication language criterion.",no,"The paper includes empirical data, but it is about knowledge sharing and semiotics, not programming paradigm integration.",no,"While the paper does discuss combining different methods, these are research methods rather than programming paradigms.",no,"While the paper does discuss combining different methods, it is in the context of social science research methods and semiotics, not programming paradigms. The ""symbolic interpretationist paradigm"" mentioned refers to a research methodology, not a programming paradigm.",no,The abstract does not indicate any quantitative components. The paper appears to be primarily qualitative in nature.,no,"The paper appears to be primary research, but it focuses on combining analysis methods in social science research rather than investigating paradigmatic compatibility in the context of programming.",no,"The paper describes a case study methodology, but it is focused on knowledge sharing and semiotics rather than validation of programming paradigms.",Exclude,"The abstract describes a social science research methodology study focused on knowledge sharing and semiotics, which fundamentally diverges from the screening criteria's focus on programming paradigms. Despite being in English and presenting a case study, the paper lacks quantitative components, programming paradigm analysis, and empirical evidence related to software integration or measurement. Consequently, the abstract fails to meet the majority of the specified screening requirements.",1.4,EC2,"The paper appears to be primary research, but it focuses on combining analysis methods in social science research rather than investigating paradigmatic compatibility in the context of programming.",EC2,"The paper appears to be primary research, but it focuses on combining analysis methods in social science research rather than investigating paradigmatic compatibility in the context of programming."
When a Formal Model Rhymes with a Graphical Notation,"Akram Idani, N. Stouls",10.1007/978-3-319-15201-1_4,https://doi.org/10.1007/978-3-319-15201-1_4,SEFM Workshops,5,2014,maybe,"The full-text accessibility of the paper cannot be determined from the abstract alone, which is a common limitation in screening.",yes,"The paper is written in English, which meets the publication language criterion.",yes,"The paper includes empirical evidence through their study of graphical representations, though not specifically about programming paradigm integration.",maybe,"While the paper discusses two approaches (under-approximation and over-approximation), these are not programming paradigms in the traditional sense. The focus is more on model transformation than paradigm integration.",maybe,"The paper discusses compatibility between formal methods and graphical representations, but not specifically between programming paradigms. It focuses on model transformation and visualization rather than paradigm integration.",maybe,"The paper appears to include systematic observations and empirical evaluation, though the abstract does not explicitly mention quantitative metrics.",maybe,"The paper appears to be primary research investigating compatibility between formal methods and graphical representations, which relates to paradigmatic compatibility, but it is not explicitly focused on programming paradigms.",yes,"The paper includes validation methods, as the abstract mentions that the authors ""carried out an empirical study to assess the quality and relevance"" of their approach.",Exclude,"The abstract describes a study on formal methods and graphical representations, but does not directly address programming paradigm compatibility. While the paper includes empirical validation and discusses multiple approaches, it lacks specific focus on interactions between different programming paradigms. Consequently, the study does not fully align with the systematic review's core screening criteria.",2.9,EC1,"The abstract describes a study on formal methods and graphical representations, but does not directly address programming paradigm compatibility. While the paper includes empirical validation and discusses multiple approaches, it lacks specific focus on intera…",EC1,"The abstract describes a study on formal methods and graphical representations, but does not directly address programming paradigm compatibility. While the paper includes empirical validation and discusses multiple approaches, it lacks specific focus on intera…"
Model-based interfacing of large-scale metrology instruments,"B. Montavon, M. Peterek, R. Schmitt",10.1117/12.2527461,https://doi.org/10.1117/12.2527461,Optical Metrology,11,2019,maybe,The full-text accessibility of the paper cannot be determined from the abstract alone.,yes,"The paper is written in English, meeting the language requirement.",maybe,"The paper includes some empirical evaluation of protocol integration, but not related to programming paradigms.",no,"While the paper deals with multiple protocols and systems, it does not address programming paradigms specifically.",no,"While the paper discusses integration and compatibility, it's specifically about protocol integration in metrology systems, not programming paradigms. The focus is on communication protocols rather than programming paradigms.",maybe,"The paper includes quantitative aspects in terms of measurement systems and protocol integration, but not in the context of programming paradigms.",no,"The paper appears to be primary research, but it focuses on metrology systems and protocol integration rather than programming paradigm compatibility. It does not align with the core focus of paradigmatic compatibility.",maybe,"The paper includes some validation of their approach across different protocols (MQTT, OPC UA, HTTP/REST), but this is not focused on programming paradigms.",Exclude,"The abstract describes a technical paper on metrology systems and protocol integration, which fundamentally differs from the systematic review's focus on programming paradigm compatibility. Despite being a rigorous technical study, the paper does not address programming paradigms, paradigmatic integration, or software measurement as specified in the screening criteria. Consequently, the paper does not meet the core requirements for inclusion in the systematic review.",1.4,EC2,"The paper appears to be primary research, but it focuses on metrology systems and protocol integration rather than programming paradigm compatibility. It does not align with the core focus of paradigmatic compatibility.",EC2,"The paper appears to be primary research, but it focuses on metrology systems and protocol integration rather than programming paradigm compatibility. It does not align with the core focus of paradigmatic compatibility."
Formalization of Validation Extension Metamodel for Enterprise Architecture Frameworks,"Samia Oussena, J. Essien, P. Komisarczuk",10.5220/0004950304270434,https://doi.org/10.5220/0004950304270434,International Conference on Enterprise Information Systems,1,2014,maybe,"The abstract does not provide enough information to determine if the full text is accessible, though the reference to ""experimental research"" suggests it is likely a formal publication.",yes,"The paper is written in English, meeting the publication language criterion.",maybe,"While the paper includes experimental research, it is not focused on programming paradigm integration challenges. The empirical evidence relates to EA modeling and validation, rather than paradigmatic compatibility.",no,"The paper mentions ""heterogeneous EA domains"" and ""heterogeneous application systems,"" but it does not specifically address programming paradigms or their compatibility, so it does not meet the multiple paradigms criterion.",no,"The paper does not address paradigmatic compatibility between programming paradigms, as it focuses on formalizing Enterprise Architecture concepts and validation, rather than paradigmatic compatibility.",yes,"The study includes quantitative components through formalization approaches, semantic triples, and RDF Schema, meeting the quantitative components criterion.",no,"The paper focuses on Enterprise Architecture formalization and validation rather than paradigmatic compatibility or software measurement, so it does not meet the study type criterion.",yes,"The paper includes validation methods, specifically mentioning ""experimental research"" and validation techniques using ontologies and queries, meeting the validation methods criterion.",Exclude,"The research paper focuses on Enterprise Architecture formalization and validation, which diverges significantly from the screening criteria's emphasis on programming paradigm compatibility. Despite demonstrating rigorous methodological approaches and experimental research, the study does not address interactions between programming paradigms or their integration challenges. Consequently, the paper fails to meet the core screening requirements for the systematic review.",2.5,EC2,"The paper focuses on Enterprise Architecture formalization and validation rather than paradigmatic compatibility or software measurement, so it does not meet the study type criterion.",EC2,"The paper focuses on Enterprise Architecture formalization and validation rather than paradigmatic compatibility or software measurement, so it does not meet the study type criterion."
An integration framework for multi-paradigm software process modeling,"W. Xiaopeng, H. Tao, F. Tao, Wu Shengli",10.1109/ICIPS.1997.669381,https://doi.org/10.1109/ICIPS.1997.669381,IEEE International Conference on Intelligent Processing Systems,0,1997,maybe,The full-text accessibility of the paper cannot be determined from the abstract alone.,yes,"The paper is written in English, which meets the publication language criterion.",no,The abstract does not provide any clear indication of empirical data or systematic observations.,maybe,"The paper does address multiple paradigms, but in the context of software process modeling rather than programming paradigms specifically.",maybe,"The paper addresses multi-paradigm integration, but specifically for software process modeling rather than programming paradigms directly, which is a related but different focus.",no,The abstract does not mention any quantitative measurements or systematic observations.,maybe,"The paper appears to be primary research proposing an integration framework for multi-paradigm software process modeling, which partially meets the study type criterion, though it is focused on process modeling rather than direct paradigm compatibility.",no,The abstract does not explicitly mention any validation methods or empirical testing of the proposed framework.,Exclude,"The abstract describes a multi-paradigm software process modeling framework, but lacks clear evidence of empirical validation, quantitative measurements, or direct focus on programming paradigm compatibility. While addressing multiple paradigms, the study's context of software process modeling diverges from the specific screening criteria, reducing its potential relevance for systematic review.",2.9,EC6,The abstract does not mention any quantitative measurements or systematic observations.,EC6,The abstract does not mention any quantitative measurements or systematic observations.
Metacognition and system usability: Incorporating metacognitive research paradigm into usability testing,"Rakefet Ackerman, A. Parush, Fareda Nassar, A. Shtub",10.1016/j.chb.2015.07.041,https://doi.org/10.1016/j.chb.2015.07.041,Computers in Human Behavior,33,2016,maybe,The full-text accessibility of the paper cannot be determined from the abstract alone.,yes,"The paper is written in English, meeting the language requirement.",no,"While the study includes empirical evidence, it's not related to paradigm integration or interoperability between programming paradigms. The evidence is about user interface usability.",no,"The study does not address interactions between programming paradigms. It compares two versions of a project management system, but this is not related to programming paradigms.",no,"The paper does not address paradigmatic compatibility or integration between programming paradigms. Instead, it focuses on usability testing methodology and metacognitive approaches to measuring user performance.",maybe,"The study includes quantitative components (confidence measures, performance metrics), but not in relation to programming paradigms.",no,"The study is primary research, but it focuses on usability testing methodology rather than investigating paradigmatic compatibility or software measurement.",yes,"The study includes empirical testing with 100 participants and systematic evaluation of its findings, meeting the validation methods criterion.",Exclude,"The study focuses on usability testing methodology and metacognitive approaches to user performance measurement, which fundamentally diverges from the systematic review's criteria of paradigmatic compatibility and programming paradigm integration. Despite being a rigorous empirical research with quantitative components, the paper fails to address key screening requirements related to programming paradigms, rendering it unsuitable for the intended review.",1.4,EC2,"The study is primary research, but it focuses on usability testing methodology rather than investigating paradigmatic compatibility or software measurement.",EC2,"The study is primary research, but it focuses on usability testing methodology rather than investigating paradigmatic compatibility or software measurement."
A model-driven framework for multi-paradigm modeling and holistic simulation of healthcare systems,"Ignace Djitog, H. Aliyu, M. Traoré",10.1177/0037549717744888,https://doi.org/10.1177/0037549717744888,International Conference on Advances in System Simulation,21,2018,maybe,"The full-text accessibility of the paper cannot be determined from the abstract alone, which is a common limitation in screening.",yes,"The paper is written in English, which meets the publication language criterion.",maybe,"The paper includes empirical evidence through its application to the Nigerian healthcare system, but again, this is in the healthcare domain rather than programming paradigms.",maybe,"The paper explicitly deals with multiple paradigms (""multi-paradigm modeling"") and their integration, but these are modeling paradigms rather than programming paradigms.",maybe,"The paper does address paradigmatic compatibility, but in the context of modeling formalisms rather than programming paradigms. It discusses ""model transformation"" and ""interactions between models of different perspectives,"" which shows some relevance but not exactly the target domain.",maybe,"The paper appears to include quantitative components through its modeling and simulation approach, but specific details aren't provided in the abstract.",maybe,"The paper presents primary research on multi-paradigm modeling, which aligns with the study type criterion of investigating paradigmatic compatibility. However, the focus is on healthcare systems rather than programming paradigms specifically.",maybe,"The abstract mentions that the framework has been successfully applied to study part of the Nigerian healthcare system, indicating some empirical validation, though details are limited.",Exclude,"The abstract describes a multi-paradigm modeling approach for healthcare systems, which demonstrates methodological rigor in paradigm integration but falls outside the specific domain of programming paradigms. While the study exhibits strong systematic research characteristics, its focus on healthcare modeling rather than programming paradigm compatibility means it does not fully align with the screening criteria. The paper's transferable insights are potentially valuable, but its primary domain of application renders it less directly relevant to the systematic review's objectives.",2.9,EC1,"The abstract describes a multi-paradigm modeling approach for healthcare systems, which demonstrates methodological rigor in paradigm integration but falls outside the specific domain of programming paradigms. While the study exhibits strong systematic researc…",EC1,"The abstract describes a multi-paradigm modeling approach for healthcare systems, which demonstrates methodological rigor in paradigm integration but falls outside the specific domain of programming paradigms. While the study exhibits strong systematic researc…"
FROM DIFFICULT PROBLEMS TO PROGRAMMING PARADIGMS,Л.В. Городняя,10.38028/ESI.2021.21.1.008,https://doi.org/10.38028/ESI.2021.21.1.008,-,0,2021,maybe,"The full-text accessibility cannot be determined from the abstract alone, though being an academic paper it likely has some form of institutional or library access.",maybe,"The paper appears to be originally in Russian with an English translation provided, which meets the language criterion. However, the original Russian version may affect accessibility.",maybe,"While the paper includes historical analysis, it's not clear if it presents systematic empirical observations about integration challenges between paradigms.",yes,"The paper does address multiple programming paradigms and their relationships, meeting this criterion.",maybe,"The paper does address programming paradigms and their relationships, but focuses more on historical development and categorization rather than formal models or quantitative metrics for compatibility.",maybe,"The abstract mentions ""assessment of similarities and differences"" and ""ranking of problem statements,"" suggesting some systematic analysis, but it's unclear how quantitative this is.",maybe,"The paper appears to be a historical analysis and systematization of programming paradigms, but it's not clear if it's primary research investigating paradigmatic compatibility specifically. It seems more focused on historical development and categorization.",no,"The abstract doesn't explicitly mention validation methods or empirical testing. While it discusses ""analysis"" and ""systematization,"" there's no clear indication of rigorous validation.",Exclude,"The paper explores programming paradigms through a historical and systematic lens, addressing multiple paradigms but lacking clear empirical validation or quantitative metrics for compatibility. While touching on paradigmatic relationships, the study appears more focused on historical development and categorization rather than rigorous investigation of integration challenges or compatibility mechanisms.",2.9,EC6,"The abstract mentions ""assessment of similarities and differences"" and ""ranking of problem statements,"" suggesting some systematic analysis, but it's unclear how quantitative this is.",EC1,"The paper explores programming paradigms through a historical and systematic lens, addressing multiple paradigms but lacking clear empirical validation or quantitative metrics for compatibility. While touching on paradigmatic relationships, the study appears m…"
A metric for measuring the degree of entity-centric service cohesion,"A. Rostampour, A. Kazemi, F. S. Aliee, A. Zamiri, Pooyan Jamshidi",10.1109/SOCA.2010.5707187,https://doi.org/10.1109/SOCA.2010.5707187,IEEE International Conference on Service-Oriented Computing and Applications,16,2010,maybe,"The full-text accessibility of the paper cannot be determined from the abstract alone, which is a common limitation in screening.",yes,"The paper is written in English, meeting this criterion.",maybe,"The study includes empirical evaluation, but not specifically about paradigm integration challenges.",maybe,"While the paper discusses different approaches (entity-centric vs. activity-centric), these are more design patterns within service-oriented architecture rather than distinct programming paradigms.",maybe,"The paper focuses on entity-centric vs. activity-centric approaches in BPM, but does not explicitly address paradigmatic compatibility or integration between programming paradigms. It is more about service design approaches.",yes,"The paper proposes a quantitative metric for measuring service cohesion, meeting this criterion.",maybe,"The paper appears to be primary research proposing a novel metric for measuring service cohesion, which relates to software measurement but is not clearly focused on paradigmatic compatibility. It is more about service-oriented design metrics.",yes,"The abstract mentions that the study was ""empirically evaluated in a small-scaled controlled study,"" meeting this criterion.",Exclude,"The study proposes a novel metric for service cohesion in business process modeling, with empirical validation, but does not directly address paradigmatic compatibility between programming paradigms. While the research includes quantitative components and empirical testing, its focus on service design metrics diverges from the core screening criteria of paradigm integration and compatibility.",2.9,EC1,"The study proposes a novel metric for service cohesion in business process modeling, with empirical validation, but does not directly address paradigmatic compatibility between programming paradigms. While the research includes quantitative components and empi…",EC1,"The study proposes a novel metric for service cohesion in business process modeling, with empirical validation, but does not directly address paradigmatic compatibility between programming paradigms. While the research includes quantitative components and empi…"
Formalizing Adaptation On-the-Fly,"S. Andova, L. Groenewegen, J. Stafleu, E. Vink",10.1016/j.entcs.2009.10.023,https://doi.org/10.1016/j.entcs.2009.10.023,FOCLASA,13,2009,maybe,The full-text accessibility of the paper cannot be determined from the abstract alone.,yes,"The paper is written in English, meeting the publication language criterion.",maybe,The abstract mentions a critical section problem as an illustration but doesn't clearly indicate whether empirical data or systematic observations about paradigm integration are included.,no,The abstract doesn't explicitly mention multiple programming paradigms or their interaction. The focus is on component coordination and adaptation.,no,"While the paper discusses component coordination and adaptation, it doesn't explicitly address paradigmatic compatibility or integration between programming paradigms. The focus appears to be on component-level coordination rather than paradigm-level integration.",maybe,"The paper includes formal analysis through process algebra, suggesting some quantitative components, but these appear focused on component coordination rather than paradigm integration.",maybe,"The paper appears to be primary research investigating coordination between components, but it's not clearly focused on paradigmatic compatibility. It discusses component coordination and adaptation, which is related but not directly aligned with the criterion.",yes,"The abstract mentions ""formal analysis"" through process algebra and includes a ""canonical critical section problem"" as an illustration, suggesting some validation methods are present.",Exclude,"The abstract describes a technical approach to component coordination and adaptation, but lacks clear evidence of addressing paradigmatic compatibility or integration between programming paradigms. While the study includes formal analysis and a critical section problem, it does not explicitly demonstrate focus on multiple programming paradigms or their interoperability. Consequently, the paper does not comprehensively meet the specified screening criteria for paradigmatic compatibility research.",2.7,EC1,The abstract doesn't explicitly mention multiple programming paradigms or their interaction. The focus is on component coordination and adaptation.,EC1,The abstract doesn't explicitly mention multiple programming paradigms or their interaction. The focus is on component coordination and adaptation.
Triune Continuum Paradigm: a paradigm for General System Modeling and its applications for UML and RM-ODP,Andrey Naumenko,-,-,-,25,2002,maybe,"The abstract indicates this is a thesis, which typically has accessible full text through academic channels, but this is not explicitly confirmed.",yes,"The paper is written in English, meeting the language requirement.",maybe,"While the study includes formal implementation and application examples, it's not clear if it includes empirical data about integration challenges. The focus seems more theoretical.",yes,"The study clearly addresses multiple paradigms, specifically integrating UML and RM-ODP frameworks.",yes,"The study explicitly focuses on paradigmatic compatibility, proposing a metamodeling structure that integrates different frameworks (UML and RM-ODP).",maybe,"The study appears to be primarily theoretical and formal, with less emphasis on quantitative measurements or systematic observations.",yes,"This is primary research investigating a new paradigm (Triune Continuum Paradigm) and its integration with other frameworks, meeting the study type requirement.",yes,"The abstract mentions formal presentation and computer-interpretable realization, suggesting the study includes systematic evaluation methods.",Exclude,"A comprehensive thesis exploring paradigmatic compatibility through a novel metamodeling structure that integrates multiple programming frameworks, demonstrating strong theoretical foundations and formal implementation across UML and RM-ODP. The study provides a rigorous approach to system modeling, with clear focus on paradigm integration, though with limited empirical validation and quantitative components. Its primary strength lies in proposing a systematic method for understanding and defining complex software modeling paradigms.",4.3,EC1,"A comprehensive thesis exploring paradigmatic compatibility through a novel metamodeling structure that integrates multiple programming frameworks, demonstrating strong theoretical foundations and formal implementation across UML and RM-ODP. The study provides…",EC1,"A comprehensive thesis exploring paradigmatic compatibility through a novel metamodeling structure that integrates multiple programming frameworks, demonstrating strong theoretical foundations and formal implementation across UML and RM-ODP. The study provides…"
Electronic Communications of the EASST Volume X ( 2010 ) Proceedings of the 4 th International Workshop on Multi-Paradigm Modeling ( MPM 2010 ) A generic in-place transformation-based approach to structured model co-evolution,"B. Meyers, M. Wimmer, A. Cicchetti, J. Sprinkle",-,-,-,40,2010,maybe,"The full-text accessibility of the paper cannot be determined from the abstract alone, but this is typically not a disqualifying factor.",yes,"The paper is written in English, which meets the publication language criterion.",no,"The abstract doesn't explicitly mention empirical data or systematic observations about paradigm integration. While it discusses migration challenges, these are specific to model evolution rather than paradigm compatibility.",no,"The paper doesn't appear to address interactions between different programming paradigms. Instead, it focuses on model evolution within a single paradigm (MDE).",no,"The paper focuses on model evolution and metamodel adaptation, which is related to but not directly focused on paradigmatic compatibility. It deals with model migration rather than paradigm integration.",maybe,"While the paper likely includes systematic observations about model migration, it's not clear if these are quantitative in nature. The abstract doesn't explicitly mention measurements or metrics.",no,"The paper appears to be primary research, but it focuses on model evolution and migration in MDE (Model-Driven Engineering) rather than paradigmatic compatibility specifically. It doesn't clearly align with the core focus of paradigm integration.",maybe,"The abstract mentions ""optimization of the migration execution"" but doesn't explicitly describe validation methods or empirical testing. The reasoning for this criterion is unclear from the abstract.",Exclude,"The abstract describes a technical approach to model evolution in Model-Driven Engineering, but fails to meet most screening criteria related to paradigmatic compatibility and integration. Specifically, the paper lacks clear evidence of empirical validation, quantitative metrics, or exploration of multiple programming paradigms, rendering it misaligned with the systematic review's core objectives.",2.7,EC2,"The paper appears to be primary research, but it focuses on model evolution and migration in MDE (Model-Driven Engineering) rather than paradigmatic compatibility specifically. It doesn't clearly align with the core focus of paradigm integration.",EC2,"The paper appears to be primary research, but it focuses on model evolution and migration in MDE (Model-Driven Engineering) rather than paradigmatic compatibility specifically. It doesn't clearly align with the core focus of paradigm integration."
An empirical study to compare two parallel programming models,"L. Hochstein, V. Basili",10.1145/1148109.1148127,https://doi.org/10.1145/1148109.1148127,ACM Symposium on Parallelism in Algorithms and Architectures,14,2006,maybe,"While the full-text accessibility cannot be determined from the abstract alone, the paper appears to be an academic publication with university affiliations, suggesting it is likely accessible through academic channels.",yes,"The paper is written in English, meeting the language requirement.",yes,"The study provides strong empirical evidence through a controlled experiment with students from two universities, multiple data collection methods, and quantitative results showing a 50% effort reduction.",yes,The study explicitly compares two different programming paradigms (MPI and PRAM).,yes,"The study directly compares two programming paradigms (MPI and PRAM) and measures their compatibility through effort metrics, proposing and evaluating quantitative metrics for comparing these paradigms.",yes,"The study includes multiple quantitative components, such as effort measurements, statistical analysis, and comparative metrics.",yes,"This is primary research investigating paradigmatic compatibility between MPI (message-passing) and PRAM (XMT-C) programming models, directly comparing these paradigms.",yes,"The study includes strong validation methods through empirical testing with human subjects, multiple measurement approaches (self-reported, instrumented, and combined), and statistical analysis (t-test with p < .05).",Include,"This study provides a rigorous empirical investigation of programming paradigm compatibility, comparing MPI and PRAM models through a controlled experiment with quantitative metrics and statistical validation. The research systematically measures effort differences between programming models, offering insights into paradigmatic integration through multiple measurement approaches and statistically significant findings. By addressing multiple programming paradigms with robust empirical methods, the study meets critical screening criteria for systematic review of software measurement and paradigm integration.",4.9,IC,"Meets IC; multi-paradigm, compatibility focus, quantitative component, empirical evidence, validation method, research contribution, supported language.",IC,"Meets IC; multi-paradigm, compatibility focus, quantitative component, empirical evidence, validation method, research contribution, supported language."
A Model-Based Framework for Adapting Interaction Mismatches of Time-Aware Web Services,"Guangquan Zhang, Sheng Wang, Mei Rong, Qingchun Li",10.1109/ICSS.2010.23,https://doi.org/10.1109/ICSS.2010.23,International Conference on Service Science,2,2010,maybe,"The full-text accessibility of the paper cannot be determined from the abstract alone, which is a common limitation in screening.",yes,"The paper is written in English, which meets the publication language criterion.",maybe,"The paper includes empirical evidence through the case study and systematic observations about integration challenges, though again focused on web services rather than programming paradigms.",maybe,"While the paper addresses multiple web services and their integration, it doesn't explicitly focus on different programming paradigms. The focus is more on service composition and interface compatibility.",maybe,"The paper focuses on compatibility and integration, but primarily at the service level rather than programming paradigms. It addresses technical, signature, behavioral, QoS, and semantic mismatches, which are related but not exactly the same as programming paradigm compatibility.",yes,"The study includes formal models and systematic observations, particularly through the timed service protocol formalism and model checking.",maybe,"The paper presents primary research investigating compatibility between web services, which is related to paradigmatic compatibility, but it focuses more on service composition than programming paradigms specifically.",yes,The study includes validation through model checking using UPPAAL and presents a case study (order management system) for empirical testing.,Exclude,"The study presents a formal framework for web service composition with strong methodological elements like model checking and empirical validation, but its primary focus on service integration rather than programming paradigms creates uncertainty about full alignment with the screening criteria. While demonstrating rigorous quantitative approaches and systematic analysis, the paper's domain specificity around web services may limit its direct applicability to the systematic review's core objectives.",3.2,EC1,"The study presents a formal framework for web service composition with strong methodological elements like model checking and empirical validation, but its primary focus on service integration rather than programming paradigms creates uncertainty about full al…",EC1,"The study presents a formal framework for web service composition with strong methodological elements like model checking and empirical validation, but its primary focus on service integration rather than programming paradigms creates uncertainty about full al…"
Component-based modeling of dynamic systems using heterogeneous composition,"Zsolt Lattmann, Adam Nagel, T. Levendovszky, T. Bapty, S. Neema, G. Karsai",10.1145/2508443.2508456,https://doi.org/10.1145/2508443.2508456,MPM '12,8,2012,maybe,"The full-text accessibility of the paper cannot be determined from the abstract alone, which is a common limitation in screening.",yes,"The paper is written in English, which meets the publication language criterion.",maybe,"The abstract does not clearly indicate whether the study includes empirical data or systematic observations, which creates uncertainty about the empirical evidence.",yes,"The paper strongly meets this criterion, as it explicitly addresses multiple paradigms, including ""different paradigms and/or tools"" and specifically mentions Bond Graphs and Modelica models.",yes,"The paper strongly meets this criterion, as it explicitly focuses on ""integration language"" and ""heterogeneous composition"" between different modeling paradigms, including Bond Graphs and Modelica models.",maybe,"While the paper deals with formal modeling, it is unclear from the abstract whether it includes quantitative measurements or systematic observations.",yes,"The paper appears to be primary research investigating paradigmatic compatibility, specifically focusing on integrating different modeling paradigms in Cyber-Physical Systems (CPS), which meets the study type criterion.",maybe,"The abstract does not explicitly mention validation methods or empirical testing, which creates uncertainty about whether the study includes such components.",Exclude,"The study demonstrates strong alignment with screening criteria related to paradigmatic compatibility, multiple programming paradigms, and primary research focus. While the abstract clearly addresses integration of different modeling approaches, significant uncertainties exist regarding empirical validation methods and quantitative evidence. The paper's core contribution centers on developing an integration language for heterogeneous modeling paradigms in Cyber-Physical Systems.",4.3,EC1,"The study demonstrates strong alignment with screening criteria related to paradigmatic compatibility, multiple programming paradigms, and primary research focus. While the abstract clearly addresses integration of different modeling approaches, significant un…",EC1,"The study demonstrates strong alignment with screening criteria related to paradigmatic compatibility, multiple programming paradigms, and primary research focus. While the abstract clearly addresses integration of different modeling approaches, significant un…"
Towards a Hybrid Temporal Paradigm for Musical Composition and Performance: The Case of Musical Interpretation,"M. Desainte-Catherine, A. Allombert, G. Assayag",10.1162/COMJ_a_00179,https://doi.org/10.1162/COMJ_a_00179,Computer Music Journal,23,2013,maybe,The full-text accessibility of the paper cannot be determined from the abstract alone.,yes,"The paper is written in English, which meets the publication language criterion.",no,"The abstract does not indicate any empirical data collection or systematic observations, suggesting that the paper is primarily theoretical.",maybe,"The paper does address two paradigms (writing-oriented and performance-oriented), but these are music composition paradigms, not programming paradigms.",no,"While the paper does address paradigmatic compatibility, it is focused on music composition paradigms rather than programming paradigms.",no,"The abstract does not mention any quantitative measurements or systematic observations, indicating that the paper is primarily theoretical.",no,"The paper appears to be a theoretical study proposing a formalism for music composition, rather than a study focused on programming paradigms or software measurement.",no,"The abstract does not mention any validation methods or empirical testing, indicating that the paper is primarily theoretical.",Exclude,"The abstract describes a theoretical study on music composition paradigms, which fundamentally differs from the required focus on programming paradigms and software measurement. Despite addressing paradigm integration, the paper lacks empirical validation, quantitative components, and direct relevance to programming paradigm compatibility. Consequently, the abstract fails to meet the core screening criteria for the systematic review.",1.4,EC2,"The paper appears to be a theoretical study proposing a formalism for music composition, rather than a study focused on programming paradigms or software measurement.",EC2,"The paper appears to be a theoretical study proposing a formalism for music composition, rather than a study focused on programming paradigms or software measurement."
An on-chip interconnect and protocol stack for multiple communication paradigms and programming models,"Andreas Hansson, K. Goossens",10.1145/1629435.1629450,https://doi.org/10.1145/1629435.1629450,International Conference on Hardware/Software Codesign and System Synthesis,27,2009,maybe,"The full-text accessibility of the paper cannot be determined from the abstract alone, but it is likely available through academic channels.",yes,"The paper is written in English, meeting the language requirement.",maybe,"The study includes quantitative analysis of chip area usage (4% of chip area) and architectural evaluation, providing some empirical evidence.",yes,The study explicitly addresses multiple paradigms (streaming and distributed shared memory communication) and their integration.,maybe,"The paper directly addresses compatibility between different communication paradigms (streaming and distributed shared memory) and programming models, proposing a formal solution. However, this is at the hardware-software interface level rather than pure programming paradigms.",yes,The study includes quantitative measurements and systematic analysis of architectural blocks and chip area usage.,maybe,"The paper is primary research investigating compatibility between different communication paradigms and programming models in SoC design, which is related to but not exactly the same as investigating paradigmatic compatibility in programming.",maybe,"The paper includes quantification of costs and architectural analysis, indicating some empirical validation, though the extent is not fully clear from the abstract.",Exclude,"The study addresses multiple communication paradigms and programming models in System on Chip design, providing quantitative analysis and empirical validation of hardware-software interface integration. While the research demonstrates strong technical merit in paradigmatic compatibility, its focus on hardware-software interfaces rather than pure programming paradigms suggests a peripheral alignment with core review criteria. The work includes systematic observations, quantitative measurements, and architectural analysis across different communication paradigms.",4,EC1,"The study addresses multiple communication paradigms and programming models in System on Chip design, providing quantitative analysis and empirical validation of hardware-software interface integration. While the research demonstrates strong technical merit in…",EC1,"The study addresses multiple communication paradigms and programming models in System on Chip design, providing quantitative analysis and empirical validation of hardware-software interface integration. While the research demonstrates strong technical merit in…"
Parametric/direct CAD integration,Qiang Zou,10.1016/j.cad.2022.103465,https://doi.org/10.1016/j.cad.2022.103465,Comput. Aided Des.,9,2022,maybe,"The full-text accessibility of the paper cannot be determined from the abstract alone, which is a common limitation in screening.",yes,"The paper is written in English, which meets the publication language criterion.",maybe,"The study includes empirical evidence through case studies and comparisons, though the extent is not fully clear from the abstract.",yes,The study explicitly addresses two different paradigms (parametric and direct modeling) and their integration.,yes,"The paper directly addresses paradigmatic compatibility, proposing a framework for integrating parametric and direct modeling paradigms, and specifically focuses on handling ""information inconsistencies"" between these paradigms.",maybe,"The paper appears to include systematic observations and algorithms for detecting and resolving inconsistencies, suggesting the inclusion of quantitative components.",yes,"The paper presents primary research investigating paradigmatic compatibility between parametric and direct modeling paradigms in CAD, which meets the study type criterion.",yes,"The paper includes case studies and comparisons, as well as a preliminary prototype, which indicates that it includes validation methods, empirical testing, or systematic evaluation of its findings or proposed metrics.",Include,"The study presents a comprehensive investigation of paradigmatic compatibility between parametric and direct modeling approaches in CAD, offering a systematic framework for integration with empirical validation through case studies. By addressing information inconsistencies and proposing algorithms for resolving paradigmatic differences, the research demonstrates a rigorous approach to understanding and bridging multiple programming paradigms. The work includes quantitative components, multiple paradigm interactions, and validation methods, making it a strong candidate for in-depth analysis.",4.6,IC,"Meets IC; multi-paradigm, compatibility focus, validation method, research contribution, supported language.",IC,"Meets IC; multi-paradigm, compatibility focus, validation method, research contribution, supported language."
A model for combined targeting and tracking tasks in computer applications,"Ransalu Senanayake, E. Hoffmann, R. Goonetilleke",10.1007/s00221-013-3700-4,https://doi.org/10.1007/s00221-013-3700-4,Experimental Brain Research,22,2013,maybe,The full-text accessibility of the paper cannot be determined from the abstract alone.,yes,"The paper is written in English, meeting the language requirement.",maybe,"The study includes empirical data about integration challenges, but again, not in the context of programming paradigms.",maybe,"The study does address interactions between two paradigms, but they are not programming paradigms.",no,"While the study does examine integration between different paradigms (Drury's and Fitts'), these are not programming paradigms but rather human movement paradigms, which is a critical mismatch with the screening criteria.",yes,The study includes quantitative measurements and systematic observations about movement time.,maybe,"The paper appears to be primary research investigating movement time models and paradigm integration (Drury's and Fitts' paradigms), but this is not specifically about programming paradigms, but rather about human movement paradigms.",yes,The study includes empirical testing through an experiment that captured movement time data.,Exclude,"The abstract describes a study on human movement paradigms, which fundamentally differs from programming paradigms, rendering it incompatible with the screening criteria. While the research demonstrates rigorous empirical methodology and quantitative analysis, its focus on Drury's and Fitts' movement models disqualifies it from the systematic review's requirements. The paper's domain and paradigmatic context are misaligned with the specified screening parameters.",1.4,EC1,"The study does address interactions between two paradigms, but they are not programming paradigms.",EC1,"The study does address interactions between two paradigms, but they are not programming paradigms."
Effects of variability in models: a family of experiments,"Wardah Mahmood, D. Strüber, Anthony Anjorin, T. Berger",10.1007/s10664-021-10112-3,https://doi.org/10.1007/s10664-021-10112-3,Empirical Software Engineering,3,2022,maybe,"The formal academic style of the paper suggests it is likely accessible through academic channels, though this cannot be determined from the abstract alone.",yes,"The paper is written in English, which meets the publication language criterion.",yes,"The paper includes systematic observations and empirical data about the integration and effectiveness of different variability mechanisms across three model types, which meets the empirical evidence criterion.",yes,"The paper explicitly compares two different paradigms (annotative and compositional) and their interactions, which meets the multiple paradigms criterion.",maybe,"The paper focuses on comparing two different paradigms (annotative and compositional) for variability mechanisms in software modeling, which addresses the paradigmatic compatibility focus criterion, even though it is not explicitly about programming paradigms.",yes,"The paper includes quantitative measurements of developer performance and systematic observations across multiple experiments, which meets the quantitative components criterion.",yes,"This is primary research investigating paradigmatic compatibility, specifically comparing annotative and compositional variability mechanisms, which meets the study type criterion.",yes,"The paper includes empirical testing with 164 participants across three experiments and systematic evaluation of performance metrics, which meets the validation methods criterion.",Include,"This study presents a rigorous empirical investigation of variability mechanisms across multiple model types, utilizing systematic experiments with 164 participants to quantitatively compare annotative and compositional approaches. The research provides comprehensive validation through multiple experiments, addressing paradigmatic compatibility through quantitative measurements and empirical evidence across different modeling contexts. By focusing on developer performance and paradigm interactions, the study offers actionable insights into software modeling techniques.",4.6,IC,"Meets IC; multi-paradigm, quantitative component, empirical evidence, validation method, research contribution, supported language.",IC,"Meets IC; multi-paradigm, quantitative component, empirical evidence, validation method, research contribution, supported language."
Dynamic consistency in process algebra: From Paradigm to ACP,"S. Andova, L. Groenewegen, E. Vink",10.1016/j.scico.2010.04.011,https://doi.org/10.1016/j.scico.2010.04.011,Science of Computer Programming,21,2009,maybe,"The technical nature and formal presentation of the paper suggest it is likely an academic paper that would be accessible through standard channels, though this cannot be determined from the abstract alone.",yes,"The paper is written in English, meeting the language requirement.",maybe,"The abstract mentions examples of a scheduling problem, but it is unclear if these provide systematic observations about paradigm integration challenges.",no,"The paper does address translation between Paradigm and process algebra, but these are specific formal systems rather than general programming paradigms.",no,"While the paper deals with ""Paradigm"" as a modeling language, it does not appear to focus on compatibility between different programming paradigms. Instead, it focuses on translating Paradigm models into process algebra.",maybe,"The paper includes formal semantics and verification, suggesting quantitative components, but these appear to be focused on the modeling language rather than paradigm integration.",no,"The paper appears to be primary research focusing on a modeling language (Paradigm) and its relationship to process algebra, but it is not clearly focused on paradigmatic compatibility in the sense of programming paradigms.",maybe,"The abstract mentions ""verification via the mCRL2 toolset"" and includes examples, suggesting some validation methods are present.",Exclude,"The abstract describes a technical modeling language study that, while rigorous and formal, does not directly address programming paradigm compatibility or integration. Despite involving translation between formal systems and including verification methods, the research appears misaligned with the specific screening criteria focused on paradigmatic interactions and software measurement.",2.7,EC2,"The paper appears to be primary research focusing on a modeling language (Paradigm) and its relationship to process algebra, but it is not clearly focused on paradigmatic compatibility in the sense of programming paradigms.",EC2,"The paper appears to be primary research focusing on a modeling language (Paradigm) and its relationship to process algebra, but it is not clearly focused on paradigmatic compatibility in the sense of programming paradigms."
A GUI modeling DSL for pattern-based GUI testing PARADIGM,"Rodrigo M. L. M. Moreira, A. C. Paiva",10.5220/0004880601260135,https://doi.org/10.5220/0004880601260135,International Conference on Evaluation of Novel Approaches to Software Engineering,25,2014,maybe,"The full-text accessibility of the paper cannot be determined from the abstract alone, which is a common limitation in screening.",yes,"The paper is written in English, meeting the publication language criterion.",no,"While the paper includes empirical evaluation, it's not about paradigm integration challenges but rather about GUI testing effectiveness.",no,The paper does not address interactions between different programming paradigms. It focuses on a single domain (GUI testing) and a specific DSL.,no,"The paper does not appear to focus on paradigmatic compatibility or integration between programming paradigms. Instead, it focuses on GUI testing patterns and a DSL for testing.",maybe,"The study appears to include systematic evaluation and measurements, but not specifically related to paradigmatic compatibility.",no,"The paper presents primary research on a testing methodology (PBGT) and a DSL (PARADIGM), but it does not specifically focus on paradigmatic compatibility or integration. Instead, it focuses on GUI testing patterns.",yes,"The paper includes empirical evaluation of PARADIGM, assessing ""diminished modeling efforts, usefulness, graphical power, and acceptability.""",Exclude,"The research paper focuses on GUI testing methodology and a domain-specific language, which fundamentally diverges from the screening criteria's emphasis on paradigmatic compatibility and integration. Despite demonstrating empirical validation and systematic research methods, the study lacks direct engagement with multiple programming paradigms or their compatibility challenges. Consequently, the paper does not align with the core screening requirements for paradigm integration research.",1.4,EC2,"The paper presents primary research on a testing methodology (PBGT) and a DSL (PARADIGM), but it does not specifically focus on paradigmatic compatibility or integration. Instead, it focuses on GUI testing patterns.",EC2,"The paper presents primary research on a testing methodology (PBGT) and a DSL (PARADIGM), but it does not specifically focus on paradigmatic compatibility or integration. Instead, it focuses on GUI testing patterns."
A multi-paradigm modeling and simulation methodology: formalisms and languages,"H. Vangheluwe, G. Vansteenkiste",-,-,-,13,1996,maybe,"The formal academic style of the paper suggests it is likely a published paper, but the full-text accessibility cannot be determined from the abstract alone.",yes,"The paper is written in English, meeting the language requirement.",no,"The abstract does not clearly indicate empirical data or systematic observations, and the paper appears to be more theoretical in nature, discussing concepts and approaches.",yes,"The paper strongly addresses multiple formalisms and their integration, including bond graphs, Petri-nets, differential equations, queueing networks, finite state automata, and entity relationship diagrams.",maybe,"The paper strongly focuses on formalism compatibility and integration, discussing how different modeling languages can be related and transformed between each other. However, it is focused on modeling formalisms rather than programming paradigms specifically.",maybe,"While the paper discusses mathematical relationships and transformations between formalisms, it is not clear if it includes specific quantitative measurements or systematic observations.",maybe,"The paper appears to be primary research investigating formalism compatibility and integration between different modeling paradigms, which is similar to the concept of programming paradigm integration.",no,"The abstract does not explicitly mention validation methods or empirical testing, and the paper appears to be more theoretical in nature, discussing concepts and approaches rather than including systematic evaluation.",Exclude,"The document explores formalism integration across multiple modeling paradigms, demonstrating strong theoretical insights into compatibility and transformation between different modeling languages. While addressing multiple formalisms and their interactions, the text lacks clear empirical validation and focuses more on conceptual modeling rather than direct programming paradigm analysis. The abstract suggests a rigorous approach to understanding complex system representations, but falls short of providing quantitative evidence or specific programming paradigm integration.",3.2,EC6,"While the paper discusses mathematical relationships and transformations between formalisms, it is not clear if it includes specific quantitative measurements or systematic observations.",EC1,"The document explores formalism integration across multiple modeling paradigms, demonstrating strong theoretical insights into compatibility and transformation between different modeling languages. While addressing multiple formalisms and their interactions, t…"
Evaluation of Requirements Models,Catarina Gralha,10.1109/RE.2016.28,https://doi.org/10.1109/RE.2016.28,IEEE International Requirements Engineering Conference,5,2016,maybe,"The full-text accessibility of the paper cannot be determined from the abstract alone, which is a common limitation in screening.",yes,"The paper is written in English, which meets the publication language criterion.",yes,"The study includes systematic empirical data collection through multiple methods, such as biometric measurements, experimental data, stakeholder feedback, and case studies, which meets the empirical evidence criterion.",maybe,"While the paper discusses two approaches (goal-oriented and scenario-based), these are more like different methodologies within requirements engineering rather than distinct programming paradigms, which is a partial match for this criterion.",no,"While the paper discusses different approaches (goal-oriented and scenario-based), it focuses on quality metrics rather than paradigmatic compatibility or integration, which is a weak match for this criterion.",yes,"The paper explicitly focuses on quantitative assessment and metrics, including the GQM approach, biometric measurements, questionnaire data, and model metrics, which meets the quantitative components criterion.",no,"The paper proposes a research study investigating metrics and evaluation frameworks, but does not specifically focus on paradigmatic compatibility. It focuses on requirements engineering approaches and their quality metrics.",yes,"The study includes multiple validation methods, such as biometric data collection, experimental evaluation, case studies, questionnaires, and theoretical evaluation, which meets the validation methods criterion.",Exclude,"The study presents a rigorous research approach with strong empirical and quantitative components, utilizing multiple validation methods including biometric data collection and experimental evaluation. However, the research focuses on requirements engineering quality metrics rather than paradigmatic compatibility, which limits its alignment with the specific screening criteria. While methodologically robust, the paper does not directly address interactions between programming paradigms.",2.9,EC2,"The paper proposes a research study investigating metrics and evaluation frameworks, but does not specifically focus on paradigmatic compatibility. It focuses on requirements engineering approaches and their quality metrics.",EC2,"The paper proposes a research study investigating metrics and evaluation frameworks, but does not specifically focus on paradigmatic compatibility. It focuses on requirements engineering approaches and their quality metrics."
Challenges of Integrating LLMs Like ChatGPT with Enterprise Software and Solving it with Object Messaging and Intelligent Objects as a New Software Design Paradigm,Massoud Alibakhsh,10.1109/CSCE60160.2023.00054,https://doi.org/10.1109/CSCE60160.2023.00054,"2023 Congress in Computer Science, Computer Engineering, & Applied Computing (CSCE)",1,2023,maybe,"The full-text accessibility of the paper cannot be determined from the abstract alone, but this is typically assessed during full-text screening.",yes,"The paper is written in English, meeting the language requirement.",no,"The abstract does not indicate any systematic collection or analysis of empirical data about integration challenges, and the paper appears to be more theoretical in nature.",yes,"The paper does address multiple paradigms (natural language processing vs. structured data/form-based models), meeting this criterion.",maybe,"The paper does address paradigmatic compatibility, specifically between natural language processing (LLMs) and structured data paradigms, but it focuses more on proposing a solution rather than analyzing formal models or metrics of compatibility.",no,The abstract suggests a theoretical/conceptual approach without mentioning any quantitative measurements or systematic observations.,maybe,"The paper appears to be primary research investigating paradigmatic compatibility between LLMs and traditional software applications, but it seems more focused on proposing a solution (OMIO) rather than systematically investigating compatibility.",no,"The abstract does not explicitly mention any validation methods, empirical testing, or systematic evaluation of the proposed OMIO model, which is a significant weakness.",Exclude,"The abstract addresses paradigmatic compatibility between AI and software applications, proposing a novel integration model, but lacks empirical validation and quantitative evidence. While exploring interactions between natural language processing and structured data paradigms, the study appears more conceptual than systematically rigorous, with limited demonstration of methodological depth or measurement approaches.",2.9,EC6,The abstract suggests a theoretical/conceptual approach without mentioning any quantitative measurements or systematic observations.,EC6,The abstract suggests a theoretical/conceptual approach without mentioning any quantitative measurements or systematic observations.
Benchmarking pointing techniques with distractors: adding a density factor to Fitts' pointing paradigm,"R. Blanch, Michael Ortega-Binderberger",10.1145/1978942.1979180,https://doi.org/10.1145/1978942.1979180,International Conference on Human Factors in Computing Systems,34,2011,maybe,"The full-text accessibility of the paper cannot be determined from the abstract alone, which is a common limitation in screening.",yes,"The paper is written in English, which meets the publication language criterion.",no,"While the study includes empirical evidence, it is about pointing techniques and distractor density, not about programming paradigm integration, so it does not meet this criterion.",no,"The study does not address programming paradigms at all, so it does not meet this criterion.",no,"The paper focuses on extending a human-computer interaction paradigm (Fitts' law) rather than programming paradigms, so it does not meet this criterion.",maybe,"The study includes quantitative components and systematic observations, but not in the context of programming paradigms, so it only partially meets this criterion.",no,"The study is primary research, but it focuses on extending Fitts' pointing paradigm for human-computer interaction rather than paradigmatic compatibility in programming, so it does not meet this criterion.",yes,"The study includes empirical testing through controlled experiments comparing five pointing techniques, which meets the validation methods criterion.",Exclude,"The research paper focuses on human-computer interaction and Fitts' law, failing to address programming paradigm compatibility or integration. Despite demonstrating rigorous empirical methodology and quantitative analysis, the study does not meet the core screening criteria related to programming paradigms. Consequently, the paper does not align with the systematic review's specific research focus.",1.4,EC2,"The study is primary research, but it focuses on extending Fitts' pointing paradigm for human-computer interaction rather than paradigmatic compatibility in programming, so it does not meet this criterion.",EC2,"The study is primary research, but it focuses on extending Fitts' pointing paradigm for human-computer interaction rather than paradigmatic compatibility in programming, so it does not meet this criterion."
A Theoretical and Empirical Analysis of Three Slice-Based Metrics for Cohesion,"S. Counsell, T. Hall, David Bowes",10.1142/S0218194010004888,https://doi.org/10.1142/S0218194010004888,International journal of software engineering and knowledge engineering,5,2010,maybe,"The detailed nature of the abstract suggests this is likely a formal academic paper that would be accessible through academic channels, though this cannot be determined from the abstract alone.",yes,"The paper is written in English, which meets the publication language criterion.",yes,"The paper includes clear evidence of empirical testing with ""approximately nine thousand functions from the modules of multiple versions of the Barcode system"" and systematic observations about metric behavior across paradigms, which meets the empirical evidence criterion.",yes,"The paper explicitly addresses both procedural and object-oriented paradigms, comparing metrics between them, which meets the multiple paradigms criterion.",yes,"The paper directly addresses metrics across different paradigms (procedural and OO), comparing their properties and compatibility, which meets the paradigmatic compatibility focus criterion.",yes,"The paper includes multiple quantitative components, such as Tightness and Overlap metrics, Hamming Distance-based metric, statistical analysis of correlations, and empirical measurements across thousands of functions, which meets the quantitative components criterion.",yes,"The paper presents primary research comparing metrics across paradigms, specifically comparing procedural and object-oriented metrics, which meets the study type criterion.",yes,"The paper explicitly mentions both theoretical validation using Kitchenham's properties and empirical validation using manufactured modules and real-world data from the Barcode system, which meets the validation methods criterion.",Include,"This research comprehensively addresses paradigmatic compatibility by comparing software metrics across procedural and object-oriented programming paradigms through rigorous theoretical and empirical validation. The study provides quantitative insights into metric properties, utilizing extensive empirical data from multiple system versions and demonstrating systematic analysis of paradigm integration challenges. Multiple validation methods, including theoretical properties and empirical testing across thousands of functions, strengthen the research's methodological approach to understanding cross-paradigm software measurement.",4.9,IC,"Meets IC; multi-paradigm, compatibility focus, quantitative component, empirical evidence, validation method, research contribution, supported language.",IC,"Meets IC; multi-paradigm, compatibility focus, quantitative component, empirical evidence, validation method, research contribution, supported language."
Metrics and similarities in modeling dependencies between continuous and nominal data,"M. Grabowski, M. Korpusik",-,-,-,3,2013,maybe,The full-text accessibility of the paper cannot be determined from the abstract alone.,yes,"The paper is written in English, meeting the language requirement.",yes,The study includes empirical evidence through algorithm performance comparisons and systematic observations about integration challenges between continuous and nominal data.,maybe,"While the paper deals with different data types (continuous and nominal), it doesn't explicitly address programming paradigms. The focus is more on data type compatibility within an analytical framework.",maybe,"The paper proposes formal models for handling compatibility between different data types within an analytical paradigm, but this is more about data type compatibility than programming paradigm compatibility specifically.",yes,"The paper clearly includes quantitative components, including metrics, similarity functions, and algorithm performance measurements.",maybe,"The paper presents primary research investigating compatibility between different data types (continuous and nominal) within an analytical paradigm, which relates to paradigmatic compatibility but is more focused on data types than programming paradigms specifically.",yes,"The paper includes empirical testing through classifier induction algorithms and k-nn algorithm performance comparisons, indicating the presence of validation methods.",Exclude,"The study addresses data type compatibility within an analytical paradigm, presenting empirical validation and quantitative methods for handling continuous and nominal data. While demonstrating strong methodological rigor, the research focuses more on data type integration than programming paradigm compatibility, which limits its direct alignment with the screening criteria. The paper's technical approach and empirical testing provide valuable insights, but its scope diverges from the specific paradigmatic integration requirements.",2.7,EC1,"The study addresses data type compatibility within an analytical paradigm, presenting empirical validation and quantitative methods for handling continuous and nominal data. While demonstrating strong methodological rigor, the research focuses more on data typ…",EC1,"The study addresses data type compatibility within an analytical paradigm, presenting empirical validation and quantitative methods for handling continuous and nominal data. While demonstrating strong methodological rigor, the research focuses more on data typ…"
AutoNet: Meta-model for Seamless Integration of Timed Automata and Colored Petri Nets,"M. W. Ahmad, Muhammad Waseem Anwar, F. Azam, Yawar Rasheed, Usman Ghani, Mukhtar Ahmad",10.1007/978-3-030-47679-3_26,https://doi.org/10.1007/978-3-030-47679-3_26,International Conference on Computer Information Systems and Industrial Management Applications,1,2020,maybe,The full-text accessibility of the paper cannot be determined from the abstract alone.,yes,"The paper is written in English, meeting the language requirement.",yes,"The study includes empirical evidence through a case study implementation, though the abstract doesn't detail the extent of the empirical data collected.",yes,The study explicitly addresses integration between two different programming paradigms (Timed Automata and Colored Petri nets).,yes,The paper directly addresses paradigmatic compatibility by proposing a formal model (AutoNet) for integrating two different modeling paradigms (Timed Automata and Colored Petri nets).,yes,"The study involves quantitative components through formal modeling and transformation between paradigms, going beyond purely theoretical discussion.",yes,"This is primary research investigating paradigmatic compatibility, specifically proposing a meta-model (AutoNet) for integrating two formal methods (Timed Automata and Colored Petri nets).",yes,"The study includes validation through a case study of traffic light signal modeling, demonstrating empirical testing of their proposed integration approach.",Include,"A comprehensive study proposing a meta-model for integrating Timed Automata and Colored Petri nets, demonstrating strong paradigmatic compatibility through a validated case study of traffic light signal modeling. The research systematically addresses multiple programming paradigms, includes quantitative components, and provides empirical evidence of integration methodology, meeting key screening criteria for paradigmatic research.",4.6,IC,"Meets IC; multi-paradigm, compatibility focus, quantitative component, empirical evidence, validation method, research contribution, supported language.",IC,"Meets IC; multi-paradigm, compatibility focus, quantitative component, empirical evidence, validation method, research contribution, supported language."
Formalization of the RM-ODP foundations based on the Triune Continuum Paradigm,"Andrey Naumenko, A. Wegmann",10.1016/j.csi.2005.10.001,https://doi.org/10.1016/j.csi.2005.10.001,Comput. Stand. Interfaces,8,2007,maybe,"The abstract does not provide enough information to determine if the full text is accessible, but the fact that it is related to an ISO/ITU-T standard suggests it may be accessible through official channels.",yes,"The paper is written in English, meeting the language requirement.",no,"The abstract does not mention any empirical data or systematic observations about paradigm integration, and the paper appears to be primarily theoretical work.",maybe,"While the paper mentions that the Triune Continuum Paradigm can be adapted by different modeling frameworks, it does not appear to focus on interactions between multiple paradigms.",no,"While the paper deals with formal models, it does not appear to focus on paradigmatic compatibility or integration between different programming paradigms. Instead, it focuses on formalizing a single standard (RM-ODP).",maybe,"The paper includes formal semantics and mathematical components, but these are not focused on measuring paradigm compatibility.",maybe,"The paper appears to be primary research investigating the formalization of RM-ODP, but it is not clearly focused on paradigmatic compatibility. While it mentions the Triune Continuum Paradigm, this seems to be a tool rather than the subject of study.",maybe,"The abstract mentions ""definition and implementation"" but does not explicitly describe validation methods or empirical testing, so the reasoning for this criterion is unclear.",Exclude,"The abstract describes a formalization study of RM-ODP that lacks clear evidence of paradigmatic compatibility research, empirical validation, or systematic exploration of programming paradigm interactions. While the paper involves formal semantics and mentions a modeling paradigm, it does not substantively address the core screening criteria related to paradigm integration or compatibility. The study appears more focused on theoretical formalization of a single standard rather than investigating paradigmatic relationships.",2.7,EC1,"While the paper mentions that the Triune Continuum Paradigm can be adapted by different modeling frameworks, it does not appear to focus on interactions between multiple paradigms.",EC1,"While the paper mentions that the Triune Continuum Paradigm can be adapted by different modeling frameworks, it does not appear to focus on interactions between multiple paradigms."
Towards an Approach for Orchestrating Design Space Exploration Problems to Fix Multi-Paradigm Inconsistencies,"S. Herzig, Benjamin Kruse, Federico Ciccozzi, J. Denil, Rick Salay, Dániel Varró",-,-,MPM@MoDELS,4,2014,maybe,"The full-text accessibility of the paper cannot be determined from the abstract alone, which is a common limitation in screening.",yes,"The paper is written in English, meeting this criterion.",maybe,The abstract does not indicate any empirical data or systematic observations about paradigm integration challenges.,yes,"The paper explicitly mentions ""multi-paradigm modeling,"" meeting this criterion.",maybe,"While the paper deals with multi-paradigm modeling, it focuses more on solver orchestration and design space exploration rather than paradigmatic compatibility specifically.",maybe,"The paper appears to involve quantitative aspects through design space exploration and solver operations, but the abstract does not clearly indicate systematic measurements.",maybe,"The paper appears to be primary research investigating a conceptual approach to solver orchestration in multi-paradigm modeling, but it is not primarily focused on paradigmatic compatibility.",maybe,"The abstract does not explicitly mention validation methods or empirical testing, suggesting the paper may be more theoretical in nature.",Exclude,"The abstract describes a conceptual approach to solver orchestration in multi-paradigm modeling, partially meeting criteria related to multiple paradigms and quantitative components. However, the study lacks clear empirical validation, systematic evaluation, and a direct focus on paradigmatic compatibility, which limits its alignment with the comprehensive screening requirements.",2.9,EC1,"The abstract describes a conceptual approach to solver orchestration in multi-paradigm modeling, partially meeting criteria related to multiple paradigms and quantitative components. However, the study lacks clear empirical validation, systematic evaluation, a…",EC1,"The abstract describes a conceptual approach to solver orchestration in multi-paradigm modeling, partially meeting criteria related to multiple paradigms and quantitative components. However, the study lacks clear empirical validation, systematic evaluation, a…"
A generic framework for representing and analyzing model concurrency,"S. Zschaler, Erwan Bousse, Julien Deantoni, B. Combemale",10.1007/s10270-022-01073-2,https://doi.org/10.1007/s10270-022-01073-2,Journal of Software and Systems Modeling,2,2023,maybe,"The technical nature and implementation details of the paper suggest it is likely a formal academic paper with accessible full text, though this cannot be determined from the abstract alone.",yes,"The paper is written in English, meeting the language requirement.",maybe,"The paper includes empirical evidence through implementation and demonstration of the framework with specific examples, though the abstract does not detail the extent of systematic observations.",yes,"The paper explicitly deals with multiple paradigms, specifically mentioning integration of different concurrency models and meta-programming approaches.",yes,"The paper explicitly focuses on integrating different paradigms and concurrency models, proposing formal frameworks for compatibility between different meta-programming approaches.",maybe,"The paper appears to include systematic observations and formal frameworks, though the abstract does not explicitly mention quantitative metrics or measurements.",yes,"The paper presents primary research investigating paradigmatic compatibility, specifically focusing on integrating different concurrency models and meta-programming approaches.",maybe,"The abstract mentions implementation within GEMOC Studio and demonstrates integration of two specific approaches (MoCCML/Java and Henshin), suggesting empirical validation, though the extent is not fully clear.",Include,"The study presents a comprehensive framework for integrating multiple programming paradigms, specifically focusing on concurrency models and meta-programming approaches across different languages. It demonstrates empirical validation through implementation in GEMOC Studio and provides a systematic approach to exploring execution traces across different programming paradigms. The research offers key abstractions and a protocol for integrating concurrent meta-programming approaches, addressing paradigmatic compatibility through a formal, implementable methodology.",4.6,IC,"Meets IC; multi-paradigm, compatibility focus, research contribution, supported language.",IC,"Meets IC; multi-paradigm, compatibility focus, research contribution, supported language."
"Correctness, Completeness, Consistency: Challenges of Migrating Arrowhead System-of-Systems Models","Géza Kulcsár, Johannes Kristan, Sven Erik Jeroschewski",10.1109/NOMS54207.2022.9789830,https://doi.org/10.1109/NOMS54207.2022.9789830,IEEE/IFIP Network Operations and Management Symposium,1,2022,maybe,"The technical nature and reference to specific frameworks suggests the paper is likely an academic publication with accessible full text, though this cannot be determined from the abstract alone.",yes,"The paper is written in English, meeting the language requirement.",maybe,"The abstract mentions an ""actual model migration scenario,"" suggesting some empirical content, but the extent is not clear.",maybe,"While the paper discusses integration between different modeling frameworks, it is not clearly focused on programming paradigms specifically.",maybe,"The paper discusses integration between different modeling frameworks (Cameo, Eclipse Modeling Framework, IncQuery Suite) and addresses consistency challenges, but does not explicitly focus on programming paradigms.",maybe,"The abstract does not explicitly mention quantitative measurements or metrics, focusing more on qualitative aspects of model-based engineering.",maybe,"The paper appears to be primary research investigating model-based systems engineering and integration challenges, though it is not explicitly focused on paradigmatic compatibility.",maybe,"The abstract mentions a ""model migration scenario"" and describes tackling challenges, but does not explicitly state validation methods or empirical testing approaches.",Exclude,"The abstract describes a model-based systems engineering study that partially addresses integration challenges, but lacks clear focus on programming paradigm compatibility. While the paper discusses multiple modeling frameworks and an empirical migration scenario, it does not explicitly demonstrate quantitative validation methods or direct exploration of programming paradigm interactions. The study appears more aligned with systems engineering methodology than the specific screening criteria for paradigmatic compatibility research.",2.9,EC1,"The abstract describes a model-based systems engineering study that partially addresses integration challenges, but lacks clear focus on programming paradigm compatibility. While the paper discusses multiple modeling frameworks and an empirical migration scena…",EC1,"The abstract describes a model-based systems engineering study that partially addresses integration challenges, but lacks clear focus on programming paradigm compatibility. While the paper discusses multiple modeling frameworks and an empirical migration scena…"
A Category-Theoretical Approach to the Formalisation of Version Control in MDE,"Adrian Rutle, A. Rossini, Yngve Lamo, U. Wolter",10.1007/978-3-642-00593-0_5,https://doi.org/10.1007/978-3-642-00593-0_5,Fundamental Approaches to Software Engineering,32,2009,maybe,"The full-text accessibility of the paper cannot be determined from the abstract alone, which is a common limitation in screening.",yes,"The paper is written in English, which meets the publication language criterion.",no,The abstract does not mention any empirical data or systematic observations about paradigm integration.,no,"The paper does not explicitly address interactions between different programming paradigms. While it discusses model evolution, it appears to focus on a single paradigm (MDE).",no,"The paper focuses on formal models for version control in MDE, but does not explicitly address paradigmatic compatibility between different programming paradigms. The focus is more on model evolution and version control.",maybe,"The paper includes formal, mathematical components (category-theoretical constructions) but does not appear to include quantitative measurements or empirical observations.",maybe,"The paper appears to be primary research investigating formal models for version control in MDE, which relates to paradigmatic compatibility, but it is not explicitly focused on paradigm integration.",maybe,"The abstract mentions formalization and analysis of properties, but does not explicitly describe validation methods or empirical testing.",Exclude,"The abstract describes a formal analysis of version control in Model-Driven Engineering, focusing on mathematical constructions rather than paradigmatic compatibility. While the study includes formal models and theoretical analysis, it lacks explicit empirical evidence, validation methods, and direct exploration of interactions between multiple programming paradigms. Consequently, the paper does not comprehensively meet the established screening criteria for paradigm integration research.",2.7,EC1,"The paper does not explicitly address interactions between different programming paradigms. While it discusses model evolution, it appears to focus on a single paradigm (MDE).",EC1,"The paper does not explicitly address interactions between different programming paradigms. While it discusses model evolution, it appears to focus on a single paradigm (MDE)."
Integrated formal methods with richer methodological profiles for the development of multi-perspective systems,A. Galloway,-,-,-,19,1996,maybe,"The paper appears to be a thesis, which typically has accessible full text through academic channels, but this is not explicitly confirmed in the abstract.",yes,"The paper is written in English, meeting this criterion.",maybe,"The abstract does not clearly indicate whether empirical data or systematic observations were collected, and the paper appears more theoretical in nature, focusing on formal integration approaches.",yes,"The paper strongly meets this criterion, explicitly addressing integration between multiple paradigms: Ward/Mellor SA/RT with SCCS, and Z with CCS.",yes,"The paper strongly meets this criterion, as it explicitly focuses on formal models and quantitative metrics for integrating different programming paradigms (structured methods with formal methods, Z with CCS).",yes,"The paper includes formal quantitative components through its mathematical integration of different specification languages, meeting this criterion.",yes,"The paper presents primary research investigating paradigmatic compatibility, specifically focusing on integrating formal methods and structured methods, meeting this criterion.",maybe,"The abstract mentions ""interpretation semantics"" and defines formal integration approaches, but does not explicitly describe validation methods or empirical testing, partially meeting this criterion.",Exclude,"The study presents a comprehensive investigation of paradigmatic compatibility through formal method integration, addressing multiple programming paradigms with rigorous mathematical approaches. While demonstrating strong theoretical foundations in integrating structured and formal methods, the research shows partial evidence of empirical validation and systematic observation. The work's focus on quantitative metrics and multi-paradigm interactions provides significant insights into software specification language integration.",4.3,EC1,"The study presents a comprehensive investigation of paradigmatic compatibility through formal method integration, addressing multiple programming paradigms with rigorous mathematical approaches. While demonstrating strong theoretical foundations in integrating…",EC1,"The study presents a comprehensive investigation of paradigmatic compatibility through formal method integration, addressing multiple programming paradigms with rigorous mathematical approaches. While demonstrating strong theoretical foundations in integrating…"
The model-assisted global query system,Waiman Cheung,-,-,-,19,1992,maybe,"The paper appears to be a thesis, which typically has accessible full text through academic channels, though this is not explicitly confirmed in the abstract.",yes,"The paper is written in English, meeting the language requirement.",maybe,"The study includes empirical work through a prototype system, but the evidence appears focused on database integration rather than programming paradigm integration.",maybe,"While the paper mentions ""other paradigms"" briefly, it primarily focuses on database system integration rather than programming paradigms specifically.",maybe,"The paper discusses integration and compatibility, but primarily at the database/system level rather than programming paradigm level. While it mentions ""other paradigms"" briefly, this isn't the main focus.",maybe,"The paper includes systematic methods and models, but the abstract doesn't explicitly mention quantitative measurements or metrics.",maybe,"The paper presents primary research on system integration and compatibility, but focuses more on database systems than programming paradigms specifically. While it touches on paradigm integration, it's not primarily focused on paradigmatic compatibility.",maybe,"The abstract mentions ""methods are developed and verified using a prototype system,"" indicating some empirical validation, though details are limited.",Exclude,"The research primarily addresses database system integration rather than programming paradigm compatibility, with limited direct focus on paradigmatic interactions. While the study includes empirical validation and systematic methods, its core emphasis on database systems diverges from the specific screening criteria related to programming paradigm integration. Consequently, the paper only partially meets the established screening requirements.",2.9,EC1,"The research primarily addresses database system integration rather than programming paradigm compatibility, with limited direct focus on paradigmatic interactions. While the study includes empirical validation and systematic methods, its core emphasis on data…",EC1,"The research primarily addresses database system integration rather than programming paradigm compatibility, with limited direct focus on paradigmatic interactions. While the study includes empirical validation and systematic methods, its core emphasis on data…"
A Modeling Paradigm for Integrated Modular Avionics Design,"A. Gamatie, Christian Brunette, Romain Delamare, T. Gautier, J. Talpin",10.1109/EUROMICRO.2006.11,https://doi.org/10.1109/EUROMICRO.2006.11,EUROMICRO Conference on Software Engineering and Advanced Applications,26,2006,maybe,"The full-text accessibility of the paper cannot be determined from the abstract alone, but it is likely available through academic channels given the technical nature of the paper.",yes,"The paper is written in English, which meets the publication language criterion.",maybe,The abstract does not explicitly mention empirical data or systematic observations about integration challenges.,yes,"The paper does address integration between different modeling approaches (component-oriented and synchronous), though these are more modeling paradigms than programming paradigms.",maybe,"The paper discusses integration between different modeling approaches (component-oriented and synchronous approaches), but this is more about modeling frameworks than programming paradigms specifically.",maybe,"While the paper involves formal methods and modeling, it is unclear if it includes specific quantitative measurements or metrics.",maybe,"While the paper is primary research, it focuses on a specific modeling framework (MIMAD) rather than explicitly investigating paradigmatic compatibility. However, it does involve integration of different modeling approaches.",yes,"The paper mentions ""formal tools and techniques for validation"" and transformation into POLYCHRONY's models for validation purposes, indicating that it includes validation methods.",Exclude,"The abstract describes a modeling framework for integrated modular avionics design, which partially addresses paradigmatic compatibility through integration of different modeling approaches. While the study involves formal methods and validation techniques, it focuses more on modeling frameworks than explicit programming paradigm interactions, resulting in a nuanced alignment with the screening criteria. The research demonstrates potential relevance to paradigm integration but lacks clear empirical evidence of quantitative paradigm compatibility metrics.",3.2,EC1,"The abstract describes a modeling framework for integrated modular avionics design, which partially addresses paradigmatic compatibility through integration of different modeling approaches. While the study involves formal methods and validation techniques, it…",EC1,"The abstract describes a modeling framework for integrated modular avionics design, which partially addresses paradigmatic compatibility through integration of different modeling approaches. While the study involves formal methods and validation techniques, it…"
Towards Compositional Domain Specific Languages,"Andreas Horst, Bernhard Rumpe",-,-,MPM@MoDELS,9,2013,maybe,The presence of multiple citations and references suggests the paper is likely a formal academic publication that would be accessible through university libraries or other academic channels.,yes,"The paper is written in English, meeting the language requirement.",maybe,"The abstract does not clearly indicate whether empirical data or systematic observations are included, suggesting the paper may be more focused on theoretical discussion and framework description rather than empirical evidence.",yes,"The paper explicitly discusses integration between multiple paradigms, including structural and behavioral languages, and different communication models, indicating a strong focus on multiple paradigms.",yes,"The paper explicitly focuses on ""compositionality at various dimensions"" and discusses integration between different modeling paradigms, including structural and behavioral languages, and synchronous/real-time communication models, indicating a strong focus on paradigmatic compatibility.",maybe,"The abstract does not suggest any quantitative measurements or systematic observations, indicating the paper may be primarily theoretical/conceptual in nature.",yes,"The paper appears to be a review/analysis of DSL compositionality and paradigm integration, which aligns with the criterion of being a systematic review of paradigm integration.",maybe,"The abstract does not explicitly mention validation methods or empirical testing, suggesting the paper may be more of a theoretical discussion rather than including empirical validation.",Exclude,"The abstract demonstrates strong theoretical foundations in domain-specific language compositionality, explicitly addressing multiple programming paradigms and their integration. While the paper shows robust conceptual exploration of paradigmatic compatibility, it lacks clear evidence of empirical validation or quantitative measurement methods. The work appears to be a theoretical analysis of language composition across different modeling dimensions.",3.5,EC1,"The abstract demonstrates strong theoretical foundations in domain-specific language compositionality, explicitly addressing multiple programming paradigms and their integration. While the paper shows robust conceptual exploration of paradigmatic compatibility…",EC1,"The abstract demonstrates strong theoretical foundations in domain-specific language compositionality, explicitly addressing multiple programming paradigms and their integration. While the paper shows robust conceptual exploration of paradigmatic compatibility…"
An Integrative Bargaining Paradigm for Investigating Multidisciplinary Design Tradeoffs,"Clifford E. Brown, Jonathan A. Selvaraj, B. S. Zaff, M. McNeese, R. Whitaker",10.1177/154193129403801608,https://doi.org/10.1177/154193129403801608,-,1,1994,maybe,The full-text accessibility of the paper cannot be determined from the abstract alone.,yes,"The paper is written in English, meeting the language requirement.",no,"The study includes empirical evidence, but it is about design team performance rather than programming paradigm integration.",no,"The paper does not address programming paradigms at all. While it discusses different perspectives in design teams, these are not programming paradigms.",no,The paper does not address programming paradigms or their compatibility. It focuses on design team collaboration and decision-making processes.,maybe,"The study includes quantitative components (comparing performance between novices and experts), but not in relation to programming paradigms.",no,"The paper describes an experimental paradigm for studying design decision-making, but does not appear to focus on paradigmatic compatibility or software measurement. It is about design team collaboration and decision-making.",maybe,"The study includes validation methods, comparing novices and experts to validate their experimental paradigm. However, this validation is not related to programming paradigms.",Exclude,"The abstract describes a study on design team collaboration and decision-making, which fundamentally diverges from the screening criteria focused on programming paradigm compatibility. Despite meeting some methodological criteria like language and validation methods, the paper lacks any substantive connection to programming paradigms, rendering it unsuitable for the intended review. The research's core focus on design team interactions and performance metrics does not align with the required domain of programming paradigm integration.",1.4,EC2,"The paper describes an experimental paradigm for studying design decision-making, but does not appear to focus on paradigmatic compatibility or software measurement. It is about design team collaboration and decision-making.",EC2,"The paper describes an experimental paradigm for studying design decision-making, but does not appear to focus on paradigmatic compatibility or software measurement. It is about design team collaboration and decision-making."
Using Software Requirement Specification as Complexity Metric for Multi-Paradigm Programming Languages,"S. Olabiyisi, B. AdetunjiA., R. OlusiT.",-,-,-,5,2013,maybe,"The full-text accessibility of the paper cannot be determined from the abstract alone, which is a common limitation in screening.",yes,"The paper is written in English, which meets the publication language criterion.",no,"While the study includes empirical testing, it's not related to paradigm integration or interoperability challenges. The empirical evidence is about complexity metrics.",no,The study only mentions C++ and does not address interactions or compatibility between different programming paradigms.,no,The study does not address paradigmatic compatibility or integration between different programming paradigms. It focuses solely on software complexity metrics based on requirements specifications.,maybe,"The study does include quantitative components and systematic measurements, but not in relation to paradigmatic compatibility.",no,"The study is primary research, but it focuses on software complexity metrics rather than paradigmatic compatibility or software measurement in the context of different programming paradigms.",maybe,"The study includes validation methods, testing the proposed metric on 10 different sorting algorithms and comparing it with established metrics. However, this validation is not related to paradigmatic compatibility.",Exclude,"The research paper focuses on software complexity metrics using requirement specifications, but does not address paradigmatic compatibility or integration between programming paradigms. Despite including empirical validation and quantitative components, the study fundamentally diverges from the systematic review's core screening criteria related to multiple programming paradigms and their interactions.",1.4,EC2,"The study is primary research, but it focuses on software complexity metrics rather than paradigmatic compatibility or software measurement in the context of different programming paradigms.",EC2,"The study is primary research, but it focuses on software complexity metrics rather than paradigmatic compatibility or software measurement in the context of different programming paradigms."
5th International Workshop on Multi-Paradigm Modeling for Cyber-Physical Systems (MPM4CPS),"Randy Paredis, Moussa Amrani, Joeri Exelmans, Dominique Blouin, Moharram Challenger, Robert Heinrich",10.1109/models-c59198.2023.00084,https://doi.org/10.1109/models-c59198.2023.00084,ACM/IEEE International Conference on Model Driven Engineering Languages and Systems,0,2023,maybe,The full-text accessibility of the paper cannot be determined from the abstract alone.,yes,"The paper is written in English, which meets the publication language criterion.",no,The abstract doesn't indicate any empirical data or systematic observations about paradigm integration.,no,"While the abstract mentions multiple domains and formalisms, these aren't specifically programming paradigms. The focus is on different engineering and computational domains rather than programming paradigms.",no,"While the abstract discusses integration between different domains and formalisms, it doesn't specifically focus on programming paradigms or their compatibility. The integration discussed is more about domain expertise and workflows.",no,The abstract doesn't mention any quantitative components or measurements. It appears to be more conceptual in nature.,no,The abstract appears to be describing a conceptual overview of Cyber-Physical Systems rather than primary research on paradigmatic compatibility or a systematic review. It doesn't clearly indicate the type of study.,no,"The abstract doesn't mention any validation methods, empirical testing, or systematic evaluation.",Exclude,"The abstract describes Cyber-Physical Systems integration across domains, but fails to meet most screening criteria related to programming paradigm compatibility. Specifically, it lacks empirical evidence, quantitative components, and a clear focus on programming paradigm interactions, rendering it unsuitable for the intended research scope.",2.7,EC2,The abstract appears to be describing a conceptual overview of Cyber-Physical Systems rather than primary research on paradigmatic compatibility or a systematic review. It doesn't clearly indicate the type of study.,EC2,The abstract appears to be describing a conceptual overview of Cyber-Physical Systems rather than primary research on paradigmatic compatibility or a systematic review. It doesn't clearly indicate the type of study.
A Meta‐Model for integrating Human Factors into System Engineering,"K. Amokrane-Ferka, A. Hein",10.1002/iis2.12876,https://doi.org/10.1002/iis2.12876,INCOSE International Symposium,3,2022,maybe,"The full-text accessibility of the paper cannot be determined from the abstract alone, which is a common limitation in screening.",yes,"The paper is written in English, which meets the publication language criterion.",no,"The abstract does not indicate any empirical data or systematic observations, and the paper appears to be more focused on theoretical integration.",maybe,"While the paper does address integration between different modeling approaches, these are not specifically programming paradigms as typically understood (e.g., object-oriented, functional, etc.).",maybe,"The paper does address paradigm integration, specifically between ergonomics modeling languages and SysML/UML, but this is more about domain integration than programming paradigms specifically.",no,"The abstract does not mention any quantitative measurements or systematic observations, and the paper appears to be primarily focused on formal modeling.",yes,"The paper appears to be primary research investigating paradigm integration, specifically integrating ergonomics modeling languages into SysML/UML, which meets the study type criterion.",maybe,"The abstract does not explicitly mention any validation methods or empirical testing, so it is unclear if the study includes such components.",Exclude,"The abstract describes a study on integrating ergonomics modeling languages into SysML/UML, which partially meets some screening criteria but falls short in key areas like empirical validation and quantitative components. While addressing integration between modeling approaches, the work does not specifically focus on programming paradigms as typically defined in software engineering, limiting its alignment with the systematic review's core requirements.",2.7,EC6,"The abstract does not mention any quantitative measurements or systematic observations, and the paper appears to be primarily focused on formal modeling.",EC6,"The abstract does not mention any quantitative measurements or systematic observations, and the paper appears to be primarily focused on formal modeling."
An ontology-based approach for integrating tools supporting the software measurement process,"V. S. Fonseca, M. Barcellos, R. Falbo",10.1016/j.scico.2016.10.004,https://doi.org/10.1016/j.scico.2016.10.004,Science of Computer Programming,18,2017,maybe,"The formal academic style of the paper suggests it is likely available through academic channels, though this cannot be determined from the abstract alone.",yes,"The paper is written in English, meeting the language requirement.",yes,"The paper includes both case study implementation and user feedback data, which meets the empirical evidence requirement.",maybe,"The paper focuses on tool integration rather than programming paradigms, and while it mentions ""various software processes,"" this isn't specifically about programming paradigms, which is a weak match for this criterion.",maybe,"While the paper deals with integration, it focuses on tool integration and semantic compatibility rather than programming paradigms specifically, which is a weak match for this criterion.",maybe,"The paper includes systematic evaluation, but it's unclear how much quantitative measurement is involved beyond tool integration metrics, which is a moderate match for this criterion.",maybe,"The paper presents primary research (OBA-MSI) and includes empirical validation through a case study, but it focuses on tool integration rather than paradigmatic compatibility specifically.",yes,"The paper includes both a case study and user survey for validation, following Design Science Research methodology, which meets the validation methods requirement.",Exclude,"The study presents a robust methodology for tool integration using ontologies, with strong empirical validation through case studies and user surveys. However, the research primarily addresses semantic tool integration rather than programming paradigm compatibility, resulting in limited alignment with the specific screening criteria focused on paradigmatic interactions. While methodologically sound, the paper's core focus diverges from the targeted research domain of paradigmatic compatibility.",2.7,EC1,"The study presents a robust methodology for tool integration using ontologies, with strong empirical validation through case studies and user surveys. However, the research primarily addresses semantic tool integration rather than programming paradigm compatib…",EC1,"The study presents a robust methodology for tool integration using ontologies, with strong empirical validation through case studies and user surveys. However, the research primarily addresses semantic tool integration rather than programming paradigm compatib…"
Analyzing Mediated Service Protocol Interactions Considering User's Expectation,"Zhangbing Zhou, H. Chao, Sami Bhiri, Lei Shu, M. Hauswirth",-,-,-,3,2010,maybe,"The full-text accessibility of the paper cannot be determined from the abstract alone, which is a common limitation in screening.",yes,"The paper is written in English, which meets the publication language criterion.",no,The abstract doesn't explicitly mention empirical data collection or systematic observations. The focus appears to be on formal verification rather than empirical evidence.,no,"While the paper addresses different service protocols, these are not explicitly different programming paradigms. The focus is on service-oriented computing protocols rather than programming paradigms like object-oriented, functional, or procedural programming.",maybe,"The paper focuses on protocol compatibility and adaptation between services, which is related to but not exactly the same as programming paradigm compatibility. It does propose formal models for compatibility analysis.",maybe,"The paper includes formal modeling and verification, which are quantitative components, but it's unclear if there are empirical measurements.",maybe,"The paper presents primary research investigating compatibility between service protocols, which is related to paradigmatic compatibility. However, it focuses specifically on service-oriented computing rather than general programming paradigms.",maybe,"The paper proposes a ""formal technique to verify"" and mentions ""formal verification,"" indicating systematic evaluation methods. However, it's unclear if empirical testing is included.",Exclude,"The study presents a formal technique for service protocol compatibility verification, focusing on service-oriented computing rather than direct programming paradigm integration. While demonstrating systematic analysis and formal modeling, the research lacks clear empirical evidence and does not directly address multiple programming paradigms. The paper's approach to protocol adaptation provides insights into compatibility challenges, but its scope is more narrowly defined within service-oriented computing protocols.",3.2,EC1,"While the paper addresses different service protocols, these are not explicitly different programming paradigms. The focus is on service-oriented computing protocols rather than programming paradigms like object-oriented, functional, or procedural programming.",EC1,"While the paper addresses different service protocols, these are not explicitly different programming paradigms. The focus is on service-oriented computing protocols rather than programming paradigms like object-oriented, functional, or procedural programming."
Semantic integration of IEC 60870 into CIM,"Yoseba K. Penya, Aitor Peña, O. K. Esteban",10.1109/SmartGridComm.2011.6102360,https://doi.org/10.1109/SmartGridComm.2011.6102360,IEEE International Conference on Smart Grid Communications,6,2011,maybe,"The full-text accessibility of the paper cannot be determined from the abstract alone, which is a common limitation in screening.",yes,"The paper is written in English, meeting the publication language criterion.",maybe,"The paper includes a proof-of-case implementation, but this appears to be more of a demonstration than systematic empirical observation about paradigm integration.",no,"While the paper deals with multiple standards and technologies (Semantic Web, IEC 60870, CIM), these are not programming paradigms in the sense intended by the criteria.",no,"While the paper discusses integration between different standards (IEC 60870 and CIM), this is not about programming paradigms. The focus is on protocol and data model integration in smart grids.",no,The abstract doesn't clearly indicate quantitative measurements or systematic observations. The focus appears to be on mapping and implementation.,no,"The paper appears to be primary research, but it focuses on protocol integration rather than programming paradigm compatibility. It does not investigate paradigmatic compatibility in the sense intended by the criteria.",maybe,"The abstract mentions a ""proof-of-case"" implementation, suggesting some validation, but it's not clear if this includes systematic evaluation or empirical testing.",Exclude,"The abstract describes a technical implementation of protocol integration in smart grid systems, focusing on mapping IEC 60870 services to CIM using Semantic Web technologies. Despite being a research paper with a proof-of-case implementation, it does not address programming paradigm compatibility or integration as specified in the screening criteria. Consequently, the paper falls outside the systematic review's intended scope.",1.4,EC2,"The paper appears to be primary research, but it focuses on protocol integration rather than programming paradigm compatibility. It does not investigate paradigmatic compatibility in the sense intended by the criteria.",EC2,"The paper appears to be primary research, but it focuses on protocol integration rather than programming paradigm compatibility. It does not investigate paradigmatic compatibility in the sense intended by the criteria."
An Integrative Framework to Protocol Analysis and Repair: Bellare-Rogaway Model + Planning + Model Checker,Kim-Kwang Raymond Choo,10.15388/INFORMATICA.2007.193,https://doi.org/10.15388/INFORMATICA.2007.193,Informatica,4,2007,maybe,"The full-text accessibility of the paper cannot be determined from the abstract alone, though the institutional affiliation suggests it may be accessible through academic channels.",yes,"The paper is written in English, meeting the language requirement.",yes,The study provides empirical evidence through systematic analysis of a specific protocol (3P-ID-SPK) and demonstrates concrete findings.,yes,"The paper explicitly addresses integration between multiple paradigms: computational complexity, computer security, and AI planning.",yes,"The paper explicitly focuses on integrating different paradigms (computational complexity, computer security, and AI planning) and demonstrates formal modeling through APA.",yes,The study includes quantitative components through formal modeling and automated analysis using SHVT.,yes,"This is primary research investigating paradigmatic compatibility, specifically integrating computational complexity and computer security paradigms with AI planning.",yes,The study includes empirical testing through model checking using SHVT and demonstrates validation through finding and repairing a protocol flaw.,Include,"This research integrates multiple programming paradigms through a rigorous empirical approach, demonstrating systematic validation of computational complexity, computer security, and AI planning interactions. The study provides quantitative evidence of paradigmatic compatibility by formally modeling and analyzing a specific protocol, with clear methodological validation through model checking and protocol repair techniques.",4.6,IC,"Meets IC; multi-paradigm, compatibility focus, quantitative component, empirical evidence, validation method, research contribution, supported language.",IC,"Meets IC; multi-paradigm, compatibility focus, quantitative component, empirical evidence, validation method, research contribution, supported language."
Semantic matching in machine reading comprehension: An empirical study,"Qian Liu, Rui Mao, Xiubo Geng, Erik Cambria",10.1016/j.ipm.2022.103145,https://doi.org/10.1016/j.ipm.2022.103145,Information Processing & Management,22,2022,maybe,"The full-text accessibility of the paper cannot be determined from the abstract alone, which is a common limitation in screening.",yes,"The paper is written in English, which meets the publication language criterion.",no,"The paper includes empirical evidence, but it's about MRC performance rather than programming paradigm integration.",no,"The paper does compare different approaches, but these are not programming paradigms. The focus is entirely on machine reading comprehension techniques.",no,"The paper does not address programming paradigms or their compatibility. While it discusses ""different paradigms,"" these refer to semantic matching approaches in MRC, not programming paradigms.",maybe,"The study includes quantitative components and systematic observations, but not in the context of programming paradigms.",no,"The paper is primary research, but it focuses on machine reading comprehension rather than paradigmatic compatibility. While it does compare different approaches, these are not programming paradigms.",maybe,"The paper includes empirical testing and systematic evaluation, comparing different setups across four MRC datasets. However, this validation is not related to programming paradigms.",Exclude,"The abstract describes a machine reading comprehension study that does not address programming paradigms or their compatibility, failing key screening criteria related to paradigmatic integration. Despite being a rigorous empirical research paper with quantitative components, its focus on semantic matching in AI renders it unsuitable for the systematic review's specific requirements. The paper's content fundamentally diverges from the targeted research domain of programming paradigm interactions.",1.4,EC2,"The paper is primary research, but it focuses on machine reading comprehension rather than paradigmatic compatibility. While it does compare different approaches, these are not programming paradigms.",EC2,"The paper is primary research, but it focuses on machine reading comprehension rather than paradigmatic compatibility. While it does compare different approaches, these are not programming paradigms."
Migration among simulation paradigms and tools,"Mairita Zaķe, E. Ginters",-,-,-,3,2014,maybe,The abstract does not provide enough information to determine the full-text accessibility of the paper.,yes,"The paper is written in English, which meets the publication language criterion.",no,The abstract does not clearly indicate whether empirical data or systematic observations are included.,maybe,"The paper does address different simulation methods and their compatibility, but these are not specifically programming paradigms as intended in the criteria.",no,"While the paper addresses compatibility issues, it focuses on simulation model compatibility rather than programming paradigm compatibility specifically. This is a significant deviation from the intended focus.",no,The abstract does not explicitly mention quantitative components or measurements.,maybe,"The paper appears to be primary research investigating model compatibility and migration, which is related to paradigmatic compatibility. However, it focuses specifically on simulation models rather than programming paradigms in general.",no,"The abstract does not explicitly mention any validation methods or empirical testing. It only states that the paper ""dealt with determination of basic principles.""",Exclude,"The abstract addresses simulation model compatibility but diverges significantly from the screening criteria's focus on programming paradigm integration. While written in English, the study lacks clear evidence of validation methods, empirical testing, or quantitative components related to programming paradigms. The narrow focus on simulation models rather than broader programming paradigm compatibility suggests limited alignment with the intended research scope.",2.7,EC1,"The paper does address different simulation methods and their compatibility, but these are not specifically programming paradigms as intended in the criteria.",EC1,"The paper does address different simulation methods and their compatibility, but these are not specifically programming paradigms as intended in the criteria."
USE OF MODELLING PARADIGMS : AN EXPLANATORY STUDY OF SD AND ABM MODELS,"Adriana Ortiz, F. O. Sveen, J. M. Sarriegi, Javier Santos",-,-,-,3,2008,maybe,The full-text accessibility of the paper cannot be determined from the abstract alone.,yes,"The paper is written in English, meeting the language requirement.",yes,"The study includes empirical data from four simulation projects, with two from each paradigm, and the abstract mentions ""results"" from these practical applications.",yes,The study explicitly focuses on two different paradigms (System Dynamics and Agent Based Modeling) and their interaction.,yes,"The paper directly addresses paradigmatic compatibility by examining methodological issues between System Dynamics and Agent Based Modeling paradigms, and specifically looks at how these paradigms are applied in practice and the difficulties encountered.",maybe,"While the study appears to be systematic, the abstract doesn't explicitly mention quantitative measurements, but the assessment of simulation projects suggests some systematic observation.",yes,"The paper appears to be primary research investigating paradigmatic compatibility between System Dynamics and Agent Based Modeling, which aligns with the study type criterion.",maybe,"The study includes an assessment of four different simulation projects, suggesting empirical evaluation, but the specific validation methods are not detailed in the abstract.",Include,"The study systematically examines methodological interactions between System Dynamics and Agent Based Modeling paradigms through an empirical assessment of four simulation projects. By exploring practical challenges and potential improvements in model building processes, the research provides insights into paradigmatic compatibility and integration across different modeling approaches. The work demonstrates a rigorous approach to understanding how different modeling paradigms can be applied and potentially enhanced through comparative analysis.",4.6,IC,"Meets IC; multi-paradigm, compatibility focus, empirical evidence, research contribution, supported language.",IC,"Meets IC; multi-paradigm, compatibility focus, empirical evidence, research contribution, supported language."
A schema for computer-human interface design,"Stanley W. Driskel, A. Feldt, B. Galler",-,-,-,1,1994,maybe,"The full-text accessibility of the paper cannot be determined from the abstract alone, which is a common limitation in screening.",yes,"The paper is written in English, meeting the publication language criterion.",no,"The paper includes empirical evidence, but it's focused on interface usability rather than paradigm integration challenges.",maybe,"The paper does address multiple approaches (Object-Oriented and GOMS), but again, this is not the primary focus of the research.",no,"While the paper does integrate two approaches (OO and GOMS), it's not focused on paradigmatic compatibility or integration as its primary goal. The integration is a means to an end (interface design) rather than the subject of study.",yes,"The paper has strong quantitative components, including metrics based on Shannon's Information Theory and Fitts' Index of Difficulty, meeting the quantitative components criterion.",no,"The paper presents primary research, but its focus is on human-computer interface design rather than paradigmatic compatibility. While it does integrate the Object-Oriented paradigm with the GOMS model, this integration is for interface design purposes, not paradigm compatibility research.",yes,"The paper includes empirical validation through an experiment with 42 subjects and systematic evaluation of metrics, meeting the validation methods criterion.",Exclude,"The study presents a human-computer interface design methodology that integrates Object-Oriented and GOMS approaches, but does not primarily focus on paradigmatic compatibility. While the research includes empirical validation, quantitative metrics, and multiple paradigms, its core objective is interface design rather than paradigm integration. Consequently, the paper only partially meets the screening criteria for a systematic review of paradigmatic compatibility.",2.9,EC2,"The paper presents primary research, but its focus is on human-computer interface design rather than paradigmatic compatibility. While it does integrate the Object-Oriented paradigm with the GOMS model, this integration is for interface design purposes, not pa…",EC2,"The paper presents primary research, but its focus is on human-computer interface design rather than paradigmatic compatibility. While it does integrate the Object-Oriented paradigm with the GOMS model, this integration is for interface design purposes, not pa…"
Usability testing with total-effort metrics,"L. Feldman, Carl J. Mueller, D. Tamir, Oleg V. Komogortsev",10.1109/ESEM.2009.5316022,https://doi.org/10.1109/ESEM.2009.5316022,International Symposium on Empirical Software Engineering and Measurement,5,2009,maybe,"The full-text accessibility of the paper cannot be determined from the abstract alone, which is a common limitation in screening.",yes,"The paper is written in English, meeting the language requirement.",no,"While the study includes empirical data, it is not related to programming paradigm integration or interoperability. The empirical evidence is about interface usability.",no,The study does not address multiple programming paradigms. It focuses on interface layout and usability testing.,no,"The paper does not address paradigmatic compatibility or integration between programming paradigms. Instead, it focuses on usability metrics and interface layout.",yes,"The study has strong quantitative components (time-on-task, keystrokes, eye movement metrics), but these are not related to programming paradigms.",no,"The paper is primary research, but it focuses on usability testing and metrics rather than paradigmatic compatibility or software measurement, which are the required study types.",yes,"The study includes empirical testing and validation through quantitative measurements of user interaction, meeting the validation methods criterion.",Exclude,"The study focuses on usability testing and interface design, fundamentally diverging from the required focus on programming paradigm compatibility. Despite strong empirical and quantitative methodologies, the research fails to address key screening criteria related to paradigm integration, interoperability, and multiple programming paradigms. Consequently, the paper does not meet the essential requirements for inclusion in the targeted research domain.",1.4,EC2,"The paper is primary research, but it focuses on usability testing and metrics rather than paradigmatic compatibility or software measurement, which are the required study types.",EC2,"The paper is primary research, but it focuses on usability testing and metrics rather than paradigmatic compatibility or software measurement, which are the required study types."
Assessing the Alignment of FOL Closeness Metrics with Human Judgement,"Ramya Keerthy Thatikonda, W. Buntine, Ehsan Shareghi",10.48550/arXiv.2501.08613,https://doi.org/10.48550/arXiv.2501.08613,arXiv.org,1,2025,maybe,"The technical nature and recent publication of the paper suggest it is likely accessible through academic channels, though this cannot be determined from the abstract alone.",yes,"The paper is written in English, meeting the language requirement.",maybe,"The study includes empirical data, but it's focused on metric evaluation rather than paradigm integration challenges.",maybe,"While the study involves both LLMs and FOL, it's not primarily focused on their compatibility or integration as programming paradigms.",no,"The paper touches on integration between LLMs and FOL, but doesn't focus on paradigmatic compatibility as its primary goal. Instead, it focuses on evaluating metrics for FOL translation.",yes,"The study includes multiple quantitative metrics (BLEU, Smatch++, BertScore) and systematic evaluation, meeting the quantitative components criterion.",no,"The paper is primary research, but it focuses on evaluating metrics for First-Order Logic translation rather than paradigmatic compatibility specifically. While it involves programming paradigms (LLMs and FOL), the focus is not on paradigm integration.",yes,"The study includes empirical testing, systematic evaluation, and human validation of metrics, meeting the validation methods criterion.",Exclude,"The study involves multiple programming paradigms (LLMs and First-Order Logic) and includes robust empirical validation methods, but its primary focus on metric evaluation for FOL translation diverges from the core screening criteria of paradigmatic compatibility. While the research demonstrates strong quantitative components and systematic evaluation, it does not centrally address paradigm integration or compatibility challenges.",2.9,EC2,"The paper is primary research, but it focuses on evaluating metrics for First-Order Logic translation rather than paradigmatic compatibility specifically. While it involves programming paradigms (LLMs and FOL), the focus is not on paradigm integration.",EC2,"The paper is primary research, but it focuses on evaluating metrics for First-Order Logic translation rather than paradigmatic compatibility specifically. While it involves programming paradigms (LLMs and FOL), the focus is not on paradigm integration."
Supply Chain Integration through Performance Measurement,S. Holmberg,-,-,-,18,2000,maybe,"The paper is likely accessible through university libraries or archives, though this is not explicitly confirmed in the abstract.",yes,"The paper is written in English, meeting the language requirement.",no,"The study includes empirical data from case studies, but not about programming paradigm integration, so it does not meet this criterion.",no,"While the study discusses integration between different firms, it does not address programming paradigms, so it does not meet this criterion.",no,"While the study discusses integration and measurement systems, it focuses on business supply chains rather than programming paradigms, so it does not meet this criterion.",no,"The study includes measurement systems and metrics, but in a business context rather than programming paradigms, so it does not meet this criterion.",no,"The paper is primary research, but it focuses on measurement systems in supply chains rather than paradigmatic compatibility in programming, so it does not meet this criterion.",yes,"The study uses case study research with three cases and empirical data collection, meeting the validation methods criterion.",Exclude,"The research paper focuses on supply chain measurement systems and does not address programming paradigms, failing to meet most screening criteria related to paradigmatic compatibility. Despite being a rigorous empirical study with case research, the work is fundamentally misaligned with the review's specific requirements for programming paradigm integration. Consequently, the paper does not qualify for inclusion based on the established screening criteria.",1.4,EC2,"The paper is primary research, but it focuses on measurement systems in supply chains rather than paradigmatic compatibility in programming, so it does not meet this criterion.",EC2,"The paper is primary research, but it focuses on measurement systems in supply chains rather than paradigmatic compatibility in programming, so it does not meet this criterion."
Applying an MDA-based approach for enhancing the validation of business process models,"Nemury Silega Martínez, Manuel Noguera",10.1016/j.procs.2021.03.094,https://doi.org/10.1016/j.procs.2021.03.094,ANT/EDI40,5,2021,maybe,"The full-text accessibility of the paper cannot be determined from the abstract alone, which is a common limitation in screening.",yes,"The paper is written in English, which meets the publication language criterion.",no,The abstract doesn't explicitly mention empirical data or systematic observations. It describes an approach but doesn't clearly indicate whether it's been empirically tested.,no,"While the paper does address multiple approaches (BPMN, MDA, ontologies), these are modeling paradigms rather than programming paradigms.",no,"While the paper does address integration between different modeling approaches, it focuses on business process modeling rather than programming paradigms specifically. The integration is between BPMN, MDA, and ontologies, which are modeling approaches rather than programming paradigms.",no,The abstract doesn't clearly indicate quantitative components or measurements. The focus appears to be on formal modeling and integration approaches.,maybe,"The paper appears to be primary research investigating integration between different modeling approaches (BPMN, MDA, ontologies), but it is not specifically focused on programming paradigms, rather on business process modeling paradigms.",maybe,"The abstract mentions ""semantic validation"" and ""automate the analysis of business process models,"" suggesting some validation methods are included, though details are limited.",Exclude,"The abstract describes a research approach integrating business process modeling techniques, but fails to meet key screening criteria related to programming paradigms, empirical validation, and quantitative components. While addressing multiple modeling approaches, the study does not focus on programming paradigm compatibility or provide clear evidence of systematic testing or measurement. Consequently, the paper does not align sufficiently with the specified screening requirements.",2.7,EC1,"While the paper does address multiple approaches (BPMN, MDA, ontologies), these are modeling paradigms rather than programming paradigms.",EC1,"While the paper does address multiple approaches (BPMN, MDA, ontologies), these are modeling paradigms rather than programming paradigms."
"(Meta-)Models, Tools and Infrastructures for Business Application Integration","R. Kutsche, N. Milanovic",10.1007/978-3-540-78942-0_55,https://doi.org/10.1007/978-3-540-78942-0_55,International United Information Systems Conference,7,2008,maybe,The full-text accessibility of the paper cannot be determined from the abstract alone.,yes,"The paper is written in English, meeting the language requirement.",no,No empirical evidence or systematic observations about paradigm integration are mentioned in the abstract.,no,"While the paper discusses different levels of modeling (CIM, PIM, PSM), these are not programming paradigms in the sense required by the criteria. The focus is on different levels of abstraction rather than different programming paradigms.",no,"While the paper discusses integration, it is focused on business process integration and MDA (Model-Driven Architecture) rather than programming paradigm compatibility. The integration discussed is at a different level than what is required.",no,The abstract does not indicate any quantitative components or measurements. The paper appears to be primarily theoretical and methodological.,no,"The paper appears to be primary research focused on integration, but it is specifically about business process integration rather than paradigmatic compatibility. It does not directly address paradigm integration in the sense required by the criteria.",no,The abstract does not mention any validation methods or empirical testing. The paper appears to be primarily focused on describing a framework and methodology.,Exclude,"The abstract describes a business process integration framework using MDA modeling strategies, but fails to meet the systematic review's core criteria related to programming paradigm compatibility. Specifically, the study lacks empirical validation, quantitative components, and direct focus on programming paradigm interactions, rendering it misaligned with the review's requirements.",2.5,EC2,"The paper appears to be primary research focused on integration, but it is specifically about business process integration rather than paradigmatic compatibility. It does not directly address paradigm integration in the sense required by the criteria.",EC2,"The paper appears to be primary research focused on integration, but it is specifically about business process integration rather than paradigmatic compatibility. It does not directly address paradigm integration in the sense required by the criteria."
Automatizing the Evaluation of Model Matching Systems,"Kelly Garcés, Wolfgang Kling, F. Jouault",-,-,-,3,2010,maybe,"The full-text accessibility of the paper cannot be determined from the abstract alone, which is a common limitation in screening.",yes,"The paper is written in English, meeting this criterion.",maybe,"While the paper mentions evaluation, the abstract doesn't explicitly state whether empirical data is included. The reference to OAEI suggests some empirical component, but this is uncertain.",yes,"The paper clearly addresses two paradigms (MDE and Semantic Web), meeting this criterion.",yes,"The paper directly addresses compatibility between MDE and Semantic Web paradigms, proposing a mechanism for integration, meeting this criterion.",maybe,"The abstract mentions ""evaluation of model matching algorithms"" but doesn't explicitly detail quantitative measurements. This partially meets the criterion.",yes,"The paper appears to be primary research investigating compatibility between MDE and Semantic Web paradigms, meeting this criterion.",maybe,"The abstract mentions ""evaluation of model matching algorithms"" and references OAEI, suggesting some validation methodology, though details are limited. This partially meets the criterion.",Exclude,"The study explores paradigmatic compatibility between Model-Driven Engineering and Semantic Web, proposing a mechanism for model matching algorithm evaluation. While demonstrating strong potential in addressing multiple programming paradigms, the abstract leaves some uncertainty regarding the depth of empirical validation and quantitative analysis. The research appears to offer a technical approach to integrating different software engineering paradigms with potential systematic evaluation methods.",4.3,EC1,"The study explores paradigmatic compatibility between Model-Driven Engineering and Semantic Web, proposing a mechanism for model matching algorithm evaluation. While demonstrating strong potential in addressing multiple programming paradigms, the abstract leav…",EC1,"The study explores paradigmatic compatibility between Model-Driven Engineering and Semantic Web, proposing a mechanism for model matching algorithm evaluation. While demonstrating strong potential in addressing multiple programming paradigms, the abstract leav…"
PolyCARE: a tool for re-engineering multi-language program integrations,P. Linos,10.1109/ICECCS.1995.479355,https://doi.org/10.1109/ICECCS.1995.479355,Proceedings of First IEEE International Conference on Engineering of Complex Computer Systems. ICECCS'95,16,1995,maybe,"The full-text accessibility of the paper cannot be determined from the abstract alone, which is a common limitation in screening.",yes,"The paper is written in English, meeting the publication language criterion.",yes,"The paper includes observations about integration challenges, particularly regarding the combination of object-oriented and functional programming characteristics, meeting the empirical evidence criterion.",yes,"The paper explicitly addresses multiple paradigms, specifically mentioning object-oriented (C++) and functional (Lisp) programming paradigms, strongly meeting the multiple paradigms criterion.",yes,"The paper explicitly focuses on formalizing program components and dependencies between different programming paradigms, including specific examples of object-oriented and functional paradigms, strongly meeting the paradigmatic compatibility focus criterion.",maybe,"The paper appears to include systematic observations and formal analysis, though the abstract doesn't explicitly mention quantitative metrics, partially meeting the quantitative components criterion.",yes,"The paper presents primary research investigating paradigmatic compatibility through a tool (PolyCARE) that analyzes multi-language program integrations, meeting the study type criterion.",maybe,"The abstract mentions ""early experiences"" with the tool, suggesting some empirical testing, though the extent of validation is not clearly detailed, partially meeting the validation methods criterion.",Include,"The study presents a comprehensive approach to multi-paradigm program integration, focusing on formalizing and analyzing interactions between different programming paradigms through a specialized tool. By addressing object-oriented and functional programming characteristics, the research provides empirical insights into integration challenges and proposes systematic methods for understanding complex program dependencies. The work demonstrates strong potential for advancing understanding of paradigmatic compatibility through quantitative and qualitative analysis.",4.6,IC,"Meets IC; multi-paradigm, compatibility focus, empirical evidence, research contribution, supported language.",IC,"Meets IC; multi-paradigm, compatibility focus, empirical evidence, research contribution, supported language."
Multilingual and multiparadigm integration of a tuple channel-based coordination model,"M. Díaz, B. Rubio, J. M. Troya",10.1145/330560.330668,https://doi.org/10.1145/330560.330668,ACM Symposium on Applied Computing,2,1998,maybe,"The full-text accessibility of the paper cannot be determined from the abstract alone, which is a common limitation in screening.",yes,"The paper is written in English, which meets the publication language criterion.",maybe,"The abstract does not clearly indicate whether empirical data or systematic observations are included, which creates uncertainty about whether this criterion is met.",yes,"The paper strongly meets this criterion, as it explicitly addresses three different paradigms (imperative, declarative, and object-oriented) through C, Haskell, and Smalltalk.",yes,"The paper strongly meets this criterion, as it directly addresses integration of a coordination model across different programming paradigms (imperative, declarative, and object-oriented).",maybe,"The abstract suggests a formal model (Tuple Channels) but does not explicitly mention quantitative measurements or systematic observations, which creates uncertainty about whether this criterion is met.",yes,"The paper appears to be primary research investigating paradigmatic compatibility, specifically focusing on integrating a coordination model across different paradigms, which meets the study type criterion.",maybe,"The abstract does not explicitly mention validation methods or empirical testing, which creates uncertainty about whether this criterion is met.",Exclude,"The study demonstrates strong alignment with paradigmatic compatibility research by integrating a coordination model across multiple programming paradigms using C, Haskell, and Smalltalk. While the abstract clearly shows a focus on paradigm integration, significant uncertainties exist regarding empirical validation methods and quantitative evidence. The research appears promising but requires full-text review to confirm its methodological rigor.",4.3,EC1,"The study demonstrates strong alignment with paradigmatic compatibility research by integrating a coordination model across multiple programming paradigms using C, Haskell, and Smalltalk. While the abstract clearly shows a focus on paradigm integration, signif…",EC1,"The study demonstrates strong alignment with paradigmatic compatibility research by integrating a coordination model across multiple programming paradigms using C, Haskell, and Smalltalk. While the abstract clearly shows a focus on paradigm integration, signif…"
An analysis of metamodeling practices for MOF and OCL,"J. Cadavid, B. Combemale, B. Baudry",10.1016/j.cl.2015.02.002,https://doi.org/10.1016/j.cl.2015.02.002,"Computer languages, systems & structures",20,2015,maybe,"The paper appears to be from a formal academic source, suggesting likely accessibility of the full text.",yes,"The paper is written in English, meeting the language requirement.",yes,"The study provides substantial empirical evidence through analysis of 33 metamodels from industry, academia, and OMG, examining how practitioners integrate both paradigms.",yes,The study explicitly focuses on the interaction between two distinct paradigms: object-oriented modeling and first-order logic (OCL).,yes,"The paper directly addresses the compatibility between object-oriented modeling and first-order logic, including formal analysis of their integration and quantitative metrics.",yes,"The study includes specific metrics, quantitative analysis of rule complexity, and systematic observations about coupling between paradigms.",yes,This is primary research investigating paradigmatic compatibility between object-oriented modeling and first-order logic (OCL). The study specifically examines the integration challenges between these two paradigms.,yes,"The study includes empirical testing and systematic evaluation, analyzing 33 metamodels with 995 rules. They implement specific metrics and tools (OCLMetrics) to evaluate complexity and coupling.",Include,"This research provides a comprehensive empirical study examining the integration of object-oriented modeling and first-order logic, with robust quantitative analysis of 33 metamodels and 995 rules. The study systematically investigates paradigmatic compatibility through detailed metrics, empirical testing, and cross-paradigm analysis, offering significant insights into how different programming paradigms interact and constrain each other. By implementing specific measurement tools and analyzing real-world metamodels from industry and academia, the research delivers a rigorous examination of paradigm integration challenges.",4.9,IC,"Meets IC; multi-paradigm, compatibility focus, quantitative component, empirical evidence, validation method, research contribution, supported language.",IC,"Meets IC; multi-paradigm, compatibility focus, quantitative component, empirical evidence, validation method, research contribution, supported language."
Compatibility and Continuity in Augmented Reality Systems,"L. Nigay, E. Dubois, J. Troccaz, E. Dubois, L. Nigay, J. Troccaz",-,-,-,3,2001,maybe,The abstract does not provide enough information to determine the full-text accessibility of the paper.,yes,"The paper is written in English, meeting the language requirement.",maybe,"The abstract does not clearly indicate whether empirical data or systematic observations are included, though it mentions using a system to illustrate concepts.",no,"The paper does not address programming paradigms at all. While it discusses integration between virtual and real-world elements, this is not the type of paradigmatic integration targeted by the criteria.",no,"While the paper discusses compatibility, it is in the context of AR systems integrating virtual and real-world information, not programming paradigms. The compatibility discussed is fundamentally different from the paradigmatic compatibility targeted in the criteria.",no,The abstract does not indicate any quantitative measurements or systematic observations. It appears to be more conceptual in nature.,no,"The paper appears to be primary research investigating compatibility, but it focuses on AR systems rather than programming paradigms, which is not the intended focus of the systematic review.",maybe,"The abstract mentions using the CASPER system to illustrate the discussion, but does not explicitly describe any validation methods or empirical testing.",Exclude,"The abstract describes an Augmented Reality system focused on integrating virtual and real-world information, which fundamentally differs from the systematic review's criteria targeting programming paradigm compatibility. Despite being in English, the paper lacks empirical evidence, quantitative components, and does not address interactions between programming paradigms, rendering it unsuitable for inclusion in the review.",1.4,EC2,"The paper appears to be primary research investigating compatibility, but it focuses on AR systems rather than programming paradigms, which is not the intended focus of the systematic review.",EC2,"The paper appears to be primary research investigating compatibility, but it focuses on AR systems rather than programming paradigms, which is not the intended focus of the systematic review."
Modeling collaboration protocols for collaborative modeling tools: Experiences and applications,"Jesús Gallardo, Crescencio Bravo, M. Redondo, J. Lara",10.1016/j.jvlc.2012.10.006,https://doi.org/10.1016/j.jvlc.2012.10.006,Journal of Visual Languages and Computing,9,2013,maybe,"The paper appears to be from an academic source and mentions the Eclipse platform, suggesting likely accessibility of the full text.",yes,"The paper is written in English, which meets the language requirement.",no,The abstract does not indicate any empirical data or systematic observations about paradigm integration challenges.,no,"While the paper discusses different aspects of collaborative systems, it does not explicitly address interactions between different programming paradigms.",no,"While the paper discusses collaboration protocols and model-driven development, it does not specifically address paradigmatic compatibility or integration between programming paradigms. The focus is on collaborative modeling systems.",no,"The paper appears to be primarily focused on proposing a visual language and development method, without clear indication of quantitative components or measurements.",no,"The paper is primary research proposing a visual language for collaboration protocols, but it does not specifically focus on paradigmatic compatibility or software measurement as defined in the criteria.",no,The abstract does not explicitly mention any validation methods or empirical testing of the proposed visual language.,Exclude,"The research paper focuses on collaborative modeling systems and a visual language for collaboration protocols, but fails to meet key screening criteria related to paradigmatic compatibility, empirical validation, and quantitative analysis. Despite being a well-structured academic work, the study does not address interactions between programming paradigms or provide systematic evidence of paradigm integration, rendering it unsuitable for the systematic review.",2.5,EC2,"The paper is primary research proposing a visual language for collaboration protocols, but it does not specifically focus on paradigmatic compatibility or software measurement as defined in the criteria.",EC2,"The paper is primary research proposing a visual language for collaboration protocols, but it does not specifically focus on paradigmatic compatibility or software measurement as defined in the criteria."
Model Interoperability for Performance Engineering: Survey of Milestones and Evolution,"C. U. Smith, Catalina M. Lladó",10.1007/978-3-642-25575-5_2,https://doi.org/10.1007/978-3-642-25575-5_2,About Performance,7,2010,maybe,"The full-text accessibility of the paper cannot be determined from the abstract alone, which is a common limitation in screening.",yes,"The paper is written in English, meeting the publication language criterion.",maybe,"While the paper mentions ""key results,"" it is unclear whether these are based on systematic observations or empirical data about integration challenges.",maybe,"The paper discusses multiple tools and models, but these are performance engineering tools rather than programming paradigms specifically.",maybe,"The paper discusses model interoperability and compatibility between different performance modeling tools, but does not explicitly address programming paradigms. It is more focused on tool integration than paradigmatic compatibility.",maybe,"The paper appears to include quantitative aspects through performance modeling, but the abstract does not explicitly detail these components.",maybe,"The paper appears to be primary research investigating model interoperability, which is related to paradigmatic compatibility. However, it focuses more on performance engineering tools rather than programming paradigms specifically.",maybe,"The abstract mentions ""key results"" and ""significant milestones"" but does not explicitly describe validation methods or empirical testing, creating some uncertainty.",Exclude,"The abstract discusses model interoperability in performance engineering tools, but diverges from the specific focus on programming paradigm compatibility. While addressing tool integration and model transformations, the paper lacks clear evidence of empirical validation or direct exploration of programming paradigm interactions. Consequently, the study only partially meets the established screening criteria.",2.9,EC1,"The abstract discusses model interoperability in performance engineering tools, but diverges from the specific focus on programming paradigm compatibility. While addressing tool integration and model transformations, the paper lacks clear evidence of empirical…",EC1,"The abstract discusses model interoperability in performance engineering tools, but diverges from the specific focus on programming paradigm compatibility. While addressing tool integration and model transformations, the paper lacks clear evidence of empirical…"
"Integrating the Physical and Link Layers in Modeling the Wireless Ad Hoc Networking MAC Protocol , Synchronous Collision Resolution",J. Stine,-,-,-,3,-,maybe,"The technical nature and academic context of the paper suggest it is likely available through academic channels, though this cannot be determined from the abstract alone.",yes,"The paper is written in English, which meets the publication language criterion.",maybe,"The abstract suggests some empirical work through modeling, but it's unclear how extensive the empirical evidence is.",maybe,"The paper does address multiple paradigms (wired vs. wireless), but again, these are networking paradigms rather than programming paradigms.",no,"While the paper does address paradigmatic compatibility, it focuses on networking paradigms rather than programming paradigms, which is a crucial mismatch with the screening criteria.",maybe,"The paper appears to include quantitative components through modeling and protocol analysis, though the abstract doesn't provide specific details.",maybe,"The paper appears to be primary research investigating paradigmatic compatibility, specifically comparing wired and wireless networking paradigms. However, this is more about networking paradigms than programming paradigms, which is a significant deviation from the intended focus.",maybe,"The abstract mentions implementing a ""sophisticated model of the physical layer"" using OPNET's Modeler environment, suggesting some form of validation, though details are limited.",Exclude,"The abstract describes a study on networking paradigms that fundamentally misaligns with the screening criteria focused on programming paradigm integration. While the paper demonstrates technical rigor in comparing wired and wireless networking approaches, its core focus diverges significantly from the systematic review's intended scope of programming paradigm compatibility. Consequently, the paper fails to meet the essential screening requirements despite exhibiting some methodological strengths.",2.7,EC1,"The paper does address multiple paradigms (wired vs. wireless), but again, these are networking paradigms rather than programming paradigms.",EC1,"The paper does address multiple paradigms (wired vs. wireless), but again, these are networking paradigms rather than programming paradigms."
Achieving QVTO & ATL Interoperability: An Experience Report on the Realization of a QVTO to ATL Computer,A. Laarman,-,-,-,3,2009,maybe,"The full-text accessibility of the paper cannot be determined from the abstract alone, which is a common limitation in screening.",yes,"The paper is written in English, meeting the publication language criterion.",maybe,"The abstract indicates practical implementation (""developing such a compiler"") and testing (""can run on top of existing ATL tools""), suggesting empirical evidence, though the details are limited.",yes,"The paper explicitly addresses compatibility between declarative and imperative paradigms in QVT and ATL, clearly meeting the multiple paradigms criterion.",yes,"The paper explicitly focuses on compatibility between declarative and imperative paradigms in model transformation languages, specifically QVT and ATL, strongly meeting the paradigmatic compatibility focus criterion.",maybe,"The abstract doesn't explicitly mention quantitative measurements or metrics. While the work appears systematic, it's unclear if it includes quantitative components.",yes,"The paper appears to be primary research investigating paradigmatic compatibility between QVT and ATL transformation languages, meeting the study type criterion.",maybe,"The abstract mentions ""developing such a compiler"" and achieving interoperability, suggesting some empirical validation, but the details are limited.",Exclude,"The study explores paradigmatic compatibility between QVT and ATL model transformation languages, focusing on interoperability between declarative and imperative programming paradigms. By developing a compiler and demonstrating practical implementation, the research provides empirical insights into cross-paradigm integration, with strong potential for systematic analysis of programming language compatibility.",4.3,EC1,"The study explores paradigmatic compatibility between QVT and ATL model transformation languages, focusing on interoperability between declarative and imperative programming paradigms. By developing a compiler and demonstrating practical implementation, the re…",EC1,"The study explores paradigmatic compatibility between QVT and ATL model transformation languages, focusing on interoperability between declarative and imperative programming paradigms. By developing a compiler and demonstrating practical implementation, the re…"
A unifying framework for homogeneous model composition,"J. Kienzle, G. Mussbacher, B. Combemale, Julien Deantoni",10.1007/s10270-018-00707-8,https://doi.org/10.1007/s10270-018-00707-8,Journal of Software and Systems Modeling,18,2019,maybe,The full-text accessibility of the paper cannot be determined from the abstract alone.,yes,"The paper is written in English, meeting the language requirement.",no,"The abstract does not explicitly mention empirical data collection or systematic observations. The paper appears to be more theoretical in nature, proposing a framework rather than presenting empirical findings.",yes,"The paper explicitly addresses both homogeneous and heterogeneous modeling languages, meeting this criterion.",yes,"The paper focuses on model composition operators and their integration, which is related to paradigmatic compatibility. It specifically addresses ""homogeneous and eventually heterogeneous modeling languages,"" suggesting paradigm integration.",no,"The paper appears to be primarily theoretical, focusing on conceptual frameworks and structural composition. No clear quantitative components are mentioned.",maybe,"The paper appears to be primary research investigating model composition operators and their compatibility/integration, which is related to paradigmatic compatibility.",maybe,"The paper mentions ""convincing evidence"" and discusses mapping operators onto their framework, suggesting some form of validation, though the specific methods are not detailed.",Exclude,"The study addresses model composition operators across homogeneous and heterogeneous modeling languages, demonstrating potential for paradigmatic compatibility research. While theoretically robust in exploring integration frameworks, the work lacks explicit empirical evidence and quantitative measurements. The research proposes a conceptual model for understanding model composition operators, with potential implications for software engineering and paradigm integration.",3.5,EC6,"The paper appears to be primarily theoretical, focusing on conceptual frameworks and structural composition. No clear quantitative components are mentioned.",EC6,"The paper appears to be primarily theoretical, focusing on conceptual frameworks and structural composition. No clear quantitative components are mentioned."
A mental model perspective for tool development and paradigm shift in spreadsheets,"Bennett Kankuzi, J. Sajaniemi",10.1016/j.ijhcs.2015.10.005,https://doi.org/10.1016/j.ijhcs.2015.10.005,Int. J. Hum. Comput. Stud.,12,2016,maybe,"The full-text accessibility of the paper cannot be determined from the abstract alone, but this is typically not a disqualifying factor.",yes,"The paper is written in English, which meets the publication language criterion.",yes,"The paper presents clear empirical evidence about integration challenges between different mental models and programming approaches in spreadsheets, which meets the empirical evidence criterion.",maybe,"The paper addresses different programming approaches (traditional formulas vs. domain narratives) in spreadsheet programming, which is relevant to the multiple paradigms criterion, but it is specific to spreadsheet programming rather than general programming paradigms.",maybe,"The paper focuses on compatibility between different mental models and programming approaches (traditional formulas vs. domain narratives) in spreadsheet programming, which is relevant to the paradigmatic compatibility focus criterion, but it is specifically about spreadsheet programming rather than general programming paradigms.",yes,"The study includes systematic observations and measurements of error detection rates and mental model usage patterns, which meets the quantitative components criterion.",maybe,"The paper presents primary research investigating mental models and paradigmatic compatibility in spreadsheet programming, which is relevant to the study type criterion, even though it is not explicitly about general programming paradigms.",yes,"The paper includes three empirical studies with systematic evaluation of findings, including debugging tasks and error detection experiments, which meets the validation methods criterion.",Exclude,"The study presents a rigorous empirical investigation of mental models in spreadsheet programming, demonstrating strong validation methods and quantitative components across three systematic studies. While focused specifically on spreadsheet paradigms rather than general programming paradigms, the research offers insights into paradigmatic compatibility through detailed empirical analysis of programming approaches and mental model interactions.",3.5,EC1,"The study presents a rigorous empirical investigation of mental models in spreadsheet programming, demonstrating strong validation methods and quantitative components across three systematic studies. While focused specifically on spreadsheet paradigms rather t…",EC1,"The study presents a rigorous empirical investigation of mental models in spreadsheet programming, demonstrating strong validation methods and quantitative components across three systematic studies. While focused specifically on spreadsheet paradigms rather t…"
"Metaphors, Stories, Models: A Unified Account of Decisions",Johannes M. Lehner,10.5840/POM20022121,https://doi.org/10.5840/POM20022121,-,4,2002,maybe,"The full-text accessibility of the paper cannot be determined from the abstract alone, but it is likely accessible given that it appears to be an academic paper.",yes,"The paper is written in English, which meets the publication language criterion.",no,The abstract does not indicate that the paper includes empirical data or systematic observations about integration challenges or interoperability between different programming paradigms.,yes,"The paper does address multiple paradigms, but in the context of management decision-making rather than programming paradigms.",no,"While the paper does discuss paradigms, it focuses on decision-making paradigms in management (objectivist vs. interpretive) rather than programming paradigms, and does not propose, evaluate, or analyze formal models or quantitative metrics related to paradigmatic compatibility or integration between different programming paradigms.",no,"The paper appears to focus on qualitative aspects (metaphors, stories, formal models) rather than quantitative measurements, and does not include quantitative components, measurements, or systematic observations beyond purely theoretical discussion or personal experience.",no,"The paper appears to be a theoretical framework paper about decision-making paradigms in management, rather than primary research investigating paradigmatic compatibility or a systematic review/meta-analysis of paradigm integration or software measurement.",no,"The abstract does not mention any specific validation methods or empirical testing, indicating that the paper does not include validation methods, empirical testing, or systematic evaluation of its findings or proposed metrics.",Exclude,"The abstract describes a theoretical framework about management decision-making paradigms, which fundamentally differs from the systematic review's focus on programming paradigms. Despite addressing multiple paradigms, the paper lacks empirical validation, quantitative components, and specific relevance to software measurement or programming paradigm integration. Consequently, the paper does not meet the core screening criteria for inclusion in the systematic review.",1.4,EC2,"The paper appears to be a theoretical framework paper about decision-making paradigms in management, rather than primary research investigating paradigmatic compatibility or a systematic review/meta-analysis of paradigm integration or software measurement.",EC2,"The paper appears to be a theoretical framework paper about decision-making paradigms in management, rather than primary research investigating paradigmatic compatibility or a systematic review/meta-analysis of paradigm integration or software measurement."
A verified integration of parallel programming paradigms in CC++,P. Sivilotti,10.1109/IPPS.1994.288320,https://doi.org/10.1109/IPPS.1994.288320,Proceedings of 8th International Parallel Processing Symposium,8,1994,maybe,"The formal nature of the paper suggests it is likely an academic paper with accessible full text, though this cannot be determined from the abstract alone.",yes,"The paper is written in English, meeting the publication language criterion.",maybe,"While the paper includes implementation and formal verification, it's not clear from the abstract whether it includes empirical data about integration challenges, so this criterion is uncertain.",yes,"The paper clearly addresses multiple paradigms, specifically object-oriented (CC++) and imperative (monitors and asynchronous channels), strongly meeting this criterion.",yes,The paper strongly meets this criterion as it explicitly focuses on the equivalence and integration between different programming paradigms (object-oriented and imperative) and their communication models.,maybe,"The abstract suggests formal verification and implementation, but doesn't explicitly mention quantitative measurements or metrics, so this criterion is partially met.",yes,"The paper appears to be primary research investigating paradigmatic compatibility, specifically focusing on the integration of object-oriented and imperative programming paradigms, meeting the study type criterion.",maybe,"The abstract mentions ""formally verify"" and ""specify, implement,"" suggesting formal validation methods are used, though details are limited, partially meeting the validation methods criterion.",Exclude,"The study demonstrates strong alignment with screening criteria by exploring paradigmatic compatibility between object-oriented and imperative programming models through formal verification and implementation. It effectively addresses multiple programming paradigms and their integration, with particular emphasis on CC++ and traditional communication models. While showing robust theoretical foundations, the abstract leaves some uncertainty regarding empirical evidence and quantitative measurements.",4.3,EC1,The study demonstrates strong alignment with screening criteria by exploring paradigmatic compatibility between object-oriented and imperative programming models through formal verification and implementation. It effectively addresses multiple programming para…,EC1,The study demonstrates strong alignment with screening criteria by exploring paradigmatic compatibility between object-oriented and imperative programming models through formal verification and implementation. It effectively addresses multiple programming para…
An exercise in deriving a protocol conversion,"K. Calvert, S. Lam",10.1145/55482.55498,https://doi.org/10.1145/55482.55498,"Conference on Applications, Technologies, Architectures, and Protocols for Computer Communication",18,1987,maybe,"The full-text accessibility of the paper cannot be determined from the abstract alone, which is a common limitation in screening.",yes,"The paper is written in English, which meets the publication language criterion.",maybe,"The abstract mentions a ""simple example problem"" but doesn't clearly indicate whether this includes empirical data or systematic observations about paradigm integration.",no,"The paper discusses different protocols rather than programming paradigms specifically. While protocols can be considered as part of different paradigms, this isn't explicitly addressed in the abstract.",no,"While the paper deals with compatibility between protocols, it doesn't explicitly address programming paradigms. The focus appears to be on protocol conversion rather than paradigmatic compatibility.",maybe,"The paper appears to include formal techniques and systematic analysis, but it's unclear if these include quantitative measurements.",maybe,"The paper appears to be primary research investigating formal techniques for protocol conversion, which is related to but not directly focused on paradigmatic compatibility. It's somewhat adjacent to the target scope.",maybe,"The abstract mentions ""showing certain desired properties"" and discusses formal techniques, suggesting some validation, though the extent isn't entirely clear.",Exclude,"The abstract describes a study on protocol conversion techniques that only partially aligns with the screening criteria, primarily focusing on formal methods rather than direct programming paradigm compatibility. While the paper demonstrates systematic analysis and formal techniques, it lacks clear empirical evidence, quantitative measurements, and explicit focus on programming paradigm interactions. The study's scope appears more narrowly defined around protocol conversion than the broader paradigmatic compatibility requirements.",2.9,EC1,"The paper discusses different protocols rather than programming paradigms specifically. While protocols can be considered as part of different paradigms, this isn't explicitly addressed in the abstract.",EC1,"The paper discusses different protocols rather than programming paradigms specifically. While protocols can be considered as part of different paradigms, this isn't explicitly addressed in the abstract."
Modeling mean estimation tasks in within-trial and across-trial contexts,"Ke Tong, Chad Dubé",10.3758/s13414-021-02410-1,https://doi.org/10.3758/s13414-021-02410-1,"Attention, Perception, & Psychophysics",6,2022,maybe,"The abstract mentions ""The Psychonomic Society, Inc."", suggesting the paper is published, but the full-text accessibility cannot be confirmed from the abstract alone.",yes,"The paper is written in English, which meets the publication language criterion.",yes,"The study includes empirical data, but not related to programming paradigm integration.",no,"While the study mentions ""different studies in the literature,"" it does not address programming paradigms or their interactions.",no,"The study focuses on computational models for mean estimation in psychology, not on programming paradigms or their compatibility.",yes,"The study has strong quantitative components, including computational models and empirical measurements.",no,"This is a primary research study, but it focuses on computational models for mean estimation tasks in psychology, not on paradigmatic compatibility in programming.",yes,The study includes empirical testing and validation through experiments comparing model predictions with observed patterns.,Exclude,"The research paper focuses on computational models for mean estimation in psychology, which fundamentally diverges from the systematic review's criteria targeting programming paradigm compatibility. Despite demonstrating strong empirical and quantitative methodologies, the study fails to address key screening requirements related to programming paradigms, rendering it unsuitable for inclusion in the review.",1.4,EC2,"This is a primary research study, but it focuses on computational models for mean estimation tasks in psychology, not on paradigmatic compatibility in programming.",EC2,"This is a primary research study, but it focuses on computational models for mean estimation tasks in psychology, not on paradigmatic compatibility in programming."
Towards a Formal Specification of Multi-paradigm Modelling,"Moussa Amrani, Dominique Blouin, R. Heinrich, A. Rensink, H. Vangheluwe, A. Wortmann",10.1109/MODELS-C.2019.00067,https://doi.org/10.1109/MODELS-C.2019.00067,2019 ACM/IEEE 22nd International Conference on Model Driven Engineering Languages and Systems Companion (MODELS-C),14,2019,maybe,"The full-text accessibility of the paper cannot be determined from the abstract alone, which is a common limitation in screening.",yes,"The paper is written in English, meeting the publication language criterion.",no,The abstract does not indicate any empirical data collection or systematic observations about integration challenges. The CookieCAD example appears to be illustrative rather than empirical.,yes,"The paper does address multiple paradigms (specifically modeling paradigms) and mentions ""multi-paradigm modelling,"" meeting this criterion.",no,"The paper discusses modeling paradigms and mentions ""multi-paradigm modelling,"" but focuses more on defining and formalizing paradigms rather than their compatibility or integration. It does not explicitly address compatibility metrics.",no,"The paper appears to be primarily theoretical, focusing on formal framework development, and does not mention any clear quantitative components or measurements.",maybe,"The paper appears to be primary research proposing a formal framework for modeling paradigms, which is related to paradigmatic compatibility, but it focuses more on defining and formalizing modeling paradigms rather than investigating their compatibility directly.",no,"The abstract mentions ""formal reasoning"" but does not explicitly describe validation methods or empirical testing. The use of CookieCAD as an example appears to be more illustrative than a validation.",Exclude,"The abstract presents a theoretical framework for modeling paradigms, primarily focusing on formal definition rather than empirical validation or paradigmatic compatibility. While addressing multiple paradigms and written in English, the study lacks quantitative metrics, systematic observations, and clear validation methods. Consequently, the paper does not comprehensively meet the screening criteria for a rigorous investigation of paradigmatic integration.",2.8,EC1,"The paper does address multiple paradigms (specifically modeling paradigms) and mentions ""multi-paradigm modelling,"" meeting this criterion.",EC1,"The paper does address multiple paradigms (specifically modeling paradigms) and mentions ""multi-paradigm modelling,"" meeting this criterion."
A mixed paradigm reasoning approach to problem-solving in incomplete causal-theory domains,John D. Hastings,-,-,-,4,1996,maybe,"The paper appears to be a dissertation, which typically has accessible full text through academic channels, but this cannot be confirmed from the abstract alone.",yes,"The paper is written in English, which meets the publication language criterion.",maybe,"The study includes empirical evidence about integration challenges, but again, this is for reasoning paradigms rather than programming paradigms.",no,"While the study does address integration between multiple paradigms, these are reasoning paradigms (case-based and model-based) rather than programming paradigms.",no,"The study does examine integration between different reasoning paradigms, but these are not programming paradigms. The focus is on knowledge representation and reasoning techniques rather than programming paradigms.",yes,The study includes quantitative components through empirical comparison and prediction accuracy measurements.,no,"While the paper is primary research, it focuses on integrating reasoning paradigms (case-based and model-based reasoning) rather than programming paradigms, which is a significant mismatch with the intended focus.",yes,"The study includes empirical validation, comparing CARMA's predictions against expert judgments and comparing integrated vs. isolated reasoning techniques, which meets the validation methods criterion.",Exclude,"The dissertation focuses on reasoning paradigms in biological systems, which fundamentally differs from programming paradigm integration. While methodologically rigorous with empirical validation, the study does not address programming paradigms or their compatibility, rendering it misaligned with the screening criteria. The research's domain and focus prevent its inclusion in the intended review.",2.5,EC2,"While the paper is primary research, it focuses on integrating reasoning paradigms (case-based and model-based reasoning) rather than programming paradigms, which is a significant mismatch with the intended focus.",EC2,"While the paper is primary research, it focuses on integrating reasoning paradigms (case-based and model-based reasoning) rather than programming paradigms, which is a significant mismatch with the intended focus."
Magic Potion: Incorporating New Development Paradigms through Metaprogramming,"D. Djuric, V. Devedzic",10.1109/MS.2010.90,https://doi.org/10.1109/MS.2010.90,IEEE Software,14,2010,maybe,The full-text accessibility of the paper cannot be determined from the abstract alone.,yes,"The paper is written in English, which meets the publication language criterion.",no,The abstract does not indicate any empirical data or systematic observations. It makes general statements about paradigm mixing but does not reference specific evidence.,yes,"The paper clearly addresses multiple paradigms, mentioning ""ontologies, functions, objects, or concurrency"" and discussing paradigm mixing.",maybe,"The paper does address paradigmatic compatibility, discussing ""cross-mapping multiple paradigms"" and ""impedance mismatch."" However, it is unclear if it proposes formal models or quantitative metrics.",no,No quantitative components or measurements are mentioned in the abstract. The discussion appears to be qualitative.,maybe,"The abstract suggests the paper may be discussing paradigm integration, but it is unclear if this is primary research or a review. The language indicates it might be more of a perspective or position paper rather than empirical research.",no,"The abstract does not mention any validation methods, empirical testing, or systematic evaluation, which is a significant weakness.",Exclude,"The abstract addresses multiple programming paradigms and their integration challenges, but lacks critical elements like empirical validation, quantitative metrics, and systematic evaluation methods. While the text discusses paradigmatic compatibility and cross-mapping, it appears more conceptual than research-driven, potentially falling short of rigorous screening requirements for methodological depth and evidence-based analysis.",2.9,EC6,No quantitative components or measurements are mentioned in the abstract. The discussion appears to be qualitative.,EC6,No quantitative components or measurements are mentioned in the abstract. The discussion appears to be qualitative.
Metamodeling functional and interactive parts of systems for composition considerations,"Audrey Occello, C. Joffroy, A. Pinna-Dery, Philippe Renevier-Gonin, M. Riveill",10.3233/JCM-2011-0381,https://doi.org/10.3233/JCM-2011-0381,J. Comput. Methods Sci. Eng.,1,2011,maybe,"The full-text accessibility cannot be determined from the abstract alone, which is a common limitation in screening.",yes,"The paper is written in English, meeting this criterion.",no,No empirical evidence or systematic observations are mentioned in the abstract.,maybe,"While the paper discusses integration between different aspects (interactive and functional), it doesn't explicitly address programming paradigms.",maybe,"While the paper discusses composition and integration, it focuses on functional and interactive aspects rather than programming paradigms specifically. The ""technological diversity"" mentioned is too vague to confirm paradigmatic compatibility focus.",no,The abstract doesn't indicate any quantitative measurements or systematic observations. It appears to be primarily theoretical.,maybe,"The paper appears to be primary research proposing a composition approach, but it's not clearly focused on paradigmatic compatibility. While it discusses composition between different aspects (interactive and functional), this isn't explicitly about programming paradigms.",no,The abstract doesn't mention any validation methods or empirical testing. It only describes the proposed approach and metamodeling.,Exclude,"The abstract describes a software composition approach that lacks explicit focus on programming paradigms, empirical validation, or quantitative measurements. While discussing system integration, the paper does not meet the systematic review's core criteria of paradigmatic compatibility, empirical evidence, or multiple paradigm interactions. The study appears more theoretical and general in nature, diverging from the specific research requirements.",2.7,EC6,The abstract doesn't indicate any quantitative measurements or systematic observations. It appears to be primarily theoretical.,EC6,The abstract doesn't indicate any quantitative measurements or systematic observations. It appears to be primarily theoretical.
Meta-level Extension of the Multigraph Architecture,"G. Nordstrom, J. Sztipanovits, G. Karsai",-,-,-,10,1998,maybe,The full-text accessibility of the paper cannot be determined from the abstract alone.,yes,"The paper is written in English, meeting the language requirement.",no,The abstract does not indicate any empirical data or systematic observations about integration challenges. It presents a theoretical framework and its potential advantages.,maybe,"While the paper discusses modeling paradigms, it seems to focus on creating environments for specific paradigms rather than addressing interactions between different programming paradigms.",maybe,"While the paper discusses modeling paradigms and their integration, it focuses more on the generation of modeling environments rather than specifically addressing paradigmatic compatibility or integration challenges between different programming paradigms.",maybe,The abstract suggests a formal approach but does not explicitly mention quantitative measurements or systematic observations. The focus appears to be on the theoretical framework.,maybe,"The paper appears to be primary research about model integrated program synthesis environments and their paradigmatic aspects, but it is not clearly focused on paradigmatic compatibility as its main focus.",no,The abstract does not explicitly mention validation methods or empirical testing. It describes a theoretical framework and its advantages but does not discuss how these were validated.,Exclude,"The abstract describes a theoretical framework for model integrated program synthesis environments, but lacks clear evidence of empirical validation, quantitative analysis, or direct focus on paradigmatic compatibility between programming paradigms. While the paper discusses modeling paradigms, it appears more oriented toward generating modeling environments than systematically addressing integration challenges or interoperability between different programming approaches.",2.9,EC6,The abstract suggests a formal approach but does not explicitly mention quantitative measurements or systematic observations. The focus appears to be on the theoretical framework.,EC1,"The abstract describes a theoretical framework for model integrated program synthesis environments, but lacks clear evidence of empirical validation, quantitative analysis, or direct focus on paradigmatic compatibility between programming paradigms. While the …"
Meta-Modeling And Structural Paradigm For Strategic Alignment Of Information System,"A. Boulmakoul, N. Falih, R. Marghoubi",-,-,Mediterranean Conference on Information Systems,1,2009,maybe,"The full-text accessibility of the paper cannot be determined from the abstract alone, which is a common limitation in screening.",yes,"The paper is written in English, which meets the publication language criterion.",no,The abstract does not indicate any empirical data collection or systematic observations about paradigm integration. It appears to be primarily theoretical.,no,"The paper does not address programming paradigms at all. While it discusses different ""views"" and ""aspects"" of information systems, these are not programming paradigms as intended by the criteria.",no,"The paper does not address paradigmatic compatibility between programming paradigms. Instead, it focuses on structural alignment of information systems and business processes.",maybe,"While the paper mentions ""algebraic structures"" and ""structural measures,"" these appear to be theoretical rather than empirical measurements. The abstract does not clearly indicate systematic quantitative analysis.",no,"The paper appears to be primary research proposing a meta-model extension and structural measures, but it does not specifically focus on paradigmatic compatibility or software measurement as specified in the criteria. Instead, it is more focused on information system alignment and governance.",no,The abstract does not explicitly mention any validation methods or empirical testing of the proposed approach. It describes what they propose to do but not how they validate it.,Exclude,"The abstract describes an information system alignment approach focused on meta-model extensions and IT governance, which fundamentally diverges from the screening criteria's emphasis on programming paradigm compatibility. Critical misalignments include the absence of empirical validation, lack of focus on programming paradigms, and a theoretical approach to structural measures rather than quantitative analysis of paradigm integration. Consequently, the paper fails to meet the core screening requirements for paradigmatic compatibility research.",1.4,EC2,"The paper appears to be primary research proposing a meta-model extension and structural measures, but it does not specifically focus on paradigmatic compatibility or software measurement as specified in the criteria. Instead, it is more focused on information…",EC2,"The paper appears to be primary research proposing a meta-model extension and structural measures, but it does not specifically focus on paradigmatic compatibility or software measurement as specified in the criteria. Instead, it is more focused on information…"
Multi-protocol architectures as a paradigm for achieving inter-operability,"R. Clark, M. Ammar, K. Calvert",10.1109/INFCOM.1993.253240,https://doi.org/10.1109/INFCOM.1993.253240,"IEEE INFOCOM '93 The Conference on Computer Communications, Proceedings",12,1993,maybe,The full-text accessibility of the paper cannot be determined from the abstract alone.,yes,"The paper is written in English, meeting the language requirement.",maybe,"The case study suggests some empirical evidence, but it's focused on protocol architectures rather than programming paradigms.",no,"While the paper deals with multiple protocols (OSI and Internet suites), these aren't programming paradigms in the traditional sense.",no,"The paper focuses on protocol compatibility rather than programming paradigms specifically. While there's some overlap in concepts (heterogeneous system interoperability), it's not directly addressing programming paradigms.",maybe,"The abstract mentions a ""framework and model"" but doesn't explicitly indicate whether these include quantitative measurements.",maybe,"The paper appears to be primary research investigating compatibility between different protocol architectures, which is related to but not exactly the same as paradigmatic compatibility. It's somewhat adjacent to the target scope.",maybe,"The abstract mentions a case study, suggesting some empirical validation, but doesn't explicitly detail the validation methods used.",Exclude,"The abstract describes a study on protocol architecture interoperability, which diverges from the specific focus on programming paradigm compatibility. While the paper addresses heterogeneous system integration, its domain of protocol architectures does not align with the screening criteria's emphasis on programming paradigms. Consequently, the study falls outside the targeted research scope.",2.7,EC1,"While the paper deals with multiple protocols (OSI and Internet suites), these aren't programming paradigms in the traditional sense.",EC1,"While the paper deals with multiple protocols (OSI and Internet suites), these aren't programming paradigms in the traditional sense."
Evidences of the mismatch between industry and academy on modelling language quality evaluation,"F. Giraldo, Sergio España, Ó. Pastor",-,-,arXiv.org,6,2016,maybe,The full-text accessibility of the paper cannot be determined from the abstract alone.,yes,"The paper is written in English, which meets the publication language criterion.",maybe,"The abstract indicates the study includes evidence from both industrial and academic contexts, suggesting some empirical basis.",no,"While the paper mentions ""diversity of conceptions,"" it doesn't explicitly indicate whether it addresses multiple programming paradigms or their interactions.",no,"While the paper discusses ""diversity of conceptions around the model-driven paradigm,"" it appears to focus more on quality issues in modeling languages rather than specifically addressing paradigmatic compatibility or integration.",maybe,"The abstract doesn't clearly indicate whether quantitative components are included, though the focus on quality analysis suggests some systematic evaluation.",maybe,"The paper appears to be a report analyzing quality issues in modeling languages and models, which could be considered primary research. However, it's not clearly focused on paradigmatic compatibility specifically.",maybe,"The abstract mentions ""analysis about quality evidences obtained from industrial and academic/scientific contexts,"" suggesting some form of systematic evaluation, but details are limited.",Exclude,"The abstract discusses quality issues in modeling languages, but lacks clear evidence of addressing paradigmatic compatibility or multiple programming paradigms. While the study appears to include empirical analysis from industrial and academic contexts, it does not definitively meet several key screening criteria related to paradigm integration and quantitative measurement. The paper's focus seems more aligned with quality analysis in modeling languages rather than the specific research parameters outlined in the screening criteria.",2.9,EC1,"While the paper mentions ""diversity of conceptions,"" it doesn't explicitly indicate whether it addresses multiple programming paradigms or their interactions.",EC1,"While the paper mentions ""diversity of conceptions,"" it doesn't explicitly indicate whether it addresses multiple programming paradigms or their interactions."
An Expeditious Approach to Modeling IDE Interaction Design,"V. Sousa, Eugene Syriani",-,-,GEMOC+MPM@MoDELS,4,2015,maybe,"The full-text accessibility of the paper cannot be determined from the abstract alone, but the fact that it is a position paper suggests it may be accessible through academic channels.",yes,"The paper is written in English, which meets the publication language criterion.",no,No empirical evidence is mentioned in the abstract. The paper appears to be proposing a theoretical framework.,no,"While ""multi-paradigm modeling"" is mentioned, it is in the context of modeling different aspects of UX, not programming paradigms specifically.",no,"While the paper mentions ""multi-paradigm modeling,"" it focuses on UX modeling rather than paradigmatic compatibility or integration between programming paradigms.",no,The abstract does not indicate any quantitative components or measurements. The paper appears to be primarily theoretical.,no,"This is a position paper proposing a solution, not primary research or a systematic review. It does not investigate paradigmatic compatibility empirically, though it mentions multi-paradigm modeling.",no,The abstract does not mention any validation methods or empirical testing. The paper appears to be a theoretical proposal.,Exclude,"The position paper fails to meet most screening criteria, lacking empirical evidence, validation methods, and a direct focus on programming paradigm compatibility. While written in English and mentioning multi-paradigm modeling, the study primarily addresses user experience modeling rather than the systematic review's core research questions about paradigmatic integration.",2.7,EC2,"This is a position paper proposing a solution, not primary research or a systematic review. It does not investigate paradigmatic compatibility empirically, though it mentions multi-paradigm modeling.",EC2,"This is a position paper proposing a solution, not primary research or a systematic review. It does not investigate paradigmatic compatibility empirically, though it mentions multi-paradigm modeling."
Comparison of Gene Regulatory Networks via Steady-State Trajectories,"M. Brun, Seungchan Kim, Woonjung Choi, E. Dougherty",10.1155/2007/82702,https://doi.org/10.1155/2007/82702,EURASIP J. Bioinform. Syst. Biol.,7,2007,maybe,The full-text accessibility of the paper cannot be determined from the abstract alone.,yes,"The paper is written in English, meeting the language requirement.",no,"The paper includes empirical evidence, but again, this is for biological systems rather than programming paradigms.",no,"While the paper does address different types of models (continuous vs discrete), these are not programming paradigms as intended by the screening criteria.",no,"While the paper discusses comparing different types of models (continuous vs discrete), this is in the context of biological systems, not programming paradigms. The focus is on model complexity in genetic regulatory networks.",maybe,"The paper has strong quantitative components, including metrics and systematic observations, but not related to programming paradigms.",no,"The paper appears to be primary research, but it focuses on genetic regulatory networks rather than programming paradigms. It does not investigate paradigmatic compatibility in software development.",maybe,"The paper includes validation through comparison of networks and demonstrates application of the metric, but not in the context of programming paradigms.",Exclude,"The abstract describes a study on genetic regulatory networks that, while methodologically rigorous, does not address programming paradigms or software measurement. Despite having quantitative components and empirical validation, the research is fundamentally focused on biological systems rather than the intended domain of programming paradigm compatibility. Consequently, the paper does not meet the core screening criteria for inclusion in the systematic review.",1.4,EC2,"The paper appears to be primary research, but it focuses on genetic regulatory networks rather than programming paradigms. It does not investigate paradigmatic compatibility in software development.",EC2,"The paper appears to be primary research, but it focuses on genetic regulatory networks rather than programming paradigms. It does not investigate paradigmatic compatibility in software development."
Quantitative Programming and Continuous-Time Markov Chains,E. Todoran,10.1109/SYNASC61333.2023.00022,https://doi.org/10.1109/SYNASC61333.2023.00022,Symposium on Symbolic and Numeric Algorithms for Scientific Computing,0,2023,maybe,"The technical nature and reference to PRISM suggests this is likely an academic paper with accessible full text, though this cannot be determined from the abstract alone.",yes,"The paper is written in English, meeting the language requirement.",no,"While the paper includes empirical evidence through verification experiments, this evidence isn't about paradigm integration challenges.",no,The paper doesn't appear to address interactions between different programming paradigms. It focuses on a single paradigm (quantitative programming) and its formal verification.,no,"The paper doesn't appear to focus on paradigmatic compatibility or integration between different programming paradigms. Instead, it focuses on formal verification within a specific paradigm.",yes,The paper has strong quantitative components through probabilistic model checking and formal verification.,no,"This is primary research investigating formal verification methods, but it doesn't specifically focus on paradigmatic compatibility. It introduces a ""quantitative programming paradigm"" but this appears to be a specific approach rather than a study of paradigm integration.",yes,"The paper includes validation through ""formal verification experiments performed using PRISM probabilistic model checker"" and discusses empirical testing.",Exclude,"The research paper focuses on a quantitative programming paradigm for formal verification, employing probabilistic model checking techniques, but does not address paradigmatic compatibility or integration between different programming paradigms. While the study includes robust quantitative components and validation methods, it fails to meet key screening criteria related to multiple paradigm interactions and compatibility analysis. The technical approach, though rigorous, diverges from the systematic review's core objectives.",2.7,EC2,"This is primary research investigating formal verification methods, but it doesn't specifically focus on paradigmatic compatibility. It introduces a ""quantitative programming paradigm"" but this appears to be a specific approach rather than a study of paradigm …",EC2,"This is primary research investigating formal verification methods, but it doesn't specifically focus on paradigmatic compatibility. It introduces a ""quantitative programming paradigm"" but this appears to be a specific approach rather than a study of paradigm …"
Exploring Model Engineering Techniques for the Integration of Heterogeneous Context Models,W. Schwinger,-,-,Advances in Mobile Multimedia,2,2007,maybe,The full-text accessibility of the paper cannot be determined from the abstract alone.,yes,"The paper is written in English, meeting the language requirement.",no,"The paper includes example scenarios, but these appear to be demonstrations rather than systematic empirical observations about paradigm integration.",no,"While the paper deals with integration of different sources and models, it does not specifically address programming paradigms. The integration discussed is at the context information level rather than programming paradigm level.",no,"The paper focuses on integrating different context sources and models, but does not specifically address programming paradigms or their compatibility. It deals with model-driven engineering and semantic integration, which is related but not directly aligned with the criterion.",no,The abstract doesn't explicitly mention quantitative measurements or metrics. The focus appears to be on model-based integration approaches.,no,"The paper appears to be primary research investigating integration approaches, but it focuses on context-aware systems rather than programming paradigms specifically. It does not directly address paradigmatic compatibility.",maybe,"The abstract mentions ""three example scenarios"" to demonstrate applicability, suggesting some form of validation, though the depth of empirical testing is unclear.",Exclude,"The abstract describes a study on context-aware systems and model integration, but fails to meet most screening criteria related to programming paradigm compatibility. While the paper demonstrates technical integration approaches, it lacks direct focus on paradigmatic interactions, quantitative metrics, or systematic empirical validation of programming paradigm integration. The research appears tangentially related but does not substantively address the core screening requirements.",2.7,EC2,"The paper appears to be primary research investigating integration approaches, but it focuses on context-aware systems rather than programming paradigms specifically. It does not directly address paradigmatic compatibility.",EC2,"The paper appears to be primary research investigating integration approaches, but it focuses on context-aware systems rather than programming paradigms specifically. It does not directly address paradigmatic compatibility."
"REPRESENTATION, PROPAGATION AND COMBINATION OF UNCERTAIN INFORMATION","Yiyu Yao, S. Wong",10.1080/03081079408908030,https://doi.org/10.1080/03081079408908030,-,12,1994,maybe,"The full-text accessibility of the paper cannot be determined from the abstract alone, which is a common limitation in screening.",yes,"The paper is written in English, which meets the publication language criterion.",no,"The abstract does not indicate any empirical data collection or systematic observations about programming paradigm integration, as the focus is on theoretical analysis of uncertainty propagation.",no,"The paper does address multiple paradigms, but these are mathematical/statistical paradigms rather than programming paradigms.",no,"While the paper does address paradigmatic compatibility, it focuses on uncertainty representation paradigms (Bayesian, belief functions, qualitative) rather than programming paradigms, which is a fundamental mismatch with the screening criteria.",maybe,"The paper does include quantitative components, but these are related to uncertainty measures rather than programming paradigm metrics.",no,"The paper appears to be primary research investigating compatibility between different paradigms of uncertainty representation, but these are mathematical/statistical paradigms rather than programming paradigms, which is a significant mismatch with the intended focus.",no,"The abstract mentions analysis and discussion of compatibility but does not explicitly describe validation methods or empirical testing, indicating a more theoretical approach.",Exclude,"The abstract describes a theoretical study on uncertainty representation paradigms, which fundamentally differs from programming paradigm integration. Despite addressing multiple paradigms and including quantitative components, the research focuses on mathematical uncertainty models rather than programming language compatibility. Consequently, the paper does not align with the specified screening criteria for programming paradigm research.",2.5,EC2,"The paper appears to be primary research investigating compatibility between different paradigms of uncertainty representation, but these are mathematical/statistical paradigms rather than programming paradigms, which is a significant mismatch with the intende…",EC2,"The paper appears to be primary research investigating compatibility between different paradigms of uncertainty representation, but these are mathematical/statistical paradigms rather than programming paradigms, which is a significant mismatch with the intende…"
What Petri Nets Oblige us to Say Comparing Approaches for Behavior Composition,"Achiya Elyasaf, Tom Yaacov, Gera Weiss",10.1109/TSE.2022.3216683,https://doi.org/10.1109/TSE.2022.3216683,IEEE Transactions on Software Engineering,4,2022,maybe,"The full-text accessibility of the paper cannot be determined from the abstract alone, which is a common limitation in screening.",yes,"The paper is written in English, which meets the publication language criterion.",yes,"The study includes systematic observations about integration challenges and provides empirical data through analysis of execution paths, model comparisons, and tool development and testing, which meets the empirical evidence criterion.",yes,"The paper explicitly focuses on two paradigms (Petri Nets and Behavioral Programming) and their integration, which meets the multiple paradigms criterion.",yes,"The paper directly addresses compatibility between two paradigms (PN and BP), including formal models and quantitative metrics for comparison, which meets the paradigmatic compatibility focus criterion.",yes,"The paper includes quantitative measures and mathematical properties, such as analysis of execution paths, quantitative comparison of models, and formal methods and reasoning techniques, which meets the quantitative components criterion.",yes,"The paper presents primary research investigating paradigmatic compatibility between Petri Nets and Behavioral Programming, including a comparative analysis, which meets the study type criterion.",yes,"The paper includes systematic evaluation through analysis of PN models from literature, quantitative and qualitative comparison of BP and PN, and tool development for model translation, which meets the validation methods criterion.",Include,"The study presents a comprehensive investigation of paradigmatic compatibility between Petri Nets and Behavioral Programming, offering systematic validation through quantitative and qualitative analysis of model integration. By addressing multiple programming paradigms, providing empirical evidence, and developing formal translation tools, the research demonstrates rigorous methodological approaches to understanding and comparing software modeling techniques. The work meets critical screening criteria through its empirical, quantitative, and multi-paradigm focus on software development methodologies.",4.9,IC,"Meets IC; multi-paradigm, compatibility focus, quantitative component, empirical evidence, validation method, research contribution, supported language.",IC,"Meets IC; multi-paradigm, compatibility focus, quantitative component, empirical evidence, validation method, research contribution, supported language."
De la nécessité de fédérer des modèles dans une chaîne d'outils,"Ali Koudri, Christophe Guychard, S. Guérin, Fabien Dagnat, Antoine Beugnard, J. Champeau",-,-,-,3,2013,maybe,The full-text accessibility of the paper cannot be determined from the abstract alone.,yes,"The paper is written in French, which meets the language criterion.",yes,"The abstract indicates industrial experience and experiments were conducted, though specific details aren't provided.",yes,The paper explicitly addresses multiple paradigms and heterogeneous viewpoints across different tools and stakeholders.,yes,"The paper explicitly focuses on multi-paradigm modeling (""modelisation multi-paradigmes"") and integration of heterogeneous viewpoints (""points de vue heterogenes"").",maybe,"While the paper discusses modeling and analysis, it's unclear from the abstract whether quantitative measurements are included.",yes,"The paper appears to be primary research investigating multi-paradigm modeling and integration, which aligns with paradigmatic compatibility research.",yes,"The abstract mentions ""notre experience industrielle et nos experimentations"" (our industrial experience and experiments), suggesting some empirical validation.",Include,"A French-language research paper exploring multi-paradigm modeling and system integration, demonstrating strong alignment with paradigmatic compatibility research through industrial experience and experimental validation. The study addresses heterogeneous viewpoints across different tools and stakeholders, with a focus on developing new methodological approaches for complex system design and modeling. While some quantitative details remain unclear, the paper appears to offer substantive insights into multi-paradigm integration challenges.",4.6,IC,"Meets IC; multi-paradigm, compatibility focus, empirical evidence, validation method, research contribution, supported language.",IC,"Meets IC; multi-paradigm, compatibility focus, empirical evidence, validation method, research contribution, supported language."
Towards a Framework to Integrate Proof Search Paradigms,"S. Autexier, Christoph Benzmüller, D. Hutter, F. Informatik",-,-,-,3,2003,maybe,The full-text accessibility of the paper cannot be determined from the abstract alone.,yes,"The paper is written in English, meeting the language requirement.",maybe,"The abstract does not clearly indicate whether empirical data or systematic observations are included, and it appears more theoretical in nature.",yes,"The paper explicitly addresses multiple paradigms (automated theorem proving, tactical theorem proving, and proof planning) and their integration.",yes,"The paper strongly focuses on analyzing and integrating different proof search paradigms (automated theorem proving, tactical theorem proving, and proof planning).",maybe,The abstract suggests a theoretical framework but does not explicitly mention quantitative measurements or systematic observations.,yes,"The paper appears to be primary research investigating paradigmatic compatibility, specifically focusing on different proof search paradigms in theorem proving.",maybe,"The abstract does not explicitly mention validation methods or empirical testing, and while it proposes a ""unified framework,"" it does not clearly indicate how this is validated.",Exclude,"The study explores paradigmatic compatibility in theorem proving, addressing multiple proof search methodologies through a unified framework. While demonstrating strong theoretical foundations in analyzing different programming paradigms, the abstract lacks clear evidence of empirical validation or quantitative measurements. The research appears to offer a conceptual approach to integrating different proof construction methodologies, with potential implications for understanding paradigmatic interactions.",4,EC1,"The study explores paradigmatic compatibility in theorem proving, addressing multiple proof search methodologies through a unified framework. While demonstrating strong theoretical foundations in analyzing different programming paradigms, the abstract lacks cl…",EC1,"The study explores paradigmatic compatibility in theorem proving, addressing multiple proof search methodologies through a unified framework. While demonstrating strong theoretical foundations in analyzing different programming paradigms, the abstract lacks cl…"
Active Models: A Possible Approach to the Integration of Objective and Subjective Process Models,B. Warboys,10.1007/11608035_11,https://doi.org/10.1007/11608035_11,International Software Process Workshop,2,2005,maybe,The abstract does not provide enough information to determine the full-text accessibility of the paper.,yes,"The paper is written in English, so it meets the publication language criterion.",no,The abstract does not indicate any empirical data or systematic observations about paradigm integration.,no,"The abstract mentions ""explicit and tacit knowledge"" but does not clearly address interactions between different programming paradigms.",no,"While the paper mentions questioning the classical software engineering paradigm, it does not appear to focus on formal models or quantitative metrics for paradigmatic compatibility.",no,No quantitative components or measurements are mentioned in the abstract.,maybe,"The paper appears to be primary research discussing paradigm integration, but it is not clearly focused on paradigmatic compatibility. It mentions ""questioning the classical software engineering paradigm"" but seems more focused on knowledge management.",no,"The abstract only mentions a ""prototyped system"" but does not indicate any validation methods or empirical testing.",Exclude,"The abstract discusses knowledge management in software engineering but lacks clear evidence of paradigmatic compatibility research, empirical validation, or quantitative analysis. While mentioning a prototyped system and questioning classical paradigms, the text does not sufficiently demonstrate systematic investigation of programming paradigm interactions or integration challenges. Consequently, the paper appears misaligned with the specific screening criteria focused on paradigmatic compatibility.",2.7,EC1,"The abstract mentions ""explicit and tacit knowledge"" but does not clearly address interactions between different programming paradigms.",EC1,"The abstract mentions ""explicit and tacit knowledge"" but does not clearly address interactions between different programming paradigms."
Metamodelling with formal semantics with application to access control specification,"Jamal Abd-Ali, K. E. Guemhioui, L. Logrippo",10.5220/0005272903540362,https://doi.org/10.5220/0005272903540362,International Conference on Model-Driven Engineering and Software Development,1,2015,maybe,The full-text accessibility of the paper cannot be determined from the abstract alone.,yes,"The paper is written in English, meeting the language requirement.",no,The abstract does not explicitly mention empirical data or systematic observations about paradigm integration. It describes a methodological approach but does not clearly indicate empirical validation.,no,The paper does not explicitly address interactions between different programming paradigms. It focuses on a single metamodelling approach for access control specifications.,no,"The paper does not appear to focus on paradigmatic compatibility or integration between programming paradigms. Instead, it focuses on metamodelling for access control specifications.",no,"While the paper deals with formal specifications and first-order logic, it does not appear to include quantitative measurements or systematic observations about paradigm integration.",no,"The paper appears to be primary research proposing a metamodelling paradigm, but it does not specifically focus on paradigmatic compatibility. Instead, it focuses on access control specification languages and their formal semantics.",maybe,"The abstract mentions ""means of reasoning on formal specifications"" and mapping to first-order logic programs, suggesting some form of validation, but it is not clearly stated if there is empirical testing.",Exclude,"The abstract describes a metamodelling approach for access control specification languages, but fails to meet key screening criteria related to paradigmatic compatibility and integration. While technically rigorous, the paper does not address interactions between programming paradigms, lacks clear empirical evidence of paradigm integration, and focuses primarily on formal specification methods rather than paradigm compatibility.",2.5,EC2,"The paper appears to be primary research proposing a metamodelling paradigm, but it does not specifically focus on paradigmatic compatibility. Instead, it focuses on access control specification languages and their formal semantics.",EC2,"The paper appears to be primary research proposing a metamodelling paradigm, but it does not specifically focus on paradigmatic compatibility. Instead, it focuses on access control specification languages and their formal semantics."
Workshop on Integration of Declarative Paradigms,J. Moreno-Navarro,10.1017/S0269888900008158,https://doi.org/10.1017/S0269888900008158,Knowledge engineering review (Print),0,1995,maybe,"The abstract indicates that the paper is from a workshop proceedings, but it is unclear whether the full text is accessible through university libraries, author websites, or public archives.",yes,"The paper is written in English, which meets the publication language criterion.",maybe,"The abstract does not explicitly mention empirical data or systematic observations, so it is unclear whether the paper includes empirical data or systematic observations about integration challenges or interoperability between different programming paradigms.",yes,"The paper clearly addresses multiple paradigms, specifically mentioning functional, logic, object-oriented, constraints, and concurrency paradigms, meeting the multiple paradigms criterion.",yes,"The paper explicitly focuses on integration of declarative paradigms and compatibility between different programming paradigms (functional, logic, object-oriented, constraints, concurrency), meeting the paradigmatic compatibility focus criterion.",maybe,"While the abstract mentions ""efficient implementation,"" it does not clearly indicate whether the paper includes quantitative components, measurements, or systematic observations beyond purely theoretical discussion or personal experience.",yes,"The paper appears to be a workshop overview paper discussing paradigm integration, which could qualify as a systematic review of paradigm integration.",no,"The abstract does not mention any specific validation methods or empirical testing, indicating that the paper does not include validation methods, empirical testing, or systematic evaluation of its findings or proposed metrics.",Exclude,"A workshop overview discussing paradigm integration across multiple programming approaches, demonstrating strong alignment with criteria related to multiple paradigms and paradigmatic compatibility. However, significant uncertainties exist regarding empirical validation, quantitative components, and full-text accessibility, which limit the paper's comprehensive assessment against the screening criteria.",3.2,EC6,"While the abstract mentions ""efficient implementation,"" it does not clearly indicate whether the paper includes quantitative components, measurements, or systematic observations beyond purely theoretical discussion or personal experience.",EC1,"A workshop overview discussing paradigm integration across multiple programming approaches, demonstrating strong alignment with criteria related to multiple paradigms and paradigmatic compatibility. However, significant uncertainties exist regarding empirical …"
Darwinian Model Upgrades: Model Evolving with Selective Compatibility,"Binjie Zhang, Shupeng Su, Yixiao Ge, Xuyuan Xu, Yexin Wang, Chun Yuan, Mike Zheng Shou, Ying Shan",10.48550/arXiv.2210.06954,https://doi.org/10.48550/arXiv.2210.06954,AAAI Conference on Artificial Intelligence,4,2022,yes,"The paper appears to be accessible through GitHub and likely academic channels, though this isn't explicitly confirmed in the abstract.",yes,"The paper is written in English, meeting the language requirement.",yes,"The study includes empirical data from experiments, but again, not related to programming paradigm integration.",no,"While the paper discusses different models, it doesn't address programming paradigms or their compatibility.",no,"The paper focuses on model compatibility in machine learning rather than programming paradigm compatibility. While it discusses compatibility, it's in a different context than what the screening criteria seek.",yes,"The study includes quantitative measurements and systematic observations, but focused on model performance metrics rather than programming paradigm metrics.",maybe,"While this is primary research, it focuses on model upgrading paradigms rather than programming paradigm compatibility. The ""paradigm"" discussed is about model evolution, not programming paradigms.",yes,"The study includes ""comprehensive experiments on large-scale landmark retrieval and face recognition benchmarks,"" indicating empirical validation.",Exclude,"The study focuses on machine learning model upgrading paradigms, which fundamentally differs from programming paradigm compatibility. Despite methodological rigor and empirical validation, the research does not address interactions between programming paradigms, rendering it non-compliant with the systematic review's core screening criteria. Consequently, the paper would not be suitable for inclusion in the review.",2.5,EC1,"While the paper discusses different models, it doesn't address programming paradigms or their compatibility.",EC1,"While the paper discusses different models, it doesn't address programming paradigms or their compatibility."
CONCEPTUAL MODELLING AND THE QUALITY OF ONTOLOGIES : A COMPARISON BETWEEN OBJECT-ROLE MODELLING AND THE OBJECT PARADIGM,"Mohammad Mourhaf al Asswad, Mutaz M. Al-Debei, Sergio de Cesare, M. Lycett",-,-,-,11,2010,maybe,"The full-text accessibility of the paper cannot be determined from the abstract alone, which is a common limitation in screening.",yes,"The paper is written in English, meeting the publication language criterion.",maybe,"The study includes a comparative analysis of two ontologies, suggesting some empirical observation, though the extent is not clear from the abstract.",maybe,"The study does address two different paradigms (ORM and OP), but these are modeling paradigms for ontology development rather than programming paradigms.",maybe,"The paper does compare different modeling paradigms (ORM vs OP) and their compatibility for ontology development, but this is not specifically about programming paradigms as typically understood in software engineering.",maybe,The abstract mentions analytical comparison but does not explicitly indicate quantitative measurements. The evaluation appears more qualitative in nature.,maybe,"The paper appears to be primary research comparing two modeling paradigms (ORM and OP) for ontology development, which involves paradigm comparison, but is focused on ontology modeling rather than programming paradigms specifically.",maybe,"The abstract mentions ""analytically compared using the specified criteria,"" suggesting some systematic evaluation, though the details are limited.",Exclude,"The study compares ontology modeling paradigms through a systematic analytical approach, but diverges from the screening criteria's focus on programming paradigms. While demonstrating paradigmatic comparison and systematic evaluation, the research primarily addresses ontology modeling techniques rather than software engineering paradigm integration. Consequently, the paper only partially meets the established screening requirements.",2.9,EC1,"The study compares ontology modeling paradigms through a systematic analytical approach, but diverges from the screening criteria's focus on programming paradigms. While demonstrating paradigmatic comparison and systematic evaluation, the research primarily ad…",EC1,"The study compares ontology modeling paradigms through a systematic analytical approach, but diverges from the screening criteria's focus on programming paradigms. While demonstrating paradigmatic comparison and systematic evaluation, the research primarily ad…"
Assessing Web Services Interfaces with Lightweight Semantic Basis,"Martin Garriga, A. D. Renzis, A. Flores, A. Cechich, Alejandro Zunino",10.4149/cai_2017_5_1173,https://doi.org/10.4149/cai_2017_5_1173,Computing and informatics,4,2017,maybe,"The full-text accessibility of the paper cannot be determined from the abstract alone, but the paper appears to be from a formal publication.",yes,"The paper is written in English, meeting the language requirement.",yes,The study includes empirical testing with real-life web services and evaluation using information retrieval metrics.,no,The paper does not address interactions between different programming paradigms. It focuses on web service integration and compatibility.,no,"The paper focuses on web service compatibility and selection rather than programming paradigm compatibility. While it discusses interface compatibility, this is at the service level, not the programming paradigm level.",yes,"The study includes quantitative evaluation using ""well-known metrics of the Information Retrieval field.""",maybe,"While this is primary research, it focuses on web service selection and interface compatibility rather than paradigmatic compatibility specifically. The focus is more on service discovery and integration.",yes,"The abstract mentions ""a set of experiments"" and evaluation ""against third-party approaches with a data-set of real-life Web Services,"" indicating empirical validation.",Exclude,"The study focuses on web service selection and interface compatibility, which diverges from the screening criteria's emphasis on programming paradigm compatibility. While the research demonstrates strong empirical and quantitative methodologies, it lacks direct engagement with multiple programming paradigms or paradigmatic integration. Consequently, the paper does not align sufficiently with the specified screening requirements.",2.7,EC1,The paper does not address interactions between different programming paradigms. It focuses on web service integration and compatibility.,EC1,The paper does not address interactions between different programming paradigms. It focuses on web service integration and compatibility.
Supporting modelers with model qualities and patterns,Fabrice Boissier,10.1109/RCIS.2017.7956573,https://doi.org/10.1109/RCIS.2017.7956573,Research Challenges in Information Science,2,2017,maybe,The abstract does not provide enough information to determine if the full text is accessible.,yes,"The paper is written in English, so it meets the publication language criterion.",no,The abstract does not indicate whether empirical data or systematic observations are included.,maybe,"The paper does address multiple modeling methods and tools, suggesting multiple paradigms are considered, but the focus seems to be on selection rather than compatibility or integration.",maybe,"While the paper mentions ""multiple modeling methods and tools"" and limitations by ""tools or paradigms,"" it does not explicitly focus on paradigmatic compatibility or integration. The focus appears to be on model selection criteria.",maybe,"The abstract mentions ""criteria"" for decision-making but does not specify if these are quantitative or systematic.",maybe,"The abstract suggests this is a research paper about modeling methods and tools, but it's unclear if it specifically investigates paradigmatic compatibility. The focus appears to be more on model selection criteria.",no,The abstract does not mention any validation methods or empirical testing.,Exclude,"The abstract addresses multiple modeling methods and tools, but lacks clear evidence of paradigmatic compatibility research or empirical validation. While touching on multiple paradigms, the text appears more focused on model selection criteria than systematic integration or quantitative analysis of programming paradigms.",2.8,EC6,"The abstract mentions ""criteria"" for decision-making but does not specify if these are quantitative or systematic.",EC1,"The abstract addresses multiple modeling methods and tools, but lacks clear evidence of paradigmatic compatibility research or empirical validation. While touching on multiple paradigms, the text appears more focused on model selection criteria than systematic…"
A Multi-paradigm Complexity Metric (MCM),"S. Misra, I. Akman, Ferid Cafer",10.1007/978-3-642-21934-4_28,https://doi.org/10.1007/978-3-642-21934-4_28,Communication Systems and Applications,2,2011,maybe,"The full-text accessibility of the paper cannot be determined from the abstract alone, which is a common limitation in screening.",yes,"The paper is written in English, which meets the publication language criterion.",maybe,"The abstract does not explicitly mention empirical data or systematic observations, which creates significant uncertainty.",yes,"The paper explicitly addresses multiple paradigms, including procedural and object-oriented languages, meeting this criterion.",yes,"The paper directly addresses paradigmatic compatibility by proposing a metric for evaluating code across multiple programming paradigms, including procedural and object-oriented languages, which strongly meets this criterion.",maybe,"The paper proposes a metric, which implies quantitative components, but the abstract doesn't specify the nature or extent of these measurements.",yes,"The paper appears to be primary research proposing a new metric for multi-paradigm programming languages, which aligns with the criterion of investigating paradigmatic compatibility.",maybe,"The abstract does not explicitly mention any validation methods or empirical testing of the proposed metric, which creates significant uncertainty.",Exclude,"A research paper proposing a metric for multi-paradigm programming languages demonstrates strong potential in addressing paradigmatic compatibility across procedural and object-oriented programming approaches. While the study shows promise in quantitative analysis of programming paradigms, significant uncertainties exist regarding empirical validation and systematic testing of the proposed metric. The work appears to offer a novel approach to measuring code compatibility across different programming paradigms.",3.9,EC1,A research paper proposing a metric for multi-paradigm programming languages demonstrates strong potential in addressing paradigmatic compatibility across procedural and object-oriented programming approaches. While the study shows promise in quantitative anal…,EC1,A research paper proposing a metric for multi-paradigm programming languages demonstrates strong potential in addressing paradigmatic compatibility across procedural and object-oriented programming approaches. While the study shows promise in quantitative anal…
Proposing a Paradigm for e-Collaboration,"Gang Chen, Waiman Cheung, Sung-Chi Chu, W. Wong",-,-,-,3,2003,maybe,The full-text accessibility of the paper cannot be determined from the abstract alone.,yes,"The paper is written in English, meeting the language requirement.",no,The abstract doesn't indicate any empirical data collection or systematic observations about programming paradigm integration. The focus is on organizational collaboration.,no,"While the paper discusses different levels of integration, these are not programming paradigms but rather organizational collaboration paradigms.",no,"While the paper discusses paradigms, it's focused on e-Collaboration paradigms rather than programming paradigms. The mathematical modeling mentioned doesn't appear to address programming paradigm compatibility.",maybe,"The paper includes mathematical modeling, but this appears to be for organizational integration rather than programming paradigms.",no,"The paper appears to be primary research developing a framework for e-Collaboration, but it does not specifically investigate paradigmatic compatibility in programming. It focuses on organizational collaboration paradigms, which is a different domain.",maybe,"The abstract mentions ""mathematical modeling"" as a validation approach, but it's unclear how rigorous this validation is. The paper seems more focused on framework development than empirical validation.",Exclude,"The abstract describes a study on e-Collaboration frameworks that fundamentally differs from the systematic review's focus on programming paradigm compatibility. Despite using mathematical modeling and discussing paradigms, the research addresses organizational collaboration rather than programming integration, rendering it incompatible with the screening criteria. Consequently, the paper does not meet the core requirements for inclusion in the systematic review.",1.4,EC2,"The paper appears to be primary research developing a framework for e-Collaboration, but it does not specifically investigate paradigmatic compatibility in programming. It focuses on organizational collaboration paradigms, which is a different domain.",EC2,"The paper appears to be primary research developing a framework for e-Collaboration, but it does not specifically investigate paradigmatic compatibility in programming. It focuses on organizational collaboration paradigms, which is a different domain."
Performance model’s development: a novel approach encompassing ontology-based data access and visual analytics,"M. Angelini, C. Daraio, M. Lenzerini, F. Leotta, G. Santucci",10.1007/s11192-020-03689-x,https://doi.org/10.1007/s11192-020-03689-x,Scientometrics,4,2020,maybe,"The full-text accessibility of the paper cannot be determined from the abstract alone, and this is typically assessed during the full-text review.",yes,"The paper is written in English, which meets the publication language criterion.",maybe,"The study includes empirical evidence through a user study, but this evidence is not specifically about paradigm integration challenges.",maybe,"While the paper mentions combining two approaches (ontology-based and visual analytics), this is not specifically about programming paradigms as defined in the criteria.",maybe,"The paper mentions combining ""ontology-based data access paradigm with visual analytics environment,"" but this appears to be about combining different approaches rather than specifically addressing paradigmatic compatibility. The focus is more on evaluation metrics and visualization.",yes,"The paper deals with quantitative evaluation and metrics, though not specifically for paradigm compatibility.",no,"The paper appears to be primary research proposing a new approach to performance evaluation and metrics, but it does not specifically focus on paradigmatic compatibility or software measurement integration. It is more about evaluation metrics and visualization.",yes,"The paper includes a comprehensive user study that evaluates the proposed approach, indicating the presence of empirical validation methods.",Exclude,"The study presents a novel approach to performance evaluation metrics, combining ontology-based data access with visual analytics, but does not directly address programming paradigm compatibility. While the research includes empirical validation through a user study and demonstrates quantitative components, it falls short of the specific screening criteria focused on paradigmatic integration and compatibility. The paper's primary focus on evaluation metrics and visualization diverges from the systematic review's core requirements.",2.7,EC2,"The paper appears to be primary research proposing a new approach to performance evaluation and metrics, but it does not specifically focus on paradigmatic compatibility or software measurement integration. It is more about evaluation metrics and visualization…",EC2,"The paper appears to be primary research proposing a new approach to performance evaluation and metrics, but it does not specifically focus on paradigmatic compatibility or software measurement integration. It is more about evaluation metrics and visualization…"
Magdeburg The METRICS NEWS can be ordered directly from the Editorial Office,"R. Dumke, C. Ebert, E. Rudolph, H. Zuse, C. Ebert, E. Rudolph, H. Zuse",-,-,-,0,2001,maybe,The full-text accessibility of the paper cannot be determined from the abstract alone.,yes,"The paper appears to be written in English, though it has some grammatical errors.",maybe,"The paper discusses empirical evaluations and mentions specific types, but it is unclear if it presents new empirical data. It appears to be more of a review of existing approaches.",maybe,"While the paper mentions ""new development paradigms,"" it does not explicitly discuss interactions between multiple paradigms. The focus seems to be on measurement frameworks rather than paradigm integration.",maybe,"While the paper mentions ""development paradigm"" and discusses limitations with new paradigms, it appears to focus more on measurement frameworks than paradigmatic compatibility specifically.",yes,"The paper clearly deals with metrics and quantitative measurements, discussing various types of empirical evaluations.",maybe,"The paper appears to be a review/analysis of measurement frameworks and their validation approaches, but it is not clearly focused on paradigmatic compatibility.",yes,The paper explicitly discusses different types of empirical evaluations and validation approaches.,Exclude,"The abstract discusses measurement frameworks and empirical evaluations, touching on development paradigms but lacking a clear focus on paradigmatic compatibility. While the paper includes quantitative components and validation methods, its primary emphasis appears to be on measurement approaches rather than systematic paradigm integration. The poorly written abstract creates uncertainty about the study's precise scope and depth of analysis.",3.2,EC1,"The abstract discusses measurement frameworks and empirical evaluations, touching on development paradigms but lacking a clear focus on paradigmatic compatibility. While the paper includes quantitative components and validation methods, its primary emphasis ap…",EC1,"The abstract discusses measurement frameworks and empirical evaluations, touching on development paradigms but lacking a clear focus on paradigmatic compatibility. While the paper includes quantitative components and validation methods, its primary emphasis ap…"
Model Transformation Reuse: A Graph-based Model Typing Approach. (Réutilisation de transformation de modèle : une approche de typage de modèle basée sur les graphes),Q. Pham,-,-,-,5,2012,maybe,"The full-text accessibility of the paper cannot be determined from the abstract alone, but the fact that it is a dissertation suggests it may be available through academic channels.",yes,"The paper is written in English, meeting the publication language criterion.",maybe,The abstract mentions prototyping but doesn't explicitly discuss empirical data about integration challenges between programming paradigms.,maybe,"While the paper deals with different metamodels, it doesn't explicitly address programming paradigms. It focuses on model transformation compatibility rather than programming paradigm integration.",maybe,"The paper addresses compatibility between different metamodels and their transformations, which is related to but not exactly the same as programming paradigm compatibility. It focuses more on model transformation than programming paradigms.",maybe,The paper appears to be more focused on formal methods and transformation mechanisms rather than quantitative measurements or metrics.,maybe,"The paper presents primary research on transformation compatibility between different metamodels, which relates to paradigmatic compatibility, but it is more focused on model transformation than programming paradigms specifically.",maybe,"The abstract mentions prototyping with MOMENT2, suggesting some empirical validation, though details are limited.",Exclude,"The dissertation addresses model transformation compatibility through metamodel correspondences, but diverges from direct programming paradigm integration. While demonstrating technical sophistication in transformation mechanisms, the study lacks explicit focus on programming paradigm compatibility, quantitative metrics, and comprehensive empirical validation. The research provides insights into model representation compatibility but falls short of fully meeting the specified screening criteria for programming paradigm research.",2.9,EC1,"The dissertation addresses model transformation compatibility through metamodel correspondences, but diverges from direct programming paradigm integration. While demonstrating technical sophistication in transformation mechanisms, the study lacks explicit focu…",EC1,"The dissertation addresses model transformation compatibility through metamodel correspondences, but diverges from direct programming paradigm integration. While demonstrating technical sophistication in transformation mechanisms, the study lacks explicit focu…"
Quantitative Evaluation of Pairwise Interactions between Agents,"Takahiro Kawamura, S. Joseph, Akihiko Ohsuga, S. Honiden",10.1007/978-3-540-45347-5_16,https://doi.org/10.1007/978-3-540-45347-5_16,ASA/MA,8,2000,maybe,"The full-text accessibility of the paper cannot be determined from the abstract alone, which is a common limitation in screening.",yes,"The paper is written in English, which meets the publication language criterion.",yes,"The study includes empirical data from a distributed DB system implementation using the Bee-gent Agent Framework, meeting the empirical evidence criterion.",yes,"The paper explicitly focuses on multiple paradigms, defining three basic agent paradigms and their interactions.",yes,"The paper directly addresses paradigmatic compatibility by defining and analyzing three basic agent paradigms and their integration, and includes formal performance models and quantitative metrics for comparison.",yes,"The paper includes strong evidence of quantitative components through performance models and measurements of network traffic, processing time, and memory usage.",yes,"The paper presents primary research investigating different agent paradigms and their integration, which aligns with the criterion of paradigmatic compatibility research.",yes,"The abstract explicitly mentions quantitative evaluation and performance models, including empirical testing of network traffic, processing time, and memory usage, which strongly meets the validation criterion.",Include,"The study presents a rigorous investigation of agent paradigms with strong quantitative and empirical components, systematically analyzing multiple interaction models through performance metrics and distributed system implementation. By defining three basic agent paradigms and evaluating them across network traffic, processing time, and memory usage, the research provides comprehensive insights into paradigmatic compatibility and integration. The work demonstrates robust methodological approaches to understanding complex system interactions through empirical testing and performance modeling.",4.6,IC,"Meets IC; multi-paradigm, compatibility focus, quantitative component, empirical evidence, validation method, research contribution, supported language.",IC,"Meets IC; multi-paradigm, compatibility focus, quantitative component, empirical evidence, validation method, research contribution, supported language."
Foundations of multi-paradigm modeling and simulation: a meta-theoretic approach to modeling and simulation,M. Traoré,-,-,Online World Conference on Soft Computing in Industrial Applications,4,2003,maybe,"The full-text accessibility of the paper cannot be determined from the abstract alone, which is a common limitation in screening.",yes,"The paper is written in English, which meets the publication language criterion.",no,The abstract does not indicate any clear empirical data or systematic observations.,maybe,"The paper does address multiple formalisms and modeling processes, but these appear to be more about modeling and simulation rather than programming paradigms specifically.",maybe,"The paper discusses integration of multiple formalisms and modeling processes, which is related to paradigmatic compatibility, but it is more focused on modeling and simulation architecture than programming paradigms specifically.",no,The abstract suggests a theoretical framework but does not indicate specific quantitative components or measurements.,maybe,"The paper appears to be primary research proposing a methodological framework for modeling and simulation, which is related to but not directly focused on paradigmatic compatibility.",no,"The abstract does not explicitly mention any validation methods or empirical testing, indicating a lack of clear validation methods.",Exclude,"The abstract describes a methodological framework for modeling and simulation that integrates multiple formalisms, but lacks clear evidence of empirical validation or quantitative components. While addressing multiple modeling processes, the study does not directly focus on programming paradigms or provide systematic observations about paradigmatic compatibility. The theoretical nature of the work and absence of explicit validation methods suggest limited alignment with the screening criteria.",2.9,EC6,The abstract suggests a theoretical framework but does not indicate specific quantitative components or measurements.,EC6,The abstract suggests a theoretical framework but does not indicate specific quantitative components or measurements.
Dagstuhl Seminar 9538 New Trends in the Intergration of Paradigms,Chris Hankin,-,-,-,0,1995,maybe,The abstract does not provide enough information to determine if the full text is accessible.,yes,"The paper is written in English, meeting the language requirement.",no,The abstract does not mention any empirical data or systematic observations. It focuses on theoretical frameworks and approaches.,yes,"The paper strongly meets this criterion, explicitly discussing multiple paradigms and their integration (object-oriented, concurrent, functional, declarative).",yes,"The paper has a strong focus on paradigmatic compatibility, discussing integration of different paradigms (object-oriented, concurrent, functional, declarative) and coordination mechanisms.",no,The abstract suggests a primarily theoretical discussion without mention of quantitative measurements or systematic observations.,yes,"The paper appears to be a systematic review or analysis of paradigm integration, discussing various approaches to paradigm compatibility and integration.",no,The abstract does not mention any specific validation methods or empirical testing. It discusses theoretical approaches and frameworks but does not indicate validation of findings.,Exclude,"The document explores programming paradigm integration through a theoretical lens, addressing multiple paradigms and their potential interactions. While demonstrating strong conceptual insights into paradigm compatibility, the text lacks empirical validation, quantitative measurements, and systematic evidence. The work appears more focused on theoretical frameworks and potential approaches rather than providing concrete, data-driven analysis of paradigm integration.",3.1,EC6,The abstract suggests a primarily theoretical discussion without mention of quantitative measurements or systematic observations.,EC6,The abstract suggests a primarily theoretical discussion without mention of quantitative measurements or systematic observations.
Integrating Formalized User Experience within Building Design Models,"Debajyoti Pati, G. Augenbroe",10.1111/j.1467-8667.2006.00474.x,https://doi.org/10.1111/j.1467-8667.2006.00474.x,Comput. Aided Civ. Infrastructure Eng.,4,2007,maybe,"The full-text accessibility of the paper cannot be determined from the abstract alone, which is a common limitation in screening.",yes,"The paper is written in English, which meets the publication language criterion.",no,"The abstract does not clearly indicate whether empirical data is included. It mentions ""performance data"" but in the context of building performance, not programming paradigms.",no,"The paper does address integration between different approaches, but these are architectural modeling paradigms, not programming paradigms.",no,"While the paper discusses integration of different modeling approaches (descriptive and evaluative/performance), it is not focused on programming paradigms. The ""paradigms"" mentioned are in the context of architectural modeling.",no,"While the paper likely includes some quantitative elements (building performance data), these are not related to programming paradigms.",no,"The paper appears to be primary research investigating modeling integration, but it is focused on architectural/construction modeling rather than programming paradigms, which is a significant mismatch with the intended focus.",no,"The abstract mentions a ""modeling study"" but does not explicitly describe validation methods or empirical testing, suggesting the paper is more conceptual in nature.",Exclude,"The abstract describes an architectural modeling study focused on building performance, which fundamentally differs from the systematic review's target of programming paradigm integration. Despite addressing integration and compatibility, the paper's domain of Architecture, Engineering, and Construction (AEC) represents a complete mismatch with the intended research scope. Consequently, the abstract fails to meet the core screening criteria related to programming paradigms.",1.4,EC2,"The paper appears to be primary research investigating modeling integration, but it is focused on architectural/construction modeling rather than programming paradigms, which is a significant mismatch with the intended focus.",EC2,"The paper appears to be primary research investigating modeling integration, but it is focused on architectural/construction modeling rather than programming paradigms, which is a significant mismatch with the intended focus."
Semantic interoperability and retrieval paradigms,Felix Boteram,-,-,-,1,2011,maybe,The full-text accessibility of the paper cannot be determined from the abstract alone.,yes,"The paper is written in English, which meets the publication language criterion.",no,"The abstract does not indicate any empirical data or systematic observations, suggesting the paper is more focused on presenting an approach rather than analyzing empirical evidence.",no,"While the paper discusses different paradigms, they are retrieval paradigms in information systems, not programming paradigms, which is a different domain than what the criteria specify.",no,"While the paper discusses interoperability, it is focused on indexing strategies and retrieval paradigms in information systems, not programming paradigms, which is a significant mismatch with the criterion.",no,The abstract does not provide any clear indication of quantitative components or measurements.,maybe,"The paper appears to be primary research investigating interoperability, but it is focused on information systems rather than programming paradigms specifically, which is a partial match at best.",no,"The abstract does not explicitly mention any validation methods or empirical testing, suggesting a more theoretical approach.",Exclude,"The abstract describes an approach to information systems interoperability that fundamentally diverges from the required focus on programming paradigm compatibility. Critical screening criteria related to programming paradigms, empirical validation, and quantitative analysis are not met, rendering the paper unsuitable for the systematic review. The study's domain and methodological approach are misaligned with the specified research parameters.",2.5,EC1,"While the paper discusses different paradigms, they are retrieval paradigms in information systems, not programming paradigms, which is a different domain than what the criteria specify.",EC1,"While the paper discusses different paradigms, they are retrieval paradigms in information systems, not programming paradigms, which is a different domain than what the criteria specify."
Complexity and Development Effort Prediction Models Using Component Oriented Metrics,"Nael Salman, A. Dogru",-,-,-,3,2006,maybe,The full-text accessibility of the paper cannot be determined from the abstract alone.,yes,"The paper is written in English, though with some minor formatting issues.",maybe,"The study includes empirical data from student projects and 5 validation projects, but this data is not about paradigm integration challenges.",no,The paper focuses on component-oriented design but does not address interactions between multiple programming paradigms.,no,The paper focuses on component-oriented metrics but does not explicitly address paradigmatic compatibility or integration between different paradigms.,yes,The study includes quantitative metrics and regression models.,maybe,"The paper is primary research investigating component-oriented metrics and development effort estimation, which is related to software measurement but does not specifically focus on paradigmatic compatibility.",yes,The study includes validation using data from 5 projects and regression models based on student project data.,Exclude,"The study presents a quantitative analysis of component-oriented metrics with empirical validation, but lacks direct focus on paradigmatic compatibility or interactions between multiple programming paradigms. While demonstrating strong methodological rigor through regression models and project data, the research does not align with the core screening criteria related to paradigm integration and cross-paradigm analysis.",2.7,EC1,The paper focuses on component-oriented design but does not address interactions between multiple programming paradigms.,EC1,The paper focuses on component-oriented design but does not address interactions between multiple programming paradigms.
Combining Independent Specifications,"J. N. Reed, J. Sinclair",10.1007/3-540-45314-8_5,https://doi.org/10.1007/3-540-45314-8_5,Fundamental Approaches to Software Engineering,6,2001,maybe,"The full-text accessibility of the paper cannot be determined from the abstract alone, which is a common limitation in screening.",yes,"The paper is written in English, which meets the publication language criterion.",no,"The abstract does not explicitly mention empirical data collection or systematic observations, and the focus appears more theoretical/formal.",yes,"The paper explicitly addresses multiple paradigms, specifically combining ""state-based deductive formalisms"" and ""event-based model checking formalisms.""",yes,"The paper explicitly focuses on a ""mixed-paradigm approach combining different specification methods"" and discusses formal models for compatibility between different paradigms (state-based and event-based), which aligns with the paradigmatic compatibility focus criterion.",maybe,"The paper includes formal quantitative components through its use of CSP and formal semantics, though it's not clear if there are numerical measurements.",yes,"The paper presents primary research investigating formal frameworks for component compatibility, which aligns with the study type criterion focused on paradigmatic compatibility research.",maybe,"The abstract mentions using CSP and failures semantic model for formal analysis, suggesting the inclusion of systematic evaluation methods. However, it's not explicitly clear if empirical testing was performed.",Exclude,"A formal research paper exploring mixed-paradigm approaches to component specification, focusing on integrating state-based and event-based formalisms through systematic analysis. The study demonstrates strong alignment with paradigmatic compatibility research by proposing a framework for understanding interactions between different programming paradigms, with particular emphasis on formal semantic models and component relationships. While theoretically robust, the abstract suggests limited empirical validation of the proposed approach.",4.3,EC6,"The paper includes formal quantitative components through its use of CSP and formal semantics, though it's not clear if there are numerical measurements.",EC1,"A formal research paper exploring mixed-paradigm approaches to component specification, focusing on integrating state-based and event-based formalisms through systematic analysis. The study demonstrates strong alignment with paradigmatic compatibility research…"
Assessing composition in modeling approaches,"G. Mussbacher, Omar Alam, Mohammad Alhaj, Shaukat Ali, N. Amálio, B. Barn, Rolv Bræk, T. Clark, B. Combemale, L. M. Cysneiros, U. Fatima, R. France, Geri Georg, Jennifer Horkoff, J. Kienzle, Julio Cesar Sampaio do Prado Leite, T. Lethbridge, Markus Luckey, A. Moreira, Felix Mutz, A. P. A. Oliveira, D. Petriu, Matthias Schöttle, L. Troup, Vera Werneck",10.1145/2459031.2459032,https://doi.org/10.1145/2459031.2459032,CMA '12,12,2012,maybe,"The full-text accessibility of the paper cannot be determined from the abstract alone, but since it is a workshop paper, it is likely accessible through academic channels.",yes,"The paper is written in English, meeting the publication language criterion.",yes,"The paper includes systematic observations through 19 assessments and a common case study, providing empirical evidence about integration challenges, meeting the empirical evidence criterion.",yes,"The paper explicitly addresses multiple paradigms (aspect-oriented, feature-oriented, object-oriented, and logic-based), strongly meeting this criterion.",yes,"The paper directly addresses paradigmatic compatibility by comparing different modeling paradigms (aspect-oriented, feature-oriented, object-oriented, and logic-based) and their composition, strongly meeting this criterion.",maybe,"While the paper includes systematic observations, it's not entirely clear from the abstract whether these are quantitative. However, the structured comparison approach suggests some quantitative elements.",yes,"The paper appears to be primary research investigating paradigmatic compatibility through comparative analysis of modeling approaches, meeting the study type criterion.",yes,"The paper includes systematic evaluation through ""19 assessments of modeling approaches based on the comparison criteria and a common, focused case study,"" meeting the validation methods criterion.",Include,"A systematic comparative study exploring multiple programming paradigms through empirical assessment and structured evaluation, addressing paradigmatic compatibility across aspect-oriented, feature-oriented, object-oriented, and logic-based modeling approaches. The research provides a comprehensive methodology for comparing modeling techniques, utilizing 19 assessments and a focused case study to analyze integration challenges and potential methodological generalizations.",4.6,IC,"Meets IC; multi-paradigm, compatibility focus, empirical evidence, validation method, research contribution, supported language.",IC,"Meets IC; multi-paradigm, compatibility focus, empirical evidence, validation method, research contribution, supported language."
A Model for Integrating Knowledge into Component-Based Software Development,"A. C. Río, Jose Emilio Labra Gayo, J. M. C. Lovelle",-,-,-,8,2001,maybe,"The detailed technical nature of the paper suggests it is likely an academic publication that would be accessible through standard channels, though this cannot be definitively determined from the abstract alone.",yes,"The paper is written in English, meeting the language requirement.",no,The abstract does not indicate any empirical data collection or systematic observations. It presents a theoretical model and approach but does not mention empirical validation.,no,"The paper does not address interactions between different programming paradigms. Instead, it focuses on component-based integration challenges within a single paradigm.",no,"The paper focuses on component-based software development and integration challenges, but does not specifically address paradigmatic compatibility. The focus is on interface compatibility and restrictions rather than programming paradigms.",maybe,"The paper includes formal quantitative components through its use of first-order logic predicates and mathematical notation, but these are not specifically related to paradigmatic compatibility.",no,"The paper presents primary research on a component model for software integration, but does not specifically focus on paradigmatic compatibility. While it discusses integration challenges, these are more about component interfaces and restrictions rather than programming paradigms.",no,"The paper proposes a formal model using first-order logic predicates and mentions static verification, but does not explicitly describe validation methods or empirical testing of the proposed approach.",Exclude,"The paper focuses on component-based software development and interface compatibility, but lacks direct engagement with paradigmatic compatibility or empirical validation of paradigm integration. While technically sophisticated in its approach to software components, the study does not meet the core screening criteria related to programming paradigm interactions or systematic empirical evidence. The research primarily addresses component interface restrictions and static verification rather than paradigmatic compatibility challenges.",2.7,EC2,"The paper presents primary research on a component model for software integration, but does not specifically focus on paradigmatic compatibility. While it discusses integration challenges, these are more about component interfaces and restrictions rather than …",EC2,"The paper presents primary research on a component model for software integration, but does not specifically focus on paradigmatic compatibility. While it discusses integration challenges, these are more about component interfaces and restrictions rather than …"
A New Search Paradigm for Natural Language Code Search,"Miltos Allamanis, Daniel Tarlow, Andrew Gordon, Uri Alon, Shaked Brody, Omer Levy, Eran Ya-540, S. Bajracharya, T. Ngo, Erik Linstead, J. Devlin, Ming-Wei Chang, Kenton Lee, Daya Guo, Shuo Ren, Shuai Lu, Zhangyin Feng, Duyu",-,-,-,2,2021,maybe,"The abstract does not provide enough information to determine if the full text is accessible, but the presence of detailed experimental results suggests it is likely a formal publication.",yes,"The paper is written in English, which meets the publication language criterion.",no,"While the study includes empirical evidence, it is not related to paradigm integration or compatibility challenges between programming paradigms, so it does not meet this criterion.",no,"The study does not address interactions between different programming paradigms, as it focuses on code search algorithms and natural language processing, so it does not meet this criterion.",no,"The paper focuses on code search algorithms and semantic matching between code and queries, and does not address paradigmatic compatibility or integration between programming paradigms, so it does not meet this criterion.",yes,"The study includes clear quantitative measurements and systematic evaluation, which meets the quantitative components criterion.",no,"This is primary research, but it focuses on code search algorithms rather than paradigmatic compatibility or software measurement integration, so it does not meet this criterion.",yes,"The study includes empirical testing with quantitative results, such as a 17.48% improvement in MRR and a 95% success rate in top-10 results, which meets the validation methods criterion.",Exclude,"The research paper focuses on code search algorithms and semantic matching, which fundamentally diverges from the systematic review's core interest in paradigmatic compatibility. Despite demonstrating strong empirical validation and quantitative methods, the study fails to address interactions between programming paradigms, rendering it unsuitable for inclusion in the review. Critical screening criteria related to paradigm integration and compatibility are not met, leading to exclusion.",1.4,EC2,"This is primary research, but it focuses on code search algorithms rather than paradigmatic compatibility or software measurement integration, so it does not meet this criterion.",EC2,"This is primary research, but it focuses on code search algorithms rather than paradigmatic compatibility or software measurement integration, so it does not meet this criterion."
Mappings Between Domain Models in Answer Set Programming,"S. Costantini, A. Formisano, E. Omodeo",-,-,ASp,2,2003,maybe,"The full-text accessibility of the paper cannot be determined from the abstract alone, which is a common limitation in screening.",yes,"The paper is written in English, meeting the publication language criterion.",maybe,"The abstract suggests some empirical work through the inference engine, but doesn't explicitly detail empirical observations about paradigm integration.",no,"While the paper deals with integration, it's primarily about database schema integration rather than programming paradigms. The only programming paradigm mentioned is Answer Set Programming, but it's not comparing multiple programming paradigms.",no,"While the paper deals with integration, it focuses more on database schema integration rather than programming paradigm compatibility. The use of Answer Set Programming is mentioned, but it's not primarily about paradigmatic compatibility.",maybe,"The paper appears to include formal models and systematic approaches, but the abstract doesn't explicitly mention quantitative measurements.",maybe,"The paper appears to be primary research investigating paradigmatic compatibility, specifically focusing on data integration and Answer Set Programming. However, it's more focused on database integration than programming paradigms specifically.",maybe,"The abstract mentions a ""working inference engine"" and discusses query answering, suggesting some empirical validation, though details are limited.",Exclude,"The abstract describes a study on database schema integration using Answer Set Programming, which only partially aligns with the screening criteria focused on programming paradigm compatibility. While the work involves formal methods and integration techniques, it primarily addresses database schema integration rather than direct programming paradigm interactions, thus falling short of the core review requirements.",2.9,EC1,"While the paper deals with integration, it's primarily about database schema integration rather than programming paradigms. The only programming paradigm mentioned is Answer Set Programming, but it's not comparing multiple programming paradigms.",EC1,"While the paper deals with integration, it's primarily about database schema integration rather than programming paradigms. The only programming paradigm mentioned is Answer Set Programming, but it's not comparing multiple programming paradigms."
A DSM-based multi-paradigm simulation modeling approach for complex systems,"Xiaobo Li, Yonglin Lei, Weiping Wang, Wenguang Wang, Yifan Zhu",10.1109/WSC.2013.6721506,https://doi.org/10.1109/WSC.2013.6721506,Online World Conference on Soft Computing in Industrial Applications,10,2013,maybe,"The full-text accessibility of the paper cannot be determined from the abstract alone, which is a common limitation in screening.",yes,"The paper is written in English, which meets the publication language criterion.",maybe,"The paper includes an application example, suggesting some empirical evidence, though the abstract does not detail the extent of systematic observations.",yes,"The paper clearly addresses multiple paradigms, specifically mentioning ""multi-paradigm modeling"" and ""multiple M&S formalisms.""",yes,"The paper strongly meets this criterion, as it explicitly focuses on integrating ""current M&S paradigms"" and promoting ""reusability, interoperability and composability of simulation models and systems.""",maybe,"The paper appears to include quantitative components through its formal modeling approach and simulation framework, though the abstract does not explicitly detail measurements.",yes,"The paper appears to be primary research investigating paradigm integration, specifically proposing a ""multi-paradigm modeling approach,"" which meets the study type criterion.",maybe,"The abstract mentions ""an application example on combat system effectiveness simulation,"" which suggests some empirical validation, though the extent is not fully clear.",Include,"A multi-paradigm modeling approach addressing simulation system integration demonstrates strong alignment with screening criteria, particularly in exploring paradigmatic compatibility and proposing a formal framework for diverse domain behaviors. The study includes an application example and focuses on reusability, interoperability, and composability across multiple modeling paradigms, with quantitative and empirical components suggested through its methodological approach.",4.6,IC,"Meets IC; multi-paradigm, compatibility focus, research contribution, supported language.",IC,"Meets IC; multi-paradigm, compatibility focus, research contribution, supported language."
Theme issue on Integrated Formal Methods,"E. Johnsen, L. Petre",10.1007/s10270-015-0510-0,https://doi.org/10.1007/s10270-015-0510-0,Journal of Software and Systems Modeling,0,2015,maybe,"The paper appears to be a theme issue of a journal (Software and Systems Modeling), so it is likely accessible through academic channels, but this cannot be confirmed from the abstract alone.",yes,"The paper is written in English, which meets the publication language criterion.",maybe,"While the abstract mentions industrial applications, it does not explicitly state whether empirical data or systematic observations are included.",yes,"The paper explicitly addresses multiple paradigms, discussing ""different formal paradigms"" and ""hybrid or integrated formal models.""",yes,"The paper strongly focuses on paradigmatic compatibility, specifically discussing the integration of different formal methods and paradigms for modeling and analysis.",maybe,"The abstract does not clearly indicate whether quantitative components or measurements are included, though it mentions ""analysis techniques.""",yes,"The paper is a theme issue that appears to be a systematic review/overview of integrated formal methods, which aligns with the criterion of being a systematic review of paradigm integration.",maybe,"The abstract does not explicitly mention validation methods or empirical testing, so it is unclear whether the paper includes such methods.",Exclude,"A theme issue exploring integrated formal methods demonstrates strong alignment with multiple screening criteria, particularly in addressing paradigmatic compatibility and interactions between different modeling approaches. While the abstract clearly indicates a systematic review of paradigm integration, uncertainties remain regarding empirical validation and quantitative components. The paper's focus on multiple formal paradigms and industrial applications suggests potential relevance to the research domain.",4.3,EC1,"A theme issue exploring integrated formal methods demonstrates strong alignment with multiple screening criteria, particularly in addressing paradigmatic compatibility and interactions between different modeling approaches. While the abstract clearly indicates…",EC1,"A theme issue exploring integrated formal methods demonstrates strong alignment with multiple screening criteria, particularly in addressing paradigmatic compatibility and interactions between different modeling approaches. While the abstract clearly indicates…"
Programming paradigms and program comprehension by novices,"J. Moström, D. A. Carr",-,-,Annual Workshop of the Psychology of Programming Interest Group,9,1998,maybe,The abstract does not provide enough information to determine if the full text is accessible.,yes,"The abstract is written in English, so this criterion is met.",no,"While the abstract mentions ""research,"" it does not specifically indicate empirical data about paradigm integration or interoperability.",no,There is no mention of multiple programming paradigms or their interaction.,no,The abstract shows no indication of addressing paradigmatic compatibility or integration between programming paradigms. It appears to focus on general programming cognition and mental models.,maybe,The abstract does not indicate whether quantitative components are included.,no,"The abstract suggests this is primary research about programming and mental models, but does not appear to focus on paradigmatic compatibility. It seems to be about general programming cognition.",maybe,"The abstract mentions ""research"" but does not specify validation methods, so there is insufficient information to determine if this criterion is met.",Exclude,"The abstract focuses on programming cognition and mental models, lacking any clear evidence of addressing paradigmatic compatibility or integration between programming paradigms. Critical screening criteria related to multiple paradigms, empirical validation, and quantitative analysis of paradigm interactions are not met, suggesting the study falls outside the intended research scope.",1.4,EC2,"The abstract suggests this is primary research about programming and mental models, but does not appear to focus on paradigmatic compatibility. It seems to be about general programming cognition.",EC2,"The abstract suggests this is primary research about programming and mental models, but does not appear to focus on paradigmatic compatibility. It seems to be about general programming cognition."
Theme issue on Integrated Formal Methods,"E. Johnsen, L. Petre",10.1007/s10270-015-0510-0,https://doi.org/10.1007/s10270-015-0510-0,Journal of Software and Systems Modeling,0,2016,maybe,"The paper appears to be a theme issue of a journal (Software and Systems Modeling), so it is likely accessible through academic channels, but this cannot be confirmed from the abstract alone.",yes,"The paper is written in English, which meets the publication language criterion.",maybe,"While the abstract mentions industrial applications, it does not explicitly state whether empirical data or systematic observations are included.",yes,"The paper explicitly addresses multiple paradigms, discussing ""different formal paradigms"" and ""hybrid or integrated formal models.""",yes,"The paper strongly focuses on paradigmatic compatibility, specifically discussing the integration of different formal methods and paradigms for modeling and analysis.",maybe,"The abstract does not clearly indicate whether quantitative components or measurements are included, though it mentions ""analysis techniques.""",yes,"The paper is a theme issue that appears to be a systematic review/overview of integrated formal methods, which aligns with the criterion of being a systematic review of paradigm integration.",maybe,"The abstract does not explicitly mention validation methods or empirical testing, so it is unclear whether the paper includes such methods.",Exclude,"A theme issue exploring integrated formal methods demonstrates strong alignment with multiple screening criteria, particularly in addressing paradigmatic compatibility and interactions between different modeling approaches. While the abstract clearly indicates a systematic review of paradigm integration, uncertainties remain regarding empirical validation and quantitative components. The paper's focus on multiple formal paradigms and industrial applications suggests potential relevance to the research domain.",4.3,EC1,"A theme issue exploring integrated formal methods demonstrates strong alignment with multiple screening criteria, particularly in addressing paradigmatic compatibility and interactions between different modeling approaches. While the abstract clearly indicates…",EC1,"A theme issue exploring integrated formal methods demonstrates strong alignment with multiple screening criteria, particularly in addressing paradigmatic compatibility and interactions between different modeling approaches. While the abstract clearly indicates…"
A Categorical Model of Process Co-Simulation,"Daniel-Cristian Craciunean, D. Karagiannis",10.14569/ijacsa.2019.0100355,https://doi.org/10.14569/ijacsa.2019.0100355,International Journal of Advanced Computer Science and Applications,4,2019,maybe,"The full-text accessibility of the paper cannot be determined from the abstract alone, which is a common limitation in screening.",yes,"The paper is written in English, which meets the publication language criterion.",no,"The abstract does not indicate any empirical data or systematic observations, and the paper appears to be primarily theoretical.",maybe,"The paper does address multiple paradigms, but in the context of modeling and simulation rather than programming paradigms specifically.",maybe,"The paper discusses multi-paradigm modeling and formal models, but focuses more on modeling and simulation paradigms rather than programming paradigms specifically. It is somewhat adjacent to the target focus.",no,"While the paper deals with formal systems and mathematical modeling, it does not clearly indicate quantitative measurements or systematic observations.",maybe,"The paper appears to be primary research proposing a new model of co-simulation based on category theory, which relates to paradigm integration, but is more focused on modeling and simulation than specifically on programming paradigms.",no,"The abstract does not explicitly mention any validation methods or empirical testing of the proposed model, which is a significant weakness.",Exclude,"The abstract describes a theoretical approach to multi-paradigm modeling using category theory, but lacks empirical validation and does not specifically address programming paradigm compatibility. While the paper explores formal modeling and integration of different systems, it diverges from the targeted screening criteria by focusing on simulation and modeling paradigms rather than programming paradigms. The theoretical nature and absence of quantitative evidence further limit its alignment with the specified research focus.",2.9,EC6,"While the paper deals with formal systems and mathematical modeling, it does not clearly indicate quantitative measurements or systematic observations.",EC6,"While the paper deals with formal systems and mathematical modeling, it does not clearly indicate quantitative measurements or systematic observations."
Programming Paradigms as Object Classes: A Structuring Mechanism for Multiparadigm Programming,D. Spinellis,-,-,-,9,2002,maybe,"The technical nature and implementation details of the paper suggest it is likely a formal academic paper that would be accessible through academic channels, though this cannot be determined from the abstract alone.",yes,"The paper is written in English, meeting the publication language criterion.",yes,"The paper includes empirical evidence through the implementation of three prototypes and practical demonstration of their approach across multiple paradigms (logic, functional, etc.), meeting the empirical evidence criterion.",yes,"The paper explicitly addresses multiple paradigms (logic, functional, object-oriented, etc.) and their integration, strongly meeting the multiple paradigms criterion.",yes,"The paper strongly focuses on paradigmatic compatibility, proposing formal models (object-oriented design techniques) for encapsulating and integrating different programming paradigms, meeting the paradigmatic compatibility focus criterion.",maybe,"While the paper includes systematic observations and implementation details, it's not entirely clear from the abstract whether it includes specific quantitative measurements or metrics, so this criterion is only partially met.",yes,"The paper presents primary research investigating paradigmatic compatibility through the development of a multiparadigm programming environment (blueprint) and implementation of multiple paradigms, meeting the study type criterion.",yes,"The paper describes three prototypes and their implementation, demonstrating empirical testing of their approach, meeting the validation methods criterion.",Include,"This research presents a comprehensive exploration of multiparadigm programming, demonstrating systematic integration of multiple programming paradigms through object-oriented design techniques and practical prototype implementations. The study addresses paradigmatic compatibility by proposing a novel approach to encapsulating different programming paradigms, with empirical validation through multiple prototype developments across logic, functional, and object-oriented programming environments. The work provides a robust methodology for understanding and implementing multiparadigm programming, with strong emphasis on practical implementation and systematic evaluation.",4.6,IC,"Meets IC; multi-paradigm, compatibility focus, empirical evidence, validation method, research contribution, supported language.",IC,"Meets IC; multi-paradigm, compatibility focus, empirical evidence, validation method, research contribution, supported language."
SOFTWARE COMPONENT COMPLEXITY MEASUREMENT THROUGHPROPOSED INTEGRATION METRICS,"Latika, V. Rathore",-,-,-,6,2011,maybe,The full-text accessibility of the paper cannot be determined from the abstract alone.,yes,"The paper is written in English, meeting the language requirement.",no,The abstract does not indicate whether empirical data or systematic observations are included in the study.,no,The abstract does not explicitly discuss interactions between different programming paradigms. The focus appears to be on component-based systems rather than paradigm integration.,no,"While the paper discusses component integration, it focuses more on complexity measurement rather than paradigmatic compatibility specifically. The integration discussed appears to be more about component assembly than paradigm integration.",maybe,"The paper does propose metrics, indicating quantitative components, but the abstract does not specify if these are systematically tested or validated.",maybe,"The paper appears to be primary research proposing metrics for component-based software systems, but it does not explicitly focus on paradigmatic compatibility.",no,"The abstract does not explicitly mention any validation methods or empirical testing of the proposed metrics, which is a significant weakness.",Exclude,"The abstract describes a study on software component complexity metrics, but lacks clear evidence of paradigmatic compatibility, validation methods, or empirical testing. While proposing integration metrics for component-based systems, the paper does not explicitly address interactions between programming paradigms or provide systematic validation of its proposed approach.",2.7,EC1,The abstract does not explicitly discuss interactions between different programming paradigms. The focus appears to be on component-based systems rather than paradigm integration.,EC1,The abstract does not explicitly discuss interactions between different programming paradigms. The focus appears to be on component-based systems rather than paradigm integration.
Semantic Web and Geospatial Unique Features Based Geospatial Data Integration,"Ying Zhang, Chaopeng Li, Na Chen, Shaowen Liu, Liming Du, Zhuxiao Wang, Miaomiao Ma",10.4018/IJSWIS.2016010101,https://doi.org/10.4018/IJSWIS.2016010101,International Journal on Semantic Web and Information Systems (IJSWIS),4,2016,maybe,The full-text accessibility of the paper cannot be determined from the abstract alone.,yes,"The paper is written in English, meeting the language requirement.",no,"While the study includes empirical evidence, it's about geospatial data integration challenges, not programming paradigm integration.",no,"The paper does not address programming paradigms at all. While it deals with multiple data sources, these are not programming paradigms.",no,"The paper does not address programming paradigms or their compatibility. Instead, it focuses on integrating geospatial data from different sources.",yes,"The study has strong quantitative components with specific metrics and measurements, but these are not related to programming paradigms.",no,"The paper is primary research, but it focuses on geospatial data integration rather than paradigmatic compatibility. While it discusses integration, it's not about programming paradigms.",yes,"The study includes empirical testing and validation through experimental results, measuring metrics like Reduction Ratio, Pairs Completeness, Pairs Quality, and F-score.",Exclude,"The abstract describes a geospatial data integration study that, while methodologically rigorous, does not address programming paradigm compatibility or integration. Despite strong empirical validation and quantitative analysis, the research fundamentally focuses on geospatial data sources rather than programming paradigms, thus failing to meet the core screening criteria for the systematic review.",1.4,EC2,"The paper is primary research, but it focuses on geospatial data integration rather than paradigmatic compatibility. While it discusses integration, it's not about programming paradigms.",EC2,"The paper is primary research, but it focuses on geospatial data integration rather than paradigmatic compatibility. While it discusses integration, it's not about programming paradigms."
Taming Multi-Paradigm Integration in a Software Architecture Description Language,"D. Balasubramanian, T. Levendovszky, Abhishek Dubey, G. Karsai",-,-,MPM@MoDELS,6,2014,maybe,"The full-text accessibility of the paper cannot be determined from the abstract alone, which is a common limitation in screening.",yes,"The paper is written in English, meeting this criterion.",no,"The abstract does not clearly indicate whether empirical data or systematic observations are included. The phrase ""challenges we faced and solutions we built"" suggests some practical experience but does not confirm systematic observation.",yes,"The paper explicitly mentions ""multi-paradigm challenges,"" meeting this criterion.",maybe,"The paper explicitly mentions ""multi-paradigm challenges"" in the context of architecture description languages, suggesting it addresses paradigmatic compatibility. However, it's not clear if it proposes formal models or quantitative metrics.",no,The abstract does not explicitly mention quantitative components or measurements. It focuses more on architectural description and modeling.,maybe,"The paper appears to be primary research investigating paradigmatic compatibility in the context of architecture description languages, but it's not entirely clear if this is the main focus or just one aspect.",no,"The abstract does not explicitly mention validation methods or empirical testing. It discusses ""solutions we built"" but does not specify how these were validated.",Exclude,"A multi-paradigm software architecture study addressing challenges in domain-specific modeling languages demonstrates potential relevance to paradigmatic compatibility research. While the abstract clearly indicates work with multiple programming paradigms, significant methodological uncertainties exist regarding empirical validation, quantitative components, and systematic evaluation of findings. The paper's focus on architectural description languages suggests a nuanced approach to paradigm integration, but lacks explicit confirmation of key screening criteria.",3.5,EC6,The abstract does not explicitly mention quantitative components or measurements. It focuses more on architectural description and modeling.,EC6,The abstract does not explicitly mention quantitative components or measurements. It focuses more on architectural description and modeling.
Analytical aspects of combining holistic evaluation and decomposition Iation for preference modeling in the FITradeoff method,"J. A. de Almeida, E. Frej, Lucia Reis Peixoto Roselli, A. T. de Almeida",10.1111/itor.13470,https://doi.org/10.1111/itor.13470,International Transactions in Operational Research,2,2024,maybe,The full-text accessibility of the paper cannot be determined from the abstract alone.,yes,"The paper is written in English, meeting the publication language criterion.",maybe,"The abstract does not clearly indicate whether empirical data is included. While it mentions ""analyzing properties,"" it is unclear if this involves empirical observations.",yes,The paper explicitly addresses the integration of two paradigms (decomposition and holistic evaluation).,yes,The paper strongly focuses on integrating two different paradigms in preference modeling and analyzes their compatibility and implications.,yes,"The paper appears to include quantitative components, mentioning mathematical modeling and weight spaces.",yes,"The paper appears to be primary research investigating paradigmatic compatibility, specifically focusing on the integration of two paradigms in preference modeling (decomposition and holistic evaluation).",maybe,"The abstract mentions analysis of properties and analytical aspects, but does not explicitly describe validation methods or empirical testing.",Exclude,"The study demonstrates strong alignment with paradigmatic compatibility research by explicitly integrating two preference modeling paradigms and analyzing their mathematical and analytical implications. While the paper shows robust quantitative components and clear focus on multiple paradigms, there remains uncertainty regarding empirical validation and evidence collection methods. The research appears to be a primary investigation into paradigm integration with significant potential for understanding complex decision-making processes.",4,EC1,The study demonstrates strong alignment with paradigmatic compatibility research by explicitly integrating two preference modeling paradigms and analyzing their mathematical and analytical implications. While the paper shows robust quantitative components and …,EC1,The study demonstrates strong alignment with paradigmatic compatibility research by explicitly integrating two preference modeling paradigms and analyzing their mathematical and analytical implications. While the paper shows robust quantitative components and …
From Objects to Components: a Quantitative Experiment,"M. Goulão, Fernando Brito",-,-,-,3,2000,maybe,"The full-text accessibility of the paper cannot be determined from the abstract alone, which is a common limitation in screening.",yes,"The paper is written in English, meeting the publication language criterion.",yes,"The paper includes empirical data from an experiment comparing transformation efforts between different technologies, meeting the empirical evidence criterion.",yes,"The study clearly addresses interactions between multiple paradigms (OO, structured programming, and CBD), meeting the multiple paradigms criterion.",yes,"The study directly addresses paradigmatic compatibility by examining the transformation from OO to CBD paradigms and measuring quantitative aspects of this transformation, strongly meeting the paradigmatic compatibility focus criterion.",yes,"The abstract explicitly mentions measuring ""effort required"" and comparing quantitative aspects of the transformation, meeting the quantitative components criterion.",yes,"The paper describes an experiment investigating paradigmatic compatibility between OO and CBD paradigms, meeting the study type criterion.",yes,"The study includes empirical testing through an experiment comparing transformation efforts between two technologies (Object Pascal and C++), meeting the validation methods criterion.",Include,"This study explores paradigmatic compatibility through an experimental approach comparing software transformation efforts across different programming technologies. By focusing on quantitative measurements of paradigm shifts between object-oriented and component-based development, the research provides empirical insights into the challenges of technological migration. The work systematically examines multiple programming paradigms, offering a structured analysis of compatibility and transformation challenges.",4.6,IC,"Meets IC; multi-paradigm, compatibility focus, quantitative component, empirical evidence, validation method, research contribution, supported language.",IC,"Meets IC; multi-paradigm, compatibility focus, quantitative component, empirical evidence, validation method, research contribution, supported language."
Feedback density and causal complexity of simulation model structure,"A. Naugle, Stephen J Verzi, Kiran Lakkaraju, L. Swiler, C. Warrender, Michael Bernard, Vicente Romero",10.1080/17477778.2021.1982653,https://doi.org/10.1080/17477778.2021.1982653,J. Simulation,7,2021,maybe,"The full-text accessibility of the paper cannot be determined from the abstract alone, which is a common limitation in screening.",yes,"The paper is written in English, which meets the publication language criterion.",maybe,"The abstract indicates empirical application of the metrics to ""simulation models from multiple paradigms,"" suggesting systematic observations about integration challenges.",yes,"The paper explicitly meets this criterion, as the abstract specifically mentions ""models from different paradigms"" and ""comparison of models across paradigms.""",yes,"The paper strongly meets this criterion, as it explicitly focuses on developing formal models and quantitative metrics for comparing and analyzing paradigmatic compatibility, particularly through causal structure diagrams and complexity metrics.",yes,"The paper strongly meets this criterion, as it introduces specific quantitative metrics (cyclomatic complexity, feedback density, and a comprehensive causal complexity measure) and focuses on systematic measurement.",yes,"The paper presents primary research investigating paradigmatic compatibility through the development of metrics for comparing models across different paradigms, which meets the study type criterion.",maybe,"The abstract mentions ""demonstrating these complexity metrics on simulation models from multiple paradigms,"" suggesting some empirical testing, though the extent is not fully clear.",Include,"The study presents a comprehensive approach to measuring simulation model complexity across multiple programming paradigms, introducing novel quantitative metrics for analyzing causal structures and paradigmatic compatibility. By developing systematic tools for comparing models through causal structure diagrams and complexity measurements, the research provides a rigorous framework for understanding and evaluating paradigm interactions. The work demonstrates strong empirical potential through its focus on quantitative analysis and cross-paradigm model comparison.",4.7,IC,"Meets IC; multi-paradigm, compatibility focus, quantitative component, research contribution, supported language.",IC,"Meets IC; multi-paradigm, compatibility focus, quantitative component, research contribution, supported language."
Language-agnostic multi-paradigm code quality assurance framework,Marnick Q. T. P. van der Arend,-,-,BElgian-NEtherlands software eVOLution symposium,1,2022,maybe,"The full-text accessibility of the paper cannot be determined from the abstract alone, which is a common limitation in screening.",yes,"The paper is written in English, which meets the publication language criterion.",maybe,"The abstract does not explicitly mention empirical data collection or systematic observations, and it describes a framework but does not clearly indicate if it was tested with real-world data, creating uncertainty about the empirical evidence.",yes,"The paper explicitly deals with multiple paradigms (OOP and FP) and their integration in multi-paradigm programming languages, which meets the multiple paradigms criterion.",yes,"The paper directly addresses paradigmatic compatibility by proposing a framework for measuring code quality across multiple paradigms (OOP and FP), which meets the paradigmatic compatibility focus criterion.",maybe,"The paper focuses on metrics and code quality measurement, indicating quantitative components, but the abstract does not specify the nature of these measurements, creating some uncertainty.",yes,"The paper appears to be primary research investigating paradigmatic compatibility, specifically focusing on multi-paradigm programming languages and their metrics, which meets the study type criterion.",maybe,"The abstract mentions ""transformations and analysis"" but does not explicitly detail validation methods or empirical testing, creating some uncertainty about the depth of validation.",Exclude,"A research study exploring multi-paradigm programming languages demonstrates strong alignment with screening criteria related to paradigmatic compatibility, multiple programming paradigms, and quantitative measurement approaches. While the abstract provides clear evidence of addressing multiple programming paradigms and proposing a framework for code quality metrics, some uncertainty remains regarding empirical validation and detailed testing methodologies.",4.3,EC1,"A research study exploring multi-paradigm programming languages demonstrates strong alignment with screening criteria related to paradigmatic compatibility, multiple programming paradigms, and quantitative measurement approaches. While the abstract provides cl…",EC1,"A research study exploring multi-paradigm programming languages demonstrates strong alignment with screening criteria related to paradigmatic compatibility, multiple programming paradigms, and quantitative measurement approaches. While the abstract provides cl…"
Integration Testing Prior to Unit Testing: A Paradigm Shift in Object Oriented Software Testing of Agile Software Engineering,"S. Shahabuddin, Y. Prasanth",10.17485/IJST/2016/V9I20/91223,https://doi.org/10.17485/IJST/2016/V9I20/91223,-,9,2016,maybe,"The paper appears to be from a formal research context, suggesting likely accessibility of the full text, but this cannot be determined from the abstract alone.",yes,"The paper is written in English, which meets the publication language criterion.",yes,The study includes empirical data from five projects with specific percentage improvements (27.62% to 33.33% across projects).,no,"While the study discusses a ""paradigm shift,"" it's specifically about testing approaches (unit vs integration testing) rather than programming paradigms.",no,The paper focuses on testing paradigms rather than programming paradigms or their compatibility. It does not address formal models or metrics for paradigmatic compatibility.,yes,Clear quantitative measurements are provided for productivity improvements across multiple projects.,no,"While this is primary research, it focuses on testing paradigms (unit vs integration testing) rather than programming paradigms. The study does not investigate paradigmatic compatibility between programming paradigms.",yes,The study includes empirical validation through real-time testing across five projects with quantitative measurements of productivity improvements.,Exclude,"The study focuses on testing paradigms rather than programming paradigms, fundamentally misaligning with the systematic review's core objectives. Despite strong empirical and quantitative components, the research does not address paradigmatic compatibility or integration between different programming paradigms. Consequently, the paper fails to meet critical screening criteria for inclusion in the review.",1.4,EC2,"While this is primary research, it focuses on testing paradigms (unit vs integration testing) rather than programming paradigms. The study does not investigate paradigmatic compatibility between programming paradigms.",EC2,"While this is primary research, it focuses on testing paradigms (unit vs integration testing) rather than programming paradigms. The study does not investigate paradigmatic compatibility between programming paradigms."
Transforming Meta-design from Paradigm to Working Theory,D. Tetteroo,10.1007/978-3-030-24781-2_18,https://doi.org/10.1007/978-3-030-24781-2_18,International Symposium on End-User Development,1,2019,maybe,The full-text accessibility of the paper cannot be determined from the abstract alone.,yes,"The paper is written in English, meeting the language requirement.",maybe,"The abstract mentions studying implementation but doesn't clearly indicate whether empirical data will be collected. It notes that previous work has been ""mostly limited to retrospective analyses.""",no,The paper focuses on meta-design as a single paradigm rather than interactions between multiple programming paradigms.,no,"While the paper discusses meta-design as a paradigm, it doesn't specifically focus on paradigmatic compatibility or integration between different programming paradigms. Instead, it focuses on the adoption and implementation of meta-design itself.",no,The abstract doesn't indicate any quantitative components or measurements. It appears to be more conceptual in nature.,no,"The paper appears to be a research proposal or framework paper about meta-design, but does not clearly indicate primary research or systematic review of paradigm integration.",no,"The abstract does not explicitly mention validation methods or empirical testing. It proposes ""an approach towards building this understanding"" but doesn't specify validation methods.",Exclude,"The abstract discusses meta-design as a paradigm but lacks clear evidence of empirical research, quantitative measurements, or systematic validation of paradigmatic compatibility. While written in English, the paper does not demonstrate the required focus on multiple programming paradigms or their integration, falling short of the specified screening criteria. The proposed approach appears more conceptual than empirically grounded, limiting its alignment with the systematic review's requirements.",2.7,EC2,"The paper appears to be a research proposal or framework paper about meta-design, but does not clearly indicate primary research or systematic review of paradigm integration.",EC2,"The paper appears to be a research proposal or framework paper about meta-design, but does not clearly indicate primary research or systematic review of paradigm integration."
Modeling and Realizing Interoperability,"Manfred Jeusfeld, W. Heuvel, J. Hoppenbrouwers, Kees Leune, M. Papazoglou, H. Weigand, Jian Yang",-,-,CAiSE Workshops,2,2004,maybe,"The full-text accessibility of the paper cannot be determined from the abstract alone, but given the academic nature and citations, it is likely accessible through academic channels.",yes,"The paper is written in English, which meets the publication language criterion.",maybe,"The paper includes some empirical evidence through case studies and implementations, but these are focused on enterprise integration rather than programming paradigm integration.",maybe,"The paper does address multiple paradigms (service-oriented, agent-oriented, object-oriented), but in the context of enterprise integration rather than programming paradigm compatibility.",maybe,"While the paper discusses integration between different systems and paradigms, it focuses more on enterprise application integration and service-oriented computing rather than programming paradigm compatibility specifically.",maybe,"The paper appears to include systematic observations and frameworks, but does not explicitly mention quantitative metrics or measurements.",maybe,"The paper appears to be primary research investigating integration and compatibility between different systems and paradigms, including service-oriented computing, agent-oriented platforms, and legacy systems. However, it is not specifically focused on paradigmatic compatibility in programming languages.",maybe,"The abstract mentions implementation and testing in specific projects (MEMO project, BALES method), but does not explicitly detail validation methods or empirical testing procedures.",Exclude,"The paper addresses enterprise application integration across multiple paradigms, but diverges from the specific focus on programming paradigm compatibility. While demonstrating systematic approaches to integration and including empirical evidence, the study does not directly align with the screening criteria's emphasis on quantitative metrics and programming paradigm interactions. Consequently, the paper falls short of meeting the comprehensive requirements for paradigmatic compatibility research.",2.9,EC1,"The paper addresses enterprise application integration across multiple paradigms, but diverges from the specific focus on programming paradigm compatibility. While demonstrating systematic approaches to integration and including empirical evidence, the study d…",EC1,"The paper addresses enterprise application integration across multiple paradigms, but diverges from the specific focus on programming paradigm compatibility. While demonstrating systematic approaches to integration and including empirical evidence, the study d…"
Systematizing Modeler Experience (MX) in Model-Driven Engineering Success Stories,"Reyhaneh Kalantari, Julian Oertel, Joeri Exelmans, Satrio Adi Rukmono, Vasco Amaral, Matthias Tichy, Katharina Juhnke, J. Steghöfer, S. Abrahão",10.1007/s10270-024-01194-w,https://doi.org/10.1007/s10270-024-01194-w,Journal of Software and Systems Modeling,0,2024,maybe,"The full-text accessibility of the paper cannot be determined from the abstract alone, which is a common limitation in screening.",yes,"The paper is written in English, meeting the publication language criterion.",maybe,"While the paper claims to examine relationships between factors, it is unclear whether this is based on systematic observations or empirical data, as the abstract does not explicitly mention data collection methods.",yes,"The paper explicitly addresses multiple paradigms (traditional modeling vs. everything-as-code/low-code), meeting the multiple paradigms criterion.",maybe,"The paper discusses different modeling paradigms (traditional modeling vs. everything-as-code/low-code) and their integration, but focuses more on user experience than formal models or quantitative metrics. It partially meets the paradigmatic compatibility focus criterion.",maybe,"The abstract does not clearly indicate whether quantitative measurements or systematic observations were used, and the focus appears more qualitative, discussing perceptions and experiences.",maybe,"The paper appears to be primary research investigating modeling paradigms and their compatibility, though it focuses more on user experience than technical integration. It partially meets the study type criterion.",maybe,"The abstract mentions ""findings"" but does not explicitly describe validation methods or empirical testing, so there is uncertainty about the methodology used.",Exclude,"The study explores modeling paradigms through user experience, addressing multiple programming approaches but lacking clear quantitative validation methods. While the research touches on paradigmatic compatibility, it appears more focused on qualitative perceptions than systematic technical integration or empirical measurement. The abstract suggests a nuanced exploration of modeling approaches that partially meets screening criteria but falls short of comprehensive paradigmatic analysis.",3.2,EC1,"The study explores modeling paradigms through user experience, addressing multiple programming approaches but lacking clear quantitative validation methods. While the research touches on paradigmatic compatibility, it appears more focused on qualitative percep…",EC1,"The study explores modeling paradigms through user experience, addressing multiple programming approaches but lacking clear quantitative validation methods. While the research touches on paradigmatic compatibility, it appears more focused on qualitative percep…"
CodePlex: Software Complexity Measuring Tool based on ECB Measure,"Dharmathilake K. A. D. K. D, Nuwanthika P. G. P. J., Fernando N. K. B., Bhanuka H. L.",10.31033/ijemr.13.5.8,https://doi.org/10.31033/ijemr.13.5.8,International Journal of Engineering and Management Research,0,2023,maybe,"The full-text accessibility of the paper cannot be determined from the abstract alone, which is a common limitation in screening.",yes,"The paper is written in English, which meets the publication language criterion.",no,"While the paper includes empirical validation, it's not focused on integration challenges or interoperability between paradigms.",no,The paper appears to focus solely on object-oriented programming and does not address interactions between multiple paradigms.,no,The paper focuses on metrics for object-oriented programming but does not appear to address compatibility or integration between different programming paradigms. It's focused on complexity measurement within a single paradigm.,yes,"The paper clearly includes quantitative components, discussing metrics and measurements for program complexity.",maybe,"The paper appears to be primary research investigating software measurement metrics, specifically focusing on complexity metrics. However, it does not explicitly address paradigmatic compatibility or integration.",maybe,"The abstract mentions ""empirically validating the practical effectiveness of the ECB measure,"" indicating some form of validation, though details are limited.",Exclude,"The research paper focuses exclusively on object-oriented programming complexity metrics, failing to address paradigmatic compatibility or interactions between multiple programming paradigms. While demonstrating strong quantitative and empirical validation approaches, the study does not meet critical screening criteria related to paradigm integration or cross-paradigm analysis. Consequently, the paper does not align with the specified research focus on paradigmatic compatibility.",2.7,EC1,The paper appears to focus solely on object-oriented programming and does not address interactions between multiple paradigms.,EC1,The paper appears to focus solely on object-oriented programming and does not address interactions between multiple paradigms.
A model for multiparadigm systems,"Brendan Machado, K. M. George",10.1145/327164.327265,https://doi.org/10.1145/327164.327265,International Conference on Scientific Computing,0,1991,maybe,The full-text accessibility of the paper cannot be determined from the abstract alone.,yes,"The paper is written in English, which meets the publication language criterion.",maybe,The abstract does not indicate any empirical data or systematic observations about integration challenges. It appears to be primarily theoretical.,yes,"The paper explicitly focuses on ""systems consisting of programs from different paradigms,"" meeting this criterion.",yes,The paper directly addresses paradigmatic compatibility by developing a formal model for multiparadigm systems.,maybe,The abstract suggests a formal semantic model but does not indicate any quantitative measurements or systematic observations.,maybe,"The paper appears to be primary research developing a formal model for multiparadigm systems, which aligns with investigating paradigmatic compatibility. However, it's not clear if this is a complete research paper or just a theoretical proposal.",maybe,"The abstract does not explicitly mention any validation methods or empirical testing. It only states that the semantic model ""has been adapted"" and ""successfully applied"" in other contexts, but does not specify how this was done for multiparadigm systems.",Exclude,"A theoretical model exploring multiparadigm systems demonstrates strong alignment with criteria related to programming paradigms and language accessibility. However, the abstract lacks clear evidence of empirical validation, quantitative measurements, and systematic testing, which may limit its comprehensiveness in addressing paradigmatic compatibility research.",3.4,EC1,"A theoretical model exploring multiparadigm systems demonstrates strong alignment with criteria related to programming paradigms and language accessibility. However, the abstract lacks clear evidence of empirical validation, quantitative measurements, and syst…",EC1,"A theoretical model exploring multiparadigm systems demonstrates strong alignment with criteria related to programming paradigms and language accessibility. However, the abstract lacks clear evidence of empirical validation, quantitative measurements, and syst…"
An ontology-based domain model to enhance the software development process,"M. Alias, D. D. H. Miriam, C. Robin",10.1504/IJMSO.2014.063132,https://doi.org/10.1504/IJMSO.2014.063132,Int. J. Metadata Semant. Ontologies,1,2014,maybe,"The full-text accessibility of the paper cannot be determined from the abstract alone, which is a common limitation in screening.",yes,"The paper is written in English, which meets the publication language criterion.",no,"The abstract does not indicate any empirical data or systematic observations, and the paper appears to be primarily theoretical, describing an implementation approach without discussing empirical results.",yes,"The paper strongly meets this criterion, as it explicitly addresses multiple paradigms (ontological, functional, object-oriented, and concurrent) and their integration.",yes,"The paper strongly meets this criterion, as it directly addresses paradigmatic compatibility by proposing a system for integrating multiple paradigms (ontological, functional, object-oriented, and concurrent) into a single framework.",maybe,"The abstract suggests a formal approach using description logics, but does not indicate any quantitative measurements or systematic observations, so this criterion is only partially met.",yes,"The paper appears to be primary research investigating paradigmatic compatibility, specifically focusing on integrating multiple paradigms into Clojure, which meets the study type criterion.",no,"The abstract does not explicitly mention any validation methods or empirical testing, which is a significant weakness.",Exclude,"The study proposes a multi-paradigm programming approach integrating ontological, functional, object-oriented, and concurrent paradigms within Clojure, demonstrating strong theoretical foundations in paradigmatic compatibility. However, the research lacks explicit validation methods, empirical evidence, and quantitative measurements, which limits its comprehensive assessment of paradigm integration. Despite addressing multiple programming paradigms, the absence of systematic testing and empirical data reduces the study's methodological rigor.",3.5,EC6,"The abstract suggests a formal approach using description logics, but does not indicate any quantitative measurements or systematic observations, so this criterion is only partially met.",EC1,"The study proposes a multi-paradigm programming approach integrating ontological, functional, object-oriented, and concurrent paradigms within Clojure, demonstrating strong theoretical foundations in paradigmatic compatibility. However, the research lacks expl…"
"Integration of Software Packages with Different Programming Paradigms , Exemplified by a Ship Model Generating Tool",W. Abels,-,-,-,1,2007,maybe,The full-text accessibility of the paper cannot be determined from the abstract alone.,yes,"The paper is written in English, meeting this criterion.",maybe,"While the paper describes a real-world implementation, the abstract does not explicitly mention systematic observations or empirical data collection about the integration challenges, creating uncertainty about whether this criterion is met.",yes,"The paper clearly addresses integration between two different programming paradigms (Fortran and Java), meeting this criterion.",yes,"The paper directly addresses paradigmatic compatibility by discussing integration between Fortran and Java paradigms, meeting this criterion.",maybe,"The abstract does not indicate whether quantitative measurements or systematic observations are included, creating uncertainty about whether this criterion is met.",yes,"The paper appears to be primary research investigating paradigmatic compatibility, specifically focusing on integrating Fortran with Java, meeting this criterion.",maybe,"The abstract does not explicitly mention validation methods or empirical testing, creating uncertainty about whether this criterion is met.",Exclude,"The study addresses paradigmatic compatibility by exploring integration between Fortran and Java programming paradigms in a ship design simulation context. While demonstrating clear focus on multiple programming paradigms and practical implementation, the abstract lacks explicit details about validation methods, empirical evidence, and quantitative components. The research appears to offer insights into cross-paradigm software integration, though methodological rigor remains uncertain.",3.5,EC1,"The study addresses paradigmatic compatibility by exploring integration between Fortran and Java programming paradigms in a ship design simulation context. While demonstrating clear focus on multiple programming paradigms and practical implementation, the abst…",EC1,"The study addresses paradigmatic compatibility by exploring integration between Fortran and Java programming paradigms in a ship design simulation context. While demonstrating clear focus on multiple programming paradigms and practical implementation, the abst…"
Step-wise refinement in multi-paradigm modeling,"Sándor Bácsi, Zoltán Theisz, G. Mezei, F. Somogyi, Dániel Palatinszky",10.1145/3417990.3421441,https://doi.org/10.1145/3417990.3421441,ACM/IEEE International Conference on Model Driven Engineering Languages and Systems,0,2020,maybe,"The technical nature and conference presentation format of the paper suggests it is likely accessible, but this cannot be determined from the abstract alone.",yes,"The paper is written in English, meeting the language requirement.",maybe,"The paper includes a ""simplified scenario"" from home automation, but it's not clear how extensive the empirical evidence is.",yes,The paper explicitly focuses on multi-paradigm modeling and handling heterogeneity between different modeling paradigms.,yes,"The paper explicitly focuses on formal models for paradigmatic compatibility, proposing DMLA as a framework for combining different modeling paradigms and handling heterogeneity.",maybe,"The paper appears to be primarily theoretical, focusing on formal modeling and constraints, and it's not clear if there are substantial quantitative measurements.",yes,"The paper presents primary research investigating paradigmatic compatibility through the Dynamic Multi-Layer Algebra (DMLA) framework, specifically addressing multi-paradigm modeling integration.",maybe,"The paper mentions a ""rigid and strict validation mechanism"" and demonstrates feasibility through a ""walkthrough of concrete model management steps,"" but it's not clear if there is rigorous empirical testing.",Exclude,"A comprehensive study on multi-paradigm modeling that strongly addresses paradigmatic compatibility through a novel Dynamic Multi-Layer Algebra framework, demonstrating systematic approaches to integrating different modeling paradigms. The research provides a theoretical methodology with partial empirical validation, focusing on cross-domain constraint links and step-wise refinement across multiple abstraction levels. While theoretically robust, the study shows moderate empirical depth and limited quantitative measurements.",4.3,EC1,"A comprehensive study on multi-paradigm modeling that strongly addresses paradigmatic compatibility through a novel Dynamic Multi-Layer Algebra framework, demonstrating systematic approaches to integrating different modeling paradigms. The research provides a …",EC1,"A comprehensive study on multi-paradigm modeling that strongly addresses paradigmatic compatibility through a novel Dynamic Multi-Layer Algebra framework, demonstrating systematic approaches to integrating different modeling paradigms. The research provides a …"
Functional Programming and Metamodeling frameworks for System Design,D. Mathaikutty,-,-,-,5,2005,maybe,"The technical nature and academic context of the paper suggest it is likely accessible through academic channels, though this cannot be determined from the abstract alone.",yes,"The paper is written in English, meeting the publication language criterion.",maybe,"While the paper includes systematic observations and analysis, it's not entirely clear from the abstract whether it includes empirical data about integration challenges, partially meeting the empirical evidence criterion.",yes,"The paper explicitly addresses multiple paradigms, specifically mentioning heterogeneous MoCs and different programming paradigms (functional programming, Java, C/C++), meeting the multiple paradigms criterion.",yes,"The paper strongly focuses on paradigmatic compatibility, specifically addressing the integration of different models of computation and their formal semantics, meeting the paradigmatic compatibility focus criterion.",yes,"The paper includes formal semantics, denotational semantics, and verification models, indicating strong quantitative components, meeting the quantitative components criterion.",yes,"The paper presents primary research investigating paradigmatic compatibility, specifically focusing on heterogeneous models of computation (MoCs) and their integration, meeting the study type criterion.",yes,"The paper includes formal reasoning, semantics-preserving transformations, and verification models using SMV, indicating systematic evaluation methods, meeting the validation methods criterion.",Include,"The study presents a comprehensive investigation of paradigmatic compatibility across heterogeneous models of computation, demonstrating strong quantitative and formal methodological approaches to integrating different programming paradigms. By addressing multiple programming languages, proposing formal semantic frameworks, and developing systematic validation techniques, the research provides a rigorous exploration of computational integration challenges. The work's focus on functional programming, metamodeling, and verification models offers a sophisticated approach to understanding and resolving paradigmatic compatibility issues.",4.6,IC,"Meets IC; multi-paradigm, compatibility focus, quantitative component, validation method, research contribution, supported language.",IC,"Meets IC; multi-paradigm, compatibility focus, quantitative component, validation method, research contribution, supported language."
"4th International Workshop on Model Driven Engineering, Verification, and Validation: Integrating Verification and Validation in MDE","B. Baudry, Alain Faivre, Sudipto Ghosh, A. Pretschner",10.1007/978-3-540-69073-3_16,https://doi.org/10.1007/978-3-540-69073-3_16,ACM/IEEE International Conference on Model Driven Engineering Languages and Systems,1,2008,maybe,"The full-text accessibility of the paper cannot be determined from the abstract alone, which is a common limitation in screening.",yes,"The paper is written in English, meeting this criterion.",maybe,The abstract doesn't explicitly mention empirical data or systematic observations. This criterion is uncertain.,yes,"The paper clearly addresses interactions between two paradigms (MDE and traditional V&V), meeting this criterion.",maybe,"The paper discusses the integration of MDE (a new paradigm) with traditional V&V techniques, which aligns with paradigmatic compatibility. However, it's not clear if it proposes formal models or quantitative metrics.",maybe,The abstract doesn't indicate whether the paper includes quantitative components or measurements. This criterion is uncertain.,maybe,"The abstract suggests this is a research paper about MDE and V&V techniques, but it's unclear if it's primary research or a review. It appears to be discussing paradigm integration (MDE with traditional V&V), partially meeting this criterion.",maybe,"The abstract mentions ""V&V techniques"" but doesn't explicitly state whether the paper includes validation methods or empirical testing. This criterion is uncertain.",Exclude,"The abstract addresses multiple programming paradigms and their integration, specifically focusing on Model Driven Engineering and traditional verification techniques. While demonstrating clear relevance to paradigmatic compatibility, the text leaves significant uncertainty regarding empirical validation, quantitative methods, and systematic evaluation approaches. The study appears to explore paradigm integration conceptually, but lacks explicit confirmation of rigorous methodological components.",3.5,EC1,"The abstract addresses multiple programming paradigms and their integration, specifically focusing on Model Driven Engineering and traditional verification techniques. While demonstrating clear relevance to paradigmatic compatibility, the text leaves significa…",EC1,"The abstract addresses multiple programming paradigms and their integration, specifically focusing on Model Driven Engineering and traditional verification techniques. While demonstrating clear relevance to paradigmatic compatibility, the text leaves significa…"
METAMODELLING WITH FORMAL SEMANTICS SPECIFICATIONS FOR AN ACCESS CONTROL METAMODEL WITH DECISION CAPABILITIES,"Jamal Abd-Ali, K. E. Guemhioui, L. Logrippo",10.5220/0005272903540362,https://doi.org/10.5220/0005272903540362,International Conference on Model-Driven Engineering and Software Development,0,2015,maybe,The full-text accessibility of the paper cannot be determined from the abstract alone.,yes,"The paper is written in English, meeting the language requirement.",maybe,The abstract does not mention any empirical data or systematic observations about paradigm integration challenges.,maybe,The paper does not explicitly address interactions between different programming paradigms. It focuses on a single metamodelling approach for access control systems.,maybe,"The paper focuses on metamodelling and formal specifications, but does not explicitly address paradigmatic compatibility or integration between different programming paradigms. It is more about creating domain-specific languages.",maybe,"While the paper discusses formal specifications and first-order logic programs, it does not clearly indicate quantitative measurements or systematic observations.",maybe,"The paper appears to be primary research proposing a metamodelling paradigm, but it is not clearly focused on paradigmatic compatibility. It is more about metamodelling for access control systems.",maybe,"The abstract does not explicitly mention validation methods or empirical testing. While it describes a ""methodical approach,"" it does not clearly indicate how the approach was validated.",Exclude,"The abstract describes a metamodelling approach for access control systems, but fails to meet most screening criteria related to paradigmatic compatibility and integration. While written in English, the study lacks empirical validation, quantitative measurements, and explicit focus on multiple programming paradigms, rendering it misaligned with the systematic review's core objectives.",2.7,EC1,"The abstract describes a metamodelling approach for access control systems, but fails to meet most screening criteria related to paradigmatic compatibility and integration. While written in English, the study lacks empirical validation, quantitative measuremen…",EC1,"The abstract describes a metamodelling approach for access control systems, but fails to meet most screening criteria related to paradigmatic compatibility and integration. While written in English, the study lacks empirical validation, quantitative measuremen…"
Integrating Modeling and Simulation with Test and Evaluation Activities,"Major Donald Paul Waters, Edwards Afb",10.2514/6.2004-6800,https://doi.org/10.2514/6.2004-6800,-,1,2004,maybe,The full-text accessibility of the paper cannot be determined from the abstract alone.,yes,"The paper appears to be written in English, meeting the publication language criterion.",maybe,The abstract does not clearly indicate whether empirical data or systematic observations are included in the study.,no,"While the paper does address integration between different approaches (M&S and T&E), these are not programming paradigms as typically understood in software engineering.",no,"While the paper discusses integration between M&S and T&E, this appears to be about testing and evaluation paradigms rather than programming paradigms. The focus seems to be on testing methodology rather than programming paradigm compatibility.",maybe,The abstract does not explicitly mention quantitative components or measurements.,no,"The paper proposes a new paradigm for M&S (Modeling and Simulation) and T&E (Testing and Evaluation) integration, which involves paradigm integration, but it is not specifically about programming paradigms, which is the focus of the screening criteria.",maybe,"The abstract mentions ""validation activities"" but does not clearly describe specific validation methods or empirical testing of the proposed paradigm.",Exclude,"The abstract discusses modeling and simulation integration, but fails to meet key screening criteria related to programming paradigm compatibility. While written in English, the study appears to focus on testing methodology rather than programming paradigms, lacking clear empirical validation or quantitative analysis of paradigmatic interactions. Consequently, the paper does not align with the systematic review's core requirements for programming paradigm research.",2.5,EC2,"The paper proposes a new paradigm for M&S (Modeling and Simulation) and T&E (Testing and Evaluation) integration, which involves paradigm integration, but it is not specifically about programming paradigms, which is the focus of the screening criteria.",EC2,"The paper proposes a new paradigm for M&S (Modeling and Simulation) and T&E (Testing and Evaluation) integration, which involves paradigm integration, but it is not specifically about programming paradigms, which is the focus of the screening criteria."
Quantitative Analysis of Software Component’s Reusability,"Nisha Ratti, Parminder Kaur",10.1007/978-3-030-22964-1_5,https://doi.org/10.1007/978-3-030-22964-1_5,"Proceedings of the 1st International Conference on Smart Innovation, Ergonomics and Applied Human Factors (SEAHF)",0,2019,maybe,"The mention of ""open source software"" suggests potential accessibility of the full text, but this cannot be determined from the abstract alone.",yes,"The paper is written in English, which meets the publication language criterion.",maybe,"The study includes empirical data through case studies of open source software, but this evidence is focused on component compatibility rather than paradigm integration.",no,The abstract does not explicitly mention multiple programming paradigms. The focus appears to be on component-based development rather than interactions between different programming paradigms.,no,"While the paper discusses compatibility, it focuses on component compatibility rather than paradigmatic compatibility. The metrics proposed appear to be for component reusability rather than paradigm integration.",yes,The paper clearly includes quantitative components through its proposed metric suite for analyzing component reusability.,maybe,"The paper appears to be primary research investigating component compatibility, which partially aligns with the study type criterion of investigating paradigmatic compatibility. However, it focuses more on component-based development rather than programming paradigms specifically.",maybe,"The abstract mentions using case studies of open source software and multiple versions, indicating some empirical validation. However, the details of the validation methods are not clearly specified.",Exclude,"The study focuses on component-based development and reusability metrics, but does not directly address programming paradigm compatibility or interactions between multiple paradigms. While the research includes quantitative analysis and empirical validation through open source software case studies, it falls short of the systematic review's specific criteria for paradigmatic integration and compatibility. The paper's scope is more narrowly centered on component-level compatibility rather than broader paradigmatic interactions.",2.9,EC1,The abstract does not explicitly mention multiple programming paradigms. The focus appears to be on component-based development rather than interactions between different programming paradigms.,EC1,The abstract does not explicitly mention multiple programming paradigms. The focus appears to be on component-based development rather than interactions between different programming paradigms.
Nouveau paradigme d’évaluation des systèmes de dialogue homme-machine,"M. Laurent, Ghislain Putois, Philippe Bretier, Thierry Moudenc",-,-,JEPTALNRECITAL,0,2009,maybe,The full-text accessibility of the paper cannot be determined from the abstract alone.,yes,"The paper is written in French, which meets the criterion for publication language.",yes,"The paper proposes measuring user behavior and system compatibility, suggesting that it includes empirical data collection.",no,"The paper does not address programming paradigms or their compatibility. The ""paradigm shift"" mentioned is about evaluation methodology, not programming paradigms.",no,"While the paper discusses a ""change of paradigm,"" this refers to evaluation methodology rather than programming paradigms. The focus is on human-computer interaction evaluation, not on paradigmatic compatibility or integration.",yes,"The abstract explicitly mentions quantitative approaches (""approches quantitatives"") and comparative evaluations, indicating that the paper includes quantitative components.",no,"The paper appears to be a research paper about human-machine dialogue systems evaluation, rather than a study on paradigmatic compatibility or software measurement integration.",yes,"The abstract mentions quantitative approaches and comparative evaluations of systems, suggesting that the paper includes validation methods.",Exclude,"The French-language abstract focuses on human-machine dialogue system evaluation methodology, fundamentally misaligning with the screening criteria's emphasis on programming paradigm compatibility. Despite demonstrating quantitative and empirical approaches, the study fails to address programming paradigms, rendering it unsuitable for the intended review. The paper's paradigm discussion relates to evaluation techniques rather than software integration or programming paradigms.",1.4,EC2,"The paper appears to be a research paper about human-machine dialogue systems evaluation, rather than a study on paradigmatic compatibility or software measurement integration.",EC2,"The paper appears to be a research paper about human-machine dialogue systems evaluation, rather than a study on paradigmatic compatibility or software measurement integration."
"A Novel Class, Object and Inheritance based Coupling Measure (COICM) to Find Better OOP Paradigm using JAVA","Mr. Narendra, Pal Singh, Prof. Ravindra Gupta",-,-,-,4,2011,maybe,The abstract does not provide enough information to determine the full-text accessibility of the paper.,yes,"The paper is written in English, meeting the language requirement.",maybe,"While the abstract mentions ""empirical investigations,"" it does not clearly indicate whether the paper itself includes empirical data about paradigm integration, so the empirical evidence is unclear.",no,"The paper focuses solely on object-oriented programming and does not address interactions between different programming paradigms, failing to meet the multiple paradigms requirement.",no,"The paper focuses on metrics within object-oriented programming (OOP) only, not on compatibility between different paradigms, and therefore does not meet the paradigmatic compatibility focus requirement.",yes,"The paper proposes a quantitative metric (COICM) and mentions static metrics, indicating the inclusion of quantitative components.",yes,"The paper appears to be primary research investigating a new metric (COICM) for measuring coupling and cohesion in object-oriented systems, meeting the study type requirement.",maybe,"The abstract mentions ""empirical investigations"" but does not clearly describe the validation methods for the new metric, so the validation methods are unclear.",Exclude,"The study focuses exclusively on object-oriented programming metrics, failing to address paradigmatic compatibility or interactions between multiple programming paradigms. While the research proposes a quantitative metric and mentions empirical investigations, it lacks clear validation methods and does not meet key screening criteria related to paradigm integration. The narrow scope and incomplete abstract further limit its alignment with the review's requirements.",2.5,EC1,"The paper focuses solely on object-oriented programming and does not address interactions between different programming paradigms, failing to meet the multiple paradigms requirement.",EC1,"The paper focuses solely on object-oriented programming and does not address interactions between different programming paradigms, failing to meet the multiple paradigms requirement."
A decision making model for software design,Abdesselam Redouane,10.1109/ICSMC.2007.4413795,https://doi.org/10.1109/ICSMC.2007.4413795,"IEEE International Conference on Systems, Man and Cybernetics",1,2007,maybe,"The full-text accessibility of the paper cannot be determined from the abstract alone, and this is typically assessed during the full-text review.",yes,"The paper is written in English, which meets the publication language criterion.",no,"While there is some empirical testing mentioned (""investigated in small-scale systems""), it is not related to paradigm integration or compatibility.",no,The paper does not address interactions between different programming paradigms. It focuses on component selection within the COTS paradigm.,no,The paper does not address paradigmatic compatibility or integration between programming paradigms. It focuses on COTS component selection and evaluation.,maybe,"The paper includes quantitative elements (acceptance indicator calculation, formal models), but these are not related to paradigm compatibility.",no,"The paper presents a model for component selection, but does not appear to focus on paradigmatic compatibility or integration. It is about COTS component selection, which is a different focus.",maybe,"The abstract mentions ""successful results"" in small-scale systems, suggesting some empirical validation, though details are limited.",Exclude,"The abstract describes a COTS component selection model that does not address paradigmatic compatibility or integration between programming paradigms. Despite having quantitative and validation elements, the study fundamentally diverges from the required research focus, failing to meet critical screening criteria related to multiple programming paradigms and their interactions.",1.4,EC2,"The paper presents a model for component selection, but does not appear to focus on paradigmatic compatibility or integration. It is about COTS component selection, which is a different focus.",EC2,"The paper presents a model for component selection, but does not appear to focus on paradigmatic compatibility or integration. It is about COTS component selection, which is a different focus."
Profiling Web Components Quality Using User-Centered Assessment,"A. Martínez-Ortiz, D. Lizcano, G. López, L. Ruiz, M. Ortega",10.1109/CSCI.2017.167,https://doi.org/10.1109/CSCI.2017.167,2017 International Conference on Computational Science and Computational Intelligence (CSCI),0,2017,maybe,"The full-text accessibility of the paper cannot be determined from the abstract alone, but this is typically not a disqualifying factor.",yes,"The paper is written in English, which meets the publication language criterion.",yes,The study includes empirical data through user evaluations and quantitative measurements of web components.,maybe,"While the paper mentions web components as a new paradigm, it doesn't explicitly focus on interactions between multiple programming paradigms. The focus is more on quality metrics within web components.",maybe,"The paper touches on interoperability and web components as a new paradigm, but its primary focus is on quality metrics rather than paradigmatic compatibility specifically.",yes,The study clearly includes quantitative components through metrics and systematic evaluation.,maybe,"The paper presents primary research investigating metrics for web components, which is related to paradigmatic compatibility but not directly focused on it. The focus is more on quality metrics for web components.",yes,"The study includes validation through user-centered evaluation and quantitative metrics, with clear empirical testing.",Exclude,"The study presents a quantitative approach to web component quality metrics with strong empirical validation, but only partially addresses paradigmatic compatibility. While demonstrating robust methodological rigor through user-centered evaluation and systematic measurement, the research does not comprehensively explore interactions between multiple programming paradigms. The work primarily focuses on quality metrics within web components rather than deep paradigm integration.",3.2,EC1,"The study presents a quantitative approach to web component quality metrics with strong empirical validation, but only partially addresses paradigmatic compatibility. While demonstrating robust methodological rigor through user-centered evaluation and systemat…",EC1,"The study presents a quantitative approach to web component quality metrics with strong empirical validation, but only partially addresses paradigmatic compatibility. While demonstrating robust methodological rigor through user-centered evaluation and systemat…"
Paradigm shift and the integrated feedback approach,"W. Hsu, C. S. Lee",10.1109/ROBOT.1995.525688,https://doi.org/10.1109/ROBOT.1995.525688,Proceedings of 1995 IEEE International Conference on Robotics and Automation,1,1995,maybe,"The technical nature and implementation details of the paper suggest it is likely a formal academic paper that would be accessible through university libraries, author websites, or public archives.",yes,"The paper is written in English, meeting the language requirement.",maybe,"The paper includes some empirical evidence through prototype implementation and case study, but again, not related to programming paradigms.",no,"The paper does address paradigm shifting, but in the context of manufacturing design rather than programming paradigms.",no,"While the paper discusses paradigm shifting, it's focused on manufacturing design paradigms rather than programming paradigms. The metrics mentioned are for design evaluation, not programming paradigm compatibility.",maybe,"The paper mentions ""objective criteria"" and evaluation metrics, indicating quantitative components, but these are not related to programming paradigms.",no,"The paper appears to be primary research, but it focuses on design paradigm shifting in manufacturing/assembly rather than programming paradigms, which is a significant mismatch with the intended focus.",maybe,"The paper mentions a prototype system and uses a real-life product (telephone) as an example, suggesting some empirical validation, though details are limited.",Exclude,"The abstract describes a research paper focused on manufacturing design paradigm shifting, which fundamentally differs from programming paradigm compatibility. Despite having quantitative components and empirical validation, the study's domain and objectives are misaligned with the screening criteria's requirements for programming paradigm research. Consequently, the paper does not meet the essential screening requirements for inclusion in the review.",1.4,EC2,"The paper appears to be primary research, but it focuses on design paradigm shifting in manufacturing/assembly rather than programming paradigms, which is a significant mismatch with the intended focus.",EC2,"The paper appears to be primary research, but it focuses on design paradigm shifting in manufacturing/assembly rather than programming paradigms, which is a significant mismatch with the intended focus."
A tool for the convergence of multilevel modelling approaches,"Fernando Macías, Adrian Rutle, V. Stolz",-,-,ACM/IEEE International Conference on Model Driven Engineering Languages and Systems,2,2018,maybe,"The full-text accessibility of the paper cannot be determined from the abstract alone, which is a common limitation in screening.",yes,"The paper is written in English, which meets the publication language criterion.",maybe,"While the paper includes empirical data, it's not clear if this relates to paradigm integration challenges or interoperability between paradigms.",no,The abstract does not indicate any focus on interactions between multiple programming paradigms. It appears to focus solely on multilevel modeling.,no,"The paper focuses on multilevel modeling as a paradigm, but does not appear to address compatibility or integration between different programming paradigms. It seems to focus on standardization within a single paradigm.",yes,"The paper mentions empirical data and experiments, suggesting quantitative components are present.",no,"The paper appears to be primary research, but it focuses on a tool for multilevel modeling rather than paradigmatic compatibility specifically. It does not clearly align with the required focus on paradigm integration or software measurement.",maybe,"The abstract mentions ""experiments"" and ""empirical data,"" suggesting some validation methods are present. However, the details are not specific enough to fully assess the rigor of these methods.",Exclude,"The abstract describes a tool for multilevel modeling that lacks clear focus on paradigmatic compatibility or integration between programming paradigms. While the study includes empirical data and experiments, it primarily addresses standardization within a single paradigm rather than exploring interactions between multiple programming approaches. Consequently, the paper does not sufficiently meet the core screening criteria related to paradigm integration and compatibility.",2.7,EC2,"The paper appears to be primary research, but it focuses on a tool for multilevel modeling rather than paradigmatic compatibility specifically. It does not clearly align with the required focus on paradigm integration or software measurement.",EC2,"The paper appears to be primary research, but it focuses on a tool for multilevel modeling rather than paradigmatic compatibility specifically. It does not clearly align with the required focus on paradigm integration or software measurement."
Quality of Service Ranking by Quantifying Partial Compliance of Requirements,"Agustín E. Martinez-Suñé, Carlos López Pombo",10.1007/978-3-030-50029-0_12,https://doi.org/10.1007/978-3-030-50029-0_12,International Conference on Coordination Models and Languages,1,2020,maybe,"The full-text accessibility of the paper cannot be determined from the abstract alone, which is a common limitation in screening.",yes,"The paper is written in English, which meets the publication language criterion.",maybe,"The abstract suggests empirical work through implementation and analysis, but does not explicitly mention empirical data collection about paradigm integration.",no,"The paper does not explicitly address multiple programming paradigms. While it deals with service integration, it is more focused on QoS metrics than paradigmatic compatibility.",maybe,"The paper focuses on quantitative metrics for service compatibility and integration, but does not explicitly address programming paradigms. It is more focused on QoS and SLA compatibility.",yes,"The paper is heavily focused on quantitative metrics, QoS attributes, and formal analysis techniques, which aligns with the quantitative components criterion.",maybe,"The paper presents primary research on quantitative metrics and analysis techniques for software services, which is relevant to the study type criterion, even though it is not directly focused on paradigmatic compatibility.",maybe,"The abstract mentions implementation and analysis techniques, suggesting some form of validation, though specific validation methods are not explicitly detailed.",Exclude,"The abstract presents a technical paper on quantitative service metrics and QoS analysis, but does not directly address programming paradigm compatibility. While demonstrating strong quantitative and formal analysis techniques, the study falls short of the specific screening criteria focused on paradigmatic integration and compatibility. The research appears more aligned with service-level metrics than the targeted systematic review's core requirements.",2.9,EC1,"The paper does not explicitly address multiple programming paradigms. While it deals with service integration, it is more focused on QoS metrics than paradigmatic compatibility.",EC1,"The paper does not explicitly address multiple programming paradigms. While it deals with service integration, it is more focused on QoS metrics than paradigmatic compatibility."
Code Comprehension in a Multi-paradigm Environment: Background and Experimental Setup,"Daniël Floor, Rinse van Hees, Vadim Zaytsev",-,-,Seminar on Advanced Techniques and Tools for Software Evolution,0,2023,maybe,"The full-text accessibility of the paper cannot be determined from the abstract alone, which is a common limitation in screening.",yes,"The paper is written in English, which meets the publication language criterion.",maybe,"The study proposes to collect empirical data through interviews, but the abstract doesn't present actual empirical findings as it appears to be describing a planned study.",yes,"The study explicitly addresses two paradigms (object-oriented and functional programming), meeting the multiple paradigms criterion.",yes,"The study explicitly focuses on the relationship between code comprehension and multi-paradigm usage, specifically between object-oriented and functional programming paradigms, which meets the paradigmatic compatibility focus criterion.",maybe,"The abstract mentions capturing ""quantitative and qualitative data,"" indicating the study will include quantitative components, though specific measurements aren't detailed.",yes,"The paper appears to be primary research investigating paradigmatic compatibility, specifically focusing on code comprehension across different paradigms, which meets the study type criterion.",maybe,"The abstract describes an experimental setup using interviews to capture both quantitative and qualitative data, indicating the study includes validation methods. However, the actual validation results are not presented in the abstract as this appears to be a study proposal.",Exclude,"A research proposal exploring code comprehension across object-oriented and functional programming paradigms, utilizing an experimental design with interviews to capture quantitative and qualitative data. The study aims to investigate paradigmatic compatibility through systematic observation, addressing multiple programming paradigms with a structured methodological approach. While promising in its design, the abstract represents a planned study without presenting actual empirical results.",4,EC1,"A research proposal exploring code comprehension across object-oriented and functional programming paradigms, utilizing an experimental design with interviews to capture quantitative and qualitative data. The study aims to investigate paradigmatic compatibilit…",EC1,"A research proposal exploring code comprehension across object-oriented and functional programming paradigms, utilizing an experimental design with interviews to capture quantitative and qualitative data. The study aims to investigate paradigmatic compatibilit…"
Towards a Unifying Model Transformation Bus,"Maris Jukss, B. Barroca, Clark Verbrugge, H. Vangheluwe",-,-,GEMOC+MPM@MoDELS,0,2015,maybe,"The full-text accessibility of the paper cannot be determined from the abstract alone, which is a common limitation in screening.",yes,"The paper is written in English, which meets the publication language criterion.",maybe,"While the paper includes a demonstration, it is unclear from the abstract whether this includes systematic empirical observations about integration challenges.",yes,"The paper clearly addresses multiple paradigms through its focus on ""multi-paradigm modeling"" and heterogeneous tool integration.",yes,"The paper strongly meets this criterion, focusing on ""multi-paradigm modeling (MPM) techniques"" and tool interoperability between different APIs and modeling engines.",maybe,"The abstract does not explicitly mention quantitative measurements or metrics, and the focus appears to be more on the framework and its implementation.",yes,"The paper appears to be primary research investigating paradigmatic compatibility through model-driven engineering and multi-paradigm modeling (MPM), which meets the study type criterion.",maybe,"The abstract mentions ""demonstration"" of the framework, but it does not explicitly describe validation methods or empirical testing, creating some uncertainty about the depth of validation.",Exclude,"A multi-paradigm modeling framework addressing tool interoperability demonstrates strong alignment with paradigmatic compatibility research, focusing on integrating different programming paradigms through a model-driven approach. While the study shows promise in addressing heterogeneous modeling challenges, uncertainties remain regarding the depth of empirical validation and quantitative measurement components. The research proposes a systematic method for API-level tool integration across multiple programming paradigms.",4.3,EC1,"A multi-paradigm modeling framework addressing tool interoperability demonstrates strong alignment with paradigmatic compatibility research, focusing on integrating different programming paradigms through a model-driven approach. While the study shows promise …",EC1,"A multi-paradigm modeling framework addressing tool interoperability demonstrates strong alignment with paradigmatic compatibility research, focusing on integrating different programming paradigms through a model-driven approach. While the study shows promise …"
Integrating incompatible hardware and software systems,Ian Burchett,10.1145/1900008.1900038,https://doi.org/10.1145/1900008.1900038,ACM Southeast Regional Conference,0,2010,maybe,The full-text accessibility of the paper cannot be determined from the abstract alone.,yes,"The paper is written in English, meeting the language requirement.",maybe,"The paper includes a case study, suggesting some empirical evidence, but again, this is focused on hardware-software integration rather than paradigm integration.",no,"While the paper discusses integration between different systems (hardware and software), it doesn't specifically address programming paradigms as defined in the criteria.",no,"The paper focuses on hardware-software integration rather than programming paradigm compatibility. While it discusses integration challenges, these are not specifically about programming paradigms.",no,The abstract doesn't explicitly mention quantitative components or measurements. The focus appears to be more on design and development paradigms.,no,"The paper appears to be primary research investigating integration challenges, but it focuses on hardware-software integration rather than programming paradigm compatibility specifically, which is a significant mismatch with the intended focus.",maybe,"The abstract mentions a case study with a robot arm and SR4 robot, suggesting some empirical validation, but the details are limited.",Exclude,"The abstract describes hardware-software integration challenges, but fundamentally diverges from the screening criteria's focus on programming paradigm compatibility. While the study includes a case study and discusses system integration, it lacks specific elements related to programming paradigm interactions, quantitative metrics, or systematic evaluation of paradigmatic compatibility. Consequently, the paper does not align with the intended research scope.",2.5,EC2,"The paper appears to be primary research investigating integration challenges, but it focuses on hardware-software integration rather than programming paradigm compatibility specifically, which is a significant mismatch with the intended focus.",EC2,"The paper appears to be primary research investigating integration challenges, but it focuses on hardware-software integration rather than programming paradigm compatibility specifically, which is a significant mismatch with the intended focus."
Quality metrics for diversified similarity searching: What they stand for?,"Camila L. Lopes, Daniel L. Jasbick, M. Bedo, Lúcio F. D. Santos",10.5753/sbbd.2020.13620,https://doi.org/10.5753/sbbd.2020.13620,Brazilian Symposium on Databases,1,2020,maybe,"The full-text accessibility of the paper cannot be determined from the abstract alone, which is a common limitation in screening.",yes,"The paper is written in English, meeting the publication language criterion.",no,"The study includes empirical evidence, but not about programming paradigm integration. The evidence relates to search methods and diversity metrics.",no,"While the study does address multiple approaches, these are not programming paradigms but rather different search and clustering approaches.",no,"The paper does not focus on paradigmatic compatibility between programming paradigms. While it discusses ""different paradigms,"" these are search paradigms rather than programming paradigms. The focus is on diversity metrics and search approaches.",yes,"The study is heavily quantitative, including metrics, measurements, and empirical evaluations. However, these are not related to programming paradigms.",no,"The paper appears to be primary research, but it focuses on diversity-oriented searches and metrics rather than paradigmatic compatibility specifically. While it mentions ""different paradigms,"" these refer to search approaches rather than programming paradigms.",yes,"The study includes empirical testing and validation through ""experiments in real-world datasets"" and ""empirical evaluations.""",Exclude,"The abstract describes a study on diversity-oriented search methods and metrics, which fundamentally differs from the systematic review's focus on programming paradigm compatibility. Despite being a rigorous research paper with empirical validation and quantitative components, the work does not address interactions between programming paradigms or their integration. Consequently, the paper does not meet the core screening criteria for the systematic review.",1.4,EC2,"The paper appears to be primary research, but it focuses on diversity-oriented searches and metrics rather than paradigmatic compatibility specifically. While it mentions ""different paradigms,"" these refer to search approaches rather than programming paradigms…",EC2,"The paper appears to be primary research, but it focuses on diversity-oriented searches and metrics rather than paradigmatic compatibility specifically. While it mentions ""different paradigms,"" these refer to search approaches rather than programming paradigms…"
CAMBIO DE PARADIGMAS: IMPLICACIONES PARA EL ACERCAMIENTO AL CONOCIMIENTO CIENTÍFICO,Natalia Bondarenko Prisemskaya,-,-,-,1,2002,maybe,The full-text accessibility of the paper cannot be determined from the abstract alone.,yes,"The paper is available in both Spanish and English, meeting the publication language criterion.",no,The abstract does not indicate any empirical data or systematic observations. It appears to be a theoretical discussion of paradigm evolution and integration.,yes,"The paper does address multiple paradigms (quantitative and qualitative), but not in the context of programming paradigms.",no,"While the paper discusses paradigms, it focuses on scientific research paradigms (quantitative vs qualitative) rather than programming paradigms. There is no mention of formal models or metrics for paradigmatic compatibility.",no,"While the paper discusses quantitative methodology, it does not appear to include quantitative measurements or systematic observations itself.",no,"This appears to be a theoretical/philosophical discussion about scientific paradigms in general, not primary research about programming paradigm compatibility or a systematic review of software measurement.",no,"The abstract does not mention any validation methods, empirical testing, or systematic evaluation. It appears to be a conceptual discussion.",Exclude,"The document discusses scientific research paradigms rather than programming paradigms, lacking empirical validation, quantitative measurements, or systematic observations about software integration. While addressing multiple paradigms conceptually, the text fails to meet the specific screening criteria related to programming paradigm compatibility, empirical evidence, and quantitative analysis. The philosophical discussion of scientific methodology does not align with the required focus on programming paradigm research.",1.4,EC2,"This appears to be a theoretical/philosophical discussion about scientific paradigms in general, not primary research about programming paradigm compatibility or a systematic review of software measurement.",EC2,"This appears to be a theoretical/philosophical discussion about scientific paradigms in general, not primary research about programming paradigm compatibility or a systematic review of software measurement."
Marco de Integración de Paradigmas Tecnológicos hacia una Web Semántica Distribuida basada en la Gestión de Procesos (Integration Framework of Technological Paradigms Towards a Distributed Semantic Web based on Process Management),Carlos Alberto Pereira-Marín,-,-,-,0,2018,maybe,The abstract does not provide enough information to determine the full-text accessibility of the paper.,yes,"The paper is available in both Spanish and English, meeting the publication language criterion.",maybe,"While the abstract mentions ""results,"" it does not clearly indicate whether these are based on empirical data or systematic observations.",yes,"The paper clearly addresses multiple paradigms, specifically mentioning business process management, service-oriented architecture, and ontologies.",yes,"The paper directly addresses paradigmatic compatibility, focusing on integrating different technological paradigms including business process management, service-oriented architecture, and ontologies.",maybe,The abstract does not explicitly mention quantitative components or measurements. The focus appears more conceptual and methodological.,yes,"The paper appears to be primary research investigating paradigm integration, specifically focusing on integrating different technological paradigms for semantic web applications.",maybe,"The abstract mentions ""results of this research"" but does not explicitly describe validation methods or empirical testing, so the validation methods are unclear from the abstract.",Exclude,"The study demonstrates strong alignment with paradigm integration research, addressing multiple technological paradigms and proposing a methodological approach for semantic web application development. While the paper meets key criteria related to paradigmatic compatibility and multiple paradigm interactions, significant uncertainties exist regarding empirical validation, quantitative components, and full-text accessibility. The research appears conceptually robust but lacks clear evidence of systematic testing or measurement.",3.5,EC1,"The study demonstrates strong alignment with paradigm integration research, addressing multiple technological paradigms and proposing a methodological approach for semantic web application development. While the paper meets key criteria related to paradigmatic…",EC1,"The study demonstrates strong alignment with paradigm integration research, addressing multiple technological paradigms and proposing a methodological approach for semantic web application development. While the paper meets key criteria related to paradigmatic…"
Multimodal System Design Integration Using Category Theory,"Yaniv Mordecai, A. Engel",10.1109/SysCon53073.2023.10131062,https://doi.org/10.1109/SysCon53073.2023.10131062,IEEE Systems Conference,0,2023,maybe,The full-text accessibility of the paper cannot be determined from the abstract alone.,yes,"The paper is written in English, meeting the language requirement.",maybe,"The paper includes a case study of a passenger counting system, but this appears to be more about systems engineering than programming paradigm integration.",no,"While the paper discusses multiple design disciplines and integration, it doesn't specifically address programming paradigms. The focus is on systems engineering and design methodologies.",no,"While the paper discusses integration and compatibility, it focuses on systems engineering and design methodologies rather than programming paradigms. The use of Category Theory is mathematical but not specifically about programming paradigms.",yes,"The paper appears to include formal mathematical components (Category Theory) and systematic observations, meeting this criterion.",no,"The paper appears to be primary research proposing a method (CMD) for integration, but it is focused on systems engineering rather than programming paradigms specifically, which is a significant deviation from the intended focus.",maybe,"The abstract mentions application to a passenger counting system case study, suggesting some empirical validation, though details are limited.",Exclude,"The abstract describes a systems engineering methodology focused on design integration, but diverges significantly from the screening criteria's emphasis on programming paradigms. While demonstrating mathematical rigor and a case study approach, the paper lacks direct engagement with programming paradigm compatibility or integration. Consequently, the work does not align sufficiently with the systematic review's core requirements.",2.7,EC2,"The paper appears to be primary research proposing a method (CMD) for integration, but it is focused on systems engineering rather than programming paradigms specifically, which is a significant deviation from the intended focus.",EC2,"The paper appears to be primary research proposing a method (CMD) for integration, but it is focused on systems engineering rather than programming paradigms specifically, which is a significant deviation from the intended focus."
Programming Language Adoption as an Epidemiological Phenomenon,"E. Barreiros, Jones O. Albuquerque, J. P. L. D. Oliveira, Helaine Lins, S. Soares",10.1145/3131151.3131188,https://doi.org/10.1145/3131151.3131188,Brazilian Symposium on Software Engineering,0,2017,maybe,The full-text accessibility of the paper cannot be determined from the abstract alone.,yes,"The paper is written in English, meeting this criterion.",maybe,"While the paper proposes mathematical modeling, it is unclear whether it includes empirical data about integration challenges, as the focus appears to be on adoption patterns rather than interoperability.",maybe,"The paper discusses programming languages broadly but does not specifically address interactions between different programming paradigms, so this criterion is not clearly met.",no,"The paper focuses on programming language adoption patterns rather than paradigmatic compatibility or integration, which is a critical mismatch with the criterion.",yes,"The paper does include quantitative components through mathematical modeling, meeting this criterion.",no,"The paper appears to be primary research proposing a mathematical model for programming language adoption, but it does not specifically focus on paradigmatic compatibility, instead focusing on adoption patterns. This is a significant mismatch with the criterion.",maybe,"The abstract mentions ""mathematically modeled"" but does not explicitly describe validation methods or empirical testing, so it is unclear whether this criterion is met.",Exclude,"The abstract describes a mathematical modeling approach to programming language adoption, but fails to meet key screening criteria related to paradigmatic compatibility and integration. While the study includes quantitative components and is in English, it lacks clear evidence of empirical validation, paradigm interactions, or systematic evaluation of programming paradigm compatibility. The research appears fundamentally misaligned with the systematic review's core focus on paradigm integration.",2.7,EC2,"The paper appears to be primary research proposing a mathematical model for programming language adoption, but it does not specifically focus on paradigmatic compatibility, instead focusing on adoption patterns. This is a significant mismatch with the criterio…",EC2,"The paper appears to be primary research proposing a mathematical model for programming language adoption, but it does not specifically focus on paradigmatic compatibility, instead focusing on adoption patterns. This is a significant mismatch with the criterio…"
"ModHel'X, un outil expérimental pour la modélisation multi-paradigmes","C. Jacquet, Cécile Hardebolle, F. Boulanger",-,-,-,0,2014,maybe,"The full-text accessibility of the paper cannot be determined from the abstract alone, but I notes that being a formal research paper, it likely has accessible full text.",yes,"The paper is written in French, which meets the language criterion.",maybe,"While the paper describes a tool (ModHel'X) and mentions simulation, it's not entirely clear from the abstract how much empirical data is included.",yes,"The paper explicitly focuses on multi-paradigm modeling (""modelisation multi-paradigmes"") and integration between different formalisms.",yes,"The paper directly addresses paradigmatic compatibility through its focus on multi-paradigm modeling and semantic adaptation between different formalisms (""adaptation semantique à la frontière entre deux formalismes"").",yes,The paper includes quantitative components through its formal modeling approach and simulation capabilities.,yes,"The paper appears to be primary research investigating paradigmatic compatibility, specifically focusing on multi-paradigm modeling and integration.",yes,"The paper includes simulation (""simuler le comportement"") as a validation method for their approach.",Include,"A French-language research paper exploring multi-paradigm modeling with a novel tool (ModHel'X) that systematically addresses paradigmatic compatibility through semantic adaptation and simulation. The study demonstrates strong alignment with screening criteria by focusing on integrating different modeling formalisms, proposing a quantitative approach to paradigm integration, and including validation methods. While some uncertainties exist regarding empirical depth, the paper's core methodology and focus on multi-paradigm modeling make it highly relevant to the research objectives.",4.6,IC,"Meets IC; multi-paradigm, compatibility focus, quantitative component, validation method, research contribution, supported language.",IC,"Meets IC; multi-paradigm, compatibility focus, quantitative component, validation method, research contribution, supported language."
A Real-Time Analysis of Human Performance in Interactive and Adaptive Mixed-Reality Simulation,"Inki Kim, Mukhilshankar Umashankar",-,-,"IEEE/ACM International Conference on Connected Health: Applications, Systems and Engineering Technologies",0,2022,maybe,"The full-text accessibility of the paper cannot be determined from the abstract alone, but this is typically not a disqualifying factor at this stage.",yes,"The paper is written in English, which meets the publication language criterion.",no,"While the study includes empirical data, it is about human performance metrics rather than programming paradigm integration, so it does not meet this criterion.",no,"The paper does not address interactions between programming paradigms, so it does not meet this criterion.",no,"The paper does not address paradigmatic compatibility or integration between programming paradigms. It focuses on human performance modeling in mixed reality simulations, so it does not meet this criterion.",no,"The study includes quantitative components and measurements, but not related to programming paradigms, so it does not meet this criterion.",no,"The paper is primary research, but it focuses on human performance modeling and mixed reality simulation rather than paradigmatic compatibility, so it does not meet this criterion.",yes,"The study includes validation through statistical analysis of performance data from eleven subjects over two sessions, which meets the validation methods criterion, but it is not focused on the right topic.",Exclude,"The research paper focuses on human performance modeling in mixed reality simulations, which fundamentally diverges from the systematic review's core criteria of programming paradigm compatibility. Despite demonstrating rigorous empirical methodology and quantitative analysis, the study fails to address interactions between programming paradigms, rendering it non-compliant with the essential screening requirements. Consequently, the paper does not meet the critical screening criteria for inclusion in the systematic review.",1.4,EC2,"The paper is primary research, but it focuses on human performance modeling and mixed reality simulation rather than paradigmatic compatibility, so it does not meet this criterion.",EC2,"The paper is primary research, but it focuses on human performance modeling and mixed reality simulation rather than paradigmatic compatibility, so it does not meet this criterion."
Rethinking process improvement: from diffusion to translation,"Rima Al Hasan, Pietro Micheli",10.1108/ijopm-05-2024-0360,https://doi.org/10.1108/ijopm-05-2024-0360,International Journal of Operations &amp; Production Management,0,2025,maybe,"The full-text accessibility of the paper cannot be determined from the abstract alone, but it is likely accessible given that it appears to be a formal academic paper.",yes,"The paper is written in English, which meets the publication language criterion.",no,"The study includes empirical evidence from case studies, but again, not related to programming paradigms, and therefore does not meet the empirical evidence criterion.",no,"The study does address multiple paradigms (lean, Six Sigma, TQM), but these are management paradigms, not programming paradigms, and therefore do not meet the multiple paradigms criterion.",no,"While the paper discusses paradigmatic compatibility, it is in the context of management/organizational process improvement (lean, Six Sigma, TQM) rather than programming paradigms, and therefore does not meet the paradigmatic compatibility focus criterion.",maybe,"The abstract does not explicitly mention quantitative components, though the case studies might include some, so the quantitative components criterion is unclear.",no,"While this is primary research, it focuses on process improvement paradigms in management/organizational contexts, not programming paradigms or software measurement, and therefore does not meet the study type criterion.",yes,"The study includes empirical validation through ""two empirical case studies in a pharmaceutical and an automotive firm,"" which meets the validation methods criterion.",Exclude,"The abstract describes a study on process improvement paradigms in management contexts, which fundamentally differs from programming paradigms. Despite meeting some methodological criteria like empirical validation and multiple paradigm analysis, the paper's core focus on organizational process improvement renders it incompatible with the systematic review's specific requirements for programming paradigm research. Consequently, the paper does not align with the essential screening criteria and should be excluded from further consideration.",1.4,EC2,"While this is primary research, it focuses on process improvement paradigms in management/organizational contexts, not programming paradigms or software measurement, and therefore does not meet the study type criterion.",EC2,"While this is primary research, it focuses on process improvement paradigms in management/organizational contexts, not programming paradigms or software measurement, and therefore does not meet the study type criterion."
MCP-RADAR: A Multi-Dimensional Benchmark for Evaluating Tool Use Capabilities in Large Language Models,"Xuanqi Gao, Siyi Xie, Juan Zhai, Shqing Ma, Chao Shen",10.48550/arXiv.2505.16700,https://doi.org/10.48550/arXiv.2505.16700,arXiv.org,0,2025,yes,"The paper appears to be accessible, with a public repository link provided.",yes,"The paper is written in English, meeting the language requirement.",yes,The study includes systematic empirical observations and evaluations across multiple task domains.,maybe,"While the paper addresses integration between different systems, it doesn't specifically focus on programming paradigms. It's more about LLM-tool integration.",maybe,"The paper focuses on tool integration and compatibility, but not specifically between programming paradigms. It's more about LLM-tool integration.",yes,"The paper has a strong quantitative focus with ""objective, quantifiable measurements"" across multiple dimensions.",maybe,"While the paper is primary research, it focuses on evaluating LLM performance in tool integration rather than specifically investigating paradigmatic compatibility. However, it does address integration between different systems (LLMs and tools).",yes,"The study includes clear validation methods through a ""five-dimensional approach"" with specific metrics and empirical testing of multiple LLMs.",Exclude,"The study demonstrates strong empirical and quantitative research methods with comprehensive validation techniques, but diverges from the specific focus on programming paradigm compatibility. While addressing integration and tool interaction, the research primarily explores Large Language Model performance rather than direct paradigmatic interactions. The methodology shows rigorous scientific approach, yet falls short of the precise screening criteria related to programming paradigm integration.",3.2,EC1,"The study demonstrates strong empirical and quantitative research methods with comprehensive validation techniques, but diverges from the specific focus on programming paradigm compatibility. While addressing integration and tool interaction, the research prim…",EC1,"The study demonstrates strong empirical and quantitative research methods with comprehensive validation techniques, but diverges from the specific focus on programming paradigm compatibility. While addressing integration and tool interaction, the research prim…"
On marrying ontological and metamodeling technical spaces,"Fernando Silva Parreiras, Steffen Staab, Andreas Winter",10.1145/1287624.1287687,https://doi.org/10.1145/1287624.1287687,ESEC-FSE '07,0,2007,maybe,"The full-text accessibility of the paper cannot be determined from the abstract alone, which is a common limitation in screening.",yes,"The paper is written in English, which meets the publication language criterion.",no,"The abstract suggests the paper is primarily a theoretical analysis rather than an empirical study, and does not mention any systematic observations or empirical data, indicating a lack of empirical evidence.",yes,"The paper explicitly addresses multiple paradigms (metamodeling and ontology approaches) and their integration, which meets the multiple paradigms criterion.",yes,"The paper directly addresses compatibility between metamodeling and ontology paradigms, including formal models (MDA, MOF/UML, OWL) and their integration, which meets the paradigmatic compatibility focus criterion.",no,"The abstract does not indicate any quantitative measurements or systematic observations, suggesting the paper lacks quantitative components.",yes,"The paper appears to be a primary research study investigating paradigmatic compatibility between metamodeling and ontology approaches, which meets the study type criterion.",no,"The abstract does not explicitly mention validation methods or empirical testing, suggesting the paper lacks these components.",Exclude,"The study explores paradigmatic compatibility between metamodeling and ontology approaches, demonstrating strong theoretical alignment with multiple paradigm integration. However, the research lacks empirical validation, quantitative measurements, and systematic evidence, which significantly limits its methodological rigor and comprehensive assessment of paradigmatic interactions.",3.2,EC6,"The abstract does not indicate any quantitative measurements or systematic observations, suggesting the paper lacks quantitative components.",EC6,"The abstract does not indicate any quantitative measurements or systematic observations, suggesting the paper lacks quantitative components."
Model-driven integration of software and service components,"Barrett R. Bryant, Wei Zhao",-,-,-,0,2006,maybe,"The paper appears to be a dissertation, which typically has accessible full text through academic channels, but this cannot be confirmed from the abstract alone.",yes,"The paper is written in English, meeting this criterion.",no,The abstract doesn't clearly indicate whether empirical data or systematic observations about integration challenges are included. The focus seems more theoretical and methodological.,no,"While the paper discusses different types of components and services, it doesn't explicitly address different programming paradigms. The focus is more on integration approaches than paradigmatic differences.",no,"While the paper discusses integration of components and services, it doesn't explicitly focus on paradigmatic compatibility. The integration discussed is more about technical composition than paradigmatic compatibility.",maybe,"The paper includes some quantitative aspects (e.g., ""generates BPEL code of size On)""() and systematic observations, meeting this criterion partially.",maybe,"The paper presents primary research on component integration, but focuses more on model-driven approaches rather than paradigmatic compatibility specifically. While it deals with integration, it's not clearly focused on paradigm integration.",maybe,"The abstract mentions validation capabilities and analysis, particularly for the REL framework and TLG++ approach, but it's not clear if these include empirical testing or systematic evaluation of the findings.",Exclude,"The dissertation focuses on model-driven integration approaches for software components, but does not directly address paradigmatic compatibility or integration between programming paradigms. While the study includes technical integration methods and some quantitative components, it lacks clear empirical evidence and explicit discussion of multiple programming paradigms. The research appears more oriented towards technical composition and model-driven approaches rather than paradigmatic compatibility.",2.9,EC1,"While the paper discusses different types of components and services, it doesn't explicitly address different programming paradigms. The focus is more on integration approaches than paradigmatic differences.",EC1,"While the paper discusses different types of components and services, it doesn't explicitly address different programming paradigms. The focus is more on integration approaches than paradigmatic differences."
Knowledge Transfer Between Languages and Paradigms,"Deborah J. Armstrong, H. Nelson",-,-,-,2,2000,maybe,The full-text accessibility of the paper cannot be determined from the abstract alone.,yes,"The paper is written in English, meeting the language requirement.",no,"The paper appears to rely on ""anecdotal evidence"" rather than systematic empirical data about paradigm integration challenges.",maybe,"While paradigm shifts are discussed, the abstract doesn't explicitly indicate whether multiple programming paradigms are addressed in detail.",no,"While the paper discusses paradigm shifts, it focuses on personnel training and skill transfer rather than formal models or metrics for paradigmatic compatibility. The Osgood transfer surface is applied, but for training purposes.",no,"The paper proposes a model, but the abstract doesn't indicate whether it includes quantitative measurements or systematic observations. The evidence appears to be primarily anecdotal.",maybe,"The paper appears to be primary research, but it focuses on personnel training and skill transfer rather than paradigmatic compatibility specifically. It does address paradigm shifts, but from a training perspective.",no,"The paper relies on ""anecdotal evidence"" rather than robust validation methods or empirical testing, which is a significant weakness.",Exclude,"The study primarily addresses personnel training during paradigm shifts, with limited focus on paradigmatic compatibility and lacking robust empirical validation. While proposing a theoretical model for skill transfer, the research relies on anecdotal evidence and does not comprehensively explore quantitative metrics or systematic observations of programming paradigm interactions. The paper's scope appears more oriented toward training strategies than rigorous paradigm integration analysis.",2.7,EC1,"While paradigm shifts are discussed, the abstract doesn't explicitly indicate whether multiple programming paradigms are addressed in detail.",EC1,"While paradigm shifts are discussed, the abstract doesn't explicitly indicate whether multiple programming paradigms are addressed in detail."
Computational modeling for improving usability design workflow,"Xiangyang Li, Melih Gunal, J. Shiau",10.1109/ICNSC.2009.4919359,https://doi.org/10.1109/ICNSC.2009.4919359,"International Conference on Networking, Sensing and Control",0,2009,maybe,The full-text accessibility of the paper cannot be determined from the abstract alone.,yes,"The paper is written in English, meeting the language requirement.",no,"While the study includes empirical evidence, it's not related to programming paradigm integration. The evidence is about user interface design and cognitive modeling.",no,"The paper does not address interactions between programming paradigms. While it mentions different ""design variables"" and ""visual search strategies,"" these are not programming paradigms.",no,"The paper does not address paradigmatic compatibility or integration between programming paradigms. Instead, it focuses on cognitive modeling for user interface design.",maybe,"The study includes quantitative components through cognitive modeling and empirical testing, but not in the context of programming paradigms.",no,"The paper is primary research, but it focuses on cognitive modeling for usability design rather than investigating paradigmatic compatibility or software measurement.",yes,"The study includes empirical testing and validation through ""empirical experiments"" and ""human subjects"" testing.",Exclude,"The abstract describes a cognitive modeling study for user interface design that does not address programming paradigm compatibility or integration. Despite including empirical methods and quantitative components, the research fundamentally diverges from the specified screening criteria focused on paradigmatic interactions. Consequently, the paper fails to meet the core requirements for inclusion in the review.",1.4,EC2,"The paper is primary research, but it focuses on cognitive modeling for usability design rather than investigating paradigmatic compatibility or software measurement.",EC2,"The paper is primary research, but it focuses on cognitive modeling for usability design rather than investigating paradigmatic compatibility or software measurement."
Object-Driven Narrative in AR: A Scenario-Metaphor Framework with VLM Integration,"Sun Yusi, Haoyan Guan, Leith Kin Yip Chan, Yong Hong Kuo",10.48550/arXiv.2504.13119,https://doi.org/10.48550/arXiv.2504.13119,arXiv.org,0,2025,maybe,"The full-text accessibility of the paper cannot be determined from the abstract alone, which is a common limitation in screening.",yes,"The paper is written in English, meeting this criterion.",maybe,"The paper includes empirical evidence through user studies (70% of participants reported seeing real-world objects differently), but this evidence isn't about programming paradigm integration.",no,"While the paper discusses integration between different technologies (VLMs and AR), it doesn't address programming paradigms specifically.",no,"The paper does not focus on paradigmatic compatibility between programming paradigms. While it discusses integration between different technologies, this is at a different level than programming paradigms.",yes,"The study includes quantitative components (user study results, structured evaluation framework), meeting this criterion.",no,"The paper presents primary research, but it focuses on AR storytelling systems and VLM integration rather than paradigmatic compatibility. While it does discuss integration between different technologies (VLMs and AR), this isn't specifically about programming paradigms.",yes,"The paper includes validation through user studies and an experimental design (STAM evaluation framework), meeting this criterion.",Exclude,"The abstract describes an innovative AR storytelling framework that integrates Vision Language Models, but does not address programming paradigm compatibility. While the study includes empirical validation and quantitative components, its focus on technological integration and narrative generation falls outside the systematic review's specific criteria for paradigmatic compatibility research. Consequently, the paper does not meet the core screening requirements for inclusion.",2.5,EC2,"The paper presents primary research, but it focuses on AR storytelling systems and VLM integration rather than paradigmatic compatibility. While it does discuss integration between different technologies (VLMs and AR), this isn't specifically about programming…",EC2,"The paper presents primary research, but it focuses on AR storytelling systems and VLM integration rather than paradigmatic compatibility. While it does discuss integration between different technologies (VLMs and AR), this isn't specifically about programming…"
Specification and Verification of Communication Paradigms for CBSE in Event B,"Loïc Thierry, Jason Jaskolka, Brahim Hamid, J. Bodeveix",10.1109/ICECCS59891.2023.00028,https://doi.org/10.1109/ICECCS59891.2023.00028,IEEE International Conference on Engineering of Complex Computer Systems,0,2023,maybe,The full-text accessibility of the paper cannot be determined from the abstract alone.,yes,"The paper is written in English, meeting the language requirement.",maybe,The abstract suggests some empirical validation but doesn't explicitly mention systematic observations about integration challenges.,yes,"The paper explicitly addresses multiple paradigms (message passing and RPC), meeting this criterion.",maybe,"The paper discusses formal models for communication paradigms (message passing and RPC), which relates to paradigmatic compatibility, but focuses more on modeling than compatibility metrics.",maybe,"The paper appears to include formal modeling and analysis, but it's unclear if it includes quantitative measurements beyond formal verification.",maybe,"The paper presents primary research on modeling and analyzing communication paradigms, which relates to paradigmatic compatibility, but it focuses more on formal modeling than direct paradigm integration.",maybe,"The abstract mentions validation through studying ""two well-known communication paradigms,"" suggesting some empirical testing, though details are limited.",Exclude,"The study addresses multiple programming paradigms through formal modeling of communication techniques, with a focus on message passing and remote procedure call. While the research includes validation and explores paradigmatic interactions, its primary emphasis appears to be on theoretical modeling rather than comprehensive empirical analysis of paradigm compatibility. The work demonstrates potential relevance to paradigm integration but may lack the depth of quantitative and systematic evaluation sought in the screening criteria.",3.5,EC1,"The study addresses multiple programming paradigms through formal modeling of communication techniques, with a focus on message passing and remote procedure call. While the research includes validation and explores paradigmatic interactions, its primary emphas…",EC1,"The study addresses multiple programming paradigms through formal modeling of communication techniques, with a focus on message passing and remote procedure call. While the research includes validation and explores paradigmatic interactions, its primary emphas…"
Systematic Assessment of Formal Methods Based Models Quality Criteria,"Lorenzo Maldini, Stephen Wright",10.1007/978-3-030-87657-9_3,https://doi.org/10.1007/978-3-030-87657-9_3,MEDI Workshops,0,2021,maybe,"The full-text accessibility of the paper cannot be determined from the abstract alone, but this is typically assessed during full-text review.",yes,"The paper is written in English, meeting this criterion.",no,The abstract doesn't indicate any empirical data collection or systematic observations. It appears to be primarily theoretical.,no,The paper doesn't address interactions between different programming paradigms. It focuses on comparing different formal specifications within the same paradigm (Event-B notation).,no,The paper focuses on comparing formal methods specifications but doesn't address paradigmatic compatibility between programming paradigms. It's more about comparing different formal specifications within the same paradigm.,yes,"The paper does include quantitative components through its proposed quality function and complexity metrics, meeting this criterion.",maybe,"The paper appears to be primary research investigating formal methods and their quality metrics, but does not specifically focus on paradigmatic compatibility. It's more about comparing formal specifications.",maybe,The abstract mentions proposing a methodology and quality function but doesn't clearly indicate validation methods or empirical testing of these proposals.,Exclude,"The abstract describes a theoretical approach to comparing formal methods specifications, focusing on quality metrics within a single paradigm rather than addressing paradigmatic compatibility or integration. While the study includes quantitative components and proposes a novel methodology, it lacks empirical validation and does not explore interactions between different programming paradigms. Consequently, the paper does not align closely with the systematic review's core screening criteria.",2.7,EC1,The paper doesn't address interactions between different programming paradigms. It focuses on comparing different formal specifications within the same paradigm (Event-B notation).,EC1,The paper doesn't address interactions between different programming paradigms. It focuses on comparing different formal specifications within the same paradigm (Event-B notation).
Improving domain representation with multi-paradigm modeling,"A. Leitner, R. Weiss, Christian Kreiner, W. Ebner",10.1145/2364412.2364446,https://doi.org/10.1145/2364412.2364446,Software Product Lines Conference,0,2012,maybe,"The full-text accessibility of the paper cannot be determined from the abstract alone, which is a common limitation in screening.",yes,"The paper is written in English, meeting the publication language criterion.",yes,"The paper includes a case study in a real automotive project, providing empirical evidence of paradigm integration, meeting the empirical evidence criterion.",yes,"The paper explicitly addresses integration between FODM and DSM paradigms, clearly meeting the multiple paradigms criterion.",yes,"The paper explicitly focuses on multi-paradigm modeling and describes a formal approach using ""3 types of constraints to connect different modeling paradigms,"" strongly meeting the paradigmatic compatibility focus criterion.",maybe,"While the abstract mentions ""improvement"" and ""complexity reduction,"" it doesn't explicitly detail quantitative measurements. However, the technical nature of the approach suggests quantitative components are likely present.",yes,"The paper presents primary research investigating paradigmatic compatibility between Feature-Oriented Domain Modeling (FODM) and Domain-Specific Modeling (DSM), meeting the study type criterion.",maybe,"The abstract mentions a case study in an automotive project (HybConS) and indicates comparison with single-paradigm modeling, suggesting the inclusion of empirical validation methods, though the details are limited.",Include,"A multi-paradigm modeling approach investigating Feature-Oriented Domain Modeling and Domain-Specific Modeling demonstrates strong alignment with screening criteria through its empirical case study in automotive software and formal method for connecting different modeling paradigms. The research provides quantitative insights into paradigmatic compatibility, presenting a systematic approach to reducing model complexity and improving usability across different programming paradigms.",4.6,IC,"Meets IC; multi-paradigm, compatibility focus, empirical evidence, research contribution, supported language.",IC,"Meets IC; multi-paradigm, compatibility focus, empirical evidence, research contribution, supported language."
Web Services Interfaces Assessment through Semantic Similarity of Terms,"A. D. Renzis, Martin Garriga, A. Flores, A. Cechich, Alejandro Zunino",10.1109/SCCC.2014.34,https://doi.org/10.1109/SCCC.2014.34,International Conference of the Chilean Computer Science Society,0,2014,maybe,"The full-text accessibility of the paper cannot be determined from the abstract alone, which is a common limitation in screening.",yes,"The paper is written in English, which meets the publication language criterion.",yes,"The study includes empirical data from 465 real-life Web Services and systematic observations about interface compatibility, which meets the empirical evidence criterion.",no,The paper appears to focus on compatibility within the Service-Oriented Computing paradigm rather than between multiple programming paradigms.,maybe,"The paper focuses on interface compatibility within Service-Oriented Computing, but doesn't explicitly address paradigmatic compatibility between different programming paradigms. It's more about service compatibility within a single paradigm.",yes,"The study includes quantitative measurements and systematic evaluation using Information Retrieval metrics, which meets the quantitative components criterion.",maybe,"The paper presents primary research on interface compatibility, which is related to but not exactly focused on paradigmatic compatibility. It's more about service compatibility within the Service-Oriented Computing paradigm.",yes,"The study includes empirical testing with ""different experiments with a data-set of 465 real-life Web Services"" and uses ""metrics from the Information Retrieval field,"" which meets the validation methods criterion.",Exclude,"The study presents a method for interface compatibility within Service-Oriented Computing, utilizing empirical testing with 465 Web Services and quantitative metrics. While demonstrating strong methodological rigor, the research does not directly address paradigmatic compatibility between multiple programming paradigms, instead focusing on service-level compatibility within a single paradigm. The work includes systematic evaluation and empirical evidence but falls short of the specific screening criteria related to cross-paradigm integration.",2.9,EC1,The paper appears to focus on compatibility within the Service-Oriented Computing paradigm rather than between multiple programming paradigms.,EC1,The paper appears to focus on compatibility within the Service-Oriented Computing paradigm rather than between multiple programming paradigms.
An experimental design for evaluating the maintainability of aspect-oriented models enhanced with domain-specific constructs,"A. Hovsepyan, S. Baelen, R. Scandariato, W. Joosen, S. Demeyer",-,-,-,2,2010,maybe,"The abstract does not provide enough information to determine the full-text accessibility of the paper, but I notes that being a position paper suggests it is likely published in an accessible venue.",yes,"The paper is written in English, which meets the publication language criterion.",no,The abstract does not indicate that empirical data has been collected yet. It proposes an experimental approach but does not present actual observations.,yes,"The paper explicitly addresses the integration between two paradigms: DSMLs and AOM, meeting the multiple paradigms criterion.",yes,"The paper explicitly focuses on the integration between Domain-Specific Modeling Languages (DSMLs) and Aspect-Oriented Modeling (AOM), which are different programming paradigms, meeting the paradigmatic compatibility focus criterion.",no,The abstract does not mention any specific quantitative measurements or systematic observations. It appears to be primarily theoretical.,no,"The paper is described as a ""position paper"" that proposes an experimental approach, but does not appear to be primary research or a systematic review yet. It is more of a theoretical proposal.",no,"The abstract mentions ""an experimental approach to evaluate these alternatives"" but does not describe actual validation methods or empirical testing that has been conducted.",Exclude,"A position paper exploring the integration of Domain-Specific Modeling Languages and Aspect-Oriented Modeling, proposing an experimental approach to evaluate paradigmatic compatibility. While addressing multiple programming paradigms and written in English, the study lacks empirical evidence, quantitative measurements, and actual validation methods. The theoretical nature of the work suggests potential future research but does not currently meet comprehensive screening criteria for empirical investigation.",3.2,EC2,"The paper is described as a ""position paper"" that proposes an experimental approach, but does not appear to be primary research or a systematic review yet. It is more of a theoretical proposal.",EC2,"The paper is described as a ""position paper"" that proposes an experimental approach, but does not appear to be primary research or a systematic review yet. It is more of a theoretical proposal."
UML-based Frameworks for Engineering of Interoperable Information Systems,"M. Terrasse, M. Savonnet, George Becker, É. Leclercq",-,-,-,0,2003,maybe,"The full-text accessibility of the paper cannot be determined from the abstract alone, which is a common limitation in screening.",yes,"The paper is written in English, which meets the publication language criterion.",no,"The abstract does not mention any empirical data or systematic observations about integration challenges, and it appears more theoretical in nature.",yes,"The paper mentions ""modeling paradigms"" and discusses integration between formal and informal approaches, suggesting multiple paradigms are considered.",maybe,"The paper discusses ""modeling paradigms"" and ""integration of metamodels"" with ""measure of semantical distance between them,"" suggesting some focus on paradigmatic compatibility, though it is specifically in the UML context.",maybe,"The paper mentions ""formal and semantical operations"" and ""measure of semantical distance,"" suggesting some quantitative components, but it is unclear how extensive these are.",maybe,"The paper appears to be primary research proposing a metamodeling architecture and frameworks, which relates to paradigm integration, but it is more focused on UML metamodeling than general paradigmatic compatibility.",no,"The abstract does not explicitly mention validation methods or empirical testing, and it describes frameworks and operations but does not indicate how they were validated.",Exclude,"The study proposes a metamodeling architecture with potential implications for paradigm integration, but lacks clear empirical validation and comprehensive evidence of paradigmatic compatibility. While addressing multiple modeling paradigms and suggesting quantitative approaches, the research appears more theoretical and narrowly focused on UML metamodeling rather than providing broad, empirically-grounded insights into paradigm interactions.",3.2,EC6,"The paper mentions ""formal and semantical operations"" and ""measure of semantical distance,"" suggesting some quantitative components, but it is unclear how extensive these are.",EC1,"The study proposes a metamodeling architecture with potential implications for paradigm integration, but lacks clear empirical validation and comprehensive evidence of paradigmatic compatibility. While addressing multiple modeling paradigms and suggesting quan…"
New Trends in the Intergration of Paradigms,H. R. Nielson,-,-,-,0,2008,maybe,The full-text accessibility of the paper cannot be determined from the abstract alone.,yes,"The paper is written in English, meeting the publication language criterion.",maybe,"The abstract doesn't clearly indicate whether empirical data or systematic observations are included. It mentions ""examples"" but doesn't specify their nature.",maybe,"While the paper discusses different programming constructs, it appears to focus primarily on the Actor model rather than explicitly addressing interactions between different programming paradigms.",maybe,"While the paper discusses different programming constructs (actors, activators, actorspaces), it doesn't explicitly focus on paradigmatic compatibility or integration between different paradigms. It's more focused on coordination patterns within the Actor model.",maybe,The abstract doesn't explicitly mention quantitative measurements or systematic observations. It appears more focused on theoretical constructs and their implementation.,maybe,"The paper appears to be primary research investigating programming language constructs and their compatibility, but it's not explicitly focused on paradigmatic compatibility. It discusses coordination patterns and abstractions, which is related but not directly aligned.",maybe,"The abstract mentions ""examples"" but doesn't explicitly describe validation methods or empirical testing, so the validation methods are unclear from the abstract.",Exclude,"The abstract describes programming language constructs within the Actor model, but lacks clear evidence of paradigmatic compatibility, empirical validation, or quantitative analysis across multiple programming paradigms. While the research addresses coordination patterns and software system complexity, it does not sufficiently demonstrate the systematic exploration of paradigm integration required by the screening criteria.",2.9,EC1,"The abstract describes programming language constructs within the Actor model, but lacks clear evidence of paradigmatic compatibility, empirical validation, or quantitative analysis across multiple programming paradigms. While the research addresses coordinati…",EC1,"The abstract describes programming language constructs within the Actor model, but lacks clear evidence of paradigmatic compatibility, empirical validation, or quantitative analysis across multiple programming paradigms. While the research addresses coordinati…"
Development and Evaluation Process of Model Transformation,S. Kolahdouz-Rahimi,-,-,-,0,2011,maybe,"The paper appears to be an academic publication, which typically has accessible full text, though this cannot be determined from the abstract alone.",yes,"The paper is written in English, meeting the language requirement.",maybe,"The paper mentions case studies representing different transformation problems, suggesting some empirical evidence, though the extent is not clear.",yes,The paper explicitly addresses multiple model transformation paradigms and their comparison.,maybe,"The paper focuses on comparing model transformation paradigms and their compatibility, which is related to but not exactly the same as programming paradigm compatibility. It does propose a ""unified semantic treatment"" and comparison approach.",maybe,"The paper appears to include systematic observations and comparisons, but it's unclear if these are quantitative. The G/Q/M approach suggests some quantitative elements.",maybe,"The paper appears to be primary research investigating model transformation paradigms and their compatibility, which is related to but not directly about programming paradigms.",maybe,"The paper mentions using case studies and G/Q/M work for evaluation, indicating some form of systematic evaluation, though the details are limited.",Exclude,"The study addresses model transformation paradigms with a systematic approach to comparing different transformation techniques, utilizing case studies and a Goal/Question/Metric methodology. While not directly focused on programming paradigms, the research provides insights into paradigmatic compatibility through a unified semantic treatment and comparative analysis of model transformation approaches. The work demonstrates potential relevance to understanding paradigm interactions, though its primary focus is on model transformation rather than programming paradigms.",4,EC1,"The study addresses model transformation paradigms with a systematic approach to comparing different transformation techniques, utilizing case studies and a Goal/Question/Metric methodology. While not directly focused on programming paradigms, the research pro…",EC1,"The study addresses model transformation paradigms with a systematic approach to comparing different transformation techniques, utilizing case studies and a Goal/Question/Metric methodology. While not directly focused on programming paradigms, the research pro…"
System evolution by migration coordination,"S. Andova, L. Groenewegen, de Ep Erik Vink",-,-,-,2,2008,maybe,"The abstract suggests the paper is likely a published work, but the full-text accessibility cannot be determined from the abstract alone.",yes,"The paper is written in English, meeting the language requirement.",no,The abstract does not present empirical data or systematic observations about paradigm integration. It focuses on theoretical modeling using state-transition diagrams.,no,The paper does not explicitly address interactions between different programming paradigms. It focuses on component interactions within a single coordination framework.,no,"While the paper discusses component interactions and coordination, it does not explicitly address paradigmatic compatibility or integration between different programming paradigms. It focuses on a specific coordination language.",maybe,"The paper includes formal models and systematic observations through state-transition diagrams, but these appear to be theoretical rather than quantitative measurements.",maybe,"The paper appears to be primary research about a coordination language (Paradigm) for modeling component interactions, but it is not clearly focused on paradigmatic compatibility as defined in the criteria.",no,The abstract does not explicitly mention validation methods or empirical testing. It describes the theoretical framework but does not discuss how it was validated.,Exclude,"The abstract describes a technical paper about component coordination using a specific language, but fails to meet most screening criteria related to paradigmatic compatibility. While written in English and presenting a formal modeling approach, the text lacks empirical validation, quantitative measurements, and explicit focus on multiple programming paradigms. The study appears more oriented toward theoretical component interaction modeling rather than systematic paradigm integration research.",2.7,EC1,The paper does not explicitly address interactions between different programming paradigms. It focuses on component interactions within a single coordination framework.,EC1,The paper does not explicitly address interactions between different programming paradigms. It focuses on component interactions within a single coordination framework.
Electronic Communications of the EASST Volume X ( 2011 ) Proceedings of the 5 th International Workshop on Multi-Paradigm Modeling ( MPM 2011 ) Semantic Adaptation using CCSL Clock Constraints,"Frédéric Boulanger, Ayman Dogui, Cécile Hardebolle, Christophe Jacquet, Dominique Marcadet, Iuliana Prodan",-,-,-,0,2011,maybe,"The full-text accessibility of the paper cannot be determined from the abstract alone, which is a common limitation in screening.",yes,"The paper is written in English, which meets the publication language criterion.",maybe,"The abstract does not indicate whether empirical data or systematic observations were collected, so it is unclear if the study includes such evidence.",yes,"The paper explicitly addresses different modeling paradigms and their integration, which meets the multiple paradigms criterion.",yes,"The paper directly addresses paradigmatic compatibility through semantic adaptation between different modeling paradigms, using formal methods (CCSL), which meets the paradigmatic compatibility focus criterion.",maybe,"While the paper uses formal methods (CCSL), it is unclear if it includes quantitative measurements or systematic observations beyond theoretical discussion.",yes,"The paper appears to be primary research investigating paradigmatic compatibility, specifically focusing on semantic adaptation between different modeling paradigms, which meets the study type criterion.",maybe,"The abstract does not explicitly mention validation methods or empirical testing, so it is unclear if the study includes such components.",Exclude,"The study addresses paradigmatic compatibility through semantic adaptation between different modeling paradigms, using formal methods like CCSL. While demonstrating strong theoretical foundations in multiple paradigm interactions, the abstract lacks clear evidence of empirical validation or quantitative measurement. The research appears to focus on formal modeling approaches rather than providing systematic empirical observations.",3.9,EC1,"The study addresses paradigmatic compatibility through semantic adaptation between different modeling paradigms, using formal methods like CCSL. While demonstrating strong theoretical foundations in multiple paradigm interactions, the abstract lacks clear evid…",EC1,"The study addresses paradigmatic compatibility through semantic adaptation between different modeling paradigms, using formal methods like CCSL. While demonstrating strong theoretical foundations in multiple paradigm interactions, the abstract lacks clear evid…"
Modeling the performance of the human (pilot) interaction in a synthetic flight domain: Information theoretic approach,C. Ntuen,-,-,-,0,1992,maybe,The full-text accessibility of the paper cannot be determined from the abstract alone.,yes,"The paper is written in English, which meets the publication language criterion.",maybe,"While the abstract mentions ""experimental analysis,"" it is unclear if this includes empirical data about paradigm integration. The focus appears to be on theoretical foundations.",no,"The paper focuses on human-machine interaction rather than multiple programming paradigms. While it mentions ""interpretation- and context-free"" methods, this does not align with the intended focus on programming paradigms.",no,The paper focuses on human-machine interaction paradigms rather than programming paradigms. It does not address compatibility between different programming paradigms.,maybe,"The paper proposes a ""formal method"" and mentions mathematical foundations, suggesting some quantitative components, but these appear to be theoretical rather than empirical measurements.",no,"The paper proposes a formal method for human-machine interaction, but does not appear to focus on paradigmatic compatibility or software measurement. It is more focused on human-machine interaction theory.",maybe,"The abstract mentions ""experimental analysis,"" but does not provide specific details about validation methods. This criterion is partially met but unclear.",Exclude,"The abstract describes a theoretical approach to human-machine interaction that does not align with the systematic review's focus on programming paradigm compatibility. While the paper proposes a formal method and mentions experimental analysis, it lacks direct engagement with software measurement, paradigm integration, or empirical evidence about programming paradigms. Consequently, the study fails to meet the core screening criteria for the systematic review.",2.5,EC2,"The paper proposes a formal method for human-machine interaction, but does not appear to focus on paradigmatic compatibility or software measurement. It is more focused on human-machine interaction theory.",EC2,"The paper proposes a formal method for human-machine interaction, but does not appear to focus on paradigmatic compatibility or software measurement. It is more focused on human-machine interaction theory."
Using Design Paradigms to Evaluate the Collaborative,"Hsien-Hui Tang, Yung-Ying Lee",-,-,-,0,2008,maybe,The full-text accessibility of the paper cannot be determined from the abstract alone.,yes,"The paper is written in English, meeting this criterion.",no,"The study includes empirical data through protocol analysis, but not related to programming paradigm integration.",no,"The study does examine multiple paradigms (traditional and digital media), but these are not programming paradigms as intended by the criteria.",no,"While the study examines paradigms, it focuses on design paradigms in media rather than programming paradigms. The metrics discussed (Function-Behavior-Structure) are not related to programming paradigm compatibility.",yes,"The study has strong quantitative components with statistical analysis of 20 protocol sets, meeting this criterion.",no,"The paper appears to be primary research, but it focuses on design paradigms in media rather than programming paradigms, which is a significant mismatch with the intended focus.",yes,"The study includes quantitative analysis of 20 protocol sets and statistical basis, meeting this criterion.",Exclude,"The abstract describes a quantitative study of design paradigms in media, which fundamentally differs from programming paradigm compatibility. Despite having robust quantitative methods and empirical analysis, the research focuses on media design rather than programming paradigms, rendering it incompatible with the specified screening criteria. The domain mismatch prevents the study from meeting the core requirements for inclusion.",1.4,EC2,"The paper appears to be primary research, but it focuses on design paradigms in media rather than programming paradigms, which is a significant mismatch with the intended focus.",EC2,"The paper appears to be primary research, but it focuses on design paradigms in media rather than programming paradigms, which is a significant mismatch with the intended focus."
Paradigmes pour l'interoperabilite entre environnements virtuels,Hubert Le Van Gong,-,-,-,2,1996,maybe,"The abstract does not provide information about the full-text accessibility of the paper, so it cannot be determined from the abstract alone. However, I notes that being an academic paper, it likely exists in accessible repositories.",yes,"The paper is written in French, which meets the criterion of being written in English or French.",yes,"The abstract mentions an example session where they calculate compatibility levels and resulting behavior, suggesting that the study includes empirical data or systematic observations about integration challenges or interoperability between different programming paradigms.",yes,"The study addresses interactions between different virtual environments, which can be considered different paradigms of interaction, meeting the criterion of addressing interactions or compatibility between two or more different programming paradigms.",yes,"The paper explicitly focuses on compatibility and interoperability between different virtual environments, proposing formal components and services for achieving this compatibility, which aligns with the criterion of proposing, evaluating, or analyzing formal models or quantitative metrics related to paradigmatic compatibility or integration between different programming paradigms.",yes,"The paper includes quantitative components through compatibility calculations and behavioral analysis, which aligns with the criterion of including quantitative components, measurements, or systematic observations beyond purely theoretical discussion or personal experience.",yes,"The paper presents primary research investigating compatibility and interoperability between virtual environments, which aligns with the criterion of being either primary research investigating paradigmatic compatibility or a systematic review/meta-analysis of paradigm integration or software measurement.",yes,"The abstract mentions a phase of compatibility calculation and includes an example session of interoperability testing, indicating that the study includes validation methods, empirical testing, or systematic evaluation of its findings or proposed metrics.",Exclude,"A French-language research paper exploring interoperability between virtual environments, demonstrating strong methodological rigor through compatibility calculations, empirical testing, and systematic analysis of paradigmatic interactions. The study comprehensively addresses multiple screening criteria by proposing formal components, services, and quantitative metrics for understanding compatibility challenges across different technological paradigms. While focused specifically on virtual environments, the research offers valuable insights into paradigmatic integration and compatibility assessment.",4.3,EC1,"A French-language research paper exploring interoperability between virtual environments, demonstrating strong methodological rigor through compatibility calculations, empirical testing, and systematic analysis of paradigmatic interactions. The study comprehen…",EC1,"A French-language research paper exploring interoperability between virtual environments, demonstrating strong methodological rigor through compatibility calculations, empirical testing, and systematic analysis of paradigmatic interactions. The study comprehen…"
Formalisation of component-based systems,Jiong Zhou,-,-,-,0,2007,maybe,"The full-text accessibility cannot be determined from the abstract alone, but the fact that it is a thesis suggests it may be available through academic channels.",yes,"The paper is written in English, meeting the language requirement.",maybe,"The abstract suggests systematic evaluation, but it does not explicitly mention empirical data collection. The focus appears to be more theoretical/formal.",maybe,"While the paper addresses different components and their interactions, it does not explicitly discuss different programming paradigms. The focus is more on component-based architecture than paradigmatic differences.",maybe,"The paper proposes formal models and quantitative metrics for component compatibility and integration, particularly focusing on concurrency and timing aspects, which is related to paradigmatic compatibility, even though it does not explicitly address programming paradigms.",yes,"The study includes formal languages, time-slot languages, and quantitative aspects of component behavior and compatibility.",maybe,"This is primary research investigating formal models for component-based systems and their compatibility, which is related to paradigmatic compatibility, even though it does not explicitly focus on programming paradigms.",maybe,"The abstract mentions ""unit-testing to integration-testing"" and evaluation of ""well-formedness properties,"" indicating that the study includes some validation methods.",Exclude,"The study presents a formal approach to component-based system design with strong theoretical foundations in compatibility and integration, demonstrating quantitative methods and validation techniques. While addressing systematic software engineering challenges, the research lacks explicit focus on programming paradigms, instead emphasizing component interactions and architectural compatibility. The work provides a rigorous framework for understanding component behavior through formal languages and testing methodologies.",3.5,EC1,"The study presents a formal approach to component-based system design with strong theoretical foundations in compatibility and integration, demonstrating quantitative methods and validation techniques. While addressing systematic software engineering challenge…",EC1,"The study presents a formal approach to component-based system design with strong theoretical foundations in compatibility and integration, demonstrating quantitative methods and validation techniques. While addressing systematic software engineering challenge…"
Alma Mater Studiorum Università di Bologna Archivio istituzionale,"Alma Mater, Ambra Molesini, Enrico Denti, Andrea Omicini",-,-,-,0,-,maybe,"The full-text accessibility of the paper cannot be determined from the abstract alone, which is a common limitation in screening.",yes,"The paper is written in English, meeting this criterion.",maybe,The abstract doesn't explicitly mention empirical data collection or systematic observations. It appears to be more of a comparative analysis of existing approaches.,yes,"The paper explicitly focuses on multi-paradigm systems and integration between different computational paradigms, strongly meeting this criterion.",yes,"The paper directly addresses multi-paradigm modeling and integration, which is central to paradigmatic compatibility, strongly meeting this criterion.",maybe,"The abstract suggests a systematic comparison based on three criteria, but doesn't explicitly mention quantitative measurements or metrics.",yes,"The paper appears to be a systematic review/overview of MPM approaches, meeting this criterion. It explicitly states ""we overview the main MPM approaches in the literature.""",maybe,"The abstract mentions evaluation of approaches based on three specific criteria, suggesting some systematic evaluation. However, it's not entirely clear if this includes empirical testing.",Exclude,"A systematic review exploring multi-paradigm modeling approaches demonstrates strong alignment with criteria focused on paradigmatic compatibility and integration across different computational paradigms. The study provides a comprehensive overview of multi-paradigm engineering techniques, comparing approaches through specific evaluation criteria while addressing interactions between multiple programming paradigms. Despite some uncertainties regarding empirical validation and quantitative metrics, the paper offers a structured analysis of multi-paradigm software system engineering.",4.3,EC1,A systematic review exploring multi-paradigm modeling approaches demonstrates strong alignment with criteria focused on paradigmatic compatibility and integration across different computational paradigms. The study provides a comprehensive overview of multi-pa…,EC1,A systematic review exploring multi-paradigm modeling approaches demonstrates strong alignment with criteria focused on paradigmatic compatibility and integration across different computational paradigms. The study provides a comprehensive overview of multi-pa…
Une approche pragmatique pour mesurer la qualité des applications à base de composants logiciels. (A pragmatic approach to measure the quality of Component-Based Software Applications),S. Hamza,-,-,-,1,2014,maybe,"The paper appears to be a thesis, which suggests it may be available through academic channels, though this is not explicitly confirmed in the abstract.",yes,"The paper is written in French, which meets the criterion of being written in English or French.",yes,"The study includes substantial empirical evidence, including analysis of 10 applications, data from 6 mature projects, and quantitative results (80-92% prediction accuracy).",yes,The study explicitly addresses the interaction between component-based and object-oriented paradigms.,yes,"The study explicitly focuses on applying object-oriented metrics to component-based systems, analyzing their compatibility and effectiveness.",yes,"The study is heavily quantitative, including statistical models, predictive metrics, and specific accuracy measurements.",yes,"The study is primary research investigating metrics and compatibility between component-based and object-oriented paradigms, meeting this criterion.",yes,"The study includes strong validation methods, using empirical testing on 10 open-source OSGi applications, statistical analysis including principal component analysis and multivariate logistic regression, and validation against historical modification and bug data from 6 mature OSGi projects.",Include,"A comprehensive French-language thesis exploring paradigmatic compatibility between component-based and object-oriented software development, featuring robust empirical validation through statistical analysis of multiple open-source projects. The research systematically examines quantitative metrics for predicting software quality, demonstrating high predictive accuracy (80-92%) across different software development paradigms. Rigorous methodological approaches, including principal component analysis and multivariate regression, provide substantive evidence of cross-paradigm measurement techniques.",4.9,IC,"Meets IC; multi-paradigm, compatibility focus, quantitative component, empirical evidence, validation method, research contribution, supported language.",IC,"Meets IC; multi-paradigm, compatibility focus, quantitative component, empirical evidence, validation method, research contribution, supported language."
Software metric extension of the Enterprisemodelling technique,Johann Tor Sigfusson,-,-,-,0,1997,maybe,"The full-text accessibility of the paper cannot be determined from the abstract alone, but the fact that it is a dissertation suggests it may be available through academic channels.",yes,"The paper is written in English, which meets the publication language criterion.",maybe,"The abstract does not clearly indicate whether empirical data or systematic observations were collected. It mentions ""results"" but does not specify if these are based on empirical evidence.",yes,"The paper explicitly addresses the integration of two paradigms: Enterprise Modelling and GQM metrics, meeting the multiple paradigms criterion.",yes,"The paper explicitly focuses on integrating different paradigms (Enterprise Modelling and GQM metrics), meeting the paradigmatic compatibility focus criterion.",maybe,"The paper deals with software metrics, suggesting quantitative components, but the abstract does not explicitly detail these measurements.",yes,"The paper appears to be primary research investigating the integration of different paradigms (Enterprise Modelling and GQM metrics), which meets the study type criterion.",maybe,"The abstract mentions validation of metrics selection based on enterprise needs, but does not clearly describe specific validation methods or empirical testing.",Exclude,"The study demonstrates strong alignment with paradigm integration by exploring the compatibility between Enterprise Modelling and GQM metrics, with clear focus on multiple programming paradigms. While the research shows promise in addressing methodological integration, there are uncertainties regarding empirical validation and quantitative measurement approaches. The work appears to be a primary research investigation into paradigmatic compatibility with potential methodological contributions.",4,EC1,"The study demonstrates strong alignment with paradigm integration by exploring the compatibility between Enterprise Modelling and GQM metrics, with clear focus on multiple programming paradigms. While the research shows promise in addressing methodological int…",EC1,"The study demonstrates strong alignment with paradigm integration by exploring the compatibility between Enterprise Modelling and GQM metrics, with clear focus on multiple programming paradigms. While the research shows promise in addressing methodological int…"
The Object Relational impedance mismatch from a cognitive point of view,Hogeschool van Amsterdam Wibautstraat,-,-,-,0,2014,maybe,The abstract does not provide enough information to determine the full-text accessibility of the paper.,yes,"The paper is written in English, which meets the publication language criterion.",yes,The abstract indicates an experimental approach to gather empirical data about communication challenges between practitioners working with different paradigms.,yes,"The study explicitly addresses multiple paradigms and their interaction, meeting this criterion.",maybe,"The study directly addresses paradigmatic compatibility by examining how practitioners communicate across different paradigms, though it focuses more on semantic compatibility than formal models or metrics.",maybe,"While an experiment is mentioned, the abstract doesn't specify whether quantitative measurements are included, creating some uncertainty.",yes,"The paper appears to be primary research investigating paradigmatic compatibility, specifically focusing on communication between practitioners working with different paradigms, which meets the study type criterion.",maybe,"The abstract mentions ""an experiment to assess"" communication between practitioners, suggesting some form of empirical validation, though details are limited.",Exclude,"An experimental study exploring communication challenges between practitioners working across different programming paradigms, with potential empirical insights into semantic compatibility. The research appears to address multiple paradigms and includes an experimental approach, though methodological details and quantitative components remain uncertain from the abstract.",3.5,EC1,"An experimental study exploring communication challenges between practitioners working across different programming paradigms, with potential empirical insights into semantic compatibility. The research appears to address multiple paradigms and includes an exp…",EC1,"An experimental study exploring communication challenges between practitioners working across different programming paradigms, with potential empirical insights into semantic compatibility. The research appears to address multiple paradigms and includes an exp…"
Types for Multi-Paradigm Modelling,"J. Lara, H. Vangheluwe",-,-,-,0,-,maybe,"The full-text accessibility of the paper cannot be determined from the abstract alone, which is a common limitation in screening.",yes,"The paper is written in English, meeting the publication language criterion.",maybe,"The paper describes implementation and practical applications in AToM3, suggesting empirical evidence, though the abstract doesn't explicitly detail the nature of this evidence.",yes,"The paper explicitly focuses on multi-paradigm modeling, combining meta-modelling, multi-formalism modeling, and multiple abstraction levels, strongly meeting this criterion.",yes,"The paper directly addresses paradigmatic compatibility through type systems and formalisms integration, proposing specific solutions for multi-paradigm modeling, strongly meeting this criterion.",maybe,"The paper includes systematic observations and formal models, particularly through graph grammars and type systems, but it's not clear if there are specific quantitative measurements.",yes,"The paper appears to be primary research investigating paradigmatic compatibility, specifically focusing on type systems in multi-paradigm modeling, meeting the study type criterion.",maybe,"The abstract mentions implementation in AToM3 and describes automatic generation and transformation capabilities, suggesting some empirical validation, though it's not explicitly clear if there's systematic evaluation of the findings.",Include,"The study presents a comprehensive exploration of multi-paradigm modeling, focusing on type systems and formalisms integration across different programming paradigms. It demonstrates strong alignment with screening criteria through its systematic approach to paradigmatic compatibility, implementation in AToM3, and detailed examination of type systems and transformation mechanisms. The research offers a nuanced investigation of multi-paradigm modeling challenges, proposing innovative solutions for integrating different formalisms and abstraction levels.",4.6,IC,"Meets IC; multi-paradigm, compatibility focus, research contribution, supported language.",IC,"Meets IC; multi-paradigm, compatibility focus, research contribution, supported language."
"A Hard Science is Good to Find Textual Similarity as a Measure of Scientific Paradigm Development , A Preliminary Investigation",Susan Biancani,-,-,-,1,2011,maybe,The full-text accessibility of the paper cannot be determined from the abstract alone.,yes,"The paper is written in English, which meets the publication language criterion.",maybe,"The paper proposes using ""text-based similarity measure"" which suggests some empirical component, but it is not focused on programming paradigm integration.",no,"While the paper discusses multiple academic fields, it is not addressing programming paradigms specifically.",no,"While the paper discusses paradigms, it is about academic fields' paradigm development rather than programming paradigms or their compatibility, which is a critical mismatch.",yes,"The paper aims to develop a quantitative measure of paradigm development, which meets the quantitative components criterion.",no,"The paper appears to be primary research investigating a measure of paradigm development, but it is focused on academic fields rather than programming paradigms, which is a significant mismatch with the intended focus.",maybe,"The abstract mentions exploring ""possibility"" and ""theorized to correlate,"" suggesting some form of validation, but the details are unclear.",Exclude,"The abstract describes a study on academic field paradigms that fundamentally differs from the required focus on programming paradigm compatibility. Despite having some methodological similarities like quantitative measurement, the paper's core context of academic field analysis disqualifies it from meeting the systematic review's screening criteria. The mismatch in paradigm type and research focus renders the paper unsuitable for inclusion.",1.4,EC2,"The paper appears to be primary research investigating a measure of paradigm development, but it is focused on academic fields rather than programming paradigms, which is a significant mismatch with the intended focus.",EC2,"The paper appears to be primary research investigating a measure of paradigm development, but it is focused on academic fields rather than programming paradigms, which is a significant mismatch with the intended focus."
Integrating a Declarative with an Imperative Model Transformation Language,"P. V. Gorp, Olaf Muliawan, D. Janssens",-,-,-,1,2006,maybe,"The full-text accessibility of the paper cannot be determined from the abstract alone, which is a common limitation in screening.",yes,"The paper is written in English, meeting the publication language criterion.",maybe,"The abstract indicates empirical observation through the case study benchmark, though the extent of empirical data is not fully clear.",yes,"The paper clearly addresses multiple paradigms (declarative and imperative), meeting this criterion.",yes,"The paper directly addresses paradigmatic compatibility by proposing a hybrid language that combines features of declarative and imperative paradigms, strongly meeting this criterion.",maybe,"While the paper discusses comparative analysis, it is not explicitly clear if quantitative measurements are included. The abstract suggests more qualitative comparison (""advantages and limitations"").",yes,"The paper appears to be primary research investigating paradigmatic compatibility, specifically comparing declarative and imperative paradigms in model transformation languages, meeting the study type criterion.",maybe,"The abstract mentions using a ""small, yet complex, case study as a model transformation language benchmark,"" suggesting some form of empirical validation, though the details are limited.",Exclude,"A research paper exploring paradigmatic compatibility through a hybrid model transformation language, comparing declarative and imperative approaches using a case study benchmark. The study addresses multiple programming paradigms, proposes a novel integration approach, and includes some empirical validation, though the depth of quantitative analysis remains partially unclear. The work demonstrates systematic investigation of programming language interactions with potential methodological contributions.",4.3,EC1,"A research paper exploring paradigmatic compatibility through a hybrid model transformation language, comparing declarative and imperative approaches using a case study benchmark. The study addresses multiple programming paradigms, proposes a novel integration…",EC1,"A research paper exploring paradigmatic compatibility through a hybrid model transformation language, comparing declarative and imperative approaches using a case study benchmark. The study addresses multiple programming paradigms, proposes a novel integration…"
Current Issues in Multi-Paradigm Modeling,"J. Lara, T. Levendovszky, P. Mosterman, H. Vangheluwe",-,-,-,1,2008,maybe,"The full-text accessibility of the paper cannot be determined from the abstract alone, but as a workshop paper, it is likely accessible through academic channels.",yes,"The paper is written in English, meeting the publication language criterion.",maybe,"The abstract does not indicate whether the paper includes empirical data or systematic observations, so it is unclear if it meets this criterion.",yes,"The paper clearly addresses multiple paradigms, specifically mentioning ""Multi-Paradigm Modeling"" and different formalisms, meeting this criterion.",yes,"The paper does address paradigmatic compatibility, specifically mentioning ""combining, coupling, and integrating models at different levels of abstraction and in different formalisms,"" which aligns with the criterion.",maybe,"The abstract does not mention any quantitative components or measurements, so it is unclear if the paper includes such elements.",maybe,"The paper appears to be a workshop summary rather than primary research or a systematic review, so it is not clear if it contains original research or systematic analysis.",maybe,"The abstract does not mention any validation methods or empirical testing, so it is unclear if the paper includes such components.",Exclude,"A workshop summary addressing multi-paradigm modeling demonstrates strong alignment with paradigmatic compatibility and multiple paradigm criteria. However, the abstract lacks clear evidence of empirical validation, quantitative components, and systematic research methodology, creating uncertainty about its comprehensive research value. The paper's focus on model integration across different formalisms suggests potential relevance, but its workshop summary format limits definitive assessment against the screening criteria.",3.2,EC1,"A workshop summary addressing multi-paradigm modeling demonstrates strong alignment with paradigmatic compatibility and multiple paradigm criteria. However, the abstract lacks clear evidence of empirical validation, quantitative components, and systematic rese…",EC1,"A workshop summary addressing multi-paradigm modeling demonstrates strong alignment with paradigmatic compatibility and multiple paradigm criteria. However, the abstract lacks clear evidence of empirical validation, quantitative components, and systematic rese…"
Metric Based Evaluation of Software Paradigms,"V. R. Jetson, G. Prasad",-,-,-,0,2016,maybe,"The full-text accessibility of the paper cannot be determined from the abstract alone, which is a common limitation in screening.",yes,"The paper is written in English, which meets the publication language criterion.",no,"While the study includes empirical data, it's not specifically about paradigm integration or interoperability. The data relates to development approaches rather than paradigm compatibility.",maybe,"The abstract mentions ""four different development approaches"" but doesn't specify if these represent different programming paradigms. The focus appears to be on development methodologies rather than programming paradigms.",no,The abstract doesn't explicitly mention programming paradigms or their compatibility. It focuses on software development life cycle models rather than programming paradigms.,yes,"The study includes quantitative measurements of time, quality, size, and development efficiency, which meets the quantitative components criterion.",maybe,"The paper describes an experiment comparing different software development approaches, which appears to be primary research. However, it's not clear if these approaches represent different programming paradigms or just different development methodologies.",yes,"The study includes empirical testing through a controlled experiment with 15 software teams and measures time, quality, size, and development efficiency, which meets the validation methods criterion.",Exclude,"The study presents a rigorous experimental approach comparing software development methodologies, but lacks explicit focus on programming paradigm compatibility or integration. While demonstrating strong empirical and quantitative research methods, the abstract does not directly address the specific screening criteria related to paradigmatic interactions or interoperability. Consequently, the paper appears misaligned with the targeted research domain despite its methodological strengths.",2.7,EC1,"The abstract mentions ""four different development approaches"" but doesn't specify if these represent different programming paradigms. The focus appears to be on development methodologies rather than programming paradigms.",EC1,"The abstract mentions ""four different development approaches"" but doesn't specify if these represent different programming paradigms. The focus appears to be on development methodologies rather than programming paradigms."
4.1 Qualitative Methodology 4.1.1 Qualitative Research Paradigms 4.1.4 Methods and Methodological Design,-,-,-,-,0,-,maybe,"The paper appears to be a book chapter, which may be accessible through academic channels, but the full-text accessibility cannot be determined from the abstract alone.",yes,"The paper is written in English, which meets the language requirement.",maybe,"The paper includes empirical data through case studies and interviews, but not specifically about programming paradigm integration.",no,"The paper addresses multiple paradigms, but they are research methodology paradigms rather than programming paradigms.",no,"The paper discusses paradigm integration, but it is focused on research methodology paradigms (qualitative vs. quantitative) rather than programming paradigms.",maybe,"The paper does include quantitative components and systematic observations, but not in the context of programming paradigms.",no,"The paper is a methodological chapter about integrating qualitative and quantitative approaches in agent-based modeling, but it is not specifically focused on programming paradigms.",maybe,"The abstract mentions data collection methods and fieldwork interviews, but does not explicitly discuss validation methods for the proposed integration approach.",Exclude,"The abstract describes a methodological chapter about research paradigms in agent-based modeling, which fundamentally differs from the screening criteria focused on programming paradigm compatibility. While the text includes empirical and quantitative elements, its core focus on research methodology paradigms rather than programming paradigms renders it non-compliant with the systematic review's requirements. Consequently, the paper does not meet the essential screening criteria for inclusion.",1.4,EC2,"The paper is a methodological chapter about integrating qualitative and quantitative approaches in agent-based modeling, but it is not specifically focused on programming paradigms.",EC2,"The paper is a methodological chapter about integrating qualitative and quantitative approaches in agent-based modeling, but it is not specifically focused on programming paradigms."
Component Model Interoperability for Scientific Computing,Kostadin Damevski,-,-,-,1,2006,maybe,"The paper appears to be a dissertation, which typically has accessible full text through university libraries or archives, but this cannot be confirmed from the abstract alone.",yes,"The paper is written in English, meeting the language requirement.",maybe,"The abstract does not explicitly mention empirical data or systematic observations, and it is unclear if the tools and techniques were empirically tested.",maybe,"The paper clearly addresses interactions between different component models and interfaces, which is similar to but not exactly the same as programming paradigms.",maybe,"The paper focuses on interoperability between different component models and interfaces, which is related to but not exactly the same as paradigmatic compatibility. It proposes formal models (meta-modeling) and tools for integration, partially meeting this criterion.",maybe,"The abstract suggests systematic approaches and tools but does not explicitly mention quantitative measurements or metrics, and the focus appears more methodological than quantitative.",maybe,"The paper presents primary research investigating paradigmatic compatibility through component interoperability, which is related to but not exactly the same as the criterion of investigating paradigmatic compatibility.",maybe,"The abstract mentions ""analyze"" and describes tools and techniques, but does not explicitly state validation methods or empirical testing, creating some uncertainty about whether the full paper includes proper validation.",Exclude,"The dissertation addresses software component interoperability through a generative programming approach, presenting tools and techniques for bridging different component models. While the work demonstrates systematic methods for integration, it partially meets screening criteria related to paradigmatic compatibility, with some uncertainty around empirical validation and quantitative measurements. The research focuses on component model interactions rather than explicit programming paradigms, creating nuanced alignment with the specified screening requirements.",3.5,EC1,"The dissertation addresses software component interoperability through a generative programming approach, presenting tools and techniques for bridging different component models. While the work demonstrates systematic methods for integration, it partially meet…",EC1,"The dissertation addresses software component interoperability through a generative programming approach, presenting tools and techniques for bridging different component models. While the work demonstrates systematic methods for integration, it partially meet…"
Modular semantics for model-oriented design,"Mary Cindy Kong Shing Cheong, Perry Alexander",-,-,-,2,2004,maybe,The full-text accessibility of the paper cannot be determined from the abstract alone.,yes,"The paper is written in English, meeting the publication language criterion.",maybe,"The abstract mentions a demonstration with a system including discrete and continuous dynamics, but does not clearly indicate systematic empirical observations, partially meeting the empirical evidence criterion.",yes,"The paper explicitly addresses integration between different computational models, including discrete and continuous dynamics, and functional and non-functional views, strongly meeting the multiple paradigms criterion.",yes,"The paper explicitly focuses on formal models and quantitative metrics for paradigmatic compatibility, proposing a framework for integrating different computational models and their semantics, strongly meeting the paradigmatic compatibility focus criterion.",yes,"The paper includes formal semantics, mathematical models (algebras and coalgebras), and systematic specification methods, meeting the quantitative components criterion.",yes,"The paper presents primary research investigating paradigmatic compatibility through a formal framework for integrating different computational models, meeting the study type criterion.",maybe,"The abstract mentions a ""demonstration"" of the methodology with a specific system, but does not explicitly detail validation methods or empirical testing, partially meeting the validation methods criterion.",Exclude,"A comprehensive framework for integrating heterogeneous computational models is proposed, demonstrating strong capabilities in addressing paradigmatic compatibility through formal semantic approaches. The study systematically explores interactions between different programming paradigms, utilizing mathematical models and specification techniques to enable cross-paradigm integration and analysis. While presenting a robust theoretical foundation, the research shows partial evidence of empirical validation and testing.",4.3,EC1,"A comprehensive framework for integrating heterogeneous computational models is proposed, demonstrating strong capabilities in addressing paradigmatic compatibility through formal semantic approaches. The study systematically explores interactions between diff…",EC1,"A comprehensive framework for integrating heterogeneous computational models is proposed, demonstrating strong capabilities in addressing paradigmatic compatibility through formal semantic approaches. The study systematically explores interactions between diff…"
Modular semantics for model-oriented design,Allan Pasco,-,-,-,2,2004,maybe,The full-text accessibility of the paper cannot be determined from the abstract alone.,yes,"The paper is written in English, meeting the publication language criterion.",maybe,"The abstract mentions a demonstration with a system including discrete and continuous dynamics, but does not clearly indicate systematic empirical observations, partially meeting the empirical evidence criterion.",yes,"The paper explicitly addresses integration between different computational models, including discrete and continuous dynamics, and functional and non-functional views, strongly meeting the multiple paradigms criterion.",yes,"The paper explicitly focuses on formal models and quantitative metrics for paradigmatic compatibility, proposing a framework for integrating different computational models and their semantics, strongly meeting the paradigmatic compatibility focus criterion.",yes,"The paper includes formal semantics, mathematical models (algebras and coalgebras), and systematic specification methods, meeting the quantitative components criterion.",yes,"The paper presents primary research investigating paradigmatic compatibility through a formal framework for integrating different computational models, meeting the study type criterion.",maybe,"The abstract mentions a ""demonstration"" of the methodology with a specific system, but does not explicitly detail validation methods or empirical testing, partially meeting the validation methods criterion.",Include,"A comprehensive study exploring paradigmatic compatibility through a formal framework for integrating computational models, demonstrating strong theoretical foundations in multiple programming paradigms. The research systematically addresses interactions between discrete and continuous dynamics, functional and non-functional views, with a robust approach to semantic representation and specification translation. While showing promising methodological depth, the study exhibits partial empirical validation and requires further investigation of its practical implementation.",4.6,IC,"Meets IC; multi-paradigm, compatibility focus, quantitative component, research contribution, supported language.",IC,"Meets IC; multi-paradigm, compatibility focus, quantitative component, research contribution, supported language."
Applying Modelling Paradigms to analyse Organisational problems,"Adriana Ortiz, J. M. Sarriegi, Javier Santos",-,-,-,2,2006,maybe,"The full-text accessibility of the paper cannot be determined from the abstract alone, which is a common limitation in screening.",yes,"The paper is written in English, which meets the publication language criterion.",maybe,"The abstract mentions developing ""a model developed using each of the three paradigms,"" suggesting some empirical work, but it's unclear how systematic the observations are.",yes,"The paper clearly addresses three different paradigms (Econometrics, ABM, and SD) and their interactions, strongly meeting the multiple paradigms criterion.",yes,"The paper explicitly focuses on comparing and analyzing different modeling paradigms and their compatibility for organizational analysis, which strongly meets the paradigmatic compatibility focus criterion.",maybe,"While the paper deals with modeling paradigms that typically involve quantitative analysis, the abstract doesn't explicitly mention quantitative measurements or systematic observations, so there is uncertainty about the quantitative components.",yes,"The paper appears to be primary research investigating paradigmatic compatibility, specifically comparing three modeling paradigms (Econometrics, ABM, and SD), which meets the study type criterion.",maybe,"The abstract mentions ""validating the assumptions of how the paradigms fit with the requirements,"" suggesting some validation component, though the details are limited.",Exclude,"The study explores three modeling paradigms (Econometrics, Agent-Based Modelling, and System Dynamics) with a focus on their compatibility and application to organizational analysis. While demonstrating strong alignment with multiple paradigm investigation and validation approaches, the research primarily addresses modeling paradigms rather than programming paradigms, creating some uncertainty about its direct relevance to systematic review criteria. The paper provides a comparative analysis of different methodological approaches to organizational problem-solving, with partial evidence of empirical validation and quantitative components.",4,EC1,"The study explores three modeling paradigms (Econometrics, Agent-Based Modelling, and System Dynamics) with a focus on their compatibility and application to organizational analysis. While demonstrating strong alignment with multiple paradigm investigation and…",EC1,"The study explores three modeling paradigms (Econometrics, Agent-Based Modelling, and System Dynamics) with a focus on their compatibility and application to organizational analysis. While demonstrating strong alignment with multiple paradigm investigation and…"
Bridging model-based design for dependability and empirical observations,A. Pataricza,-,-,-,0,2007,maybe,"The full-text accessibility of the paper cannot be determined from the abstract alone, but this is typically not a disqualifying factor at this stage.",yes,"The paper is written in English, which meets the publication language criterion.",maybe,"The paper does include empirical components through ""empirical observations from past similar designs"" and log data analysis, but these aren't specifically about paradigm integration.",no,The paper doesn't explicitly address interactions between different programming paradigms. It focuses on model-driven architecture and fault analysis within a single paradigmatic approach.,no,"The paper focuses on model-driven architecture and fault analysis rather than paradigmatic compatibility. While it deals with system specifications and analysis, it doesn't explicitly address compatibility between programming paradigms.",yes,The paper includes quantitative components through fault analysis and system characteristics prediction.,maybe,"The paper appears to be primary research proposing a novel approach for checking fault mechanisms, but it's not clearly focused on paradigmatic compatibility. It deals with model-driven architecture and fault analysis, which is somewhat adjacent but not directly aligned with the core focus.",maybe,"The abstract mentions empirical observations and comparison methods, suggesting some form of validation, though the specific validation methods aren't fully detailed.",Exclude,"The research paper focuses on model-driven architecture and fault analysis, but does not directly address paradigmatic compatibility or interactions between programming paradigms. While the study includes empirical observations and quantitative components, it lacks explicit exploration of multiple programming paradigms or their integration challenges. Consequently, the paper does not fully align with the systematic review's core screening criteria.",2.7,EC1,The paper doesn't explicitly address interactions between different programming paradigms. It focuses on model-driven architecture and fault analysis within a single paradigmatic approach.,EC1,The paper doesn't explicitly address interactions between different programming paradigms. It focuses on model-driven architecture and fault analysis within a single paradigmatic approach.
Analysis of Cognitive Models to Evaluate User Interfaces,Jeronimo Dzacck,-,-,-,0,2006,maybe,"The abstract does not provide information about the full-text accessibility of the paper, so this would need to be verified separately.",yes,"The paper is written in English, meeting this criterion.",maybe,"While the paper includes empirical data, it's not related to programming paradigm integration. The empirical evidence is about user interface interactions and cognitive processes.",no,"The paper does not address interactions between programming paradigms. While it mentions ""complex paradigms,"" these refer to cognitive tasks like dual-tasking and decision-making, not programming paradigms.",no,"The paper does not address paradigmatic compatibility or integration between programming paradigms. Instead, it focuses on cognitive models for user interface evaluation.",yes,"The paper includes quantitative components, such as error rates, times, and sequences of actions, but these are not related to programming paradigms.",no,"This is a research paper about cognitive models for user interface evaluation, not about paradigmatic compatibility or software measurement. It focuses on usability evaluation methods and cognitive architectures, rather than the target domain.",yes,"The paper mentions validation methods, including comparison of model data with empirical data and systematic evaluation of findings.",Exclude,"The research paper focuses on cognitive models for user interface evaluation, which fundamentally diverges from the systematic review's criteria about programming paradigm compatibility. Despite demonstrating rigorous methodological approaches and quantitative analysis, the study fails to address key screening requirements related to programming paradigms, integration, and compatibility. Consequently, the paper does not meet the essential screening criteria for inclusion in the systematic review.",1.4,EC2,"This is a research paper about cognitive models for user interface evaluation, not about paradigmatic compatibility or software measurement. It focuses on usability evaluation methods and cognitive architectures, rather than the target domain.",EC2,"This is a research paper about cognitive models for user interface evaluation, not about paradigmatic compatibility or software measurement. It focuses on usability evaluation methods and cognitive architectures, rather than the target domain."
Triune Continuum Paradigm,Andrey Naumenko,10.5075/EPFL-THESIS-2581,https://doi.org/10.5075/EPFL-THESIS-2581,-,2,2002,maybe,"The abstract mentions this is a thesis, which typically suggests full-text availability through academic channels, but this isn't explicitly confirmed.",yes,"The paper is written in English, meeting the publication language criterion.",maybe,"While the study includes a concrete implementation example with RM-ODP, it's not clear if there's systematic empirical observation of integration challenges. This criterion is partially met.",yes,"The study explicitly addresses multiple paradigms (UML and RM-ODP) and their integration, meeting this criterion.",yes,"The study directly addresses paradigmatic compatibility by proposing a formal model (Triune Continuum Paradigm) that integrates with multiple paradigms (UML and RM-ODP), meeting this criterion.",maybe,"The study includes formal and theoretical components, but the abstract doesn't explicitly mention quantitative measurements or metrics. This criterion is partially met.",yes,"This is primary research presenting a new paradigm (Triune Continuum Paradigm) and its application to object-oriented modeling, meeting the study type criterion.",maybe,"The abstract mentions ""computer-interpretable form"" and formal presentation, but doesn't explicitly describe validation methods or empirical testing. This criterion is partially met.",Exclude,"A thesis presenting a novel paradigm for object-oriented modeling that addresses multiple programming paradigms (UML and RM-ODP) with a focus on formal integration and theoretical foundations. While demonstrating strong potential in paradigmatic compatibility, the study exhibits partial fulfillment of empirical validation and quantitative measurement criteria. The research provides a systematic approach to modeling frameworks with potential implications for system analysis and ontological engineering.",4,EC1,"A thesis presenting a novel paradigm for object-oriented modeling that addresses multiple programming paradigms (UML and RM-ODP) with a focus on formal integration and theoretical foundations. While demonstrating strong potential in paradigmatic compatibility,…",EC1,"A thesis presenting a novel paradigm for object-oriented modeling that addresses multiple programming paradigms (UML and RM-ODP) with a focus on formal integration and theoretical foundations. While demonstrating strong potential in paradigmatic compatibility,…"
Diagnosing interoperability problems and debugging models by enhancing constraint satisfaction with case-based reasoning,"M. Sqalli, Eugene C. Freuder",-,-,-,1,2002,maybe,"The paper appears to be a dissertation, which typically has accessible full text through university libraries or archives, though this is not explicitly confirmed in the abstract.",yes,"The paper is written in English, meeting this criterion.",maybe,"The paper includes empirical testing of interoperability test cases, but not specifically about paradigm integration challenges.",maybe,"The paper does address multiple paradigms (CSP and OO), but their integration is not the primary focus of the study.",no,"While the paper does involve combining different paradigms (CSP and OO), it's focused on interoperability testing rather than studying paradigmatic compatibility itself. The integration is a means to an end rather than the subject of study.",yes,"The study includes systematic observations and quantitative methods through CSP and CBR, meeting this criterion.",no,"The paper presents primary research, but it focuses on interoperability testing of networking protocols rather than paradigmatic compatibility in programming. While it does involve multiple paradigms (CSP and OO), this isn't the type of paradigm integration the review seems to target.",yes,"The study includes validation through testing and debugging of interoperability test cases, meeting this criterion.",Exclude,"The dissertation addresses multiple programming paradigms and includes empirical validation methods, but its primary focus on networking protocol interoperability testing diverges from the systematic review's core interest in paradigmatic compatibility. While the study demonstrates quantitative approaches and involves multiple paradigms, its research objectives do not align closely with the specific screening criteria targeting paradigm integration and compatibility.",2.9,EC2,"The paper presents primary research, but it focuses on interoperability testing of networking protocols rather than paradigmatic compatibility in programming. While it does involve multiple paradigms (CSP and OO), this isn't the type of paradigm integration th…",EC2,"The paper presents primary research, but it focuses on interoperability testing of networking protocols rather than paradigmatic compatibility in programming. While it does involve multiple paradigms (CSP and OO), this isn't the type of paradigm integration th…"
Does-It-Work? Metrology for Functionality and Efficacy,"Victor Tang, K. Otto, W. Seering",10.1007/978-3-319-63026-7_4,https://doi.org/10.1007/978-3-319-63026-7_4,-,0,2018,maybe,The full-text accessibility of the paper cannot be determined from the abstract alone.,yes,"The paper is written in English, which meets the language requirement.",maybe,"While the paper mentions developing a measurement instrument, it does not clearly indicate whether empirical data was collected or analyzed.",no,"The paper does not appear to address interactions between different programming paradigms. Instead, it focuses on decision paradigms in a different context.",no,"The paper focuses on developing metrics for decision paradigms, not programming paradigms, which is a significant mismatch with the screening criteria.",maybe,"The paper discusses the need for measurement systems and metrology, suggesting quantitative components, but the abstract does not provide clear evidence of actual quantitative analysis.",no,"The paper appears to be primary research developing a metrology for decision paradigms, but it is not clearly focused on paradigmatic compatibility between programming paradigms. Instead, it seems to focus on decision theory paradigms.",maybe,"The paper discusses the need for verification and metrology, but does not explicitly describe the validation methods used in the study. It mentions developing a measurement instrument but does not detail the validation process.",Exclude,"The abstract focuses on decision theory paradigms and metrology development, fundamentally misaligning with the screening criteria's emphasis on programming paradigm compatibility. Critical requirements around programming paradigms, empirical evidence, and quantitative analysis are not met, rendering the paper unsuitable for inclusion in the review. The core subject matter diverges significantly from the intended research domain.",1.4,EC2,"The paper appears to be primary research developing a metrology for decision paradigms, but it is not clearly focused on paradigmatic compatibility between programming paradigms. Instead, it seems to focus on decision theory paradigms.",EC2,"The paper appears to be primary research developing a metrology for decision paradigms, but it is not clearly focused on paradigmatic compatibility between programming paradigms. Instead, it seems to focus on decision theory paradigms."
Electronic Communications of the EASST Volume 21 ( 2009 ) Proceedings of the 3 rd International Workshop on Multi-Paradigm Modeling ( MPM 2009 ) DSL Composition for model-based test generation,"B. Barroca, L. Lucio, Didier Buchs, Vasco Amaral, Luis Pedro",-,-,-,2,2009,maybe,"The full-text accessibility of the paper cannot be determined from the abstract alone, but this is typically not a disqualifying factor.",yes,"The paper is written in English, which meets the publication language criterion.",no,The abstract does not mention any empirical data or systematic observations about integration challenges. This criterion appears unmet.,no,"While the paper deals with multiple DSLs, it is not explicitly addressing different programming paradigms (e.g., object-oriented, functional, etc.). The focus is on DSL integration rather than paradigm integration.",maybe,"The paper does propose formal models for integration between DSLs, but focuses specifically on DSL composition rather than general programming paradigms. It is somewhat related but not directly aligned with the criterion.",no,"The paper appears to be primarily theoretical, focusing on framework composition and semantics. No clear quantitative components are mentioned.",maybe,"The paper presents primary research on DSL composition and integration, which relates to paradigmatic compatibility. However, it is specifically focused on DSL integration rather than general programming paradigms.",maybe,"The abstract mentions ""analyzing the compositional framework"" but does not explicitly describe validation methods or empirical testing. This criterion is partially met at best.",Exclude,"The study presents a theoretical framework for Domain Specific Language (DSL) composition, focusing on integrating testing languages, but lacks empirical validation and quantitative components. While addressing integration concepts, the research does not directly explore programming paradigm compatibility, instead concentrating on DSL syntax and semantics. The paper's theoretical approach and narrow focus on DSL integration limit its alignment with the comprehensive screening criteria.",2.9,EC1,"While the paper deals with multiple DSLs, it is not explicitly addressing different programming paradigms (e.g., object-oriented, functional, etc.). The focus is on DSL integration rather than paradigm integration.",EC1,"While the paper deals with multiple DSLs, it is not explicitly addressing different programming paradigms (e.g., object-oriented, functional, etc.). The focus is on DSL integration rather than paradigm integration."
Quantitative Analysis of Model Transformations by Means of Metrics: A Generic Approach,R. Bouten,-,-,-,0,2011,maybe,"The full-text accessibility of the paper cannot be determined from the abstract alone, but the fact that it is a thesis suggests it may be available through academic channels.",yes,"The paper is written in English, which meets the publication language criterion.",maybe,"The study includes empirical evidence through case studies, but not specifically about paradigm integration challenges.",no,The paper does not address interactions between different programming paradigms. It focuses on model transformations within the MDE paradigm.,no,"The paper does not focus on paradigmatic compatibility. While it discusses model transformations, these are within the MDE paradigm rather than between different programming paradigms.",yes,The study is heavily focused on quantitative metrics and measurements for model transformations.,no,"The paper presents primary research on model transformations and their quality assessment, but does not specifically focus on paradigmatic compatibility. It is more focused on model-driven engineering metrics.",yes,The study includes validation through a case study and automated tool development for metric extraction.,Exclude,"The study focuses on model-driven engineering and model transformation metrics, but does not address paradigmatic compatibility or interactions between different programming paradigms. While the research includes quantitative components and validation methods, it fails to meet key screening criteria related to paradigm integration and multiple programming paradigms. Consequently, the paper does not align with the specific research focus of paradigmatic compatibility.",2.5,EC2,"The paper presents primary research on model transformations and their quality assessment, but does not specifically focus on paradigmatic compatibility. It is more focused on model-driven engineering metrics.",EC2,"The paper presents primary research on model transformations and their quality assessment, but does not specifically focus on paradigmatic compatibility. It is more focused on model-driven engineering metrics."
Multi-paradigm network modeling framework,"R. Bagrodia, Junlan Zhou",-,-,-,1,2006,maybe,"The paper appears to be a dissertation, which typically has accessible full text through academic channels, but this is not explicitly confirmed in the abstract.",yes,"The paper is written in English, meeting this criterion.",yes,"The paper includes empirical data from experiments and systematic observations about integration challenges between different modeling approaches, which is a strong match.",maybe,"The paper does address multiple paradigms, but these are network modeling paradigms rather than programming paradigms, which is a partial match.",maybe,"While the paper discusses integration of different modeling paradigms (analytical, simulation, emulation), these are network modeling paradigms rather than programming paradigms, which is a partial match at best.",yes,"The study includes quantitative measurements, performance metrics, and systematic evaluation of the proposed framework, which is a strong match.",maybe,"The paper presents primary research developing and evaluating a multi-paradigm framework, but focuses on network modeling rather than programming paradigms specifically, which is a partial match.",yes,"The paper explicitly mentions conducting experiments and evaluations with multiple performance metrics, including scalability improvements, fidelity testing, and case studies, which is a strong match.",Exclude,"The dissertation presents a multi-paradigm network modeling framework with strong empirical validation and quantitative components, but its focus on network modeling paradigms rather than programming paradigms creates uncertainty about direct relevance to the systematic review. While demonstrating rigorous methodology and comprehensive experimental evaluation, the study's domain-specific approach may limit its alignment with the review's core objectives.",3.2,EC1,"The dissertation presents a multi-paradigm network modeling framework with strong empirical validation and quantitative components, but its focus on network modeling paradigms rather than programming paradigms creates uncertainty about direct relevance to the …",EC1,"The dissertation presents a multi-paradigm network modeling framework with strong empirical validation and quantitative components, but its focus on network modeling paradigms rather than programming paradigms creates uncertainty about direct relevance to the …"
Uma avaliação empírica de métricas para programas orientados a objeto no contexto de teste de software,L. Chaves,-,-,-,0,2012,maybe,"The full-text accessibility of the paper cannot be determined from the abstract alone, but it is likely accessible given that it appears to be a formal research paper.",yes,"The paper is written in English, which meets the publication language criterion.",maybe,"The study includes empirical data from experiments, but not related to paradigm integration.",no,The study focuses exclusively on object-oriented programming and does not address interactions between different paradigms.,no,"The paper focuses on object-oriented metrics and testing, but does not address compatibility between different programming paradigms. It is solely focused on the object-oriented paradigm.",yes,"The study includes quantitative metrics and systematic observations about software characteristics and testing difficulty, meeting the quantitative components criterion.",no,"This is primary research, but it focuses on software metrics and testing in object-oriented systems rather than paradigmatic compatibility. It does not investigate paradigm integration.",yes,"The paper includes empirical validation through ""two experiments"" and discusses testing methodology, meeting the validation methods criterion.",Exclude,"The research paper focuses exclusively on object-oriented programming metrics and testing, failing to address paradigmatic compatibility or interactions between multiple programming paradigms. While the study demonstrates strong empirical and quantitative methodologies, it does not meet the core screening criteria related to paradigm integration or cross-paradigm analysis. Consequently, the paper does not align with the specified research focus on paradigmatic compatibility.",2.5,EC2,"This is primary research, but it focuses on software metrics and testing in object-oriented systems rather than paradigmatic compatibility. It does not investigate paradigm integration.",EC2,"This is primary research, but it focuses on software metrics and testing in object-oriented systems rather than paradigmatic compatibility. It does not investigate paradigm integration."
On integrating triple graph grammars and OCL for model-driven development,Duc-Hanh Dang,-,-,-,0,2009,maybe,"The full-text accessibility cannot be determined from the abstract alone, but since this appears to be a thesis, it is likely accessible through academic channels.",yes,"The paper is written in English, meeting the language requirement.",maybe,"The paper includes case studies and validation, but these focus on the technical integration rather than paradigmatic integration challenges.",no,"While the paper discusses different approaches (model-centric vs. code-centric), it does not specifically address programming paradigms like object-oriented, functional, or procedural programming.",no,"The paper focuses on technical integration of formal methods rather than paradigmatic compatibility. While it discusses model-centric vs. code-centric approaches, this is not the same as programming paradigm compatibility.",yes,"The paper includes formal methods and systematic evaluation, meeting the quantitative components criterion.",maybe,"The paper presents primary research on model-driven approaches and formal methods integration, but does not specifically focus on paradigmatic compatibility. While it discusses integration of different approaches (OCL and TGGs), this is more about technical integration than paradigmatic compatibility.",yes,"The paper includes case studies and validation methods for model transformations, meeting the validation methods criterion.",Exclude,"The research presents a technical exploration of model-driven engineering and formal methods integration, but does not directly address programming paradigm compatibility. While demonstrating strong methodological rigor with case studies and validation techniques, the study falls short of the specific screening criteria focused on paradigmatic interactions between programming approaches. The work's technical depth and systematic approach are notable, but its core focus diverges from the targeted research domain.",2.9,EC1,"While the paper discusses different approaches (model-centric vs. code-centric), it does not specifically address programming paradigms like object-oriented, functional, or procedural programming.",EC1,"While the paper discusses different approaches (model-centric vs. code-centric), it does not specifically address programming paradigms like object-oriented, functional, or procedural programming."
Electronic Communications of the EASST Volume 21 ( 2009 ) Proceedings of the 3 rd International Workshop on Multi-Paradigm Modeling ( MPM 2009 ) Concurrent Design of Embedded Control Software,"Marcel A. Groothuis, Raymond Frijns, J. Voeten, J. Broenink",-,-,-,0,2009,maybe,The full-text accessibility of the paper cannot be determined from the abstract alone.,yes,"The paper is written in English, meeting the language requirement.",maybe,"The paper includes a real-world case study, providing empirical evidence, but again, not specifically about paradigm integration.",no,"While the paper discusses integration of different system parts, it does not explicitly address different programming paradigms.",no,"The paper focuses on integration of different system parts, but does not explicitly address programming paradigms. It is more about system-level integration than paradigmatic compatibility.",maybe,"The abstract mentions ""predictable"" results and ""short integration time,"" suggesting some quantitative evaluation, though the specific metrics are not detailed.",maybe,"The paper presents a case study of embedded software design methodology, which is primary research. However, it does not specifically focus on paradigmatic compatibility, though it does address integration of different system parts.",maybe,"The paper includes a case study evaluation of their methodology, indicating some empirical validation, though the extent is not fully clear from the abstract.",Exclude,"The study presents a case study on embedded software design methodology, but does not directly address programming paradigm compatibility or integration. While the research includes empirical validation and discusses system-level integration, it lacks specific focus on paradigmatic interactions or quantitative metrics related to programming paradigm compatibility. Consequently, the paper does not fully meet the systematic review's core screening criteria.",2.7,EC1,"While the paper discusses integration of different system parts, it does not explicitly address different programming paradigms.",EC1,"While the paper discusses integration of different system parts, it does not explicitly address different programming paradigms."
Towards a Quantitative Framework for Evaluating the Expressive Power of Conceptual System Models,"Yaniv Mordecai, D. Dori",10.1002/j.2334-5837.2016.00144.x,https://doi.org/10.1002/j.2334-5837.2016.00144.x,-,2,2016,maybe,"The abstract does not provide enough information to determine the full-text accessibility of the paper, but the formal academic style suggests it is likely available through academic channels.",yes,"The paper is written in English, which meets the publication language criterion.",maybe,"While the paper presents a quantitative approach, it's unclear from the abstract whether it includes empirical data about paradigm integration.",no,The paper focuses on OPM as a single paradigm and doesn't appear to address interactions between multiple paradigms.,no,"The paper focuses on measuring model informativity rather than paradigmatic compatibility. While it discusses OPM as a paradigm, it doesn't address compatibility between paradigms.",yes,"The paper clearly includes quantitative components, introducing a ""quantitative, utility-based"" approach and an ""integrated informativity index.""",maybe,"While the paper is primary research, it focuses on model informativity analysis rather than paradigmatic compatibility specifically. It discusses a modeling paradigm (OPM), but not in terms of compatibility with other paradigms.",yes,"The abstract mentions ""demonstrating"" various aspects of MIA with OPM, suggesting some form of validation or testing.",Exclude,"The abstract describes a quantitative approach to model informativity analysis within a single modeling paradigm, which does not align with the systematic review's focus on paradigmatic compatibility and integration. While the study demonstrates rigorous quantitative methods and is written in English, it fails to address interactions between multiple programming paradigms or provide empirical evidence of paradigm integration. Consequently, the paper does not meet the core screening criteria for the systematic review.",2.7,EC1,The paper focuses on OPM as a single paradigm and doesn't appear to address interactions between multiple paradigms.,EC1,The paper focuses on OPM as a single paradigm and doesn't appear to address interactions between multiple paradigms.
Querying paradigms for the web (פרדיגמות לשאילתות מעל מידע באינטרנט.),B. Kimelfeld,-,-,-,1,2008,maybe,"The full-text accessibility cannot be determined from the abstract alone, but the fact that it is a dissertation suggests it may be available through academic channels.",yes,"The paper is written in English, meeting the language requirement.",no,"The abstract suggests theoretical work (""theoretical aspects,"" ""formal frameworks"") but doesn't explicitly mention empirical data collection or observations about programming paradigm integration.",no,"While multiple paradigms are discussed, they are query paradigms for web data rather than programming paradigms.",no,"While the paper discusses ""paradigms,"" these are specifically about query paradigms for web data, not programming paradigms. The focus is on data retrieval and query languages rather than programming paradigm integration.",maybe,"The paper includes quantitative components through algorithmic analysis and computational complexity studies, but these are not related to programming paradigm compatibility.",no,"The paper appears to be primary research, but it focuses on query paradigms for web data rather than programming paradigm compatibility, which is the core focus of the review.",maybe,"The abstract mentions ""provably correct and efficient"" algorithms and formal frameworks for analysis, suggesting some validation methods are present.",Exclude,"The abstract describes a dissertation on web data query paradigms, which fundamentally differs from the systematic review's focus on programming paradigm compatibility. Despite being a rigorous academic work with theoretical frameworks and algorithmic analysis, the paper does not address interactions between programming paradigms or their integration. Consequently, the study fails to meet the core screening criteria for the systematic review.",1.4,EC2,"The paper appears to be primary research, but it focuses on query paradigms for web data rather than programming paradigm compatibility, which is the core focus of the review.",EC2,"The paper appears to be primary research, but it focuses on query paradigms for web data rather than programming paradigm compatibility, which is the core focus of the review."
MDE 2.0 : Pragmatical formal model verification and other challenges,Jordi Cabot,-,-,-,2,2012,maybe,"The formal academic nature of the paper suggests it is likely accessible through academic channels, but this cannot be determined from the abstract alone.",yes,"The paper is written in English, which meets the publication language criterion.",maybe,"The abstract doesn't explicitly mention empirical data collection or systematic observations, though it discusses practical usability.",no,"The paper appears to focus primarily on MDE as a single paradigm, rather than interactions between multiple paradigms.",maybe,"While the paper focuses on MDE as a paradigm and discusses formal verification, it's not explicitly focused on compatibility between different paradigms. It's more about verification within MDE.",maybe,"The paper mentions ""formal methods"" and ""verification,"" suggesting quantitative components, but the abstract doesn't explicitly detail these.",yes,"The paper appears to be primary research investigating formal verification methods for MDE, which relates to paradigmatic compatibility in software engineering.",yes,"The abstract mentions ""formal model verification"" and discusses evaluation of their techniques, suggesting validation methods are included.",Exclude,"The document presents research on model-driven engineering verification, focusing primarily on a single paradigm with limited exploration of inter-paradigm compatibility. While demonstrating strong methodological rigor in formal verification techniques, the study does not comprehensively address multiple programming paradigms or their integration challenges. The research appears more oriented toward internal verification within a specific software engineering approach rather than cross-paradigm analysis.",2.9,EC1,"The paper appears to focus primarily on MDE as a single paradigm, rather than interactions between multiple paradigms.",EC1,"The paper appears to focus primarily on MDE as a single paradigm, rather than interactions between multiple paradigms."
Comparing integration effort and correctness of different merge approaches in version control systems,Guilherme Cavalcanti,-,-,-,1,2016,maybe,"The detailed nature of the abstract suggests this is likely a formal academic paper that would be accessible through academic channels, though this cannot be determined from the abstract alone.",yes,"The paper is written in English, meeting this criterion.",no,"While the paper has strong empirical evidence, it's not about paradigm integration challenges. The evidence relates to merge conflicts and resolution approaches.",no,The paper does not address interactions between different programming paradigms. It focuses on different merge approaches rather than programming paradigms.,no,"The paper does not focus on paradigmatic compatibility or integration between programming paradigms. Instead, it focuses on code merge approaches and their effectiveness.",yes,"The paper has clear quantitative measurements and systematic observations, including conflict reduction percentages, false positive/negative analysis, and large-scale empirical data.",no,"This is primary research investigating code integration and merge approaches, but it does not specifically focus on paradigmatic compatibility. The study compares unstructured vs. semistructured merge approaches, which is related to but not directly focused on programming paradigms.",yes,"The paper includes two empirical studies with clear validation methods, including replication of an existing study with a larger sample, analysis of 30,000 merges from 50 projects, and systematic evaluation of false positives and negatives.",Exclude,"The study presents a rigorous empirical investigation of code merge approaches with strong quantitative methods, but does not directly address paradigmatic compatibility or integration between programming paradigms. While demonstrating robust validation techniques and comprehensive data analysis, the research falls short of the specific screening criteria focused on paradigm interactions and compatibility. The paper's methodological strengths are offset by its misalignment with the core screening requirements.",2.7,EC2,"This is primary research investigating code integration and merge approaches, but it does not specifically focus on paradigmatic compatibility. The study compares unstructured vs. semistructured merge approaches, which is related to but not directly focused on…",EC2,"This is primary research investigating code integration and merge approaches, but it does not specifically focus on paradigmatic compatibility. The study compares unstructured vs. semistructured merge approaches, which is related to but not directly focused on…"
Question-learn-test-feedback pattern to test emerging software construction paradigms,Benoit Baudry,-,-,-,0,2010,maybe,"The paper appears to be a habilitation thesis, which typically means it is a formal academic document. While not explicitly stated, such documents are usually accessible through academic channels. However, there is some uncertainty about the full-text accessibility.",yes,"The paper is written in English, meeting this criterion.",maybe,"The abstract indicates empirical work through ""rigorous evaluation"" and testing, though the specific nature of the empirical data is not fully detailed in the abstract.",yes,"The paper clearly addresses multiple paradigms (object-oriented, aspect-oriented, model transformations).",yes,"The paper strongly focuses on the integration of testing techniques across multiple paradigms (object-oriented, aspect-oriented, model transformations) and discusses their compatibility and evolution.",maybe,"While the paper includes systematic observations and evaluation, the abstract does not explicitly mention quantitative metrics or measurements, creating some uncertainty about the depth of quantitative analysis.",yes,"The paper presents primary research investigating paradigmatic compatibility and integration, specifically focusing on testing techniques across different paradigms.",yes,"The abstract mentions ""rigorous evaluation of hypotheses"" and testing of software systems, indicating that validation methods are included. The QLTF pattern itself appears to be a systematic evaluation approach.",Exclude,"A comprehensive habilitation thesis exploring software construction paradigms through a systematic question-learn-test-feedback pattern, addressing multiple programming paradigms with rigorous evaluation techniques. The study demonstrates strong potential for investigating paradigmatic compatibility, integrating testing techniques across object-oriented, aspect-oriented, and model transformation approaches. While showing robust methodological foundations, the work exhibits some uncertainty regarding quantitative metrics and detailed empirical evidence.",4.3,EC1,"A comprehensive habilitation thesis exploring software construction paradigms through a systematic question-learn-test-feedback pattern, addressing multiple programming paradigms with rigorous evaluation techniques. The study demonstrates strong potential for …",EC1,"A comprehensive habilitation thesis exploring software construction paradigms through a systematic question-learn-test-feedback pattern, addressing multiple programming paradigms with rigorous evaluation techniques. The study demonstrates strong potential for …"
Visual Interfaces for Model Mapping – Large Mapping Visualization,"António Painha, Hugo Manguinhas, J. Borbinha",-,-,-,0,2012,maybe,"The full-text accessibility of the paper cannot be determined from the abstract alone, which is a common limitation in screening.",yes,"The paper is written in English, meeting this criterion.",maybe,"The study includes empirical evidence through a user study, but not specifically about programming paradigm integration challenges.",no,"While the paper deals with mapping between different models, it doesn't specifically address programming paradigms. The ""paradigms"" mentioned are visualization approaches.",no,"The paper focuses on visualization techniques for data model mapping rather than programming paradigm compatibility. While it mentions ""interface paradigms,"" these refer to visualization approaches rather than programming paradigms.",maybe,"The study appears to include systematic evaluation through user studies, though the abstract doesn't specify if quantitative metrics were used.",no,"The paper presents primary research on visualization techniques for model mapping, but does not specifically focus on paradigmatic compatibility. While it deals with integration, it's more about data model integration than programming paradigms.",yes,"The study includes a user study to evaluate the proposed interface paradigms, meeting this criterion.",Exclude,"The study focuses on data model mapping visualization techniques rather than programming paradigm compatibility, with a primary emphasis on interface design and user experience. While the research includes empirical validation through a user study, it does not directly address the systematic review's core criteria of programming paradigm integration or compatibility. The paper's methodological approach and empirical evidence are strong, but its fundamental research focus diverges from the targeted screening requirements.",2.7,EC2,"The paper presents primary research on visualization techniques for model mapping, but does not specifically focus on paradigmatic compatibility. While it deals with integration, it's more about data model integration than programming paradigms.",EC2,"The paper presents primary research on visualization techniques for model mapping, but does not specifically focus on paradigmatic compatibility. While it deals with integration, it's more about data model integration than programming paradigms."
La Programmation Bayésienne d'un modèle computationnel intégrateur permet de comparer uniformément les différentes théories cognitives de la perception de la parole,"R. Laurent, J. Schwartz, P. Bessière, J. Diard",-,-,-,0,2011,maybe,The full-text accessibility of the paper cannot be determined from the abstract alone.,yes,"The paper is written in French, which meets the criterion for publication language.",maybe,"The paper discusses empirical data, but it is about speech communication, not programming paradigms.",maybe,"While the paper does address multiple theories (motor, auditory, and sensorimotor), these are not programming paradigms.",no,"The paper focuses on mathematical modeling of speech communication theories (motor, auditory, and sensorimotor theories) and does not address programming paradigms or their compatibility.",yes,The paper includes quantitative components through Bayesian modeling and mathematical integration of theories.,no,"This is a theoretical paper about speech processing and Bayesian modeling of different theories in speech communication, and does not investigate paradigmatic compatibility in programming or software measurement.",maybe,"While the paper mentions ""tests quantitatifs"" (quantitative tests), these are in the context of speech communication theories, not programming paradigms.",Exclude,"The French-language abstract describes a theoretical study on speech communication theories using Bayesian modeling, which fundamentally diverges from the systematic review's focus on programming paradigms. Despite containing quantitative elements and addressing multiple theoretical perspectives, the paper fails to meet critical screening criteria related to programming paradigm compatibility and software measurement. Consequently, the abstract does not align with the systematic review's core research objectives.",1.4,EC2,"This is a theoretical paper about speech processing and Bayesian modeling of different theories in speech communication, and does not investigate paradigmatic compatibility in programming or software measurement.",EC2,"This is a theoretical paper about speech processing and Bayesian modeling of different theories in speech communication, and does not investigate paradigmatic compatibility in programming or software measurement."
"Model-based, client-side integration of heterogeneous data from REST services","Milan Zdravković, N. Vitković, M. Trajanovic, M. Trifunović, N. Korunović",-,-,-,0,2018,maybe,"The technical nature and implementation details of the paper suggest it is likely a formal publication, but the full-text accessibility cannot be determined from the abstract alone.",yes,"The paper is written in English, meeting the language requirement.",maybe,"The study includes empirical evidence through implementation and testing, but not specifically about programming paradigm integration.",no,"While the paper deals with integration across different APIs, it does not specifically address programming paradigms. It focuses on data integration rather than paradigmatic compatibility.",no,"The paper focuses on data integration and API compatibility rather than programming paradigm compatibility. While it deals with integration, it is not specifically about programming paradigms.",maybe,"The paper appears to have systematic components through its meta-model and implementation, but does not explicitly mention quantitative measurements.",no,"The paper presents primary research on data integration and API compatibility, but does not specifically focus on paradigmatic compatibility. It is more about data integration across APIs.",yes,The paper includes validation through implementation in a data integration platform and testing with research project data from two sources.,Exclude,"The study focuses on data integration across APIs rather than programming paradigm compatibility, falling short of the specific screening criteria. While the research demonstrates systematic validation and empirical testing, it does not address the core requirements of paradigmatic integration or quantitative metrics across programming paradigms. Consequently, the paper does not meet the essential screening criteria for the intended research focus.",2.7,EC2,"The paper presents primary research on data integration and API compatibility, but does not specifically focus on paradigmatic compatibility. It is more about data integration across APIs.",EC2,"The paper presents primary research on data integration and API compatibility, but does not specifically focus on paradigmatic compatibility. It is more about data integration across APIs."
Designing For Quality With TheMetaparadigm,P. Kokol,10.2495/SQM930121,https://doi.org/10.2495/SQM930121,-,0,1970,maybe,"The abstract appears to be from a published journal, suggesting the full text may be accessible, but this cannot be confirmed from the abstract alone.",yes,"The paper is written in English, which meets the publication language criterion.",no,"The abstract does not indicate any empirical data or systematic observations, suggesting the paper is primarily theoretical without empirical evidence.",maybe,"The paper discusses metaparadigms and pluralistic approaches, but does not explicitly address interactions between different programming paradigms.",maybe,"While the paper discusses design paradigms and metaparadigms, it does not specifically focus on compatibility or integration between different programming paradigms, instead focusing on software quality and design processes.",maybe,"The paper mentions ""quantified"" quality, but it is unclear whether it includes quantitative measurements or systematic observations beyond theoretical discussion.",no,"The paper appears to be primarily theoretical, discussing metadesign paradigms and software quality concepts, rather than primary research on paradigmatic compatibility or a systematic review of paradigm integration.",no,"The abstract does not mention any validation methods, empirical testing, or systematic evaluation, indicating a lack of validation of the findings.",Exclude,"The abstract presents a theoretical discussion on software design paradigms and quality, lacking empirical validation, quantitative measurements, and specific focus on paradigmatic compatibility. While written in English and potentially accessible, the paper fails to meet critical screening criteria related to empirical evidence, validation methods, and systematic analysis of programming paradigm interactions. Consequently, the study does not align sufficiently with the required research characteristics for inclusion.",2.7,EC2,"The paper appears to be primarily theoretical, discussing metadesign paradigms and software quality concepts, rather than primary research on paradigmatic compatibility or a systematic review of paradigm integration.",EC2,"The paper appears to be primarily theoretical, discussing metadesign paradigms and software quality concepts, rather than primary research on paradigmatic compatibility or a systematic review of paradigm integration."
An Experimental Usability Evaluation Framework for Model-Driven Tools,"José Ignacio Panach, Nelly Condori-Fernández, A. Baars, T. Vos, Ignacio Romeu, Óscar Pastor, Jose Ignacio Panach1, Arthur Baars1, Tanja Vos1, Ignacio Romeu1, Óscar Pastor1",-,-,-,2,2011,maybe,"The full-text accessibility of the paper cannot be determined from the abstract alone, which is a common limitation in screening.",yes,"The paper is written in English, which meets the publication language criterion.",no,"While the paper plans to collect empirical evidence about usability barriers, it does not address paradigm integration challenges.",no,"The paper focuses on MDD tools and their usability, but does not appear to address interactions between different programming paradigms.",no,The paper does not appear to focus on paradigmatic compatibility or integration between different programming paradigms. It focuses on MDD tools and their usability.,maybe,"The paper mentions a framework for evaluation, suggesting some systematic observation, but the abstract doesn't specify if these will be quantitative.",no,"The paper appears to be primary research focused on developing a framework for evaluating MDD tools, but it does not specifically investigate paradigmatic compatibility. It focuses on usability evaluation of MDD tools.",maybe,"The abstract mentions ""a family of experiments"" to evaluate usability, suggesting empirical validation methods will be used. However, these are planned rather than completed.",Exclude,"The research paper focuses on Model-Driven Development tool usability, which diverges significantly from the screening criteria's emphasis on paradigmatic compatibility and integration. While methodologically sound, the study does not address interactions between programming paradigms or provide empirical evidence about paradigm integration. Consequently, the paper fails to meet the core screening requirements for the intended research focus.",2.5,EC2,"The paper appears to be primary research focused on developing a framework for evaluating MDD tools, but it does not specifically investigate paradigmatic compatibility. It focuses on usability evaluation of MDD tools.",EC2,"The paper appears to be primary research focused on developing a framework for evaluating MDD tools, but it does not specifically investigate paradigmatic compatibility. It focuses on usability evaluation of MDD tools."
On the Convergence of Experimental Methodologies for Distributed Systems: Where do we stand?,"Maximiliano Geier, L. Nussbaum, M. Quinson",-,-,-,2,2013,maybe,"The technical nature and academic style of the paper suggest it is likely an academic paper accessible through standard channels, though this cannot be definitively determined from the abstract alone.",yes,"The paper is written in English, meeting the language requirement.",yes,The study includes empirical data and systematic observations about integration challenges between different experimental approaches.,maybe,"The study explicitly addresses three different paradigms (simulation, emulation, and experimentation), but these are experimental paradigms rather than programming paradigms.",maybe,"The paper focuses on combining different experimental paradigms and their integration, but these are not specifically programming paradigms. It does propose formal models and quantitative approaches for integration, but in a different context.",yes,The study includes quantitative components through experiments and systematic observations.,maybe,"The paper appears to be primary research investigating compatibility between different experimental paradigms (simulation, emulation, and experimentation), which is related to but not exactly the same as programming paradigms.",yes,"The study includes empirical testing and validation, as indicated by the mention of ""experiments"" and ""accurate simulation results"" in the abstract.",Exclude,"The abstract describes a study on experimental paradigms in distributed systems, demonstrating strong methodological rigor and empirical validation across multiple approaches. While the paper exhibits sophisticated research techniques and addresses paradigm integration, its focus on experimental rather than programming paradigms creates uncertainty about its direct relevance to the systematic review's core objectives. The study's quantitative components and systematic approach are noteworthy, but the domain-specific context suggests potential misalignment with the review's intended scope.",2.9,EC1,"The abstract describes a study on experimental paradigms in distributed systems, demonstrating strong methodological rigor and empirical validation across multiple approaches. While the paper exhibits sophisticated research techniques and addresses paradigm in…",EC1,"The abstract describes a study on experimental paradigms in distributed systems, demonstrating strong methodological rigor and empirical validation across multiple approaches. While the paper exhibits sophisticated research techniques and addresses paradigm in…"
Vers une unification des différents paradigmes de la théorie de la décision : une approche basée sur les mesures non-additives et la théorie du mesurage,François Modave,-,-,-,2,1999,maybe,"The full-text accessibility of the paper cannot be determined from the abstract alone, though being a thesis suggests it might be available through academic channels.",yes,"The paper is written in French, which meets the language criterion.",maybe,The abstract mentions a concrete application but doesn't clearly indicate systematic empirical observations about paradigm integration.,no,"While the paper does address multiple paradigms, these are mathematical decision-making paradigms, not programming paradigms.",no,"The paper discusses mathematical decision-making paradigms (uncertainty and multi-criteria decision-making), not programming paradigms. The ""paradigms"" mentioned are not related to programming.",yes,The paper includes quantitative components through mathematical models and measurement theory.,no,"This appears to be a theoretical mathematics/decision theory thesis focusing on measurement theory and decision-making paradigms, and does not investigate programming paradigm compatibility or software measurement.",maybe,"While the paper mentions a concrete application in cosmetics, it's unclear if there's systematic validation of the proposed models. The focus seems more theoretical.",Exclude,"The French-language thesis focuses on mathematical measurement theory and decision-making paradigms, fundamentally diverging from programming paradigm compatibility. Despite containing quantitative components and addressing multiple theoretical paradigms, the study fails to meet critical screening criteria related to programming paradigms, software measurement, and empirical validation of paradigm integration. Consequently, the paper does not align with the systematic review's core requirements.",1.4,EC2,"This appears to be a theoretical mathematics/decision theory thesis focusing on measurement theory and decision-making paradigms, and does not investigate programming paradigm compatibility or software measurement.",EC2,"This appears to be a theoretical mathematics/decision theory thesis focusing on measurement theory and decision-making paradigms, and does not investigate programming paradigm compatibility or software measurement."
A comparison between three different approaches to omplement a system dynamic model: an assessment by a multidisciplinary team.,"M. C. Freua, L. G. Barioni, R. G. D. Vilamiu, F. R. T. Dias",-,-,-,0,2014,maybe,"The paper appears to be a formal academic publication, suggesting likely accessibility of the full text, though this cannot be determined from the abstract alone.",yes,"The paper is written in English, which meets the publication language criterion.",yes,"The study provides clear empirical evidence through a controlled experiment with seven researchers, systematic questionnaire data, and comparative rankings of paradigms across multiple dimensions, which meets the empirical evidence criterion.",yes,"The study explicitly compares three different programming paradigms (procedural, object-oriented, and graphical), which meets the multiple paradigms criterion.",yes,"The study directly addresses paradigmatic compatibility by comparing different programming paradigms (NAA, OOA, GDA) and their implementation characteristics, and proposes a framework for choosing between paradigms based on specific criteria, which meets the paradigmatic compatibility focus criterion.",yes,"The study includes quantitative components through comparative rankings, systematic evaluation metrics, and structured questionnaire scoring, which meets the quantitative components criterion.",yes,"The paper is primary research investigating paradigmatic compatibility, specifically comparing three different programming paradigms (procedural, object-oriented, and graphical) for implementing system dynamics models, which meets the study type criterion.",yes,"The study includes empirical testing through a controlled experiment with seven researchers, systematic evaluation through questionnaires, and comparative analysis of different approaches, which meets the validation methods criterion.",Include,"This study comprehensively explores paradigmatic compatibility through an empirical investigation comparing procedural, object-oriented, and graphical programming approaches across multiple dimensions. By systematically evaluating different programming paradigms through a controlled experiment with seven researchers, the research provides quantitative insights into implementation strategies and paradigm selection criteria. The work meets critical screening requirements through its rigorous methodology, multiple paradigm analysis, and empirical validation of programming paradigm interactions.",4.9,IC,"Meets IC; multi-paradigm, compatibility focus, quantitative component, empirical evidence, validation method, research contribution, supported language.",IC,"Meets IC; multi-paradigm, compatibility focus, quantitative component, empirical evidence, validation method, research contribution, supported language."
Top-down part of the meta process,"Tineke de Bunje, G. Engels, L. Groenewegen, Michael Heus, Aart A. J. Matsinger",-,-,-,0,-,maybe,"The full-text accessibility of the paper cannot be determined from the abstract alone, though the reference to [8] suggests the full text may be available.",yes,"The paper is written in English, meeting the language requirement.",no,"While the paper includes empirical evidence, it's about software process modeling rather than paradigm integration.",no,"The paper does not address interactions between programming paradigms. The ""paradigms"" mentioned (G-Q-M and SOCCA) are process modeling approaches, not programming paradigms.",no,"The paper does not address paradigmatic compatibility between programming paradigms. Instead, it focuses on software process modeling and metrics.",maybe,"The paper does include quantitative components through metrics and simulation, but not in the context of paradigm compatibility.",no,"The paper appears to be primary research, but it focuses on software process modeling and metrics rather than paradigmatic compatibility. The study combines G-Q-M paradigm with SOCCA approach, but this is about process modeling, not programming paradigms.",maybe,"The abstract mentions analysis and simulation using the HIT tool, indicating some empirical validation, though details are limited.",Exclude,"The abstract describes a software process modeling study that does not address programming paradigm compatibility, failing to meet key screening criteria related to paradigm integration and interoperability. Despite including methodological elements like metrics and empirical testing, the paper's focus on software process improvement fundamentally diverges from the systematic review's target domain. Consequently, the paper does not align with the required screening criteria for inclusion.",1.4,EC2,"The paper appears to be primary research, but it focuses on software process modeling and metrics rather than paradigmatic compatibility. The study combines G-Q-M paradigm with SOCCA approach, but this is about process modeling, not programming paradigms.",EC2,"The paper appears to be primary research, but it focuses on software process modeling and metrics rather than paradigmatic compatibility. The study combines G-Q-M paradigm with SOCCA approach, but this is about process modeling, not programming paradigms."
A Verified Integration of Imperative Parallel Programming Paradigms in an Object-Oriented Language,Paul Sivilotti,-,-,-,1,1993,maybe,"The full-text accessibility of the paper cannot be determined from the abstract alone, which is a common limitation in screening.",yes,"The paper is written in English, meeting the publication language criterion.",no,"The abstract does not explicitly mention empirical data or observations, and the focus appears to be on formal verification rather than empirical evidence.",yes,"The paper explicitly addresses multiple paradigms, specifically object-oriented (CC++) and traditional imperative models (semaphores, monitors, channels), meeting the multiple paradigms criterion.",yes,"The paper explicitly focuses on showing equivalence between different programming paradigms (object-oriented vs. imperative) and their integration through libraries, meeting the paradigmatic compatibility focus criterion.",maybe,"While the paper includes formal verification, it is not clear if it includes quantitative measurements or systematic observations beyond theoretical analysis.",yes,"The paper appears to be primary research investigating paradigmatic compatibility, specifically showing equivalence between CC++ (object-oriented) and traditional imperative models, meeting the study type criterion.",maybe,"The abstract mentions ""formally verified"" implementation, indicating that validation methods are present, though the specific nature of the validation is not detailed.",Exclude,"The study demonstrates strong alignment with screening criteria by exploring paradigmatic compatibility between object-oriented and imperative programming models through formal verification. It effectively addresses multiple programming paradigms and their integration, with a focus on theoretical equivalence and library implementation. While the research shows robust theoretical foundations, there are limitations in empirical evidence and quantitative measurement components.",4.3,EC6,"While the paper includes formal verification, it is not clear if it includes quantitative measurements or systematic observations beyond theoretical analysis.",EC1,The study demonstrates strong alignment with screening criteria by exploring paradigmatic compatibility between object-oriented and imperative programming models through formal verification. It effectively addresses multiple programming paradigms and their int…
Empiricité en linguistique et grammaire de Montague : la sémantique en 5P et la compositionnalité,G. Bès,-,-,-,2,2001,maybe,"The abstract does not provide information about the full-text accessibility of the paper, so this would need to be verified separately.",yes,"The paper is written in French, which meets the criterion for publication language.",no,The abstract suggests this is a theoretical analysis without empirical data or systematic observations about paradigm integration.,maybe,"While the paper discusses both natural and artificial languages, it's not specifically focused on programming paradigms or their integration.",maybe,"While the paper discusses relationships between natural and artificial languages, it focuses more on semantic theory than paradigmatic compatibility or integration metrics.",no,"The paper appears to be primarily theoretical and qualitative in nature, focusing on semantic analysis rather than quantitative measurements.",no,"This appears to be a theoretical analysis of semantic choices in the 5P paradigm and Montague grammar, rather than primary research on paradigmatic compatibility or a systematic review of paradigm integration.",no,"The paper appears to be primarily theoretical and analytical, without clear validation methods or empirical testing mentioned in the abstract.",Exclude,"A French-language theoretical linguistic analysis focusing on semantic choices in the 5P paradigm and Montague grammar, which lacks empirical validation, quantitative measurements, and direct relevance to programming paradigm integration. The paper primarily explores linguistic semantics through a theoretical lens, diverging significantly from the systematic review's core screening criteria for paradigmatic compatibility research.",2.5,EC2,"This appears to be a theoretical analysis of semantic choices in the 5P paradigm and Montague grammar, rather than primary research on paradigmatic compatibility or a systematic review of paradigm integration.",EC2,"This appears to be a theoretical analysis of semantic choices in the 5P paradigm and Montague grammar, rather than primary research on paradigmatic compatibility or a systematic review of paradigm integration."
Verification and validation in systems engineering : application to UML 2.0 activity and class diagrams,Luay Alawneh,-,-,-,2,2006,maybe,"The full-text accessibility of the paper cannot be determined from the abstract alone, which is a common limitation in screening.",yes,"The paper is written in English, meeting the publication language criterion.",maybe,"The abstract does not explicitly mention empirical data or systematic observations about paradigm integration. While it discusses verification methods, these are not specifically about paradigm compatibility.",no,"While the paper discusses multiple modeling languages, these are not programming paradigms in the sense typically meant by this criterion (e.g., object-oriented, functional, procedural).",no,"The paper does not focus on paradigmatic compatibility between programming paradigms. While it discusses different modeling languages (UML 2.0 and SysML), these are not programming paradigms in the traditional sense.",maybe,"The paper appears to include quantitative components through formal verification and analysis, but these are not focused on paradigm compatibility metrics.",maybe,"The paper appears to be primary research proposing a ""unified paradigm"" for verification and validation, but it does not specifically focus on paradigmatic compatibility between programming paradigms. Instead, it focuses on verification methods for modeling languages.",yes,"The paper discusses validation methods, including model-checking, program analysis, and software engineering techniques, meeting this criterion.",Exclude,"The research paper focuses on verification and validation techniques for modeling languages, but does not address programming paradigm compatibility as specified in the screening criteria. While methodologically rigorous and discussing multiple modeling approaches, the study lacks direct engagement with paradigm integration or quantitative metrics related to programming paradigm interactions. Consequently, the paper does not meet the core requirements of the systematic review's screening criteria.",2.7,EC1,"While the paper discusses multiple modeling languages, these are not programming paradigms in the sense typically meant by this criterion (e.g., object-oriented, functional, procedural).",EC1,"While the paper discusses multiple modeling languages, these are not programming paradigms in the sense typically meant by this criterion (e.g., object-oriented, functional, procedural)."
Model-Solver Integration in Decision Support Systems : A Web Services Approach,"Keun-Woo Leea, Soon-Young Huha",-,-,-,2,2003,maybe,"The abstract does not provide enough information to determine the full-text accessibility of the paper, though the contact information suggests it is likely an academic paper with accessible full text.",yes,"The paper is written in English, which meets the publication language criterion.",maybe,"While the paper presents a framework, the abstract does not explicitly mention empirical data or systematic observations about integration challenges.",yes,"The paper explicitly mentions ""different modeling paradigms"" and their integration.",yes,The paper directly addresses compatibility between different modeling paradigms and their integration through Web services.,maybe,The abstract does not clearly indicate whether quantitative measurements or systematic observations are included.,yes,"The paper presents primary research on a framework for model-solver integration, which relates to paradigmatic compatibility, though in a specific domain (mathematical models).",maybe,"The abstract does not explicitly mention validation methods or empirical testing, though it describes a framework implementation.",Exclude,"A research paper exploring model-solver integration across different mathematical modeling paradigms, presenting a Web services framework for compatibility and solver selection. While addressing paradigmatic integration, the study lacks clear evidence of empirical validation or quantitative measurement methods. The work demonstrates potential for systematic paradigm compatibility analysis, though with notable limitations in comprehensive empirical substantiation.",3.5,EC1,"A research paper exploring model-solver integration across different mathematical modeling paradigms, presenting a Web services framework for compatibility and solver selection. While addressing paradigmatic integration, the study lacks clear evidence of empir…",EC1,"A research paper exploring model-solver integration across different mathematical modeling paradigms, presenting a Web services framework for compatibility and solver selection. While addressing paradigmatic integration, the study lacks clear evidence of empir…"
An Architectural Proposal for a Model-Driven Environment to Support Lightweight Formal Software Engineering,"Elias Adriano Nogueira da Silva, V. V. G. Neto",-,-,-,0,2015,maybe,"The full-text accessibility of the paper cannot be determined from the abstract alone, but this is typically not a disqualifying factor.",yes,"The paper is written in English, meeting the language requirement.",no,The abstract does not indicate any empirical data or systematic observations about integration challenges. It discusses the problem but does not present empirical evidence.,yes,The paper clearly addresses integration between two paradigms: formal methods and model-driven engineering.,maybe,"The paper does address integration between two paradigms (formal methods and model-driven engineering), but it focuses more on the architectural solution rather than formal models or quantitative metrics for compatibility.",no,The abstract does not mention any quantitative components or measurements. It appears to be primarily architectural and theoretical.,maybe,"The paper appears to be primary research proposing an architectural framework (MODEFS) for integrating formal methods and model-driven engineering, which involves paradigm integration, but it is not explicitly focused on paradigmatic compatibility measurement.",no,The abstract does not explicitly mention any validation methods or empirical testing. It presents an architectural proposal but does not discuss how it was validated.,Exclude,"The study addresses integration between formal methods and model-driven engineering, meeting criteria for multiple paradigms and publication language. However, the abstract lacks clear evidence of empirical validation, quantitative components, and systematic evaluation, which limits its alignment with comprehensive screening requirements. The proposed architectural framework appears more theoretical than empirically substantiated.",3.2,EC6,The abstract does not mention any quantitative components or measurements. It appears to be primarily architectural and theoretical.,EC6,The abstract does not mention any quantitative components or measurements. It appears to be primarily architectural and theoretical.
STANDARDS COMPLIANT PLATFORM FOR PRODUCT DESIGN IN DYNAMIC ENVIRONMENTS,"Malik Khalfallah, Nicolas Figay, M. Barhamgi, P. Ghodous",10.29268/STSC.2014.2.2.4,https://doi.org/10.29268/STSC.2014.2.2.4,-,0,2014,maybe,"The full-text accessibility of the paper cannot be determined from the abstract alone, so this criterion is not evaluated.",yes,"The paper is written in English, which meets the publication language criterion.",no,The quantitative results in the paper appear to be focused on standard compliance rather than paradigm integration challenges.,no,The paper primarily focuses on the SaaS paradigm and standard compliance rather than interactions between multiple programming paradigms.,no,The paper touches on paradigmatic aspects (SaaS paradigm) but focuses more on standard compliance and workflow design rather than paradigmatic compatibility or integration.,yes,The paper includes quantitative components through its compliance testing framework.,no,"The paper presents a framework and formal analysis, but it is not primarily focused on paradigmatic compatibility. While it discusses SaaS paradigm compliance, this is more about standard compliance than paradigm integration.",yes,"The paper includes a formal framework that tests compliance and reports quantitative results, indicating the presence of validation methods.",Exclude,"The study primarily addresses workflow design and standard compliance, with limited focus on paradigmatic compatibility or integration between programming paradigms. While the paper includes quantitative methods and discusses the SaaS paradigm, it does not substantially explore interactions or challenges between multiple programming paradigms. Consequently, the research only marginally meets the screening criteria for a comprehensive analysis of paradigmatic compatibility.",2.7,EC2,"The paper presents a framework and formal analysis, but it is not primarily focused on paradigmatic compatibility. While it discusses SaaS paradigm compliance, this is more about standard compliance than paradigm integration.",EC2,"The paper presents a framework and formal analysis, but it is not primarily focused on paradigmatic compatibility. While it discusses SaaS paradigm compliance, this is more about standard compliance than paradigm integration."
Revision of the combined metamodel,"Tobias Walter, Fernando Silva Parreiras, Gerd Gröner",10.5281/ZENODO.12238,https://doi.org/10.5281/ZENODO.12238,-,0,2010,maybe,The full-text accessibility of the paper cannot be determined from the abstract alone.,yes,"The paper is written in English, which meets the publication language criterion.",maybe,"The abstract mentions ""experiences collected"" but does not clearly indicate the extent or nature of empirical data, which partially meets the empirical evidence criterion.",yes,"The paper clearly addresses integration between two paradigms: ontologies and model-driven software development, which meets the multiple paradigms criterion.",yes,"The paper explicitly focuses on ""conceptual integration"" between ontologies and model-driven software development paradigms, including metamodels and metalanguage integration, which strongly meets the paradigmatic compatibility focus criterion.",maybe,"The abstract does not explicitly mention quantitative measurements or metrics, and the focus appears more conceptual, which weakly meets the quantitative components criterion.",yes,"The paper appears to be primary research investigating paradigmatic compatibility between ontologies and model-driven software development, which meets the study type criterion.",maybe,"The abstract mentions ""experiences collected with the initial prototype"", suggesting some empirical validation, but the details are limited. This partially meets the validation methods criterion.",Exclude,"The study explores paradigmatic integration between ontologies and model-driven software development, demonstrating strong alignment with multiple paradigm compatibility and conceptual integration criteria. While showing promise in addressing cross-paradigm interactions, the abstract reveals limited details about empirical validation and quantitative measurement methods. The research appears to focus on metamodel and metalanguage integration with some experiential insights.",4,EC1,"The study explores paradigmatic integration between ontologies and model-driven software development, demonstrating strong alignment with multiple paradigm compatibility and conceptual integration criteria. While showing promise in addressing cross-paradigm in…",EC1,"The study explores paradigmatic integration between ontologies and model-driven software development, demonstrating strong alignment with multiple paradigm compatibility and conceptual integration criteria. While showing promise in addressing cross-paradigm in…"
Towards an Hybrid Temporal Paradigm for Musical Composition and Performance,"M. Desainte-Catherine, A. Allombert, G. Assayag",-,-,-,0,2013,maybe,The full-text accessibility of the paper cannot be determined from the abstract alone.,yes,"The paper is written in English, which meets the publication language criterion.",no,The abstract does not mention any empirical data or systematic observations. It appears to be primarily theoretical.,no,"The paper does address two paradigms (writing-oriented and performance-oriented), but these are music composition paradigms, not programming paradigms.",no,"The paper addresses paradigm compatibility, but in the context of music composition paradigms, not programming paradigms. The formalism proposed is for music composition, not software measurement.",no,The abstract suggests a theoretical/formal approach but doesn't indicate any quantitative measurements or systematic observations.,no,"While the paper discusses paradigm integration, it focuses on music paradigms rather than programming paradigms, which is a critical mismatch with the screening criteria.",no,"The abstract mentions a ""theoretical study"" but does not indicate any empirical testing or validation methods.",Exclude,"The abstract describes a theoretical study about music composition paradigms, which fundamentally differs from the systematic review's focus on programming paradigms and software measurement. Critical screening criteria are not met, particularly regarding empirical validation, quantitative components, and the specific domain of programming paradigms. The paper's content represents a misalignment with the intended research scope.",1.4,EC2,"While the paper discusses paradigm integration, it focuses on music paradigms rather than programming paradigms, which is a critical mismatch with the screening criteria.",EC2,"While the paper discusses paradigm integration, it focuses on music paradigms rather than programming paradigms, which is a critical mismatch with the screening criteria."
4. Experiences 5. Other Approaches 3.3. Sspf Architecture 3.4. Sspf Modeling Paradigm 3.1. Sspf Functionalities 3.2. Design Challenges and Issues 3. a Model-integrated System: Sspf,"T. Gallo, G. Serrano, F. Tisato: "" Ob, M. Ganti, P. G O Y Al, S. Podar, A. Object, S. Ornburn, R. J. Leblanc: "" Build",-,-,-,0,-,maybe,The full-text accessibility of the paper cannot be determined from the abstract alone.,yes,"The paper appears to be written in English, though it contains some formatting issues and typos.",maybe,"While there is some empirical evidence from the Saturn plant implementation, it is not focused on paradigm integration challenges.",no,"The paper discusses different types of models (production flow, organization, data acquisition), but these are not programming paradigms in the sense intended by the criteria.",no,The paper discusses model integration but focuses on model-integrated computing and production flow models rather than programming paradigm compatibility.,maybe,"The paper includes some quantitative aspects through production throughput measurements, but these are not focused on paradigm compatibility.",no,"The paper appears to be primary research about model-integrated computing and software development processes, but it does not specifically focus on paradigmatic compatibility.",maybe,"The abstract mentions implementation and deployment at Saturn plant, suggesting some empirical validation, but the details are limited.",Exclude,"The document appears to be an English-language research paper about model-integrated computing in manufacturing systems, but it fundamentally lacks alignment with the screening criteria focused on programming paradigm compatibility. While the paper includes some empirical elements and discusses model integration, it does not address interactions between programming paradigms or provide the specific type of quantitative analysis sought by the review.",1.4,EC2,"The paper appears to be primary research about model-integrated computing and software development processes, but it does not specifically focus on paradigmatic compatibility.",EC2,"The paper appears to be primary research about model-integrated computing and software development processes, but it does not specifically focus on paradigmatic compatibility."
combining formal theories and statistical data in natural language processing,"Karen Sparck Jones, Gerald Gazdar, R. Needham",-,-,-,0,2000,yes,"The abstract indicates this is from Philosophical Transactions of the Royal Society, a reputable academic journal, suggesting full-text accessibility.",yes,"The paper is clearly written in English, meeting this criterion.",no,The abstract doesn't indicate inclusion of empirical data or systematic observations. It appears to be more focused on discussing the potential for integration.,yes,"The paper clearly addresses multiple paradigms, specifically the symbolic and statistical approaches in NLP.",yes,"The paper directly addresses paradigmatic compatibility, specifically the integration between symbolic and statistical approaches in NLP.",no,"While the paper discusses both symbolic and statistical approaches, the abstract doesn't suggest inclusion of specific quantitative measurements or systematic observations.",maybe,"This appears to be an introduction/overview paper rather than primary research or a systematic review. While it discusses paradigm integration (symbolic vs. statistical approaches), it seems to be more of a conference introduction or editorial piece.",no,The abstract doesn't mention any specific validation methods or empirical testing. It appears to be more of a theoretical discussion and overview.,Exclude,"The paper addresses paradigmatic compatibility between symbolic and statistical approaches in natural language processing, meeting criteria for language, accessibility, and multiple paradigm focus. However, it lacks empirical validation, quantitative components, and appears to be a theoretical overview rather than a research study, which limits its alignment with the comprehensive screening requirements.",2.9,EC2,"This appears to be an introduction/overview paper rather than primary research or a systematic review. While it discusses paradigm integration (symbolic vs. statistical approaches), it seems to be more of a conference introduction or editorial piece.",EC2,"This appears to be an introduction/overview paper rather than primary research or a systematic review. While it discusses paradigm integration (symbolic vs. statistical approaches), it seems to be more of a conference introduction or editorial piece."
Dynamic knowledge modelling,N. Smith,-,-,-,1,1996,maybe,The full-text accessibility of the paper cannot be determined from the abstract alone.,yes,"The paper is written in English, which meets the publication language criterion.",maybe,"The abstract does not clearly indicate whether empirical data or systematic observations were collected, though it mentions ""prototypical knowledge structures.""",maybe,"The paper does address integration between multiple paradigms, but in the context of knowledge engineering rather than programming paradigms.",maybe,"While the paper discusses integration between different modeling paradigms, it appears to focus on knowledge engineering rather than programming paradigms specifically. The focus seems to be on knowledge modeling rather than formal models or metrics for paradigmatic compatibility.",maybe,The abstract does not explicitly mention quantitative components or measurements. The focus appears to be more on processes and knowledge structures.,maybe,"The paper appears to be primary research investigating knowledge integration across modeling paradigms, which partially aligns with the study type criterion of investigating paradigmatic compatibility. However, it focuses more on knowledge engineering than programming paradigms specifically.",maybe,"The abstract mentions that the processes ""have been shown"" to provide solutions, but does not explicitly detail the validation methods or empirical testing used.",Exclude,"The abstract discusses knowledge integration across modeling paradigms, but diverges from the specific focus on programming paradigms and quantitative metrics. While addressing multiple paradigms and integration challenges, the study lacks clear empirical validation, quantitative components, and direct relevance to programming paradigm compatibility. The research appears more aligned with knowledge engineering than the targeted screening criteria.",2.9,EC1,"The abstract discusses knowledge integration across modeling paradigms, but diverges from the specific focus on programming paradigms and quantitative metrics. While addressing multiple paradigms and integration challenges, the study lacks clear empirical vali…",EC1,"The abstract discusses knowledge integration across modeling paradigms, but diverges from the specific focus on programming paradigms and quantitative metrics. While addressing multiple paradigms and integration challenges, the study lacks clear empirical vali…"
Idea Grou p Inc . Copy right Idea Grou p Inc . Copy right Idea Grou p Inc . Copy right Idea Grou p Inc . Chapter V XML-Based Toolkit for Interoperability of Web Information Systems,"C. Nicolle, K. Yétongnon",-,-,-,2,2018,yes,"The abstract indicates the paper is a book chapter from Idea Group Inc., suggesting it should be accessible through academic channels.",yes,"The paper is written in English, meeting the language requirement.",no,The abstract does not indicate any empirical data or systematic observations about integration challenges.,maybe,"While multiple data models are discussed, these are not programming paradigms in the traditional sense (imperative, object-oriented, functional, etc.).",maybe,"While the paper discusses integration between different data models (network, relational, OO, XML), it is focused on data integration rather than programming paradigms specifically.",no,The abstract suggests a theoretical framework without mention of quantitative measurements or systematic observations.,maybe,"While the paper is primary research, it focuses on data integration and interoperability between different data models, not specifically on programming paradigms. The focus is more on data integration than paradigmatic compatibility.",no,The abstract does not mention any validation methods or empirical testing of the proposed X-TIME framework.,Exclude,"The document primarily addresses data model integration and interoperability, falling short of the systematic review's focus on programming paradigm compatibility. Despite discussing multiple data models, the text lacks empirical validation, quantitative measurements, and direct exploration of programming paradigms. Consequently, the work does not sufficiently meet the established screening criteria for inclusion.",2.7,EC6,The abstract suggests a theoretical framework without mention of quantitative measurements or systematic observations.,EC6,The abstract suggests a theoretical framework without mention of quantitative measurements or systematic observations.
Magic Potion : A Metalanguage for Incorporating New Development,"D. Djuric, V. Devedzic",-,-,-,0,2010,maybe,"The abstract mentions a website (www.uncomplicate.org/magicpotion) but does not explicitly state that the full text is accessible, creating some uncertainty about this criterion.",yes,"The paper is written in English, meeting the language requirement.",maybe,"While the abstract mentions a preliminary evaluation, it's not entirely clear how systematic or comprehensive this evaluation was, creating some uncertainty.",yes,"The paper explicitly addresses multiple paradigms (ontological, functional, object-oriented, and concurrent), strongly meeting this criterion.",yes,"The paper directly addresses paradigmatic compatibility, proposing a solution (Magic Potion) for integrating multiple programming paradigms into a single environment.",maybe,"The abstract does not explicitly mention quantitative measurements or metrics, and it's unclear if the implementation includes such components.",yes,"The paper appears to be primary research investigating paradigmatic compatibility, specifically focusing on integrating multiple paradigms (ontological, functional, object-oriented, and concurrent) into a single environment.",yes,"The abstract mentions a ""preliminary evaluation of its implementation advantages and disadvantages,"" indicating that some form of validation was performed.",Exclude,"The study presents a novel approach to integrating multiple programming paradigms through a domain-specific metalanguage, demonstrating strong alignment with criteria related to paradigmatic compatibility and multi-paradigm interactions. While the research shows promise in addressing integration challenges, some uncertainty remains regarding the depth of empirical validation and quantitative measurement components. The work appears to offer a practical solution for incorporating diverse programming paradigms within a single development environment.",4.3,EC1,"The study presents a novel approach to integrating multiple programming paradigms through a domain-specific metalanguage, demonstrating strong alignment with criteria related to paradigmatic compatibility and multi-paradigm interactions. While the research sho…",EC1,"The study presents a novel approach to integrating multiple programming paradigms through a domain-specific metalanguage, demonstrating strong alignment with criteria related to paradigmatic compatibility and multi-paradigm interactions. While the research sho…"
USING UML MODELS TO MEASURE SOFTWARE PRODUCT LINES MANUTENABILITY,"Felipe Nunes Gaia, Diego Fernandes da Silva",10.5748/9788599693124-13CONTECSI/RF-4203,https://doi.org/10.5748/9788599693124-13CONTECSI/RF-4203,-,0,2016,maybe,"The full-text accessibility of the paper cannot be determined from the abstract alone, which is a common limitation in screening.",yes,"The paper is written in English, meeting the publication language criterion.",yes,"The abstract mentions specific empirical findings comparing AOP and OO models, including observations about modularity, attributes, methods, hierarchy, and coupling, meeting the empirical evidence criterion.",yes,"The study explicitly addresses interactions between two programming paradigms (AOP and OO), meeting the multiple paradigms criterion.",yes,"The study explicitly focuses on analyzing compatibility and integration between AOP and OO paradigms using quantitative metrics (CK metrics), strongly meeting the paradigmatic compatibility focus criterion.",yes,"The study clearly includes quantitative components through the use of CK metrics and systematic measurement of software properties, strongly meeting the quantitative components criterion.",yes,"The paper appears to be primary research investigating paradigmatic compatibility between AOP and OO programming paradigms, meeting the study type criterion.",yes,"The study includes empirical testing through comparison of CK metrics between OO and AOP models, meeting the validation methods criterion.",Include,"The study comprehensively addresses paradigmatic compatibility by empirically comparing Aspect-Oriented Programming and Object-Oriented Programming using quantitative CK metrics, demonstrating strong methodological rigor across multiple screening criteria. Quantitative analysis of software properties, empirical validation, and systematic comparison of programming paradigms provide robust evidence of the research's technical depth and relevance. The work meets critical screening requirements through its focus on multiple programming paradigms, empirical testing, and systematic measurement of software characteristics.",4.7,IC,"Meets IC; multi-paradigm, compatibility focus, quantitative component, empirical evidence, validation method, research contribution, supported language.",IC,"Meets IC; multi-paradigm, compatibility focus, quantitative component, empirical evidence, validation method, research contribution, supported language."
Using transition traces to model a security protocol,S. Brookes,-,-,-,0,2003,maybe,"The presence of multiple citations suggests the paper is likely an academic publication that would be accessible through academic channels, though this cannot be definitively determined from the abstract alone.",yes,"The paper is written in English, meeting the language requirement.",maybe,"The abstract mentions specific examples (dining cryptographers protocol) and model checking results, suggesting empirical evidence is included, though the full extent isn't clear.",yes,The paper clearly addresses multiple paradigms (CSP and shared-variable programming).,yes,The paper strongly focuses on the compatibility between different programming paradigms (CSP and shared-variable programming) and their semantic models.,maybe,"The paper appears to include quantitative components through model checking and formal verification, though the abstract doesn't explicitly detail the measurements.",yes,"The paper appears to be primary research investigating paradigmatic compatibility, specifically focusing on the integration of different parallel programming paradigms (CSP and shared-variable programming).",maybe,"The abstract mentions model checking (FDR) and verification of security protocols, suggesting empirical testing and validation methods are included, though the full extent isn't clear from the abstract.",Include,"The study explores paradigmatic compatibility between CSP and shared-variable programming paradigms, focusing on semantic models and security protocol verification through formal methods. It demonstrates strong potential for addressing multiple programming paradigms, empirical validation, and quantitative analysis of integration challenges. The research appears to meet key screening criteria related to paradigmatic compatibility, empirical evidence, and systematic evaluation of programming language interactions.",4.6,IC,"Meets IC; multi-paradigm, compatibility focus, research contribution, supported language.",IC,"Meets IC; multi-paradigm, compatibility focus, research contribution, supported language."
Object-Oriented Frameworks as Basis for Modularity in Program-Language Design,"M. H. Emden, S. C. Somosan",-,-,-,0,2006,maybe,"The full-text accessibility of the paper cannot be determined from the abstract alone, which is a common limitation in screening.",yes,"The paper is written in English, which meets the publication language criterion.",no,"The abstract does not indicate any empirical data or systematic observations, and the approach seems to be more theoretical in nature, describing an approach rather than testing it.",yes,"The paper explicitly addresses multiple paradigms (functional, logic, and object-oriented), strongly meeting the multiple paradigms criterion.",yes,"The paper directly addresses paradigmatic compatibility, proposing a framework for integrating different programming paradigms (functional, logic, and object-oriented) through component technology, which strongly meets the paradigmatic compatibility focus criterion.",no,"There is no clear indication of quantitative components or measurements, and the approach seems primarily conceptual.",yes,"The paper appears to be primary research investigating paradigmatic compatibility, specifically focusing on how to integrate different paradigms through object-oriented frameworks, which meets the study type criterion.",no,"The abstract does not explicitly mention any validation methods, empirical testing, or systematic evaluation, which is a significant weakness.",Exclude,"The abstract demonstrates strong theoretical alignment with paradigmatic compatibility across multiple programming paradigms, proposing an innovative framework for integration through object-oriented frameworks. However, significant methodological limitations emerge, particularly the absence of empirical validation, quantitative measurements, and systematic testing, which substantially weaken the study's scientific rigor. Despite addressing multiple programming paradigms conceptually, the lack of concrete evidence and validation methods represents a critical gap in the research approach.",3.5,EC6,"There is no clear indication of quantitative components or measurements, and the approach seems primarily conceptual.",EC6,"There is no clear indication of quantitative components or measurements, and the approach seems primarily conceptual."
On the evaluation of aggregated web search,K. Zhou,-,-,-,0,2014,maybe,"The paper appears to be a thesis, which typically has accessible full text through academic repositories or libraries, though this is not explicitly confirmed in the abstract.",yes,"The paper is written in English, which meets the publication language criterion.",maybe,"The study includes substantial empirical evidence, but it's focused on search result aggregation rather than programming paradigm integration.",no,"While the study deals with multiple ""verticals"" (news, image, video), these are not programming paradigms in the sense intended by the screening criteria.",no,"The study does not address programming paradigm compatibility. While it discusses ""paradigms,"" these are related to search evaluation methodology (Cranfield paradigm) rather than programming paradigms.",maybe,"The study has strong quantitative components, including metrics and systematic evaluation, but again, not related to programming paradigms.",no,"While the paper is primary research, it focuses on evaluation metrics for aggregated search rather than paradigmatic compatibility between programming paradigms. The ""paradigm"" mentioned refers to search evaluation methodology, not programming paradigms.",maybe,"The study includes strong validation methods, including user studies, test collections, and empirical testing of metrics. However, these validations are not related to programming paradigm compatibility.",Exclude,"The abstract describes a research study on search result aggregation methodology, which fundamentally differs from the systematic review's focus on programming paradigm compatibility. Despite being a rigorous empirical study with strong validation methods, the paper does not address interactions between programming paradigms, rendering it incompatible with the specified screening criteria. Consequently, the study would be excluded from the systematic review due to its misalignment with the core research objectives.",1.4,EC2,"While the paper is primary research, it focuses on evaluation metrics for aggregated search rather than paradigmatic compatibility between programming paradigms. The ""paradigm"" mentioned refers to search evaluation methodology, not programming paradigms.",EC2,"While the paper is primary research, it focuses on evaluation metrics for aggregated search rather than paradigmatic compatibility between programming paradigms. The ""paradigm"" mentioned refers to search evaluation methodology, not programming paradigms."
A Comparative Study of Structural Composition Methods and Techniques,"Nisrine, Marzouki, Younès, Lakhrissi, Mohammed, Mohajir",10.17265/1934-7332/2016.03.005,https://doi.org/10.17265/1934-7332/2016.03.005,-,0,2016,maybe,"The full-text accessibility of the paper cannot be determined from the abstract alone, which is a common limitation in screening.",yes,"The paper is written in English, which meets the publication language criterion.",no,The abstract doesn't indicate whether empirical data or systematic observations will be included. The language suggests a more theoretical analysis.,maybe,"The paper does address multiple paradigms through model composition, though it's specifically in the MDE context rather than general programming paradigms.",maybe,"The paper does address paradigmatic compatibility through model composition in MDE, which is relevant to paradigm integration. However, it's focused specifically on model composition rather than broader paradigm compatibility.",maybe,"The abstract mentions ""parameters that govern their behavior"" but doesn't explicitly indicate whether these will be quantitatively analyzed.",maybe,"The paper appears to be a review/analysis of model composition paradigms in MDE, which could qualify as a systematic review of paradigm integration. However, it's not entirely clear if it's a systematic review or a more general analysis.",no,"The abstract doesn't explicitly mention any validation methods or empirical testing. It only states it will ""attempt to identify"" strengths and drawbacks, suggesting a more analytical approach.",Exclude,"The abstract addresses model composition in model-driven engineering, partially meeting criteria related to paradigm integration and multiple paradigms. However, significant uncertainties exist regarding empirical validation, quantitative analysis, and the depth of paradigmatic compatibility exploration. The study's specific focus on MDE model composition limits its broader applicability to general programming paradigm research.",3.5,EC6,"The abstract mentions ""parameters that govern their behavior"" but doesn't explicitly indicate whether these will be quantitatively analyzed.",EC1,"The abstract addresses model composition in model-driven engineering, partially meeting criteria related to paradigm integration and multiple paradigms. However, significant uncertainties exist regarding empirical validation, quantitative analysis, and the dep…"
An Introduction to Paradigm,"S. C. V. D. Made-Potuijt, A. Bruin",-,-,-,0,2002,maybe,The full-text accessibility of the paper cannot be determined from the abstract alone.,yes,"The paper is written in English, meeting the publication language criterion.",maybe,"While the paper mentions successful use in Socca, it does not clearly present empirical data about paradigm integration challenges.",no,"The paper does not appear to address different programming paradigms or their compatibility. Instead, it focuses on process modeling paradigms.",no,"The paper focuses on process modeling and communication, not programming paradigm compatibility. The term ""paradigm"" is used differently than intended in the screening criteria.",maybe,"The paper includes formal descriptions using state-transition diagrams and homomorphisms, suggesting some quantitative components, but these are not focused on paradigm compatibility metrics.",maybe,"The paper appears to be primary research describing a formal modeling method (Paradigm) for process cooperation, but it is not clearly focused on paradigmatic compatibility in the sense of programming paradigms. The term ""paradigm"" is used in a different context.",maybe,"The abstract mentions ""successful use"" in Socca, but does not explicitly describe validation methods or empirical testing.",Exclude,"The abstract describes a process modeling method using formal techniques, but does not align with the screening criteria's focus on programming paradigm compatibility. While the paper includes formal and quantitative elements, it fundamentally addresses process cooperation rather than paradigm integration, thus failing to meet the core screening requirements.",2.5,EC1,"The paper does not appear to address different programming paradigms or their compatibility. Instead, it focuses on process modeling paradigms.",EC1,"The paper does not appear to address different programming paradigms or their compatibility. Instead, it focuses on process modeling paradigms."
Integrating Object-Oriented Methods and Models,"S. Bodily, S. Woodfield",-,-,-,0,2007,maybe,The full-text accessibility of the paper cannot be determined from the abstract alone.,yes,"The paper is written in English, meeting the publication language criterion.",no,"The abstract does not indicate any empirical data or systematic observations, suggesting that the paper appears to be a theoretical discussion of the problems and potential solutions.",yes,"The paper does address multiple paradigms, specifically the relationship between modeling paradigms and software development methods.",maybe,"The paper does address paradigmatic compatibility, specifically discussing the integration between modeling paradigms and software development methods, but it's unclear if it proposes formal models or quantitative metrics.",no,"No quantitative components or measurements are mentioned in the abstract, indicating that the discussion appears to be qualitative.",maybe,"The paper appears to be a theoretical discussion about the relationship between software development methods and modeling paradigms, but it's unclear if it's primary research or a systematic review.",no,"The abstract does not mention any validation methods, empirical testing, or systematic evaluation, indicating that the paper appears to be primarily theoretical.",Exclude,"The abstract discusses software development methods and modeling paradigms, addressing multiple paradigms and their integration, but lacks empirical evidence, validation methods, and quantitative components. While the paper explores paradigmatic compatibility conceptually, it appears to be primarily a theoretical discussion without systematic evaluation or measurable metrics. The work meets some screening criteria but falls short on key requirements for rigorous research methodology.",2.9,EC6,"No quantitative components or measurements are mentioned in the abstract, indicating that the discussion appears to be qualitative.",EC6,"No quantitative components or measurements are mentioned in the abstract, indicating that the discussion appears to be qualitative."
Un paradigme de modélisation pour la conception de l ’ avionique modulaire intégrée,"Christian Brunette, R. Delamare, A. Gamatié, T. Gautier, Jean-Pierre Talpin",-,-,-,0,2005,maybe,"The abstract does not provide enough information to determine if the full text is accessible, but it appears to be an academic paper likely accessible through standard channels.",yes,"The paper is written in English, meeting the language requirement.",maybe,The abstract mentions an example application but doesn't clearly indicate systematic empirical observations about paradigm integration.,yes,"The paper does address multiple paradigms, specifically component-oriented and synchronous approaches, though in a specific application context.",maybe,"While the paper discusses integration of different modeling approaches (component-oriented and synchronous), it's not primarily focused on paradigmatic compatibility. It's more about a specific application domain (avionics).",maybe,"While the paper involves formal methods and modeling, it's unclear if it includes specific quantitative measurements or metrics.",yes,"The paper appears to be primary research presenting a new framework (MIMAD) for integrated modular avionics design, though it's not explicitly focused on paradigmatic compatibility.",yes,"The paper mentions ""formal tools and techniques for validation"" and transformation into Polychrony's models for validation purposes, indicating the inclusion of validation methods.",Exclude,"The study presents a modeling framework for avionics design that integrates multiple programming paradigms, with partial alignment to screening criteria around paradigmatic compatibility. While demonstrating validation techniques and addressing multiple modeling approaches, the research is more focused on a specific application domain than comprehensive paradigm integration. The paper shows potential relevance but does not fully satisfy all screening requirements for a systematic study of paradigmatic compatibility.",3.2,EC1,"The study presents a modeling framework for avionics design that integrates multiple programming paradigms, with partial alignment to screening criteria around paradigmatic compatibility. While demonstrating validation techniques and addressing multiple modeli…",EC1,"The study presents a modeling framework for avionics design that integrates multiple programming paradigms, with partial alignment to screening criteria around paradigmatic compatibility. While demonstrating validation techniques and addressing multiple modeli…"
Measurement and Modelling of Interactions between Environment and Components: A Theoretical Characterizatio n,Giardini Naxos,-,-,-,0,2005,maybe,The full-text accessibility of the paper cannot be determined from the abstract alone.,yes,"The paper appears to be written in English, though there are some formatting issues and typos in the abstract.",maybe,"The case study of an embedded system suggests some empirical evidence, but it's unclear if this relates to paradigm integration challenges.",no,"While the paper discusses interactions between different components and platforms, it doesn't explicitly address different programming paradigms.",no,"The paper focuses on model interactions between virtual environments and components using multi-layer automata, but it doesn't explicitly address paradigmatic compatibility. The focus seems to be on API-based platform design rather than paradigm integration.",maybe,"The paper includes formal models (multi-layer automata) and a case study, suggesting some quantitative components, but the extent isn't clear.",maybe,"The paper presents a theoretical formalization and includes a case study, which suggests it involves formal models, but it's not clearly focused on paradigmatic compatibility.",maybe,"The abstract mentions a case study of an embedded system, suggesting some empirical validation, but the details are limited.",Exclude,"The abstract presents a theoretical formalization of model interactions using multi-layer automata, but lacks clear evidence of paradigmatic compatibility or integration between programming paradigms. While the study includes a case study and formal models, it does not explicitly address the core screening criteria related to paradigm interactions or quantitative metrics of paradigm compatibility.",2.8,EC1,"While the paper discusses interactions between different components and platforms, it doesn't explicitly address different programming paradigms.",EC1,"While the paper discusses interactions between different components and platforms, it doesn't explicitly address different programming paradigms."
The Support for the Integration of BIM Through Collaborative Action Research: ShareLab,"Charlène Naville, Pierre Leclercq, S. B. Rajeb",-,-,-,0,2016,maybe,The full-text accessibility of the paper cannot be determined from the abstract alone.,yes,"The paper is written in English, meeting the language requirement.",maybe,"The study appears to include systematic observations about integration challenges, but these are in the context of architectural BIM, not programming paradigms.",no,"While the paper discusses integration, it is not about programming paradigms. The ""paradigms"" mentioned refer to BIM implementation approaches in architectural firms.",no,"While the paper discusses integration, it is about BIM integration in architectural processes, not programming paradigms. This is a critical mismatch with the screening criteria.",maybe,The abstract does not clearly indicate whether quantitative components are included. It appears to be more focused on collaborative understanding and shared vision.,no,"The paper appears to be primary research investigating BIM integration, but it is focused on architectural/engineering firms rather than programming paradigms. It does not align with the intended focus on paradigmatic compatibility in software.",maybe,"The abstract mentions ""collaborative action research"" and ""methods of reflection and information collection,"" suggesting some systematic evaluation, but details are limited.",Exclude,"The abstract describes a study on Building Information Modeling (BIM) integration in architectural firms, which fundamentally differs from the screening criteria focused on programming paradigm compatibility. Despite sharing some methodological similarities, the paper's domain, context, and research objectives are entirely misaligned with the systematic review's requirements for software paradigm integration.",1.4,EC2,"The paper appears to be primary research investigating BIM integration, but it is focused on architectural/engineering firms rather than programming paradigms. It does not align with the intended focus on paradigmatic compatibility in software.",EC2,"The paper appears to be primary research investigating BIM integration, but it is focused on architectural/engineering firms rather than programming paradigms. It does not align with the intended focus on paradigmatic compatibility in software."
Characterizing Compatibility of Timed Choreography,Nawal Guermouche,-,-,-,0,2018,yes,"The abstract indicates the paper is from a journal and provides purchase information, suggesting full-text accessibility through academic channels.",yes,"The paper is written in English, meeting the language requirement.",no,The abstract doesn't explicitly mention empirical data collection or systematic observations about paradigm integration. The focus is on theoretical modeling and analysis.,no,"The paper doesn't address different programming paradigms. Instead, it focuses on compatibility between web services within the service-oriented computing paradigm.",no,"While the paper deals with compatibility, it focuses on web service choreography and timed properties rather than programming paradigm compatibility. It doesn't address formal models for paradigm integration.",maybe,"The paper includes quantitative components through timed properties and formal analysis, but these aren't related to programming paradigm compatibility.",maybe,"The paper is primary research investigating compatibility between web services, but it is not specifically about paradigmatic compatibility between programming paradigms. It focuses on service-oriented computing and choreography compatibility.",yes,"The paper proposes a model checking based approach and mentions formal analysis methods, indicating systematic evaluation of their findings.",Exclude,"The research paper focuses on web service choreography compatibility within service-oriented computing, utilizing formal modeling and quantitative analysis techniques. While demonstrating rigorous methodological approaches, the study does not address programming paradigm compatibility or integration between different programming paradigms. Consequently, the paper does not meet the core screening criteria for the systematic review.",2.7,EC1,"The paper doesn't address different programming paradigms. Instead, it focuses on compatibility between web services within the service-oriented computing paradigm.",EC1,"The paper doesn't address different programming paradigms. Instead, it focuses on compatibility between web services within the service-oriented computing paradigm."
"Component-based Programming under Different Paradigms a Personal View on Components Gj: Making Java Easier to Type, and Easier to Type Polytypic Programming a Simple Approach to Generic Functional Programming Behavior Protocols and Components Separation of Concerns with Adaptive Plug-n-play Componen","P. Wadler, K. Weihe, Konstanz, K. Weihe, P. Wadler, Johan Jeuring, Ralf Hinze, F. Plášil, Stanislav Visnovsky, Miloslav Bešta, Mira Mezini, Karl Lieberherr, Günter Kniesel, Peter Thiemann, Todd Veldhuizen, Thomas Genßler, Fzi Karlsruhe, Erik Meijer, Lutz Kettner, S. Krishnamurthi, Reinhard Budde, Gmd",-,-,-,0,-,maybe,"The full-text accessibility of the paper cannot be determined from the abstract alone, but it appears to be a seminar paper which might be available through academic channels.",yes,"The paper is written in English, meeting the language requirement.",no,The abstract doesn't indicate inclusion of empirical data or systematic observations. It appears to be more focused on theoretical discussion and knowledge sharing.,yes,"The paper strongly meets this criterion, explicitly discussing multiple paradigms (object-oriented, template-oriented, functional) and their integration.",yes,"The paper strongly focuses on paradigmatic compatibility, specifically discussing integration between object-oriented, template-oriented, and functional programming paradigms.",no,"No mention of quantitative components, measurements, or systematic observations. The focus appears to be on theoretical discussion and practical know-how.",maybe,"This appears to be a seminar description rather than primary research or a systematic review. While it discusses paradigm integration, it's not presenting original research or a systematic review.",no,The abstract doesn't mention any validation methods or empirical testing. It describes goals for discussion and knowledge sharing but not formal validation.,Exclude,"The seminar description explores programming paradigm integration across object-oriented, template-oriented, and functional approaches, demonstrating strong theoretical engagement with multiple programming paradigms. However, the text lacks empirical validation, quantitative measurements, and systematic research methodology, falling short of rigorous academic research standards. While conceptually rich in discussing paradigmatic compatibility, the document appears more suited to facilitating interdisciplinary discussion than presenting original research findings.",2.7,EC6,"No mention of quantitative components, measurements, or systematic observations. The focus appears to be on theoretical discussion and practical know-how.",EC6,"No mention of quantitative components, measurements, or systematic observations. The focus appears to be on theoretical discussion and practical know-how."
Understanding the Nature of Multi-Paradigm Modeling for Cyberphysical Systems,"Alex Norta Ttu, Patrizio Pelliccione, Barbora Buhnova, Alessio Bucaioni",-,-,-,0,2017,maybe,"The full-text accessibility of the paper cannot be determined from the abstract alone, which is a common limitation in screening.",yes,"The paper is written in English, meeting the publication language criterion.",maybe,"The paper promises empirical data through an industry survey, though the results are not available in the abstract. The focus is on gathering empirical evidence about current practices.",yes,"The paper explicitly addresses multiple paradigms in CPS modeling, meeting the multiple paradigms criterion.",yes,"The paper explicitly focuses on ""chaining modeling techniques of diverse paradigms"" and discusses multi-paradigm modeling for CPS, meeting the paradigmatic compatibility focus criterion.",maybe,"While the paper mentions an empirical study, it is unclear from the abstract whether quantitative measurements will be included. The focus seems more on best practices and gaps.",yes,"The paper appears to be primary research investigating paradigmatic compatibility, specifically in the context of multi-paradigm modeling for cyber-physical systems (CPS). It mentions an empirical study of industry practices, meeting the study type criterion.",maybe,"The abstract mentions an empirical study and survey methodology, indicating that validation methods will be used. However, the study was planned for 2017, so the results are not yet available in the abstract.",Exclude,"The study addresses multi-paradigm modeling in cyber-physical systems through an empirical industry survey, focusing on paradigmatic compatibility and integration across different modeling techniques. While promising strong methodological rigor and practical relevance, the abstract indicates results were pending at the time of writing, creating some uncertainty about the depth of quantitative analysis. The research demonstrates clear potential for exploring complex interactions between computational and physical system paradigms.",4.3,EC1,"The study addresses multi-paradigm modeling in cyber-physical systems through an empirical industry survey, focusing on paradigmatic compatibility and integration across different modeling techniques. While promising strong methodological rigor and practical r…",EC1,"The study addresses multi-paradigm modeling in cyber-physical systems through an empirical industry survey, focusing on paradigmatic compatibility and integration across different modeling techniques. While promising strong methodological rigor and practical r…"
"Preprint Mcs-p422-0394, Mathematics and Computer Science Division, Argonne National Laboratory Libraries for Parallel Paradigm Integration","Ian T Foster, Ming Q. Xu",-,-,-,0,1994,maybe,"The technical nature and academic style of the paper suggest it is likely a published paper, but the full-text accessibility cannot be determined from the abstract alone.",yes,"The paper is written in English, which meets the publication language criterion.",maybe,"While the paper implements libraries, the abstract does not explicitly mention empirical data or systematic observations about integration challenges.",yes,The paper explicitly addresses multiple paradigms (task and data parallelism) and their integration.,yes,"The paper directly addresses paradigmatic compatibility, proposing extensions to Fortran to support both task and data parallelism paradigms.",maybe,"The abstract suggests implementation work, but it does not clearly indicate whether quantitative measurements or systematic observations are included.",yes,"The paper appears to be primary research investigating paradigmatic compatibility, specifically focusing on integrating task and data parallelism paradigms.",maybe,"The abstract does not explicitly mention validation methods or empirical testing, so it is unclear if the study includes such components.",Exclude,"The study demonstrates strong alignment with paradigmatic compatibility by proposing extensions to Fortran that integrate task and data parallelism paradigms. While the abstract clearly addresses multiple programming paradigms and their integration, there are uncertainties regarding validation methods, empirical evidence, and quantitative components that would require full-text review to confirm. The research appears to be primary work focused on implementing a framework for paradigmatic compatibility.",4,EC1,"The study demonstrates strong alignment with paradigmatic compatibility by proposing extensions to Fortran that integrate task and data parallelism paradigms. While the abstract clearly addresses multiple programming paradigms and their integration, there are …",EC1,"The study demonstrates strong alignment with paradigmatic compatibility by proposing extensions to Fortran that integrate task and data parallelism paradigms. While the abstract clearly addresses multiple programming paradigms and their integration, there are …"
Automatic Schema Matching as a Complex Adaptive System: a new Approach based on Agent-based Modeling and Simulation,"Hicham Assoudi, H. Lounis",-,-,-,0,2019,maybe,"The full-text accessibility of the paper cannot be determined from the abstract alone, which is a common limitation in screening.",yes,"The paper is written in English, meeting the publication language criterion.",no,"While the paper includes empirical evidence, it's not about integration challenges between programming paradigms. The evidence relates to schema matching effectiveness and efficiency.",no,"The paper does not address interactions between programming paradigms. While it mentions a ""paradigm shift,"" this is in the context of schema matching approaches, not programming paradigms.",no,"The paper does not focus on paradigmatic compatibility between programming paradigms. Instead, it addresses schema matching using Complex Adaptive Systems theory. The ""paradigm shift"" mentioned is not related to programming paradigms.",maybe,"The study includes quantitative components through experimental validation, but not in the context of programming paradigms.",no,"The paper presents primary research, but it focuses on schema matching using Complex Adaptive Systems theory rather than paradigmatic compatibility. While it mentions a ""paradigm shift,"" this appears to be about the approach to schema matching rather than programming paradigms.",yes,"The study includes validation through ""a set of experiments"" that demonstrate effectiveness and efficiency, meeting the validation methods criterion.",Exclude,"The study focuses on schema matching using Complex Adaptive Systems theory, which fundamentally diverges from the systematic review's core interest in programming paradigm compatibility. Despite presenting empirical research with experimental validation, the paper does not address interactions between programming paradigms or their integration challenges. Consequently, the abstract fails to meet the critical screening criteria related to paradigmatic compatibility.",1.4,EC2,"The paper presents primary research, but it focuses on schema matching using Complex Adaptive Systems theory rather than paradigmatic compatibility. While it mentions a ""paradigm shift,"" this appears to be about the approach to schema matching rather than prog…",EC2,"The paper presents primary research, but it focuses on schema matching using Complex Adaptive Systems theory rather than paradigmatic compatibility. While it mentions a ""paradigm shift,"" this appears to be about the approach to schema matching rather than prog…"
Metrics-guided models and methods for cost and quality management of component-based software,"Sahra Sedigh Sarvestani, A. Ghafoor",-,-,-,0,2003,maybe,The full-text accessibility of the paper cannot be determined from the abstract alone.,yes,"The paper is written in English, meeting the language requirement.",maybe,"The abstract does not clearly indicate whether empirical data is collected or analyzed. It mentions ""metrics-guided optimization"" but does not specify if this is based on empirical evidence.",no,"The paper does not explicitly address different programming paradigms. While it discusses component-based systems, this is more about technical components rather than programming paradigms.",no,"While the paper discusses component-based systems and integration, it focuses more on quality metrics and cost management rather than paradigmatic compatibility specifically. The integration discussed is more about technical components rather than programming paradigms.",yes,"The paper clearly includes quantitative components, including software metrics, temporal models, and multi-objective optimization.",maybe,"The paper appears to be primary research investigating software metrics and component-based systems, but it does not specifically focus on paradigmatic compatibility as its main focus.",maybe,"The abstract mentions developing temporal models and graphical models, suggesting some systematic evaluation, but it does not explicitly describe validation methods or empirical testing.",Exclude,"The research primarily addresses software component integration and quality metrics, falling short of the specific focus on paradigmatic compatibility between programming paradigms. While the study includes quantitative components and discusses system integration, it lacks direct empirical evidence of paradigm interactions and does not substantively explore compatibility across different programming paradigms. Consequently, the paper does not fully align with the systematic review's core screening criteria.",2.7,EC1,"The paper does not explicitly address different programming paradigms. While it discusses component-based systems, this is more about technical components rather than programming paradigms.",EC1,"The paper does not explicitly address different programming paradigms. While it discusses component-based systems, this is more about technical components rather than programming paradigms."
Exploring Interface Paradigms for Information Models Mapping,"António Painha, Hugo Manguinhas, J. Borbinha, R. A. Redol",-,-,-,0,2012,maybe,"The full-text accessibility of the paper cannot be determined from the abstract alone, which is a common limitation in screening.",yes,"The paper is written in English, which meets the publication language criterion.",maybe,"The study includes empirical evidence through user studies, but not about programming paradigm integration. The evidence relates to visualization effectiveness.",no,"While the paper discusses multiple interface paradigms, these are not programming paradigms as intended by the criteria. The focus is on visualization techniques.",no,"The paper discusses ""interface paradigms"" but in the context of visualization and mapping tools, not programming paradigms, which is a critical mismatch with the intended focus.",maybe,"The study appears to include systematic evaluation through user studies, but the focus is on visualization rather than programming paradigms.",no,"The paper presents primary research on interface paradigms for mapping information models, but this is not specifically about programming paradigms or their integration, which is a significant mismatch with the criterion.",yes,"The study includes a user study to evaluate the proposed interface paradigms, which meets the validation methods criterion.",Exclude,"The abstract describes a study on visualization techniques for information model mapping, which fundamentally differs from the systematic review's focus on programming paradigms. Despite having robust empirical validation through user studies, the research does not address paradigmatic compatibility or integration between programming paradigms. Consequently, the paper does not meet the core screening criteria for the intended systematic review.",2.5,EC2,"The paper presents primary research on interface paradigms for mapping information models, but this is not specifically about programming paradigms or their integration, which is a significant mismatch with the criterion.",EC2,"The paper presents primary research on interface paradigms for mapping information models, but this is not specifically about programming paradigms or their integration, which is a significant mismatch with the criterion."
