Title,Authors,DOI,DOI link,Venue,Citation count,Year,Formal Model Characteristics,Quantitative Metric Development,Experimental Validation Protocol,Integration Difficulty Correlation,Paradigm Interoperability Mechanisms,General and Contextual Information,"Supporting quotes for ""Formal Model Characteristics""","Supporting tables for ""Formal Model Characteristics""","Reasoning for ""Formal Model Characteristics""","Supporting quotes for ""Quantitative Metric Development""","Supporting tables for ""Quantitative Metric Development""","Reasoning for ""Quantitative Metric Development""","Supporting quotes for ""Experimental Validation Protocol""","Supporting tables for ""Experimental Validation Protocol""","Reasoning for ""Experimental Validation Protocol""","Supporting quotes for ""Integration Difficulty Correlation""","Supporting tables for ""Integration Difficulty Correlation""","Reasoning for ""Integration Difficulty Correlation""","Supporting quotes for ""Paradigm Interoperability Mechanisms""","Supporting tables for ""Paradigm Interoperability Mechanisms""","Reasoning for ""Paradigm Interoperability Mechanisms""","Supporting quotes for ""General and Contextual Information""","Supporting tables for ""General and Contextual Information""","Reasoning for ""General and Contextual Information"""
USING UML MODELS TO MEASURE SOFTWARE PRODUCT LINES MANUTENABILITY,"Felipe Nunes Gaia, Diego Fernandes da Silva",10.5748/9788599693124-13CONTECSI/RF-4203,https://doi.org/10.5748/9788599693124-13CONTECSI/RF-4203,-,0,2016,insufficient details (the abstract provides some information on the use of AOP and CK metrics but lacks specific details on the formal model characteristics),"Not mentioned (the abstract does not provide specific details on the mathematical or computational approach, variables, range, or normalization techniques for the CK metrics)","- Overall experimental approach: Comparison of OO and AOP models using CK metrics to evaluate UML capacity in measuring software maintenance properties.
 - Specific validation techniques or protocols: Use of CK metrics to quantify cohesion, coupling, size, and complexity.
 - Types of systems or components used: Not mentioned.
 - Integration difficulties measurement: Not mentioned.","no explicit correlation found (the abstract discusses the comparison of OO and AOP models using CK metrics but does not provide statistical methods, correlation coefficients, or specific integration challenges quantified)","- Techniques: Composition mechanisms (aspects), modularity metrics, change propagation
 - Transformation strategies: Using UML stereotypes to model AOP paradigms
 - Integration strategies: Comparing OO and AOP models using CK metrics
 - Tools: UML, CK metrics","- Authors: Felipe Nunes Gaia, Diego Fernandes da Silva
 - Title: USING UML MODELS TO MEASURE SOFTWARE PRODUCT LINES MANUTENABILITY
 - Year: 2016
 - Type of study: Theoretical Proposal
 - Primary application domain: Software Product Lines (SPL)
 - Specific programming paradigms: Aspect-Oriented Programming (AOP), Object-Oriented (OO)","- ""Aspect-Oriented Programming (AOP) is a paradigm based in composition mechanisms, called aspects.""
  - ""Software Product Lines (SPL) is an emergent way of software systematic reuse.""
  - ""The products of an SPL have a common core and shared modules that are enabled or disabled, known as variability points.""
  - ""A metrics suite called CK has as the objective quantifies quality attributes like cohesion, coupling, size and complexity.""
  - ""The main objective of this paper is evaluate the UML capacity, of measuring properties related to software maintenance in the AOP paradigm.""
  - ""Thus, OO and AOP models are compared using CK metrics.""",,"- The abstract mentions the use of Aspect-Oriented Programming (AOP) and Software Product Lines (SPL), indicating these are core components of the study.
 - The AOP paradigm is described as being based on composition mechanisms called aspects, which is a key theoretical foundation.
 - The abstract refers to the use of a metrics suite called CK, which is used to quantify quality attributes such as cohesion, coupling, size, and complexity. This suggests that the CK metrics are a key theoretical framework used in the study.
 - The study involves comparing Object-Oriented (OO) and AOP models using CK metrics, which implies a focus on evaluating the maintainability of software product lines.
 - There is no mention of mathematical or logical representations of the model in the abstract, nor are there details about any specific formal model characteristics beyond the use of UML and CK metrics.","- ""Thus, OO and AOP models are compared using CK metrics.""
  - ""The main objective of this paper is evaluate the UML capacity, of measuring properties related to software maintenance in the AOP paradigm.""
  - ""The results show that AOP paradigm modularizes components better then OO, and decreases the number of attributes and methods.""
  - ""A metrics suite called CK has as the objective quantifies quality attributes like cohesion, coupling, size and complexity.""
  - ""However, this paradigm increase hierarchy between components and, coupling.""",,"- The abstract mentions the use of the CK metrics suite to quantify quality attributes such as cohesion, coupling, size, and complexity. This suggests that the CK metrics are used as a quantitative metric development in the context of evaluating software maintenance properties.
 - The abstract does not provide specific mathematical or computational details about how the CK metrics are calculated or transformed into a quantitative metric. It only mentions that these metrics are used to compare OO and AOP models.
 - There is no mention of specific variables or parameters used in the quantification, nor is there any information about the range or scale of the metric.
 - The abstract does not provide details on any normalization or standardization techniques applied to the metrics.
 - The focus of the abstract is on the comparison of OO and AOP models using CK metrics rather than on the development or mathematical formulation of these metrics.","- ""Thus, OO and AOP models are compared using CK metrics.""
  - ""The main objective of this paper is evaluate the UML capacity, of measuring properties related to software maintenance in the AOP paradigm.""
  - ""The results show that AOP paradigm modularizes components better then OO, and decreases the number of attributes and methods.""
  - ""However, this paradigm increase hierarchy between components and, coupling.""",,"- The abstract mentions that the main objective is to evaluate the UML capacity in measuring properties related to software maintenance in the AOP paradigm. This suggests an experimental approach focused on comparing UML models for Object-Oriented (OO) and Aspect-Oriented Programming (AOP) paradigms.
 - The comparison is done using CK metrics, which are a suite of metrics used to quantify quality attributes like cohesion, coupling, size, and complexity. This indicates that the experimental validation protocol involves using these metrics to assess the maintainability of software product lines.
 - The results indicate that AOP modularizes components better than OO, decreases attributes and methods, but increases hierarchy and coupling. This suggests that the validation protocol involved measuring these specific aspects of software design.
 - The abstract does not provide detailed information on the types of systems or components used in the validation or how integration difficulties were measured or observed. It focuses on the comparison of OO and AOP models using CK metrics.","- ""However, this paradigm increase hierarchy between components and, coupling.""
  - ""The results show that AOP paradigm modularizes components better then OO, and decreases the number of attributes and methods.""
  - ""Thus, OO and AOP models are compared using CK metrics.""
  - ""The main objective of this paper is evaluate the UML capacity, of measuring properties related to software maintenance in the AOP paradigm.""",,"- The abstract discusses the comparison of Object-Oriented (OO) and Aspect-Oriented Programming (AOP) models using CK metrics, which are related to software maintenance properties.
 - The results indicate that AOP modularizes components better and reduces the number of attributes and methods, which could imply easier integration due to less complexity.
 - However, AOP also increases hierarchy between components and coupling, which could potentially make integration more difficult due to increased dependencies.
 - The abstract does not mention any specific statistical methods used to establish a correlation between these metrics and integration difficulties.
 - There are no correlation coefficients or statistical significance values provided in the abstract.
 - The abstract does not explicitly mention any limitations in the correlation analysis or specific integration challenges that were quantified.","- ""Aspect-Oriented Programming (AOP) is a paradigm based in composition mechanisms, called aspects.""
  - ""Thus, OO and AOP models are compared using CK metrics.""
  - ""The main objective of this paper is evaluate the UML capacity, of measuring properties related to software maintenance in the AOP paradigm.""
  - ""Some papers proposed stereotypes for modeling these paradigms using UML, and others analyzed the values of CK metrics through UML models.""
  - ""Several works studied and used the AOP paradigm for managing variabilities focusing in software evolution; however, they just used modularity metrics and change propagation.""",,"- The abstract mentions the use of ""composition mechanisms, called aspects"" in AOP, which is a technique for managing paradigm interoperability by allowing different aspects to be composed together.
 - The mention of ""modularity metrics and change propagation"" suggests a strategy for managing variability and evolution in software, which is relevant to interoperability.
 - The use of ""stereotypes for modeling these paradigms using UML"" indicates a transformation strategy where UML is used to model AOP paradigms, facilitating interoperability.
 - The comparison of ""OO and AOP models using CK metrics"" implies a method for evaluating and integrating different paradigmatic approaches through metrics analysis.
 - The abstract does not explicitly mention novel approaches or specific computational tools beyond UML and CK metrics, but these are tools supporting interoperability.","- ""Thus, OO and AOP models are compared using CK metrics.""
  - ""The main objective of this paper is evaluate the UML capacity, of measuring properties related to software maintenance in the AOP paradigm.""
  - ""Software Product Lines (SPL) is an emergent way of software systematic reuse.""
  - ""Aspect-Oriented Programming (AOP) is a paradigm based in composition mechanisms, called aspects.""",,"- The full bibliographic information is provided: Authors (Felipe Nunes Gaia, Diego Fernandes da Silva), Title (USING UML MODELS TO MEASURE SOFTWARE PRODUCT LINES MANUTENABILITY), Year (2016).
 - The type of study is not explicitly mentioned, but the abstract suggests a comparison of UML models for measuring software maintenance properties, which could imply a theoretical or methodological study.
 - The primary application domain is related to software product lines (SPL), which is an emergent way of software systematic reuse.
 - The specific programming paradigms discussed are Aspect-Oriented Programming (AOP) and Object-Oriented (OO)."
Types for Multi-Paradigm Modelling,"J. Lara, H. Vangheluwe",-,-,-,0,-,"- Core components: Representation of time in system models, relationship between formalisms and types
 - Key theoretical foundations: Meta-modeling, graph grammars
 - Mathematical/logical representations: Formalism Transformation Graph (FTG)",Not mentioned (the abstract does not provide information on quantitative metric development or any related mathematical or computational approaches),Not mentioned (the abstract does not provide information on an experimental validation protocol or specific validation techniques),no explicit correlation found (the abstract focuses on conceptual and technical aspects of multi-paradigm modeling without discussing statistical correlations or integration difficulties),"- Techniques for bridging different paradigmatic approaches: AToM3 allows modeling different parts of a system using different formalisms.
 - Transformation or integration strategies: Models can be automatically converted between formalisms using a Formalism Transformation Graph (FTG).
 - Computational or modeling tools supporting interoperability: AToM3 uses meta-models to generate tools for processing models; graph grammars are used to manipulate types.
 - Novel approaches to managing paradigm differences: Inclusion of time representation information in types; use of meta-modeling and graph grammars.","- Authors: J. Lara, H. Vangheluwe
 - Title: Types for Multi-Paradigm Modelling
 - Year: Not mentioned
 - Publication Venue: Not mentioned
 - Type of study: Theoretical Proposal
 - Primary application domain: Software modeling and development
 - Specific programming paradigms: Meta-modelling, multi-formalism modeling, multiple abstraction levels","- ""In this article we discuss the limitations found in regular programming language types when used in the context of multiparadigm modelling.""
  - ""By multi-paradigm, we mean the combination of meta-modelling (i.e., modelling models), multi-formalism modelling, and multiple abstraction levels.""
  - ""we propose the inclusion, in types, of information about how time is represented and ultimately simulated in each component of a system model.""
  - ""We also discuss the relationship between formalisms and types, and give an overview of the design and implementation of the multi-paradigm concepts in a tool called AToM3.""
  - ""AToM3 allows one to model different parts of a system using different formalisms.""
  - ""The formalisms themselves are modelled at a metalevel within an appropriate formalism.""
  - ""AToM3 uses the information found in the meta-models to automatically generate tools to process (create, edit, check, and generate simulators for) the models in the described formalism.""
  - ""Models can be automatically converted between formalisms thanks to information found in a Formalism Transformation Graph (FTG).""
  - ""The transformations are described at a meta-level by means of models in the graph-grammar formalism.""
  - ""Composite types are described by constructing models in the “types” formalism which has also been modelled at a meta-level within AToM3.""
  - ""Graph grammars are used to manipulate types.""",,"- The abstract discusses the limitations of regular programming language types in multi-paradigm modeling, which involves meta-modeling, multi-formalism modeling, and multiple abstraction levels. This suggests that the formal model is designed to address these limitations.
 - The core components of the model include the representation of time in system models and the relationship between formalisms and types. This indicates a focus on temporal representation and formalism compatibility.
 - The abstract mentions the use of meta-modeling and graph grammars as key theoretical foundations. Meta-modeling is used to model formalisms at a meta-level, and graph grammars are used to manipulate types.
 - The Formalism Transformation Graph (FTG) is a mathematical representation used to describe transformations between formalisms. This suggests a structured approach to formalism compatibility.
 - The abstract does not provide detailed mathematical or logical representations of the model beyond the use of graph grammars and FTG.","- ""In this article we discuss the limitations found in regular programming language types when used in the context of multiparadigm modelling.""
  - ""By multi-paradigm, we mean the combination of meta-modelling (i.e., modelling models), multi-formalism modelling, and multiple abstraction levels.""
  - ""we propose the inclusion, in types, of information about how time is represented and ultimately simulated in each component of a system model.""
  - ""We also discuss the relationship between formalisms and types, and give an overview of the design and implementation of the multi-paradigm concepts in a tool called AToM3.""
  - ""AToM3 allows one to model different parts of a system using different formalisms.""
  - ""The formalisms themselves are modelled at a metalevel within an appropriate formalism.""
  - ""AToM3 uses the information found in the meta-models to automatically generate tools to process (create, edit, check, and generate simulators for) the models in the described formalism.""
  - ""Models can be automatically converted between formalisms thanks to information found in a Formalism Transformation Graph (FTG).""
  - ""The transformations are described at a meta-level by means of models in the graph-grammar formalism.""
  - ""Composite types are described by constructing models in the “types” formalism which has also been modelled at a meta-level within AToM3.""
  - ""Graph grammars are used to manipulate types.""",,"- The abstract discusses the limitations of regular programming language types in multi-paradigm modeling and proposes the inclusion of time representation information in types.
 - It mentions the use of AToM3, a tool that allows modeling different parts of a system using different formalisms and automatically generates tools for processing models.
 - The abstract describes the use of meta-models, Formalism Transformation Graphs (FTGs), and graph grammars for manipulating types and converting models between formalisms.
 - However, there is no specific mention of a quantitative metric development or any mathematical or computational approach to create such a metric.
 - The abstract does not provide details on variables or parameters used in quantification, nor does it mention any range or scale of a metric.
 - There is no mention of normalization or standardization techniques applied to any metric.","- ""In this article we discuss the limitations found in regular programming language types when used in the context of multiparadigm modelling.""
  - ""By multi-paradigm, we mean the combination of meta-modelling (i.e., modelling models), multi-formalism modelling, and multiple abstraction levels.""
  - ""We also discuss the relationship between formalisms and types, and give an overview of the design and implementation of the multi-paradigm concepts in a tool called AToM3.""
  - ""AToM3 allows one to model different parts of a system using different formalisms.""
  - ""The formalisms themselves are modelled at a metalevel within an appropriate formalism.""
  - ""AToM3 uses the information found in the meta-models to automatically generate tools to process (create, edit, check, and generate simulators for) the models in the described formalism.""
  - ""Models can be automatically converted between formalisms thanks to information found in a Formalism Transformation Graph (FTG).""
  - ""The transformations are described at a meta-level by means of models in the graph-grammar formalism.""
  - ""Composite types are described by constructing models in the “types” formalism which has also been modelled at a meta-level within AToM3.""
  - ""Graph grammars are used to manipulate types.""",,"- The abstract discusses the limitations of regular programming language types in multi-paradigm modeling and proposes the inclusion of time representation and simulation information in types.
 - It describes the design and implementation of AToM3, a tool that allows modeling different parts of a system using different formalisms.
 - AToM3 uses meta-models to generate tools for processing models and can convert models between formalisms using a Formalism Transformation Graph (FTG).
 - The abstract does not mention any experimental validation protocol or specific validation techniques used to validate the compatibility metric.
 - There is no description of an experimental design, specific validation techniques, or types of systems used in validation.
 - The abstract focuses on the conceptual and design aspects of AToM3 rather than experimental validation.","- ""In this article we discuss the limitations found in regular programming language types when used in the context of multiparadigm modelling.""
  - ""By multi-paradigm, we mean the combination of meta-modelling (i.e., modelling models), multi-formalism modelling, and multiple abstraction levels.""
  - ""We also discuss the relationship between formalisms and types, and give an overview of the design and implementation of the multi-paradigm concepts in a tool called AToM3.""
  - ""AToM3 allows one to model different parts of a system using different formalisms.""
  - ""The formalisms themselves are modelled at a metalevel within an appropriate formalism.""
  - ""AToM3 uses the information found in the meta-models to automatically generate tools to process (create, edit, check, and generate simulators for) the models in the described formalism.""
  - ""Models can be automatically converted between formalisms thanks to information found in a Formalism Transformation Graph (FTG).""
  - ""The transformations are described at a meta-level by means of models in the graph-grammar formalism.""
  - ""Composite types are described by constructing models in the “types” formalism which has also been modelled at a meta-level within AToM3.""
  - ""Graph grammars are used to manipulate types.""",,"- The abstract discusses the limitations of regular programming language types in multi-paradigm modeling and proposes solutions such as including time representation and simulation information in types.
 - It describes the design and implementation of AToM3, a tool that allows modeling different parts of a system using different formalisms and automatically generates tools for model processing.
 - The abstract mentions the use of meta-models, formalism transformation graphs, and graph grammars to facilitate model conversion and type manipulation.
 - However, there is no mention of any statistical methods, correlation coefficients, or statistical significance values related to integration difficulties.
 - The abstract does not discuss any specific integration challenges that were quantified or any limitations in correlation analysis.
 - The focus of the abstract is on the conceptual and technical aspects of multi-paradigm modeling rather than on quantitative metrics or statistical correlations.","- ""In this article we discuss the limitations found in regular programming language types when used in the context of multiparadigm modelling.""
  - ""By multi-paradigm, we mean the combination of meta-modelling (i.e., modelling models), multi-formalism modelling, and multiple abstraction levels.""
  - ""we propose the inclusion, in types, of information about how time is represented and ultimately simulated in each component of a system model.""
  - ""We also discuss the relationship between formalisms and types, and give an overview of the design and implementation of the multi-paradigm concepts in a tool called AToM3.""
  - ""AToM3 allows one to model different parts of a system using different formalisms.""
  - ""The formalisms themselves are modelled at a metalevel within an appropriate formalism.""
  - ""AToM3 uses the information found in the meta-models to automatically generate tools to process (create, edit, check, and generate simulators for) the models in the described formalism.""
  - ""Models can be automatically converted between formalisms thanks to information found in a Formalism Transformation Graph (FTG).""
  - ""The transformations are described at a meta-level by means of models in the graph-grammar formalism.""
  - ""Composite types are described by constructing models in the “types” formalism which has also been modelled at a meta-level within AToM3.""
  - ""Graph grammars are used to manipulate types.""",,"- The abstract discusses the limitations of traditional types in multiparadigm modeling and proposes the inclusion of time representation information in types, which is a novel approach to managing paradigm differences.
 - AToM3 is a tool that supports interoperability by allowing different parts of a system to be modeled using different formalisms, which is a technique for bridging different paradigmatic approaches.
 - The tool uses meta-modeling to model formalisms at a metalevel, which is a strategy for integrating different formalisms.
 - The Formalism Transformation Graph (FTG) is a mechanism for transforming models between formalisms, which is a transformation strategy.
 - Graph grammars are used to manipulate types, which is a computational tool supporting interoperability.
 - The abstract highlights the use of meta-modeling and graph grammars as novel approaches to managing paradigm differences.","- ""In this article we discuss the limitations found in regular programming language types when used in the context of multiparadigm modelling.""
  - ""By multi-paradigm, we mean the combination of meta-modelling (i.e., modelling models), multi-formalism modelling, and multiple abstraction levels.""
  - ""We also discuss the relationship between formalisms and types, and give an overview of the design and implementation of the multi-paradigm concepts in a tool called AToM3.""
  - ""AToM3 allows one to model different parts of a system using different formalisms.""
  - ""The formalisms themselves are modelled at a metalevel within an appropriate formalism.""
  - ""AToM3 uses the information found in the meta-models to automatically generate tools to process (create, edit, check, and generate simulators for) the models in the described formalism.""
  - ""Models can be automatically converted between formalisms thanks to information found in a Formalism Transformation Graph (FTG).""
  - ""Composite types are described by constructing models in the “types” formalism which has also been modelled at a meta-level within AToM3.""
  - ""Graph grammars are used to manipulate types.""",,"- The full bibliographic information is partially provided: Authors (J. Lara, H. Vangheluwe), Title (Types for Multi-Paradigm Modelling). The year and publication venue are not mentioned in the abstract.
 - The type of study presented is a Theoretical Proposal, as it discusses limitations and proposes new concepts for multi-paradigm modeling.
 - The primary application domain is not explicitly mentioned, but it can be inferred to be related to software modeling and development, given the context of programming language types and multi-paradigm modeling.
 - The specific programming paradigms discussed include meta-modelling, multi-formalism modeling, and multiple abstraction levels, which are part of the multi-paradigm approach."
What Petri Nets Oblige us to Say Comparing Approaches for Behavior Composition,"Achiya Elyasaf, Tom Yaacov, Gera Weiss",10.1109/TSE.2022.3216683,https://doi.org/10.1109/TSE.2022.3216683,IEEE Transactions on Software Engineering,4,2022,"- Petri Nets (PN): Core component is the requirement to specify mechanisms for combining multiple requirements, which can lead to over-specification. Key theoretical foundation is traditional Petri Net theory. Maintains mathematical properties but lacks dynamic model change capabilities.
 - Behavioral Programming (BP): Core component is its ability to seamlessly integrate independent requirements without over-specification, using semantics that define how to interweave scenarios. Key theoretical foundation is its design for integrating independent requirements. Maintains the same mathematical properties as PN and allows for dynamic model changes. Supports formal methods and reasoning techniques.
 - Mathematical or logical representations: Insufficient details provided in the abstract.",Not mentioned (the abstract does not provide specific details about the quantitative metric development),Not mentioned (the abstract does not provide details on the experimental validation protocol),no explicit correlation found (the abstract discusses integration challenges and proposes a solution but does not provide specific statistical methods or correlation results),"- Specific technique: Use of Behavioral Programming (BP) for seamless integration of independent requirements.
 - Transformation strategy: Tool for translating BP models to PN and vice versa.
 - Computational/modeling tool: Tool for translating BP models to PN and vice versa.
 - Novel approach: Use of BP for integration and translation tool for interoperability between BP and PN.","- Full bibliographic information: Achiya Elyasaf, Tom Yaacov, Gera Weiss (2022), ""What Petri Nets Oblige us to Say Comparing Approaches for Behavior Composition""
 - Type of study: Theoretical Proposal
 - Primary application domain: Reactive Systems
 - Specific programming paradigms: Petri Nets (PN), Behavioral Programming (BP)","- ""We identify and demonstrate a weakness of Petri Nets (PN) in specifying composite behavior of reactive systems.""
  - ""modelers are obliged to specify mechanisms for combining these requirements.""
  - ""To address this problem, we propose to model the system behavior using behavioral programming (BP), a software development and modeling paradigm designed for seamless integration of independent requirements.""
  - ""the semantics of BP, which define how to interweave scenarios into a single model, allow for avoiding the over-specification.""
  - ""BP maintains the same mathematical properties as PN, it provides means for changing the model dynamically, thus increasing the agility of the specification.""
  - ""We compare BP and PN in quantitative and qualitative measures by analyzing the models, their generated execution paths, and the specification process.""
  - ""BP is supported by tools that allow for applying formal methods and reasoning techniques to the model, it lacks the legacy of PN tools and algorithms.""
  - ""we propose semantics and a tool for translating BP models to PN and vice versa.""",,"- The abstract discusses two formal models: Petri Nets (PN) and Behavioral Programming (BP).
 - For PN, the core component is the requirement to specify mechanisms for combining multiple requirements, which can lead to over-specification.
 - For BP, the core component is its ability to seamlessly integrate independent requirements without over-specification, using semantics that define how to interweave scenarios.
 - The key theoretical foundation for BP is its design for integrating independent requirements, while PN is based on traditional Petri Net theory.
 - BP maintains the same mathematical properties as PN, indicating a shared mathematical foundation.
 - The abstract does not provide detailed mathematical or logical representations of the models, but it mentions that BP allows for dynamic model changes and supports formal methods and reasoning techniques.
 - The abstract compares BP and PN in terms of their models, execution paths, and specification processes, but does not provide specific mathematical or logical details.","- ""We compare BP and PN in quantitative and qualitative measures by analyzing the models, their generated execution paths, and the specification process.""
  - ""Finally, while BP is supported by tools that allow for applying formal methods and reasoning techniques to the model, it lacks the legacy of PN tools and algorithms.""",,"- The abstract mentions a comparison between Behavioral Programming (BP) and Petri Nets (PN) using ""quantitative and qualitative measures."" This suggests that some form of quantitative metric development is involved in the comparison.
 - However, the abstract does not provide specific details about the mathematical or computational approach used to create these metrics. It does not mention any specific variables, parameters, or scales used in the quantification.
 - The abstract does not specify any normalization or standardization techniques applied to these metrics.
 - The focus of the abstract is more on the conceptual comparison and the proposal of using BP to address weaknesses in PN rather than on detailed quantitative metric development.","- ""We identify and demonstrate a weakness of Petri Nets (PN) in specifying composite behavior of reactive systems.""
  - ""We demonstrate how some execution paths are missed, and some are generated unintentionally.""
  - ""To support this claim, we analyze PN models from the literature, identify the combination mechanisms, and demonstrate their effect on the correctness of the model.""
  - ""To address this problem, we propose to model the system behavior using behavioral programming (BP), a software development and modeling paradigm designed for seamless integration of independent requirements.""
  - ""We compare BP and PN in quantitative and qualitative measures by analyzing the models, their generated execution paths, and the specification process.""
  - ""Finally, while BP is supported by tools that allow for applying formal methods and reasoning techniques to the model, it lacks the legacy of PN tools and algorithms.""
  - ""To address this issue, we propose semantics and a tool for translating BP models to PN and vice versa.""",,"- The abstract discusses the identification of a weakness in Petri Nets (PN) and proposes Behavioral Programming (BP) as an alternative.
 - The validation approach involves analyzing PN models from the literature to demonstrate the effects of combination mechanisms on model correctness.
 - The comparison between BP and PN includes quantitative and qualitative measures, focusing on model analysis and generated execution paths.
 - The abstract mentions the use of tools for applying formal methods and reasoning techniques to BP models, but does not specify these as part of an experimental validation protocol.
 - There is no mention of specific experimental design, validation techniques, or protocols in the abstract.
 - The abstract does not provide details on the types of systems or components used in the validation or how integration difficulties were measured or observed.","- ""We identify and demonstrate a weakness of Petri Nets (PN) in specifying composite behavior of reactive systems.""
  - ""This yields, in many cases, over-specification and incorrect models.""
  - ""To support this claim, we analyze PN models from the literature, identify the combination mechanisms, and demonstrate their effect on the correctness of the model.""
  - ""To address this problem, we propose to model the system behavior using behavioral programming (BP), a software development and modeling paradigm designed for seamless integration of independent requirements.""
  - ""We compare BP and PN in quantitative and qualitative measures by analyzing the models, their generated execution paths, and the specification process.""
  - ""Finally, while BP is supported by tools that allow for applying formal methods and reasoning techniques to the model, it lacks the legacy of PN tools and algorithms.""",,"- The abstract discusses the limitations of Petri Nets (PN) in specifying composite behavior, leading to over-specification and incorrect models. This suggests a difficulty in integration.
 - The authors propose Behavioral Programming (BP) as an alternative to address these integration challenges, indicating that BP is designed for seamless integration.
 - The abstract mentions a comparison between BP and PN in quantitative and qualitative measures, which could imply some form of correlation analysis.
 - However, the abstract does not provide specific statistical methods, correlation coefficients, or statistical significance values related to an ""Integration Difficulty Correlation.""
 - There is no explicit mention of a correlation between a quantitative metric and observed integration difficulties, nor are there any specific integration challenges quantified in the abstract.
 - The abstract focuses on the conceptual comparison and the proposal of BP as a solution rather than providing detailed statistical analysis or correlation results.","- ""we propose to model the system behavior using behavioral programming (BP), a software development and modeling paradigm designed for seamless integration of independent requirements.""
  - ""we propose semantics and a tool for translating BP models to PN and vice versa.""",,"- The abstract discusses the use of Behavioral Programming (BP) as a paradigm to address the weaknesses of Petri Nets (PN) in specifying composite behavior. This suggests that BP is used as a mechanism for managing paradigm interoperability by providing a way to integrate independent requirements seamlessly.
 - The mention of ""semantics and a tool for translating BP models to PN and vice versa"" indicates a specific technique for bridging different paradigmatic approaches. This tool allows for the transformation of models between BP and PN, facilitating interoperability between these two paradigms.
 - The abstract does not mention any other specific techniques or strategies for managing paradigm differences beyond the translation tool and the use of BP for integration.
 - The tool for translating models between BP and PN is highlighted as a novel approach to managing paradigm differences, as it enables the conversion of models between these two paradigms.","- ""We identify and demonstrate a weakness of Petri Nets (PN) in specifying composite behavior of reactive systems.""
  - ""To address this problem, we propose to model the system behavior using behavioral programming (BP), a software development and modeling paradigm designed for seamless integration of independent requirements.""
  - ""Finally, while BP is supported by tools that allow for applying formal methods and reasoning techniques to the model, it lacks the legacy of PN tools and algorithms.""
  - ""We compare BP and PN in quantitative and qualitative measures by analyzing the models, their generated execution paths, and the specification process.""",,"- The full bibliographic information is provided: Authors (Achiya Elyasaf, Tom Yaacov, Gera Weiss), Title (What Petri Nets Oblige us to Say Comparing Approaches for Behavior Composition), Year (2022).
 - The type of study presented is a Theoretical Proposal, as it involves identifying weaknesses in Petri Nets and proposing an alternative approach using behavioral programming.
 - The primary application domain is reactive systems, as indicated by the focus on specifying composite behavior of such systems.
 - The specific programming paradigms discussed are Petri Nets (PN) and Behavioral Programming (BP)."
Reasoning and modeling paradigms are incompatible,P. Wegner,10.1109/HICSS.1993.284118,https://doi.org/10.1109/HICSS.1993.284118,[1993] Proceedings of the Twenty-sixth Hawaii International Conference on System Sciences,1,1993,"insufficient details (the abstract mentions object-oriented and logic-programming paradigms, observability of interactions, software complexity, and LP-completeness, but lacks detailed descriptions of the formal model characteristics)",Not mentioned (the abstract does not provide specific details on the development of a quantitative metric for paradigmatic compatibility),Not mentioned (the abstract is theoretical and does not discuss an experimental validation protocol),no explicit correlation found (the abstract discusses incompatibility and introduces complexity concepts but does not provide specific correlation details),Not mentioned (the abstract does not discuss any mechanisms for managing paradigm interoperability),"- Authors: P. Wegner
 - Title: Reasoning and modeling paradigms are incompatible
 - Year: 1993
 - Publication Venue: Not mentioned
 - Type of study: Theoretical Proposal
 - Primary application domain: Software Development/Computer Science
 - Specific programming paradigms: Object-Oriented, Logic Programming","- ""A notion of software complexity with parallels to computational complexity, and a notion of LP-completeness that parallels NP-completeness are introduced.<<ETX>>""
  - ""This impossibility result, based on a new notion of observability of interactions among components, suggests that combining object-oriented with logic programming is not merely hard but impossible.""
  - ""Object-oriented and logic-programming paradigms are shown to be incompatible as component-based models of computation.""",,"- The abstract mentions that object-oriented and logic-programming paradigms are incompatible as component-based models of computation. This suggests that the formal model involves these two paradigms as core components.
 - The concept of ""observability of interactions among components"" is introduced as a basis for the impossibility result. This implies that the model likely includes theoretical foundations related to how components interact and are observed.
 - The mention of ""software complexity with parallels to computational complexity"" and ""LP-completeness that parallels NP-completeness"" indicates that the model may involve mathematical or logical representations related to complexity theory.
 - However, the abstract does not provide detailed descriptions of the core components, theoretical foundations, or mathematical representations of the model. It only hints at these aspects without elaborating.","- ""a notion of LP-completeness that parallels NP-completeness""
  - ""a new notion of observability of interactions among components,""
  - ""A notion of software complexity with parallels to computational complexity,""",,"- The abstract mentions the development of a ""new notion of observability of interactions among components,"" which suggests a qualitative approach to understanding paradigmatic compatibility. However, it does not provide specific details on how this notion is quantified or transformed into a metric.
 - The mention of ""a notion of software complexity with parallels to computational complexity"" implies that there might be a quantitative aspect to the work, but again, no specific mathematical or computational approach is described in the abstract.
 - The reference to ""LP-completeness that parallels NP-completeness"" suggests a theoretical framework related to computational complexity, but it does not specify how this is used to create a quantitative metric for paradigmatic compatibility.
 - The abstract does not provide any information on variables, parameters, range or scale, normalization, or standardization techniques related to the development of a quantitative metric.","- ""This impossibility result, based on a new notion of observability of interactions among components, suggests that combining object-oriented with logic programming is not merely hard but impossible.""
  - ""A notion of software complexity with parallels to computational complexity, and a notion of LP-completeness that parallels NP-completeness are introduced.<<ETX>>""
  - ""While paradigmatic incompatibility is the most startling result, the novel use of models and metrics is of independent interest.""
  - ""It implies the more general incompatibility of reasoning and modeling and the impossibility of reducing modeling to reasoning as in automatic program verification.""
  - ""Object-oriented and logic-programming paradigms are shown to be incompatible as component-based models of computation.""",,"- The abstract discusses the incompatibility of object-oriented and logic-programming paradigms, which is a theoretical or conceptual finding rather than an experimental validation.
 - The mention of ""a new notion of observability of interactions among components"" suggests a theoretical framework rather than an experimental protocol.
 - The abstract does not mention any experimental design, validation techniques, or specific systems/components used for validation.
 - The focus is on theoretical implications and the introduction of new concepts like software complexity and LP-completeness, which are not related to experimental validation.
 - The abstract does not provide details on how integration difficulties were measured or observed, as it is focused on theoretical incompatibility rather than empirical validation.","- ""A notion of software complexity with parallels to computational complexity, and a notion of LP-completeness that parallels NP-completeness are introduced.<<ETX>>""
  - ""It implies the more general incompatibility of reasoning and modeling and the impossibility of reducing modeling to reasoning as in automatic program verification.""
  - ""This impossibility result, based on a new notion of observability of interactions among components, suggests that combining object-oriented with logic programming is not merely hard but impossible.""
  - ""Object-oriented and logic-programming paradigms are shown to be incompatible as component-based models of computation.""",,"- The abstract discusses the incompatibility of object-oriented and logic-programming paradigms, which implies difficulties in integration.
 - It mentions a ""new notion of observability of interactions among components,"" which could relate to integration challenges, but does not provide specific details on how this notion quantifies integration difficulties.
 - The abstract introduces concepts like ""software complexity"" and ""LP-completeness,"" which are related to computational complexity, but it does not specify how these concepts are used to establish a correlation with integration difficulties.
 - There is no mention of statistical methods, correlation coefficients, or statistical significance values in the abstract.
 - The abstract does not explicitly mention any specific integration challenges that were quantified or any limitations in correlation analysis.","- ""Object-oriented and logic-programming paradigms are shown to be incompatible as component-based models of computation.""
  - ""While paradigmatic incompatibility is the most startling result, the novel use of models and metrics is of independent interest.""
  - ""It implies the more general incompatibility of reasoning and modeling and the impossibility of reducing modeling to reasoning as in automatic program verification.""
  - ""This impossibility result, based on a new notion of observability of interactions among components, suggests that combining object-oriented with logic programming is not merely hard but impossible.""
  - ""A notion of software complexity with parallels to computational complexity, and a notion of LP-completeness that parallels NP-completeness are introduced.<<ETX>>""",,"- The abstract primarily discusses the incompatibility of object-oriented and logic-programming paradigms, which suggests that there are no mechanisms for interoperability between these paradigms.
 - The mention of ""incompatibility"" and ""impossibility"" indicates that the paper does not propose or discuss any techniques for bridging these paradigmatic differences.
 - The abstract does not mention any specific techniques, transformation strategies, or computational tools that support interoperability between different paradigms.
 - The focus is on the impossibility of combining these paradigms rather than on mechanisms for managing interoperability.
 - The introduction of new notions like software complexity and LP-completeness does not relate to interoperability mechanisms but rather to theoretical concepts.","- ""A notion of software complexity with parallels to computational complexity, and a notion of LP-completeness that parallels NP-completeness are introduced.<<ETX>>""
  - ""While paradigmatic incompatibility is the most startling result, the novel use of models and metrics is of independent interest.""
  - ""It implies the more general incompatibility of reasoning and modeling and the impossibility of reducing modeling to reasoning as in automatic program verification.""
  - ""This impossibility result, based on a new notion of observability of interactions among components, suggests that combining object-oriented with logic programming is not merely hard but impossible.""
  - ""Object-oriented and logic-programming paradigms are shown to be incompatible as component-based models of computation.""",,"- The full bibliographic information is provided in the title and abstract: Author - P. Wegner, Title - ""Reasoning and modeling paradigms are incompatible"", Year - 1993.
 - The type of study presented is a ""Theoretical Proposal"" as it discusses theoretical concepts and impossibility results rather than empirical data or practical applications.
 - The primary application domain is not explicitly mentioned, but it can be inferred to be related to ""Software Development"" or ""Computer Science"" due to the discussion of programming paradigms and software complexity.
 - The specific programming paradigms discussed are ""Object-Oriented"" and ""Logic Programming""."
"Composability, compatibility, compositionality: automatic preservation of timed properties during incremental development","J. Julliand, H. Mountassir, Emilie Oudot",-,-,-,10,2007,"- Core components: Timed components modeled as timed automata or timed automata with deadlines.
 - Key theoretical foundations: Timed linear logic MITL (Metric Interval Linear Logic), timed τ -simulation relations.
 - Mathematical/logical representations: Timed linear logic MITL, timed τ -simulation relations.
 - Multiple approaches: Classic operator using CSP-like paradigm, non-blocking operator closer to CCS paradigm.",Not mentioned (the abstract does not provide specific information on the development of a quantitative metric),Not mentioned (the abstract does not provide details on an experimental validation protocol),no explicit correlation found (the abstract does not mention any statistical methods or correlation coefficients related to integration difficulties),"- Specific techniques for bridging different paradigmatic approaches: Use of a classic operator with a CSP-like composition paradigm and a non-blocking operator closer to the CCS paradigm.
 - Transformation or integration strategies: Composability, compatibility, and compositionality of relations with respect to composition operators.
 - Computational or modeling tools supporting interoperability: Not mentioned.
 - Novel approaches to managing paradigm differences: Not mentioned.","- Full bibliographic information: Authors - J. Julliand, H. Mountassir, Emilie Oudot; Title - Composability, compatibility, compositionality: automatic preservation of timed properties during incremental development; Year - 2007
 - Type of study: Theoretical Proposal
 - Primary application domain: Component-based timed systems
 - Specific programming paradigms: CSP-like and CCS paradigms","- ""Timed components are modeled as timed automata or timed automata with deadlines.""
  - ""Properties considered are all safety and liveness properties which can be expressed with the timed linear logic MITL (Metric Interval Linear Logic), as well as non-zenoness and deadlock-freedom.""
  - ""We examine these properties when integration is achieved with two different timed composition operators: the classic operator usually taken for timed systems and which uses a CSP-like composition paradigm, and a non-blocking operator closer to the CCS paradigm.""
  - ""Checking preservation can be achieved by means of the verification of timed τ -simulation relations.""
  - ""Composability, compatibility and compositionality of these relations w.r.t. composition operators are properties which allow to reduce the cost of this verification.""",,"- The core components of the model are ""timed components"" which are modeled using ""timed automata or timed automata with deadlines."" This indicates that the formal model is based on these automata.
 - The key theoretical foundations or frameworks used include ""timed linear logic MITL (Metric Interval Linear Logic)"" for expressing safety and liveness properties, as well as ""timed τ -simulation relations"" for verification.
 - The mathematical or logical representation of the model involves the use of ""timed linear logic MITL"" and ""timed τ -simulation relations,"" which are mathematical constructs used to express and verify properties.
 - The study presents two approaches to integration: a ""classic operator"" using a CSP-like paradigm and a ""non-blocking operator"" closer to the CCS paradigm. These are different composition operators used in the model.","- ""We are interested in the preservation of local properties of timed components during their integration in a timed system.""
  - ""Checking preservation can be achieved by means of the verification of timed τ -simulation relations.""
  - ""Composability, compatibility and compositionality of these relations w.r.t. composition operators are properties which allow to reduce the cost of this verification.""
  - ""We examine these properties when integration is achieved with two different timed composition operators: the classic operator usually taken for timed systems and which uses a CSP-like composition paradigm, and a non-blocking operator closer to the CCS paradigm.""
  - ""Properties considered are all safety and liveness properties which can be expressed with the timed linear logic MITL (Metric Interval Linear Logic), as well as non-zenoness and deadlock-freedom.""",,"- The abstract discusses the preservation of timed properties during the integration of components, focusing on safety, liveness, non-zenoness, and deadlock-freedom.
 - It mentions the use of timed τ -simulation relations for verifying preservation, which suggests a computational approach to checking these properties.
 - The abstract does not provide specific details on how these relations are quantified or any mathematical or computational approach used to create a metric.
 - There is no mention of variables, parameters, or a range or scale for any metric.
 - The abstract does not discuss normalization or standardization techniques.
 - The focus is on the conceptual framework and properties rather than specific quantitative metrics or their development.","- ""We are interested in the preservation of local properties of timed components during their integration in a timed system.""
  - ""Properties considered are all safety and liveness properties which can be expressed with the timed linear logic MITL (Metric Interval Linear Logic), as well as non-zenoness and deadlock-freedom.""
  - ""Integration of components is a kind of incremental development which consists in checking locally the properties of the components, before integrating them in the complete system, using some composition operator.""
  - ""Checking preservation can be achieved by means of the verification of timed τ -simulation relations.""
  - ""Composability, compatibility and compositionality of these relations w.r.t. composition operators are properties which allow to reduce the cost of this verification.""
  - ""We examine these properties when integration is achieved with two different timed composition operators: the classic operator usually taken for timed systems and which uses a CSP-like composition paradigm, and a non-blocking operator closer to the CCS paradigm.""",,"- The abstract discusses the preservation of local properties during the integration of timed components, which suggests a focus on theoretical or conceptual validation rather than experimental validation.
 - The mention of ""checking locally the properties of the components"" and ""verification of timed τ -simulation relations"" indicates a theoretical approach to validation, as these are methods used to ensure properties are preserved during integration.
 - The abstract does not mention any specific experimental design, validation techniques, or types of systems/components used in an experimental validation protocol.
 - There is no mention of how integration difficulties were measured or observed, which further suggests that the validation is theoretical rather than experimental.","- ""We examine these properties when integration is achieved with two different timed composition operators: the classic operator usually taken for timed systems and which uses a CSP-like composition paradigm, and a non-blocking operator closer to the CCS paradigm.""
  - ""Composability, compatibility and compositionality of these relations w.r.t. composition operators are properties which allow to reduce the cost of this verification.""
  - ""Checking preservation can be achieved by means of the verification of timed τ -simulation relations.""
  - ""Integration of components is a kind of incremental development which consists in checking locally the properties of the components, before integrating them in the complete system, using some composition operator.""
  - ""We are interested in the preservation of local properties of timed components during their integration in a timed system.""",,"- The abstract discusses the preservation of local properties during integration and the use of timed τ -simulation relations to verify this preservation.
 - It mentions the examination of composability, compatibility, and compositionality properties in relation to composition operators, which could imply a focus on integration challenges.
 - However, there is no mention of a specific ""Integration Difficulty Correlation"" or any statistical methods used to establish such a correlation.
 - The abstract does not provide any correlation coefficients or statistical significance values related to integration difficulties.
 - There is no explicit mention of specific integration challenges that were quantified or any limitations in correlation analysis.","- ""We examine these properties when integration is achieved with two different timed composition operators: the classic operator usually taken for timed systems and which uses a CSP-like composition paradigm, and a non-blocking operator closer to the CCS paradigm.""
  - ""Composability, compatibility and compositionality of these relations w.r.t. composition operators are properties which allow to reduce the cost of this verification.""",,"- The abstract mentions two different timed composition operators used for integrating components: a classic operator that uses a CSP-like composition paradigm and a non-blocking operator closer to the CCS paradigm. These are specific techniques for bridging different paradigmatic approaches, as they allow for the integration of components from different paradigms.
 - The abstract discusses the composability, compatibility, and compositionality of these relations with respect to composition operators. These properties are essential for reducing the cost of verification, which implies they are part of the transformation or integration strategies.
 - The abstract does not explicitly mention any computational or modeling tools supporting interoperability, nor does it highlight any novel approaches to managing paradigm differences beyond the use of these composition operators.
 - The focus is on the methodology and technical implementation of using different composition operators to manage paradigm interoperability.","- ""Composability, compatibility, compositionality: automatic preservation of timed properties during incremental development""
  - ""We are interested in the preservation of local properties of timed components during their integration in a timed system.""
  - ""Timed components are modeled as timed automata or timed automata with deadlines.""
  - ""Properties considered are all safety and liveness properties which can be expressed with the timed linear logic MITL (Metric Interval Linear Logic), as well as non-zenoness and deadlock-freedom.""
  - ""Integration of components is a kind of incremental development which consists in checking locally the properties of the components, before integrating them in the complete system, using some composition operator.""
  - ""We examine these properties when integration is achieved with two different timed composition operators: the classic operator usually taken for timed systems and which uses a CSP-like composition paradigm, and a non-blocking operator closer to the CCS paradigm.""
  - ""Key-words: τ -simulations, component-based timed systems, integration of components, preservation of timed linear properties.""",,"- The full bibliographic information is provided: Authors (J. Julliand, H. Mountassir, Emilie Oudot), Title (""Composability, compatibility, compositionality: automatic preservation of timed properties during incremental development""), Year (2007).
 - The type of study presented is a Theoretical Proposal, as it discusses theoretical concepts related to the preservation of timed properties during component integration.
 - The primary application domain is component-based timed systems, as indicated by the focus on timed components and their integration.
 - The specific programming paradigms discussed are CSP-like and CCS paradigms, as mentioned in the context of composition operators."
Programming Paradigms as Object Classes: A Structuring Mechanism for Multiparadigm Programming,D. Spinellis,-,-,-,9,2002,"- Core components: Encapsulation of paradigms within multiparadigm applications, abstraction of common characteristics across paradigms.
 - Key theoretical foundations: Object-oriented design techniques.
 - Mathematical or logical representations: Regular expressions, BNF syntax, term rewrite systems (used in application aspects).
 - Implementation: MPSS multiparadigm environment generator, description of paradigms as object classes.
 - Insufficient details: Specific mathematical or logical representations of the formal model itself.",Not mentioned (the abstract does not provide specific information on quantitative metric development for paradigmatic compatibility),"- Overall experimental approach: Design and implementation of three prototypes to demonstrate the validity of the approach.
 - Specific validation techniques or protocols: Implementation of prototypes, particularly the ""integrator"" in the ""blueprint"" environment.
 - Types of systems or components used: Multiparadigm application ""integrator,"" blueprint multiparadigm programming environment, MPSS multiparadigm environment generator.
 - Integration difficulties measurement: Not mentioned.",no explicit correlation found (the abstract discusses challenges but does not provide quantitative metrics or statistical analysis),"- Object-oriented design techniques for encapsulating and abstracting programming paradigms
 - Backtracking resolution mechanism for logic programming
 - Infinite streams for functional programming
 - Regular expressions for lexical analysis
 - BNF syntax for expression grammar
 - Term rewrite system for expression simplification
 - Direct interaction with Unix tools for graphing functions
 - MPSS multiparadigm environment generator for describing paradigms as object classes
 - Multiparadigm link editor
 - Support for incorporating existing compilers into multiparadigm programming environments","- Full bibliographic information: D. Spinellis (2002), ""Programming Paradigms as Object Classes: A Structuring Mechanism for Multiparadigm Programming""
 - Type of study: Theoretical Proposal
 - Primary application domain: Scientific Computing
 - Specific programming paradigms: Logic, Functional, Object-Oriented","- ""The word paradigm, is used in computer science to talk about a family of notations, that share a common way for describing program implementations.""
  - ""Multiparadigm programming, allows the programmer to implement a system, in a number of different paradigms.""
  - ""We propose the use of object-oriented design techniques as a method for encapsulating programming paradigms within multiparadigm applications, and for abstracting common characteristics across paradigms.""
  - ""These techniques can be used to design practical multiparadigm environment generators, and implement multiparadigm programming environments supporting a wide variety of paradigms.""
  - ""The integrator is a multiparadigm application dealing with the numeric and symbolic evaluation of integrals.""
  - ""The symbolic evaluation is based on the backtracking resolution mechanism offered by the logic programming paradigm, and the numeric evaluation, on the infinite streams implemented in the functional paradigm.""
  - ""Additionally, lexical analysis of the input expressions is described using regular expressions, and the expression grammar is described using a BNF syntax.""
  - ""Finally, expression simplification uses a term rewrite system, and graphing of functions is done by directly interacting with Unix tools.""
  - ""Integrator is implemented in the blueprint multiparadigm programming environment, a prototype implementation of the six paradigms based on our object-oriented approach.""
  - ""Many different implementation techniques have been applied in order to demonstrate the wide applicability of our approach.""
  - ""Some of the paradigms are implemented as compilers (using existing implementations where possible), and others are implemented as interpreters.""
  - ""Finally, the implementation of blueprint is based on the MPSS multiparadigm environment generator.""
  - ""This, allows the description of paradigms as object classes using paradigm description files.""
  - ""Additionally, it provides a multiparadigm link editor, and support for incorporating existing compilers into multiparadigm programming environments.""",,"- The abstract discusses the use of object-oriented design techniques to encapsulate programming paradigms, which suggests a formal model based on object classes.
 - The core components of the model include the encapsulation of paradigms within multiparadigm applications and the abstraction of common characteristics across paradigms.
 - The key theoretical foundation is the use of object-oriented design techniques.
 - The abstract mentions various mathematical and logical representations such as regular expressions, BNF syntax, and term rewrite systems, which are used in different aspects of the integrator application.
 - The model is implemented using the MPSS multiparadigm environment generator, which allows paradigms to be described as object classes.
 - The abstract does not provide detailed mathematical or logical representations of the formal model itself but focuses on the application and implementation aspects.","- ""We propose the use of object-oriented design techniques as a method for encapsulating programming paradigms within multiparadigm applications, and for abstracting common characteristics across paradigms.""
  - ""Finally, the implementation of blueprint is based on the MPSS multiparadigm environment generator. This, allows the description of paradigms as object classes using paradigm description files.""
  - ""The symbolic evaluation is based on the backtracking resolution mechanism offered by the logic programming paradigm, and the numeric evaluation, on the infinite streams implemented in the functional paradigm.""
  - ""The integrator is a multiparadigm application dealing with the numeric and symbolic evaluation of integrals.""
  - ""The use of multiparadigm programming techniques, could lower implementation costs, and result in more reliable and efficient applications.""",,"- The abstract discusses the use of multiparadigm programming techniques to improve application reliability and efficiency, but it does not provide specific details on how these improvements are quantitatively measured or transformed into a metric.
 - The proposal of using object-oriented design techniques for encapsulating paradigms and abstracting common characteristics does not include any mathematical or computational approach for creating a quantitative metric.
 - The description of the integrator application and its use of different paradigms (logic and functional) does not mention any specific quantitative metrics or mathematical approaches for evaluating paradigmatic compatibility.
 - The mention of the MPSS multiparadigm environment generator and the use of paradigm description files does not provide details on any quantitative metrics or mathematical models used for paradigmatic compatibility.","- ""In order to demonstrate the validity of our approach, we describe the design and implementation of three prototypes: one in each problem area.""
  - ""The integrator is a multiparadigm application dealing with the numeric and symbolic evaluation of integrals.""
  - ""The symbolic evaluation is based on the backtracking resolution mechanism offered by the logic programming paradigm, and the numeric evaluation, on the infinite streams implemented in the functional paradigm.""
  - ""Additionally, lexical analysis of the input expressions is described using regular expressions, and the expression grammar is described using a BNF syntax.""
  - ""Finally, expression simplification uses a term rewrite system, and graphing of functions is done by directly interacting with Unix tools.""
  - ""Integrator is implemented in the blueprint multiparadigm programming environment, a prototype implementation of the six paradigms based on our object-oriented approach.""
  - ""Many different implementation techniques have been applied in order to demonstrate the wide applicability of our approach.""
  - ""Some of the paradigms are implemented as compilers (using existing implementations where possible), and others are implemented as interpreters.""
  - ""Finally, the implementation of blueprint is based on the MPSS multiparadigm environment generator.""",,"- The abstract describes the use of prototypes to validate the approach, specifically mentioning the design and implementation of three prototypes.
 - The ""integrator"" is highlighted as a multiparadigm application that demonstrates the integration of different paradigms (logic, functional) and techniques (regular expressions, BNF syntax, term rewrite system).
 - The implementation of the ""integrator"" in the ""blueprint"" environment suggests that this is a key part of the experimental validation, as it tests the integration of multiple paradigms.
 - The mention of different implementation techniques (compilers and interpreters) and the use of the MPSS multiparadigm environment generator indicates a structured approach to validation.
 - However, the abstract does not provide specific details on how integration difficulties were measured or observed, nor does it mention any specific validation techniques or protocols beyond the implementation of prototypes.","- ""The difficulties that arise with multiparadigm programming can be separated into the areas of application development in multiple paradigms, design and implementation of multiparadigm environment, and generators for creating such environments.""
  - ""In order to demonstrate the validity of our approach, we describe the design and implementation of three prototypes: one in each problem area.""
  - ""The integrator is a multiparadigm application dealing with the numeric and symbolic evaluation of integrals.""
  - ""Integrator is implemented in the blueprint multiparadigm programming environment, a prototype implementation of the six paradigms based on our object-oriented approach.""
  - ""Many different implementation techniques have been applied in order to demonstrate the wide applicability of our approach.""
  - ""Finally, the implementation of blueprint is based on the MPSS multiparadigm environment generator.""",,"- The abstract discusses the challenges of multiparadigm programming, which are categorized into three areas: application development, design and implementation of multiparadigm environments, and generators for creating such environments. However, it does not provide any quantitative metrics or statistical methods to establish a correlation between these challenges and any integration difficulties.
 - The abstract describes the implementation of prototypes and the use of object-oriented design techniques to encapsulate programming paradigms, but it does not mention any statistical analysis or correlation coefficients related to integration difficulties.
 - The focus of the abstract is on demonstrating the validity of the approach through prototypes and implementation techniques, rather than on establishing a quantitative correlation between integration difficulties and any metrics.
 - There is no mention of statistical methods, correlation coefficients, or statistical significance values in the abstract, which are necessary to establish a correlation.","- ""The use of multiparadigm programming techniques, could lower implementation costs, and result in more reliable and efficient applications.""
  - ""We propose the use of object-oriented design techniques as a method for encapsulating programming paradigms within multiparadigm applications, and for abstracting common characteristics across paradigms.""
  - ""These techniques can be used to design practical multiparadigm environment generators, and implement multiparadigm programming environments supporting a wide variety of paradigms.""
  - ""The integrator is a multiparadigm application dealing with the numeric and symbolic evaluation of integrals.""
  - ""The symbolic evaluation is based on the backtracking resolution mechanism offered by the logic programming paradigm, and the numeric evaluation, on the infinite streams implemented in the functional paradigm.""
  - ""Additionally, lexical analysis of the input expressions is described using regular expressions, and the expression grammar is described using a BNF syntax.""
  - ""Finally, expression simplification uses a term rewrite system, and graphing of functions is done by directly interacting with Unix tools.""
  - ""Integrator is implemented in the blueprint multiparadigm programming environment, a prototype implementation of the six paradigms based on our object-oriented approach.""
  - ""Some of the paradigms are implemented as compilers (using existing implementations where possible), and others are implemented as interpreters.""
  - ""Finally, the implementation of blueprint is based on the MPSS multiparadigm environment generator.""
  - ""This, allows the description of paradigms as object classes using paradigm description files.""
  - ""Additionally, it provides a multiparadigm link editor, and support for incorporating existing compilers into multiparadigm programming environments.""",,"- The abstract discusses the use of object-oriented design techniques as a primary mechanism for encapsulating and abstracting programming paradigms, which is a key strategy for managing paradigm interoperability.
 - The use of object-oriented design allows for the creation of practical multiparadigm environment generators and supports a wide variety of paradigms, indicating a transformation strategy.
 - The abstract mentions specific techniques such as backtracking resolution for logic programming and infinite streams for functional programming, which are integration strategies for different paradigms.
 - The use of regular expressions for lexical analysis and BNF syntax for expression grammar are additional techniques for bridging different paradigmatic approaches.
 - The term rewrite system and direct interaction with Unix tools are computational tools supporting interoperability.
 - The MPSS multiparadigm environment generator is a novel approach that allows paradigms to be described as object classes, providing a link editor and support for incorporating existing compilers.
 - The implementation of paradigms as compilers or interpreters is another strategy for managing paradigm differences.","- ""The word paradigm, is used in computer science to talk about a family of notations, that share a common way for describing program implementations.""
  - ""Multiparadigm programming, allows the programmer to implement a system, in a number of different paradigms.""
  - ""We propose the use of object-oriented design techniques as a method for encapsulating programming paradigms within multiparadigm applications, and for abstracting common characteristics across paradigms.""
  - ""In order to demonstrate the validity of our approach, we describe the design and implementation of three prototypes: one in each problem area.""
  - ""The integrator is a multiparadigm application dealing with the numeric and symbolic evaluation of integrals.""
  - ""The symbolic evaluation is based on the backtracking resolution mechanism offered by the logic programming paradigm, and the numeric evaluation, on the infinite streams implemented in the functional paradigm.""
  - ""Additionally, lexical analysis of the input expressions is described using regular expressions, and the expression grammar is described using a BNF syntax.""
  - ""Finally, expression simplification uses a term rewrite system, and graphing of functions is done by directly interacting with Unix tools.""
  - ""Integrator is implemented in the blueprint multiparadigm programming environment, a prototype implementation of the six paradigms based on our object-oriented approach.""
  - ""Many different implementation techniques have been applied in order to demonstrate the wide applicability of our approach.""
  - ""Some of the paradigms are implemented as compilers (using existing implementations where possible), and others are implemented as interpreters.""
  - ""Finally, the implementation of blueprint is based on the MPSS multiparadigm environment generator.""",,"- The full bibliographic information is provided in the title: ""Programming Paradigms as Object Classes: A Structuring Mechanism for Multiparadigm Programming"" by D. Spinellis (2002).
 - The type of study presented is a ""Theoretical Proposal"" as it involves proposing a new method for encapsulating programming paradigms using object-oriented design techniques.
 - The primary application domain is not explicitly mentioned, but it can be inferred as ""Scientific Computing"" due to the mention of ""numeric and symbolic evaluation of integrals.""
 - The specific programming paradigms discussed include ""Logic,"" ""Functional,"" and ""Object-Oriented,"" as well as the use of ""regular expressions"" and ""BNF syntax,"" which are related to parsing and syntax description."
Improving domain representation with multi-paradigm modeling,"A. Leitner, R. Weiss, Christian Kreiner, W. Ebner",10.1145/2364412.2364446,https://doi.org/10.1145/2364412.2364446,Software Product Lines Conference,0,2012,"- Core components: Feature models and Domain-Specific Languages (DSL)
 - Key theoretical foundations or frameworks: Not mentioned
 - Mathematical or logical representations: Not mentioned
 - Multiple approaches: Not mentioned
 - Insufficient details: The abstract does not provide specific details about the theoretical foundations, frameworks, or mathematical/logical representations of the model.",Not mentioned (the abstract does not provide information on the development of a quantitative metric),"- Overall experimental approach: Case study
 - Specific validation techniques or protocols: Not mentioned
 - Types of systems or components used: Automotive project for hybrid electric vehicle control software (HybConS)
 - Details about integration difficulties: Not mentioned","no explicit correlation found (the abstract does not mention statistical methods, correlation coefficients, or specific integration challenges quantified)","- Specific techniques: Use of 3 types of constraints to connect different modeling paradigms.
 - Transformation or integration strategies: Not mentioned.
 - Computational or modeling tools: Constraint checking mechanism reusing existing technology.
 - Novel approaches: Not mentioned.","- Authors: A. Leitner, R. Weiss, Christian Kreiner, W. Ebner
 - Title: Improving domain representation with multi-paradigm modeling
 - Year: 2012
 - Type of study: Industrial Case Study
 - Primary application domain: Embedded Systems, Automotive (Hybrid Electric Vehicle Control Software)
 - Specific programming paradigms: Feature-Oriented Domain Modeling (FODM), Domain-Specific Modeling (DSM), Feature models, Domain-Specific Languages (DSL)","- ""This paper describes a multi-paradigm modeling approach which enables the combined representation of Feature models and Domain-Specific Languages (DSL).""
  - ""The main idea is to reduce the complexity of the model and, thus, to improve its usability and maintainability.""
  - ""The technical realization of the multi-paradigm modeling approach uses 3 types of constraints to connect different modeling paradigms.""
  - ""The constraint checking mechanism reuses existing technology in order to not re-invent the wheel.""",,"- The abstract mentions a ""multi-paradigm modeling approach"" that combines Feature models and Domain-Specific Languages (DSL), indicating that these are core components of the formal model.
 - The approach uses ""3 types of constraints"" to connect different modeling paradigms, which suggests a structural framework for integrating these paradigms.
 - The abstract does not provide specific details about the theoretical foundations or frameworks used, nor does it mention any mathematical or logical representations of the model.
 - The mention of ""reusing existing technology"" implies that the model may leverage established frameworks or tools, but specific details are not provided.","- ""The constraint checking mechanism reuses existing technology in order to not re-invent the wheel.""
  - ""The technical realization of the multi-paradigm modeling approach uses 3 types of constraints to connect different modeling paradigms.""
  - ""The main idea is to reduce the complexity of the model and, thus, to improve its usability and maintainability.""",,"- The abstract mentions the use of a multi-paradigm modeling approach to improve domain representation, but it does not provide specific details about the development of a quantitative metric.
 - The focus is on reducing complexity and improving usability and maintainability, but no mathematical or computational approach is described for creating a quantitative metric.
 - The mention of ""3 types of constraints"" and ""constraint checking mechanism"" suggests a technical implementation, but there is no information on how these are used to create a quantitative metric or what variables or parameters are involved.
 - There is no mention of any normalization or standardization techniques applied to a metric.","- ""A case study describes the applicability of the approach in a real-life automotive project for hybrid electric vehicle control software (HybConS) and shows the improvement of this approach compared to single-paradigm modeling.""",,"- The abstract mentions a ""case study"" as the method used to validate the multi-paradigm modeling approach. This suggests that the experimental validation protocol involved a real-world application or scenario.
 - The case study was conducted in the context of an ""automotive project for hybrid electric vehicle control software (HybConS),"" indicating that the system or component used in the validation was related to automotive software.
 - The abstract states that the case study ""shows the improvement of this approach compared to single-paradigm modeling,"" which implies that the validation involved comparing the multi-paradigm approach with a single-paradigm approach to measure integration difficulties or improvements.
 - However, the abstract does not provide specific details about the validation techniques or protocols used, nor does it mention how integration difficulties were measured or observed. It only mentions that the case study demonstrated an improvement.","- ""A case study describes the applicability of the approach in a real-life automotive project for hybrid electric vehicle control software (HybConS) and shows the improvement of this approach compared to single-paradigm modeling.""
  - ""The main idea is to reduce the complexity of the model and, thus, to improve its usability and maintainability.""",,"- The abstract mentions the goal of reducing complexity to improve usability and maintainability, which implies a focus on integration challenges. However, it does not explicitly mention any statistical methods or correlation coefficients related to integration difficulties.
 - The case study is noted to show improvement over single-paradigm modeling, but there is no mention of specific statistical analysis or correlation between integration difficulties and any quantitative metrics.
 - The abstract does not provide any details on specific integration challenges that were quantified or any limitations in correlation analysis.
 - Overall, the abstract does not provide explicit information on the ""Integration Difficulty Correlation"" as requested in the question.","- ""The technical realization of the multi-paradigm modeling approach uses 3 types of constraints to connect different modeling paradigms.""
  - ""This paper describes a multi-paradigm modeling approach which enables the combined representation of Feature models and Domain-Specific Languages (DSL).""
  - ""The main idea is to reduce the complexity of the model and, thus, to improve its usability and maintainability.""
  - ""The constraint checking mechanism reuses existing technology in order to not re-invent the wheel.""",,"- The abstract mentions a ""multi-paradigm modeling approach"" that combines Feature models and Domain-Specific Languages (DSL), indicating a method for interoperability between these paradigms.
 - The use of ""3 types of constraints"" is highlighted as a technical mechanism to connect different modeling paradigms, which is a specific technique for bridging paradigmatic approaches.
 - The mention of a ""constraint checking mechanism"" suggests a computational tool or strategy for managing paradigm interoperability, as it involves reusing existing technology.
 - The abstract does not provide detailed transformation or integration strategies beyond the use of constraints, nor does it mention any novel approaches to managing paradigm differences.
 - The focus on reducing complexity and improving usability and maintainability implies that these are goals of the interoperability mechanisms, but specific methodologies or technical implementations beyond the use of constraints are not detailed in the abstract.","- ""Domain modeling is a key task in Software Product Line (SPL) development.""
  - ""This paper describes a multi-paradigm modeling approach which enables the combined representation of Feature models and Domain-Specific Languages (DSL).""
  - ""A case study describes the applicability of the approach in a real-life automotive project for hybrid electric vehicle control software (HybConS) and shows the improvement of this approach compared to single-paradigm modeling.""
  - ""For complex and heterogeneous domains, such as embedded systems, different representation techniques can be useful to describe different aspects of the system.""
  - ""We identified two popular modeling paradigms: Feature-Oriented Domain Modeling (FODM) and Domain-Specific Modeling (DSM).""",,"- The full bibliographic information is provided: Authors (A. Leitner, R. Weiss, Christian Kreiner, W. Ebner), Title (Improving domain representation with multi-paradigm modeling), Year (2012).
 - The type of study presented is inferred from the mention of ""A case study,"" which indicates that the study is an Industrial Case Study.
 - The primary application domain is specified as ""embedded systems"" and further detailed as ""automotive project for hybrid electric vehicle control software (HybConS).""
 - The specific programming paradigms discussed are Feature-Oriented Domain Modeling (FODM) and Domain-Specific Modeling (DSM), with the integration of Feature models and Domain-Specific Languages (DSL)."
Towards the systematic measurement of ATL transformation models,"José Barranquero Tolosa, Oscar Sanjuán Martínez, Vicente García Díaz, B. C. P. García-Bustelo, J. M. C. Lovelle",10.1002/spe.1033,https://doi.org/10.1002/spe.1033,"Software, Practice & Experience",27,2011,"insufficient details (the abstract provides some context on the Model-Driven Engineering paradigm and ATL transformations but lacks specific details on the core components, theoretical foundations, and mathematical/logical representations of the formal model)","Not mentioned (the abstract does not provide specific details on the mathematical or computational approach, variables, range, or normalization techniques used in the quantitative metric development)","- Overall experimental approach: The proposed system uses ATL transformations to measure operations over transformation models and rules, and generates end-user models like SVG charts and (X)HTML reports.
 - Specific validation techniques or protocols: Evaluation of meta-modeling TS bridges among UML, MOF, Ecore, KM3, and Microsoft DSL Tools; quantitative measurements of declarative and imperative constructs and quality factors.
 - Types of systems or components used: ATL transformations, UML, MOF, Ecore, KM3, Microsoft DSL Tools.
 - Integration difficulties measurement: Results from measuring TS bridges are merged into a single model for comparative study.",no explicit correlation found (the abstract does not mention any correlation between quantitative metrics and integration difficulties),"- Mechanism: Bridges among technological spaces (TS bridges)
 - Techniques: ATL transformations for measuring and generating end-user models
 - Strategies: Evaluation and merging of results from different meta-modeling technologies (UML, MOF, Ecore, KM3, Microsoft DSL Tools)
 - Tools: ATL (ATLAS Transformation Language)
 - Novel Approach: Meta-transformations for automatic transformations over transformation models","- Full bibliographic information: Authors - José Barranquero Tolosa, Oscar Sanjuán Martínez, Vicente García Díaz, B. C. P. García-Bustelo, J. M. C. Lovelle; Title - Towards the systematic measurement of ATL transformation models; Year - 2011; Publication Venue - Not mentioned
 - Type of study: Theoretical Proposal
 - Primary application domain: Software Engineering (Model-Driven Engineering)
 - Specific programming paradigms: Model-Driven Engineering, ATL (ATLAS Transformation Language)","- ""The Model‐Driven Engineering paradigm is aimed at raising the abstraction level of Software Engineering approaches through the systematic use of models as primary artifacts, not only in software design and development, but also to understand, interact, configure, and modify the runtime behavior of software.""
  - ""The proposed system provides several ATL (ATLAS Transformation Language) transformations that enable the application of measuring operations over ATL transformation models and rules, and the generation of different complementary end‐user models, such as SVG charts and (X)HTML reports.""
  - ""For this work, we have evaluated a set of meta‐modeling TS bridges among UML, MOF, Ecore, KM3, and Microsoft DSL Tools.""
  - ""These results provide quantitative measurements of the declarative and imperative constructs of these transformations and relative quality factors as well.""
  - ""In addition to this, all the top‐level results extracted from the measurement of these TS bridges are merged into one unique model in order to assist in performing a comparative study among them.""
  - ""This comparative study suggests that it is feasible to apply automatic transformations over transformation models, i.e. meta‐transformations.""",,"- The abstract discusses the Model-Driven Engineering paradigm, which is a key theoretical foundation for the study. This paradigm emphasizes the use of models as primary artifacts in software engineering.
 - The core components of the model include ATL transformations, which are used to measure operations over ATL transformation models and rules. This suggests that ATL is a central part of the formal model.
 - The study evaluates meta-modeling bridges among various technologies (UML, MOF, Ecore, KM3, Microsoft DSL Tools), indicating that these are part of the model's framework.
 - The abstract mentions quantitative measurements of declarative and imperative constructs, which implies some form of mathematical or logical representation, but it does not provide specific details on these representations.
 - The study merges results into a unique model for comparative study, suggesting a structured approach to analyzing these bridges, but again, specific details on the formal model characteristics are not provided.","- ""The proposed system provides several ATL (ATLAS Transformation Language) transformations that enable the application of measuring operations over ATL transformation models and rules, and the generation of different complementary end‐user models, such as SVG charts and (X)HTML reports.""
  - ""all the top‐level results extracted from the measurement of these TS bridges are merged into one unique model in order to assist in performing a comparative study among them.""
  - ""These results provide quantitative measurements of the declarative and imperative constructs of these transformations and relative quality factors as well.""
  - ""For this work, we have evaluated a set of meta‐modeling TS bridges among UML, MOF, Ecore, KM3, and Microsoft DSL Tools.""",,"- The abstract mentions the use of ATL transformations to apply measuring operations over transformation models and rules, which suggests a computational approach to developing quantitative metrics.
 - The evaluation of meta-modeling TS bridges among different technologies (UML, MOF, Ecore, KM3, and Microsoft DSL Tools) implies that these bridges are used to quantify compatibility or interoperability.
 - The abstract states that the results provide ""quantitative measurements of the declarative and imperative constructs of these transformations and relative quality factors,"" indicating that these measurements are part of the quantitative metric development.
 - However, the abstract does not specify the exact mathematical or computational approach used to create these metrics, nor does it list specific variables or parameters, or mention any normalization or standardization techniques.
 - The abstract does not provide details on the range or scale of the metric, such as whether it is a percentage, absolute value, or another form of measurement.","- ""The proposed system provides several ATL (ATLAS Transformation Language) transformations that enable the application of measuring operations over ATL transformation models and rules, and the generation of different complementary end‐user models, such as SVG charts and (X)HTML reports.""
  - ""This comparative study suggests that it is feasible to apply automatic transformations over transformation models, i.e. meta‐transformations.""
  - ""These results provide quantitative measurements of the declarative and imperative constructs of these transformations and relative quality factors as well.""
  - ""In addition to this, all the top‐level results extracted from the measurement of these TS bridges are merged into one unique model in order to assist in performing a comparative study among them.""
  - ""For this work, we have evaluated a set of meta‐modeling TS bridges among UML, MOF, Ecore, KM3, and Microsoft DSL Tools.""",,"- The abstract mentions the use of ATL transformations to measure operations over transformation models and rules, which suggests an experimental approach involving the application of these transformations.
 - The evaluation of meta-modeling TS bridges among various technologies (UML, MOF, Ecore, KM3, and Microsoft DSL Tools) indicates a comparative study, which is part of the experimental validation protocol.
 - The mention of quantitative measurements of declarative and imperative constructs and quality factors implies specific validation techniques or protocols used to assess the compatibility metric.
 - The integration of results into a single model for comparative study suggests a method for measuring integration difficulties by comparing different meta-modeling technologies.
 - The abstract does not provide detailed information on specific validation techniques or protocols beyond the general approach of using ATL transformations and comparative studies.","- ""This comparative study suggests that it is feasible to apply automatic transformations over transformation models, i.e. meta‐transformations.""
  - ""In addition to this, all the top‐level results extracted from the measurement of these TS bridges are merged into one unique model in order to assist in performing a comparative study among them.""
  - ""These results provide quantitative measurements of the declarative and imperative constructs of these transformations and relative quality factors as well.""
  - ""For this work, we have evaluated a set of meta‐modeling TS bridges among UML, MOF, Ecore, KM3, and Microsoft DSL Tools.""
  - ""The proposed system provides several ATL (ATLAS Transformation Language) transformations that enable the application of measuring operations over ATL transformation models and rules, and the generation of different complementary end‐user models, such as SVG charts and (X)HTML reports.""",,"- The abstract mentions the evaluation of meta-modeling TS bridges and the provision of quantitative measurements, which could imply some form of correlation analysis.
 - However, there is no explicit mention of a correlation between quantitative metrics and observed integration difficulties.
 - The abstract does not specify any statistical methods used to establish a correlation or report any correlation coefficients or statistical significance values.
 - There is no mention of specific integration challenges that were quantified or any limitations in the correlation analysis.
 - The focus of the abstract is on the feasibility of applying automatic transformations and the generation of end-user models, rather than on establishing a correlation between metrics and integration difficulties.","- ""The Model‐Driven Engineering paradigm is aimed at raising the abstraction level of Software Engineering approaches through the systematic use of models as primary artifacts, not only in software design and development, but also to understand, interact, configure, and modify the runtime behavior of software.""
  - ""our long‐term goal seeks to reach a higher degree of interoperability among available meta‐modeling technologies through bridges among technological spaces (TS bridges).""
  - ""The proposed system provides several ATL (ATLAS Transformation Language) transformations that enable the application of measuring operations over ATL transformation models and rules, and the generation of different complementary end‐user models, such as SVG charts and (X)HTML reports.""
  - ""For this work, we have evaluated a set of meta‐modeling TS bridges among UML, MOF, Ecore, KM3, and Microsoft DSL Tools.""
  - ""all the top‐level results extracted from the measurement of these TS bridges are merged into one unique model in order to assist in performing a comparative study among them.""
  - ""This comparative study suggests that it is feasible to apply automatic transformations over transformation models, i.e. meta‐transformations.""",,"- The abstract discusses the Model-Driven Engineering paradigm, which aims to increase the abstraction level in software engineering by using models as primary artifacts. This is a broader context for interoperability.
 - The long-term goal mentioned is to achieve higher interoperability among meta-modeling technologies through ""bridges among technological spaces (TS bridges)."" This indicates a mechanism for managing paradigm interoperability by creating bridges between different technological spaces.
 - The proposed system uses ATL transformations to measure and generate end-user models, which is a specific technique for bridging different paradigmatic approaches.
 - The evaluation of meta-modeling TS bridges among UML, MOF, Ecore, KM3, and Microsoft DSL Tools suggests a strategy for integrating different meta-modeling technologies.
 - The merging of results into a unique model for comparative study implies a transformation or integration strategy.
 - The mention of ""meta-transformations"" suggests a novel approach to managing paradigm differences by applying automatic transformations over transformation models.","- ""For this work, we have evaluated a set of meta‐modeling TS bridges among UML, MOF, Ecore, KM3, and Microsoft DSL Tools.""
  - ""In addition to this, all the top‐level results extracted from the measurement of these TS bridges are merged into one unique model in order to assist in performing a comparative study among them.""
  - ""This comparative study suggests that it is feasible to apply automatic transformations over transformation models, i.e. meta‐transformations.""
  - ""The proposed system provides several ATL (ATLAS Transformation Language) transformations that enable the application of measuring operations over ATL transformation models and rules, and the generation of different complementary end‐user models, such as SVG charts and (X)HTML reports.""
  - ""The Model‐Driven Engineering paradigm is aimed at raising the abstraction level of Software Engineering approaches through the systematic use of models as primary artifacts, not only in software design and development, but also to understand, interact, configure, and modify the runtime behavior of software.""",,"- The full bibliographic information is provided: Authors (José Barranquero Tolosa, Oscar Sanjuán Martínez, Vicente García Díaz, B. C. P. García-Bustelo, J. M. C. Lovelle), Title (Towards the systematic measurement of ATL transformation models), Year (2011), Publication Venue (not explicitly mentioned in the abstract).
 - The type of study presented is a Theoretical Proposal, as it discusses the systematic measurement of ATL transformation models and the feasibility of meta-transformations.
 - The primary application domain is Software Engineering, specifically Model-Driven Engineering.
 - The specific programming paradigms discussed include Model-Driven Engineering and ATL (ATLAS Transformation Language)."
An Integrative Framework to Protocol Analysis and Repair: Bellare-Rogaway Model + Planning + Model Checker,Kim-Kwang Raymond Choo,10.15388/INFORMATICA.2007.193,https://doi.org/10.15388/INFORMATICA.2007.193,Informatica,4,2007,"- Core components: Modified Bellare and Rogaway (1993) adversarial model
 - Key theoretical foundations: Bellare and Rogaway (1993) adversarial model, Asynchronous Product Automata (APA)
 - Mathematical/logical representations: Encoded using Asynchronous Product Automata (APA), analyzed with Simple Homomorphism Verification Tool (SHVT)
 - Multiple approaches: Integration of adversarial model from computational complexity paradigm with automated tool from computer security paradigm in a planning problem setting",Not mentioned (the abstract does not provide specific information about the development of a quantitative metric),Not mentioned (the abstract does not describe an experimental validation protocol or any experimental validation techniques),no explicit correlation found (the abstract does not mention any statistical methods or correlation coefficients related to integration difficulties),"- Specific techniques: Encoding a modified Bellare-Rogaway adversarial model using Asynchronous Product Automata (APA).
 - Transformation or integration strategies: Integrating an adversarial model from the computational complexity paradigm with an automated tool from the computer security paradigm.
 - Computational or modeling tools: Simple Homomorphism Verification Tool (SHVT) for state-space analysis.
 - Novel approaches: First work to integrate these paradigms in a planning problem setting.","- Authors: Kim-Kwang Raymond Choo
 - Title: An Integrative Framework to Protocol Analysis and Repair: Bellare-Rogaway Model + Planning + Model Checker
 - Year: 2007
 - Publication Venue: Not mentioned
 - Type of study: Theoretical Proposal
 - Primary application domain: Computer Security
 - Specific programming paradigms: Asynchronous Product Automata (APA), Model Checker (SHVT)","- ""A modified version of the Bellare and Rogaway (1993) adversarial model is encoded using Asynchronous Product Automata (APA).""
  - ""This is, to the best of our knowledge, the first work that integrates an adversarial model from the computational complexity paradigm with an automated tool from the computer security paradigm to analyse protocols in an artificial intelligence problem setting - planning problem - and, more importantly, to repair protocols.""
  - ""A model checker tool, Simple Homomorphism Verification Tool (SHVT), is then used to perform state-space analysis on the Automata in the setting of planning problem.""",,"- The core component of the formal model is the ""modified version of the Bellare and Rogaway (1993) adversarial model,"" which is a key theoretical foundation.
 - The model is encoded using ""Asynchronous Product Automata (APA),"" which suggests a mathematical representation.
 - The use of ""Simple Homomorphism Verification Tool (SHVT)"" for state-space analysis indicates a logical representation and a tool-based approach.
 - The integration of the adversarial model with SHVT in a planning problem setting suggests a unique combination of theoretical frameworks from computational complexity and computer security paradigms.","- ""A model checker tool, Simple Homomorphism Verification Tool (SHVT), is then used to perform state-space analysis on the Automata in the setting of planning problem.""
  - ""This is, to the best of our knowledge, the first work that integrates an adversarial model from the computational complexity paradigm with an automated tool from the computer security paradigm to analyse protocols in an artificial intelligence problem setting - planning problem - and, more importantly, to repair protocols.""
  - ""A modified version of the Bellare and Rogaway (1993) adversarial model is encoded using Asynchronous Product Automata (APA).""
  - ""We then show how our approach can automatically repair the protocol.""
  - ""We then refute its heuristic security argument by revealing a previously unpublished flaw in the protocol using SHVT.""",,"- The abstract mentions the use of Asynchronous Product Automata (APA) and a model checker tool called Simple Homomorphism Verification Tool (SHVT) for state-space analysis. This suggests a computational approach to protocol analysis and repair.
 - The integration of an adversarial model with an automated tool indicates a paradigmatic compatibility between computational complexity and computer security paradigms.
 - However, the abstract does not provide specific details about the mathematical or computational approach used to create a quantitative metric. It does not mention any variables, parameters, or normalization techniques.
 - The focus of the abstract is on the integration of models and tools rather than the development of a specific quantitative metric.","- ""This is, to the best of our knowledge, the first work that integrates an adversarial model from the computational complexity paradigm with an automated tool from the computer security paradigm to analyse protocols in an artificial intelligence problem setting - planning problem - and, more importantly, to repair protocols.""
  - ""We then show how our approach can automatically repair the protocol.""
  - ""We then refute its heuristic security argument by revealing a previously unpublished flaw in the protocol using SHVT.""
  - ""The three-party identity-based secret public key protocol (3P-ID-SPK) protocol of Lim and Paterson (2006), which claims to provide explicit key authentication, is used as a case study.""
  - ""A model checker tool, Simple Homomorphism Verification Tool (SHVT), is then used to perform state-space analysis on the Automata in the setting of planning problem.""
  - ""A modified version of the Bellare and Rogaway (1993) adversarial model is encoded using Asynchronous Product Automata (APA).""",,"- The abstract describes the use of a modified Bellare-Rogaway adversarial model encoded with Asynchronous Product Automata (APA), which is a theoretical framework rather than an experimental validation protocol.
 - The Simple Homomorphism Verification Tool (SHVT) is used for state-space analysis, which is a computational tool rather than an experimental validation technique.
 - The abstract mentions the analysis and repair of the 3P-ID-SPK protocol, but this is done using theoretical models and tools rather than experimental validation.
 - There is no mention of experimental validation protocols, specific validation techniques, or types of systems or components used in experimental validation.
 - The abstract does not provide details on how integration difficulties were measured or observed in an experimental context.","- ""This is, to the best of our knowledge, the first work that integrates an adversarial model from the computational complexity paradigm with an automated tool from the computer security paradigm to analyse protocols in an artificial intelligence problem setting - planning problem - and, more importantly, to repair protocols.""
  - ""We then show how our approach can automatically repair the protocol.""
  - ""We then refute its heuristic security argument by revealing a previously unpublished flaw in the protocol using SHVT.""
  - ""A model checker tool, Simple Homomorphism Verification Tool (SHVT), is then used to perform state-space analysis on the Automata in the setting of planning problem.""
  - ""A modified version of the Bellare and Rogaway (1993) adversarial model is encoded using Asynchronous Product Automata (APA).""",,"- The abstract discusses the integration of an adversarial model with a model checker tool for protocol analysis and repair, but it does not mention any statistical methods or correlation coefficients related to integration difficulties.
 - There is no mention of any quantitative metric or statistical analysis to establish a correlation between integration difficulties and any other factors.
 - The abstract focuses on the methodological integration and its application to a specific protocol, rather than on statistical correlation or integration challenges.
 - The abstract does not provide any information on specific integration challenges that were quantified or any limitations in correlation analysis.","- ""A modified version of the Bellare and Rogaway (1993) adversarial model is encoded using Asynchronous Product Automata (APA).""
  - ""A model checker tool, Simple Homomorphism Verification Tool (SHVT), is then used to perform state-space analysis on the Automata in the setting of planning problem.""
  - ""This is, to the best of our knowledge, the first work that integrates an adversarial model from the computational complexity paradigm with an automated tool from the computer security paradigm to analyse protocols in an artificial intelligence problem setting - planning problem - and, more importantly, to repair protocols.""",,"- The abstract describes the integration of different paradigms by encoding a modified Bellare-Rogaway adversarial model using Asynchronous Product Automata (APA). This indicates a transformation strategy where a computational complexity paradigm is integrated with a computer security paradigm.
 - The use of the Simple Homomorphism Verification Tool (SHVT) for state-space analysis is a computational tool supporting interoperability between these paradigms.
 - The integration of an adversarial model with an automated tool in a planning problem setting is highlighted as a novel approach to managing paradigm differences.
 - The abstract explicitly states that this work is the first to integrate these paradigms, suggesting a novel approach to interoperability.","- ""A modified version of the Bellare and Rogaway (1993) adversarial model is encoded using Asynchronous Product Automata (APA).""
  - ""A model checker tool, Simple Homomorphism Verification Tool (SHVT), is then used to perform state-space analysis on the Automata in the setting of planning problem.""
  - ""The three-party identity-based secret public key protocol (3P-ID-SPK) protocol of Lim and Paterson (2006), which claims to provide explicit key authentication, is used as a case study.""
  - ""We then refute its heuristic security argument by revealing a previously unpublished flaw in the protocol using SHVT.""
  - ""We then show how our approach can automatically repair the protocol.""
  - ""This is, to the best of our knowledge, the first work that integrates an adversarial model from the computational complexity paradigm with an automated tool from the computer security paradigm to analyse protocols in an artificial intelligence problem setting - planning problem - and, more importantly, to repair protocols.""
  - ""The views and opinions expressed in this paper are those of the author and do not reflect those of the Australian Government and Australian Institute of Criminology.""
  - ""Research was performed while the author was with the Intelligent Systems Laboratory / University of Western Sydney.""",,"- The full bibliographic information is not fully provided in the abstract, but we can infer the author and year: Kim-Kwang Raymond Choo (2007).
 - The type of study presented is a theoretical proposal, as it involves the integration of an adversarial model with an automated tool for protocol analysis and repair.
 - The primary application domain is computer security, specifically focusing on protocol analysis and repair.
 - The specific programming paradigms discussed include Asynchronous Product Automata (APA) and the use of a model checker tool (SHVT), which suggests a focus on formal methods and planning problems."
Functional Programming and Metamodeling frameworks for System Design,D. Mathaikutty,-,-,-,5,2005,"- Core components: SML-Sys functional programming framework
 - Key theoretical foundations: Axel Jantsch’s paradigm, SML’s precise denotational semantics
 - Mathematical/logical representations: Translation into Standard ML or Haskell models, SMV-based templates
 - Multiple approaches: SML-Sys for functional programming, EWD for metamodeling, translation into various formats for analysis and verification",Not mentioned (the abstract does not provide information on quantitative metric development),Not mentioned (the abstract does not provide details on an experimental validation protocol),no explicit correlation found (the abstract does not mention any statistical methods or correlation coefficients related to integration difficulties),"- Functional programming framework SML-Sys based on Axel Jantsch’s paradigm for function-based semantic definitions of MoCs.
 - Refinement methodology with semantics-preserving transformation library for integrating MoCs.
 - Customizable visual modeling syntax EWD using metamodeling framework GME.
 - XML-based interoperability language (IML) for translating models into Standard ML or Haskell.
 - Integration with model analysis tools SMLSys and ForSyDe.
 - Generation of SMV-based templates for verification.","- Authors: D. Mathaikutty
 - Title: Functional Programming and Metamodeling frameworks for System Design
 - Year: 2005
 - Publication Venue: Not mentioned
 - Type of study: Theoretical Proposal
 - Primary application domain: Embedded Systems
 - Specific programming paradigms: Functional Programming, Metamodeling","- ""we follow Axel Jantsch’s paradigm of function-based semantic definitions of MoCs and formulate a functional programming framework called SML-Sys.""
  - ""Our framework provides for formal reasoning due to its formal semantic underpinning inherited from SML’s precise denotational semantics.""
  - ""we propose a refinement methodology and provide a semantics preserving transformation library within our framework.""
  - ""we have developed EWD, which allows users to customize MoC-specific visual modeling syntax defined as a metamodel.""
  - ""EWD is developed using a metamodeling framework GME (Generic Modeling Environment).""
  - ""Modeling in EWD facilitates saving the model in an XML-based interoperability language (IML) we defined for this purpose.""
  - ""The IML format is in turn automatically translated into Standard ML, or Haskell models.""
  - ""We also generate SMV-based template from the XML representation to obtain verification models.""",,"- The core components of the model include a functional programming framework called SML-Sys, which is based on Axel Jantsch’s paradigm of function-based semantic definitions of MoCs. This suggests a focus on functional programming as a core component.
 - The key theoretical foundations or frameworks used include Axel Jantsch’s paradigm and the use of SML’s precise denotational semantics for formal reasoning. This indicates a reliance on formal semantics for theoretical underpinning.
 - The model involves a refinement methodology with a semantics preserving transformation library, which implies a structured approach to model refinement.
 - The use of EWD, developed with the GME framework, allows for customization of MoC-specific visual modeling syntax, indicating a metamodeling approach.
 - Mathematical or logical representations are not explicitly detailed in the abstract, but the translation into Standard ML or Haskell models and the generation of SMV-based templates suggest a formal, computational representation.
 - Multiple approaches are presented, including the use of SML-Sys for functional programming, EWD for metamodeling, and the translation into various formats for analysis and verification.","- ""To alleviate the first problem, we follow Axel Jantsch’s paradigm of function-based semantic definitions of MoCs and formulate a functional programming framework called SML-Sys.""
  - ""Our framework provides for formal reasoning due to its formal semantic underpinning inherited from SML’s precise denotational semantics.""
  - ""To handle the second problem and apply refinement strategies at a higher-level, we propose a refinement methodology and provide a semantics preserving transformation library within our framework.""
  - ""EWD is developed using a metamodeling framework GME (Generic Modeling Environment). It allows for automatic design-time syntactic and semantic checks on the models for conformance to their metamodel.""
  - ""Modeling in EWD facilitates saving the model in an XML-based interoperability language (IML) we defined for this purpose.""
  - ""The IML format is in turn automatically translated into Standard ML, or Haskell models.""
  - ""We also generate SMV-based template from the XML representation to obtain verification models.""",,"- The abstract discusses the development of a functional programming framework called SML-Sys, which is based on Axel Jantsch’s paradigm of function-based semantic definitions of MoCs. This suggests a focus on formal semantic underpinnings rather than quantitative metrics.
 - The framework provides for formal reasoning and semantics preserving transformations, which are more related to qualitative aspects of system design rather than quantitative metrics.
 - The abstract mentions the use of a metamodeling framework (GME) and an XML-based interoperability language (IML), which are tools for modeling and verification rather than specific quantitative metrics.
 - There is no mention of specific mathematical or computational approaches used to create a quantitative metric, nor are there any variables or parameters listed for such a metric.
 - The abstract does not provide information on the range or scale of any metric, nor does it mention any normalization or standardization techniques.","- ""In our work, we address these problems as follows: To alleviate the first problem, we follow Axel Jantsch’s paradigm of function-based semantic definitions of MoCs and formulate a functional programming framework called SML-Sys.""
  - ""We illustrate through a number of examples how to model heterogenous computing systems using SML-Sys.""
  - ""Our framework provides for formal reasoning due to its formal semantic underpinning inherited from SML’s precise denotational semantics.""
  - ""To handle the second problem and apply refinement strategies at a higher-level, we propose a refinement methodology and provide a semantics preserving transformation library within our framework.""
  - ""To address the third shortcoming, we have developed EWD, which allows users to customize MoC-specific visual modeling syntax defined as a metamodel.""
  - ""EWD is developed using a metamodeling framework GME (Generic Modeling Environment).""
  - ""It allows for automatic design-time syntactic and semantic checks on the models for conformance to their metamodel.""
  - ""Modeling in EWD facilitates saving the model in an XML-based interoperability language (IML) we defined for this purpose.""
  - ""The IML format is in turn automatically translated into Standard ML, or Haskell models.""
  - ""These may then be executed and analyzed either by our existing model analysis tools SMLSys, or the ForSyDe environment.""
  - ""We also generate SMV-based template from the XML representation to obtain verification models.""",,"- The abstract discusses the development of a functional programming framework (SML-Sys) and a metamodeling framework (EWD) to address shortcomings in existing system design languages and frameworks.
 - It mentions the use of examples to model heterogeneous computing systems, which suggests a theoretical or conceptual validation approach rather than an experimental one.
 - The abstract describes the use of formal reasoning and semantics preserving transformations, which are theoretical methods rather than experimental validation protocols.
 - The mention of automatic design-time checks and translation into executable models suggests a focus on theoretical validation rather than experimental validation.
 - There is no mention of specific experimental validation techniques, protocols, or the measurement of integration difficulties in the abstract.","- ""Although a number of system level design languages (SLDL)s and frameworks have proliferated over the last few years, most of them are lacking in multiple ways.""
  - ""From our analysis of these, we identify their following shortcomings: First, their dependence on specific programming language artifacts (Java or C/C++) make them less amenable to formal analysis.""
  - ""Second, the refinement strategies proposed in the design flows based on these languages lack formal semantics underpinnings making it difficult to prove that refinements preserve correctness, and third, none of the available SLDLs are easily customizable by users.""
  - ""In our work, we address these problems as follows: To alleviate the first problem, we follow Axel Jantsch’s paradigm of function-based semantic definitions of MoCs and formulate a functional programming framework called SML-Sys.""
  - ""Our framework provides for formal reasoning due to its formal semantic underpinning inherited from SML’s precise denotational semantics.""
  - ""To handle the second problem and apply refinement strategies at a higher-level, we propose a refinement methodology and provide a semantics preserving transformation library within our framework.""
  - ""To address the third shortcoming, we have developed EWD, which allows users to customize MoC-specific visual modeling syntax defined as a metamodel.""
  - ""EWD is developed using a metamodeling framework GME (Generic Modeling Environment). It allows for automatic design-time syntactic and semantic checks on the models for conformance to their metamodel.""
  - ""Modeling in EWD facilitates saving the model in an XML-based interoperability language (IML) we defined for this purpose.""
  - ""The IML format is in turn automatically translated into Standard ML, or Haskell models. These may then be executed and analyzed either by our existing model analysis tools SMLSys, or the ForSyDe environment.""
  - ""We also generate SMV-based template from the XML representation to obtain verification models.""",,"- The abstract discusses the shortcomings of existing system level design languages (SLDLs) and frameworks, such as their dependence on specific programming languages and lack of formal semantics.
 - It introduces a new framework, SML-Sys, which addresses these issues by providing formal reasoning capabilities and a refinement methodology.
 - The abstract also mentions the development of EWD, a tool for customizing visual modeling syntax, and its integration with other tools and languages.
 - However, there is no mention of any statistical methods or correlation coefficients related to integration difficulties.
 - The abstract does not provide any information on the correlation between a quantitative metric and observed integration difficulties.
 - There is no discussion of statistical significance values or limitations in correlation analysis.
 - The abstract focuses on the development and features of the new framework rather than on establishing a correlation between integration difficulties and any quantitative metric.","- ""System-on-Chip (SoC) and other complex distributed hardware/software systems contain heterogeneous components whose behavior are best captured by different models of computations (MoCs).""
  - ""Although a number of system level design languages (SLDL)s and frameworks have proliferated over the last few years, most of them are lacking in multiple ways.""
  - ""To alleviate the first problem, we follow Axel Jantsch’s paradigm of function-based semantic definitions of MoCs and formulate a functional programming framework called SML-Sys.""
  - ""Our framework provides for formal reasoning due to its formal semantic underpinning inherited from SML’s precise denotational semantics.""
  - ""To handle the second problem and apply refinement strategies at a higher-level, we propose a refinement methodology and provide a semantics preserving transformation library within our framework.""
  - ""To address the third shortcoming, we have developed EWD, which allows users to customize MoC-specific visual modeling syntax defined as a metamodel.""
  - ""EWD is developed using a metamodeling framework GME (Generic Modeling Environment).""
  - ""It allows for automatic design-time syntactic and semantic checks on the models for conformance to their metamodel.""
  - ""Modeling in EWD facilitates saving the model in an XML-based interoperability language (IML) we defined for this purpose.""
  - ""The IML format is in turn automatically translated into Standard ML, or Haskell models.""
  - ""These may then be executed and analyzed either by our existing model analysis tools SMLSys, or the ForSyDe environment.""
  - ""We also generate SMV-based template from the XML representation to obtain verification models.""",,"- The abstract discusses the need for managing paradigm interoperability in system design due to the presence of heterogeneous components and models of computation (MoCs).
 - The first mechanism mentioned is the use of a functional programming framework called SML-Sys, which is based on Axel Jantsch’s paradigm of function-based semantic definitions of MoCs. This provides a formal semantic underpinning for heterogeneous MoCs.
 - A refinement methodology is proposed to handle the integration of different MoCs at a higher level, along with a semantics-preserving transformation library. This is a strategy for bridging different paradigmatic approaches.
 - The development of EWD, a customizable visual modeling syntax defined as a metamodel, allows for user customization and integration of different MoCs. EWD is built using the Generic Modeling Environment (GME), which supports metamodeling.
 - The use of an XML-based interoperability language (IML) facilitates the translation of models into Standard ML or Haskell, enabling execution and analysis across different paradigms.
 - The integration with model analysis tools like SMLSys and ForSyDe, as well as the generation of SMV-based templates for verification, are computational tools supporting interoperability.
 - The novel approach includes the use of formal semantic underpinnings and metamodeling to manage paradigm differences, providing a structured method for integrating heterogeneous MoCs.","- ""System-on-Chip (SoC) and other complex distributed hardware/software systems contain heterogeneous components whose behavior are best captured by different models of computations (MoCs).""
  - ""Although a number of system level design languages (SLDL)s and frameworks have proliferated over the last few years, most of them are lacking in multiple ways.""
  - ""Some of the SLDLs and system design frameworks we have worked with are SpecC, Ptolemy II, SystemC-H, etc.""
  - ""In our work, we address these problems as follows: To alleviate the first problem, we follow Axel Jantsch’s paradigm of function-based semantic definitions of MoCs and formulate a functional programming framework called SML-Sys.""
  - ""To address the third shortcoming, we have developed EWD, which allows users to customize MoC-specific visual modeling syntax defined as a metamodel.""
  - ""Modeling in EWD facilitates saving the model in an XML-based interoperability language (IML) we defined for this purpose.""",,"- The full bibliographic information is provided in the title and author name: ""D. Mathaikutty (2005)"".
 - The type of study presented is a ""Theoretical Proposal"" because the abstract discusses the development of new frameworks and methodologies rather than empirical studies or experiments.
 - The primary application domain is ""Embedded Systems"" as indicated by the mention of ""System-on-Chip (SoC) and other complex distributed hardware/software systems"".
 - The specific programming paradigms discussed are ""Functional Programming"" as evident from the mention of ""functional programming framework called SML-Sys"" and ""metamodeling"" as indicated by the development of EWD."
Une approche pragmatique pour mesurer la qualité des applications à base de composants logiciels. (A pragmatic approach to measure the quality of Component-Based Software Applications),S. Hamza,-,-,-,1,2014,insufficient details (the abstract describes the use of existing metrics and statistical tools to build predictive models but lacks specific details on the formal model characteristics),"- Specific mathematical or computational approach: Principal component analysis and multivariate logistic regression.
 - Variables or parameters: Internal metrics like reutilization and failure.
 - Range or scale: Percentages (80% to 92% for predicting frequently bugged components, 89% to 98% for recall).
 - Normalization or standardization techniques: Not mentioned.","- Overall experimental approach: Application of existing metrics to open-source OSGi applications to validate their relevance in predicting external quality properties.
 - Specific validation techniques or protocols: Application of metrics to 10 open-source OSGi applications; construction of predictive models using external data from 6 mature OSGi projects.
 - Types of systems or components used: Open-source OSGi applications.
 - Integration difficulties measurement: Not explicitly mentioned; focus on predicting buggy components and defects.",no explicit correlation found (the abstract discusses predictive models for quality properties but does not explicitly mention integration difficulty correlation or provide specific correlation coefficients or statistical significance values),"- Techniques for bridging different paradigmatic approaches: Using ""classical"" code metrics not specific to component-based systems to evaluate component-based applications.
 - Transformation or integration strategies: Interpreting and applying existing metrics at specific levels of granularity to ensure relevance to component-based systems.
 - Computational or modeling tools supporting interoperability: Principal component analysis and multivariate logistic regression for predictive modeling.
 - Novel approaches to managing paradigm differences: Leveraging existing metrics and statistical tools to predict defects and bugs in component-based systems.","- Authors: S. Hamza
 - Title: Une approche pragmatique pour mesurer la qualité des applications à base de composants logiciels.
 - Year: 2014
 - Publication Venue: Not mentioned
 - Type of study: Theoretical Proposal
 - Primary application domain: Component-Based Software Applications
 - Specific programming paradigms: Component-Based, Object-Oriented","- ""Le paradigme composant, qui prone l’assemblage de briques logiciels autonomes et reutilisables, est en effet une proposition interessante pour diminuer les couts de developpement et de maintenance tout en augmentant la qualite des applications.""
  - ""Les metriques sur le code sont des outils indispensables pour ce faire.""
  - ""Diverses propositions de metriques ont ete faites dans la litterature specifiquement pour le monde composant.""
  - ""Partant du constat qu’une grande partie des frameworks industriels reposent sur la technologie orientee objet, j’ai etudie la possibilite d’utiliser certaines des metriques de codes ""classiques"", non propres au monde composant, pour evaluer les applications a base de composants.""
  - ""Parmi les metriques existantes, j’ai identifie un sous-ensemble d’entre elles qui, en s’interpretant et en s’appliquant a certains niveaux de granularite, peuvent potentiellement donner des indications sur le respect par les developpeurs et les architectes des grands principes de l’ingenierie logicielle, en particulier sur le couplage et la cohesion.""
  - ""J’ai ensuite construit des modeles predictifs de proprietes qualite externes partant de ces metriques internes : reutilisation, defaillance, etc.""
  - ""Plusieurs outils statistiques ont ete mis en œuvre pour la construction des modeles, notamment l’analyse en composantes principales et la regression logistique multivariee.""",,"- The abstract discusses the component-based software paradigm and its focus on assembling autonomous and reusable software components to reduce development and maintenance costs while improving application quality.
 - It mentions the use of code metrics as essential tools for evaluating these applications, indicating a reliance on existing metrics rather than a new formal model.
 - The study identifies a subset of existing metrics that can be interpreted and applied at certain levels of granularity to assess adherence to software engineering principles like coupling and cohesion.
 - The abstract describes the construction of predictive models using these internal metrics to predict external quality properties such as reusability and failure.
 - Statistical tools like principal component analysis and multivariate logistic regression were used to build these models, suggesting a mathematical approach to the model.
 - However, the abstract does not provide detailed mathematical or logical representations of the model, nor does it specify a formal model of paradigmatic compatibility.","- ""Plusieurs outils statistiques ont ete mis en œuvre pour la construction des modeles, notamment l’analyse en composantes principales et la regression logistique multivariee.""
  - ""j’ai identifie un sous-ensemble d’entre elles qui, en s’interpretant et en s’appliquant a certains niveaux de granularite, peuvent potentiellement donner des indications sur le respect par les developpeurs et les architectes des grands principes de l’ingenierie logicielle, en particulier sur le couplage et la cohesion.""
  - ""Cette etude a montre qu’il est possible de prevoir avec ces modeles 80% a 92% de composants frequemment bugges avec des rappels allant de 89% a 98%, selon le projet evalue.""
  - ""J’ai ensuite construit des modeles predictifs de proprietes qualite externes partant de ces metriques internes : reutilisation, defaillance, etc.""",,"- The abstract mentions the identification of a subset of existing metrics that can be interpreted and applied at certain levels of granularity to evaluate adherence to software engineering principles like coupling and cohesion. This suggests a qualitative selection process rather than a new mathematical or computational approach.
 - The application of these metrics to 10 open-source OSGi applications indicates a practical implementation but does not specify the mathematical or computational methods used to transform these metrics into quantitative measures.
 - The construction of predictive models using internal metrics like reutilization and failure suggests a focus on statistical modeling rather than developing new quantitative metrics.
 - The use of statistical tools like principal component analysis and multivariate logistic regression indicates a computational approach to model building, but these are not new metrics themselves.
 - The results of the study provide percentages of components that can be predicted as frequently bugged, which implies a scale or range for the predictive models but not a specific quantitative metric developed.","- ""Parmi les metriques existantes, j’ai identifie un sous-ensemble d’entre elles qui, en s’interpretant et en s’appliquant a certains niveaux de granularite, peuvent potentiellement donner des indications sur le respect par les developpeurs et les architectes des grands principes de l’ingenierie logicielle, en particulier sur le couplage et la cohesion.""
  - ""J’ai ensuite construit des modeles predictifs de proprietes qualite externes partant de ces metriques internes : reutilisation, defaillance, etc.""
  - ""J’ai decide de construire des modeles qui permettent de predire l’existence et la frequence des defauts et les bugs.""
  - ""Pour ce faire, je me suis basee sur des donnees externes provenant de l’historique des modifications et des bugs d’un panel de 6 gros projets OSGi matures (avec une periode de maintenance de plusieurs annees).""
  - ""Plusieurs outils statistiques ont ete mis en œuvre pour la construction des modeles, notamment l’analyse en composantes principales et la regression logistique multivariee.""
  - ""Cette etude a montre qu’il est possible de prevoir avec ces modeles 80% a 92% de composants frequemment bugges avec des rappels allant de 89% a 98%, selon le projet evalue.""",,"- The experimental validation protocol involved applying a subset of existing metrics to 10 open-source OSGi applications to assess their relevance in the component-based software world.
 - The study used these metrics to build predictive models for external quality properties such as reusability and failure.
 - The models were constructed using external data from the modification and bug history of 6 mature OSGi projects.
 - Statistical tools like principal component analysis and multivariate logistic regression were used to build these models.
 - The validation results showed that the models could predict frequently buggy components with a high degree of accuracy (80% to 92%) and recall (89% to 98%).","- ""Les modeles destines a prevoir l’existence d’un defaut sont moins fiables que le premier type de modele.""
  - ""Cette etude a montre qu’il est possible de prevoir avec ces modeles 80% a 92% de composants frequemment bugges avec des rappels allant de 89% a 98%, selon le projet evalue.""
  - ""Plusieurs outils statistiques ont ete mis en œuvre pour la construction des modeles, notamment l’analyse en composantes principales et la regression logistique multivariee.""
  - ""J’ai decide de construire des modeles qui permettent de predire l’existence et la frequence des defauts et les bugs.""
  - ""J’ai ensuite construit des modeles predictifs de proprietes qualite externes partant de ces metriques internes : reutilisation, defaillance, etc.""",,"- The abstract discusses the construction of predictive models to forecast external quality properties such as reusability and failure, which are related to integration difficulties.
 - Statistical methods used include principal component analysis and multivariate logistic regression, indicating a focus on quantitative analysis.
 - The abstract reports that the models can predict 80% to 92% of frequently buggy components with recall rates of 89% to 98%, suggesting a strong correlation between the metrics and observed integration difficulties.
 - However, the abstract does not provide specific correlation coefficients or statistical significance values, nor does it explicitly mention integration difficulty correlation.
 - The abstract notes that models for predicting defect existence are less reliable, which could be a limitation in the correlation analysis.
 - Specific integration challenges quantified include predicting the frequency of bugs and defects, but the abstract does not explicitly mention ""integration difficulty correlation.""","- ""Partant du constat qu’une grande partie des frameworks industriels reposent sur la technologie orientee objet, j’ai etudie la possibilite d’utiliser certaines des metriques de codes ""classiques"", non propres au monde composant, pour evaluer les applications a base de composants.""
  - ""Le paradigme composant, qui prone l’assemblage de briques logiciels autonomes et reutilisables, est en effet une proposition interessante pour diminuer les couts de developpement et de maintenance tout en augmentant la qualite des applications.""
  - ""Plusieurs outils statistiques ont ete mis en œuvre pour la construction des modeles, notamment l’analyse en composantes principales et la regression logistique multivariee.""
  - ""J’ai decide de construire des modeles qui permettent de predire l’existence et la frequence des defauts et les bugs.""
  - ""Parmi les metriques existantes, j’ai identifie un sous-ensemble d’entre elles qui, en s’interpretant et en s’appliquant a certains niveaux de granularite, peuvent potentiellement donner des indications sur le respect par les developpeurs et les architectes des grands principes de l’ingenierie logicielle, en particulier sur le couplage et la cohesion.""",,"- The abstract discusses the component-based software paradigm and its potential for reducing development and maintenance costs while improving application quality. This suggests a focus on managing paradigm interoperability by leveraging existing object-oriented frameworks.
 - The author explores the use of ""classical"" code metrics not specific to component-based systems to evaluate component-based applications. This indicates a technique for bridging different paradigmatic approaches by applying existing metrics to new contexts.
 - The identification of a subset of metrics that can provide insights into software engineering principles like coupling and cohesion suggests a transformation strategy. This involves interpreting and applying these metrics at specific levels of granularity to ensure they are relevant to component-based systems.
 - The construction of predictive models using statistical tools like principal component analysis and multivariate logistic regression supports interoperability by enabling the prediction of defects and bugs. This is a computational tool supporting interoperability.
 - The novel approach lies in using existing metrics and statistical tools to manage paradigm differences, rather than developing new metrics specific to component-based systems.","- ""Ces dernieres annees, de nombreuses entreprises ont introduit la technologie orientee composant dans leurs developpements logiciels.""
  - ""Le paradigme composant, qui prone l’assemblage de briques logiciels autonomes et reutilisables, est en effet une proposition interessante pour diminuer les couts de developpement et de maintenance tout en augmentant la qualite des applications.""
  - ""Dans ce paradigme, comme dans tous les autres, les architectes et les developpeurs doivent pouvoir evaluer au plus tot la qualite de ce qu’ils produisent, en particulier tout au long du processus de conception et de codage.""
  - ""Les metriques sur le code sont des outils indispensables pour ce faire.""
  - ""Diverses propositions de metriques ont ete faites dans la litterature specifiquement pour le monde composant.""
  - ""Dans le cadre de cette these, je propose une reponse pragmatique a ce probleme.""
  - ""Partant du constat qu’une grande partie des frameworks industriels reposent sur la technologie orientee objet, j’ai etudie la possibilite d’utiliser certaines des metriques de codes ""classiques"", non propres au monde composant, pour evaluer les applications a base de composants.""
  - ""J’ai ensuite construit des modeles predictifs de proprietes qualite externes partant de ces metriques internes : reutilisation, defaillance, etc.""
  - ""J’ai decide de construire des modeles qui permettent de predire l’existence et la frequence des defauts et les bugs.""
  - ""Plusieurs outils statistiques ont ete mis en œuvre pour la construction des modeles, notamment l’analyse en composantes principales et la regression logistique multivariee.""
  - ""Cette etude a montre qu’il est possible de prevoir avec ces modeles 80% a 92% de composants frequemment bugges avec des rappels allant de 89% a 98%, selon le projet evalue.""",,"- The full bibliographic information is provided in the title and author name: ""S. Hamza (2014)"".
 - The study type is inferred as a ""Theoretical Proposal"" because the abstract discusses a proposed approach to measuring software quality and the development of predictive models.
 - The primary application domain is not explicitly mentioned, but it is implied to be related to ""Component-Based Software Applications"".
 - The specific programming paradigms discussed include ""Component-Based"" and ""Object-Oriented"" as indicated by the mention of ""technologie orientee composant"" and ""technologie orientee objet""."
A generic framework for representing and analyzing model concurrency,"S. Zschaler, Erwan Bousse, Julien Deantoni, B. Combemale",10.1007/s10270-022-01073-2,https://doi.org/10.1007/s10270-022-01073-2,Journal of Software and Systems Modeling,2,2023,"- Core components: Generic framework for concurrency, concurrency models, logical steps (atomic and parallel), strategies for filtering concurrency.
 - Key theoretical foundations: Multiform Logical Time.
 - Mathematical or logical representations: Concurrency models defined using Multiform Logical Time; symbolic and operational concurrency strategies.","Not mentioned (the paper does not discuss a ""Quantitative Metric Development"" or any specific mathematical or computational approach to create a metric related to paradigmatic compatibility)","- Overall experimental approach: Evaluation of the genericity of the proposed framework using the GEMOC Studio language workbench.
 - Specific validation techniques or protocols: Integration of Henshin and MoCCML metalanguages, use of a concurrent omniscient debugger.
 - Types of systems or components used: xDSMLs, Henshin and MoCCML metalanguages.
 - Measurement of integration difficulties: Observation of reduced parallel steps after strategy enablement, functionality testing of the concurrent omniscient debugger.",no explicit correlation found (the paper discusses successful integration and generic code but does not provide statistical correlation or significance values),"- Specific techniques: Integration of MoCCML/Java and Henshin meta-programming approaches.
 - Transformation or integration strategies: Generic framework for concurrency exploration independent of specific approaches.
 - Computational or modeling tools: GEMOC Studio language workbench.
 - Novel approaches: Unified interface for language-agnostic concurrency analysis tools; generic abstract concurrent execution engine.","- Full bibliographic information: S. Zschaler, Erwan Bousse, Julien Deantoni, B. Combemale (2023), ""A generic framework for representing and analyzing model concurrency""
 - Type of study: Theoretical Proposal
 - Primary application domain: Model-Driven Engineering (MDE) and Language-Oriented Programming (LOP)
 - Specific programming paradigms: Object-Oriented, Imperative","- ""In this paper, we present a generic framework to integrate execution semantics with either implicit or explicit concurrency models, to explore the possible execution traces of conforming models, and to define strategies for helping in the exploration of the possible executions.""
  - ""we introduce a generic framework in which concurrency exploration can be done independently of the approaches used for the description of the concurrent operational semantics.""
  - ""In order to define a generic framework with concurrencyspecific services independently of any specific technology used for specifying the operational semantics, we need to rely on key abstractions to represent the concurrent part of the operational semantics.""
  - ""In order to introduce the concepts of concurrency model and concurrent execution trace, we rely on an introductory example.""
  - ""We took advantage of Multiform Logical Time [2] to embrace these formalisms and defined a concurrency model as an artifact which, given a specific program at a given runtime state (i.e., at a given step of its execution), can provide the exclusive sets of rewriting rules that can be applied to move to the next step.""
  - ""The sets of rewriting rules proposed by a concurrency model at a given step take both the causalities and the conflicts into account.""
  - ""We call a concurrent operational semantics an operational semantics that provides a specification of the concurrency semantics (of the constructs defined within the syntax), such as we can reason about it (e.g., exploring impact of different interleavings).""
  - ""In this paper, we investigate how concurrency models derived from concurrent operational semantics expressed using different mechanisms can be captured by a common generic protocol.""
  - ""A logical step can be either an atomic step or a parallel step.""
  - ""the concurrency model is an artifact that can be used to figure out what is the next acceptable set of exclusive logical steps that can be taken at any time during the execution.""
  - ""The logical steps are then a way to (1) store what are the rewriting rules that have been called between two runtime states; and (2) make explicit the footprint of the executed rewriting rule(s).""
  - ""We differentiate two types of strategies for filtering the concurrency model dynamically:
 

 1. Symbolic concurrency strategies add additional constraints to the propositional formula provided by a concurrent operational semantics runtime.""
  - ""Operational concurrency strategies are applied after a concrete set of parallel steps has been computed and algorithmically filter this set of steps.""",,"- The paper describes a generic framework for representing and analyzing model concurrency, which is the core component of the formal model.
 - The framework is based on key abstractions to represent the concurrent part of the operational semantics, indicating a theoretical foundation in abstract modeling.
 - The paper uses Multiform Logical Time as a theoretical foundation to define concurrency models, which suggests a mathematical or logical representation.
 - The model includes concepts such as concurrency models, logical steps (atomic and parallel), and strategies for filtering concurrency, which are key components of the formal model.
 - The paper discusses symbolic and operational concurrency strategies, which are part of the formal model's structure for managing concurrency.
 - The framework is designed to be independent of specific technologies or metalanguages, indicating a focus on generic applicability.","- ""In this paper, we present a generic framework to integrate execution semantics with either implicit or explicit concurrency models, to explore the possible execution traces of conforming models, and to define strategies for helping in the exploration of the possible executions.""
  - ""we introduce a generic framework in which concurrency exploration can be done independently of the approaches used for the description of the concurrent operational semantics.""
  - ""We differentiate two types of strategies for filtering the concurrency model dynamically:
 

 1. Symbolic concurrency strategies add additional constraints to the propositional formula provided by a concurrent operational semantics runtime.""
  - ""Operational concurrency strategies are applied after a concrete set of parallel steps has been computed and algorithmically filter this set of steps.""
  - ""To integrate both symbolic steps and concurrency strategies in the execution flow, the concurrent execution engine must provide an additional service called enumerateAll-PossibleParallelSteps, which takes a set of symbolic steps (i.e., a set of atomic steps and a set of constraints specifying the combinations of these atomic steps that are allowed or required to occur concurrently), and enumerates the set of possible combinations of atomic steps satisfying the given constraints, which yields the set of possible parallel stepsfor""
  - ""The engine then enumerates the set of possible combinations of atomic steps satisfying the given constraints, which yields the set of all possible parallel steps (enumerateAllPossibleParallelSteps).""
  - ""The list of possible parallel steps is given to the second set of enabled strategies, namely operational concurrency strategies. In return, these strategies simply remove parallel steps that do not satisfy certain criteria.""
  - ""We have implemented our complete approach in the GEMOC Studio language workbench for executable domain-specific modeling languages [8]. The code is open-source (EPL-1.0) and can be found on Github.""",,"- The paper discusses a generic framework for representing and analyzing model concurrency, focusing on strategies for exploring concurrency models.
 - It introduces symbolic and operational concurrency strategies to filter and explore concurrency models dynamically.
 - The framework uses a concurrent execution engine that computes possible parallel steps based on symbolic steps and strategies.
 - The engine enumerates possible combinations of atomic steps satisfying given constraints to yield possible parallel steps.
 - The paper does not explicitly mention a ""Quantitative Metric Development"" or any specific mathematical or computational approach to create a metric related to paradigmatic compatibility.
 - There is no mention of variables, parameters, or a range/scale for a metric, nor any normalization or standardization techniques applied.
 - The focus is on the framework and strategies for concurrency exploration rather than on developing a quantitative metric.","- ""In this section, we present how we evaluated the genericity of our approach through our implementation in the GEMOC Studio language workbench.""
  - ""The evaluation was done using the implementation of the presented approach for the GEMOC Studio language workbench.""
  - ""Considered execution scenarios Since we are dealing with concurrent xDSMLs, each considered executable model can lead to many different execution traces due to parallelism or interleaving.""
  - ""For this evaluation, we therefore identified a set of interesting execution scenarios for each considered model.""
  - ""Each scenario follows the following structure: (1) start the execution of a model with an xDSML, (2) apply a specific sequence of parallel steps, in order to reach a point where the amount of possible parallel steps to choose from is too large, (3) undo the last performed parallel step, (4) enable a specific set of strategies, in order to explore, from this point on, a specific part of the concurrency model, (5) re-do the parallel step again, observe that the set of possible parallel steps is now reduced, and arguably significantly easier to choose from.""
  - ""Concurrency model independence To answer the first research question, we used the proposed framework to integrate both considered metalanguages in the GEMOC Studio language workbench.""
  - ""Tools definition The concurrent omniscient debugger worked as planned after testing, with both variants of each xDSML (i.e., the Henshin variant and the MoCCML variant).""
  - ""For both experiments, we manually conducted all considered execution scenarios-each relying on the generic concurrent omniscient debugger for undoing a parallel step-on both considered integrations (i.e., Henshin and MoCCML) and on both considered xDSMLs and models.""",,"- The paper describes an experimental validation protocol to evaluate the genericity of the proposed framework for concurrent model execution.
 - The evaluation was conducted using the GEMOC Studio language workbench, which is a tool for executable domain-specific modeling languages (xDSMLs).
 - The experimental approach involved identifying interesting execution scenarios for each considered model, which included starting model execution, applying parallel steps, undoing steps, enabling strategies, and re-executing steps to observe reduced parallel steps.
 - The validation techniques included integrating two metalanguages (Henshin and MoCCML) into the GEMOC Studio to test concurrency model independence and using a concurrent omniscient debugger to test tool definition.
 - The types of systems or components used in the validation were xDSMLs and their operational semantics defined using Henshin and MoCCML.
 - Integration difficulties were measured by observing the reduction in possible parallel steps after enabling strategies and by testing the functionality of the concurrent omniscient debugger.","- ""The evaluation was done using the implementation of the presented approach for the GEMOC Studio language workbench.""
  - ""the generic execution engine (ı.e., the reusable code that does not have to be re-written for each metalanguage) is made of 589 LoC (Lines of Code), while the Henshin metalanguage integration is only 182 LoC and the Moccml metalanguage integration is only 256 LoC.""
  - ""Thus, the majority of the implementation code is generic and not specific to any metalanguage, and integrations can be built atop the framework with reasonable amounts of efforts.""
  - ""The integration of both Henshin and MoCCML is presented in Sect. 6.""
  - ""The concurrent omniscient debugger worked as planned after testing, with both variants of each xDSML (i.e., the Henshin variant and the MoCCML variant).""
  - ""No code specific to these metalanguages was needed in the imple-mentation of the tool, which means that this tool can be reused for the concurrent execution of any model executed in the GEMOC Studio, provided that the metalanguages used for the operational semantics were well integrated.""",,"- The paper discusses the integration of two metalanguages (Henshin and MoCCML) into the GEMOC Studio, which is a language workbench for executable domain-specific modeling languages (xDSMLs).
 - The integration difficulty is indirectly addressed by mentioning that the majority of the implementation code is generic and not specific to any metalanguage, indicating that the integration process was relatively straightforward.
 - The paper provides quantitative metrics in terms of lines of code (LoC) for the generic execution engine and the metalanguage integrations, suggesting that the integration effort was manageable.
 - There is no explicit statistical correlation or statistical significance values provided in the paper regarding integration difficulty.
 - The paper does not mention any specific statistical methods used to establish a correlation between integration difficulty and any quantitative metrics.
 - The focus is on the successful integration and the generic nature of the framework rather than on quantifying integration challenges or establishing a statistical correlation.","- ""In this paper, we demonstrate how key abstractions can be used to handle the concurrency in a behavioral semantics independently of the way it is actually encoded.""
  - ""We show how this generic execution engine is able to embrace two very different ways to specify the concurrency in an operational semantics.""
  - ""We demonstrate how to integrate two representative concurrent meta-programming approaches (MoCCML/Java and Henshin), which use different paradigms and underlying foundations to define an xDSML’s concurrency model.""
  - ""In this paper, we introduce a generic framework in which concurrency exploration can be done independently of the approaches used for the description of the concurrent operational semantics.""
  - ""The framework provides an interface that can be used according to the GEMOC Concurrent Omniscient Debugging protocol, such that language-agnostic Concurrency Analysis Tools can be developed and used.""
  - ""We have implemented our approach in the GEMOC Studio language workbench [8], but the overall approach is applicable to any language workbench, possibly using different technological spaces [30].""
  - ""We have implemented a generic abstract concurrent execution engine for the GEMOC Studio, which allows support for specific concurrent metalanguages to be developed as subclasses.""",,"- The paper discusses the integration of different meta-programming approaches (MoCCML/Java and Henshin) that use different paradigms, indicating a mechanism for paradigm interoperability.
 - The generic framework allows for concurrency exploration independently of the specific approaches used, suggesting a transformation or integration strategy.
 - The GEMOC Studio is mentioned as a tool supporting interoperability, as it allows for the integration of different metalanguages.
 - The paper introduces a novel approach by providing a unified interface for interacting with the execution engine, enabling language-agnostic concurrency analysis tools.
 - The generic abstract concurrent execution engine in the GEMOC Studio is designed to support different metalanguages, indicating a computational tool for managing paradigm differences.","- ""Abstract Recent results in language engineering simplify the development of tool-supported executable domain-specific modeling languages (xDSMLs), including editing (e.g., completion and error checking) and execution analysis tools (e.g., debugging, monitoring and live modeling).""
  - ""In this paper, we present a generic framework to integrate execution semantics with either implicit or explicit concurrency models, to explore the possible execution traces of conforming models, and to define strategies for helping in the exploration of the possible executions.""
  - ""The approach has been implemented within the GEMOC Studio.""
  - ""We demonstrate how to integrate two representative concurrent meta-programming approaches (MoCCML/Java and Henshin), which use different paradigms and underlying foundations to define an xDSML’s concurrency model.""
  - ""The paper, thus, contributes key abstractions and an associated protocol for integrating concurrent meta-programming approaches in a language workbench, and dynamically exploring the possible executions of a model in the modeling workbench.""
  - ""To realize the vision of model-driven engineering [40] (MDE) and language-oriented programming [50] (LOP), where domain-specific modeling languages (DSMLs) are defined and used for software development, we need to make the development of such DSMLs and the corresponding tool support as easy and cost-effective as possible.""
  - ""The main ingredients of an executable domain-specific modeling language (xDSML) are its abstract syntax and its operational semantics.""
  - ""We assume that the abstract syntax of an xDSML is defined using a metamodel, which is an object-oriented model composed of interconnected meta-classes, each capturing a concept of the domain of interest.""
  - ""The code is open-source (EPL-1.0) and can be found on Github.""
  - ""Steffen Zschaler is a Reader in Software Engineering at King's College London and the directore of MDENet, the expert network on model-driven engineering.""
  - ""Professor at Nantes Universit (France). His current research interests include Software Language Engineering (SLE), Model-Driven Engineering (MDE), Domain-Specific Languages (DSLs), model execution and simulation, and the debugging and testing of models.""","- ""(Page 1, Table 1) | 📧 Steffen Zschaler |
 \n|------------------------------|
 \n| szschaler@acm.org |""","- The full bibliographic information is provided in the table at the end of the paper, which includes the authors, title, and year.
 - The study is a theoretical proposal as it presents a generic framework for representing and analyzing model concurrency, which is a conceptual contribution rather than an empirical study.
 - The primary application domain is model-driven engineering (MDE) and language-oriented programming (LOP), as indicated by the focus on executable domain-specific modeling languages (xDSMLs).
 - The specific programming paradigms discussed include object-oriented programming, as indicated by the use of metamodels and meta-classes, and possibly imperative programming due to the mention of Java."
Fundamental Aspects Concerning the Usability Evaluation of Model-Driven Object Oriented Programming Approaches in Machine and Plant Automation,"Martin Obermeier, Steven Braun, Kerstin Sommer, B. Vogel‐Heuser",10.1007/978-3-642-21708-1_56,https://doi.org/10.1007/978-3-642-21708-1_56,Interacción,9,2011,"- Core components: UML (Unified Modeling Language), UML-PA (a subset of UML), UML code generator plugin for CoDeSys 3.0 supporting class diagrams, state charts, and activity diagrams.
 - Key theoretical foundations: UML specified by OMG and available as ISO/IEC 19501, Hierarchical Task Analysis (HTA).
 - Mathematical or logical representations: Insufficient details.","- Mathematical or computational approach: Task completion ratio based on Hierarchical Task Analysis (HTA)
 - Variables or parameters: Number of solved tasks, total number of necessary tasks
 - Range or scale: Ratio or percentage
 - Normalization or standardization: Not explicitly mentioned","- Overall experimental approach: The study uses experiments to compare the usability of model-driven object-oriented programming approaches with traditional procedural paradigms in PLC programming.
 - Specific validation techniques or protocols: Hierarchical Task Analysis (HTA) is used to determine task complexity and create constant boundary conditions.
 - Types of systems or components used: PLC programming environments, specifically CoDeSys 3.0 with a UML code generator plugin.
 - Integration difficulties measurement: Task completion levels and performance assessments based on HTA are used to measure integration difficulties.","no explicit correlation found (the paper focuses on enhancing usability evaluations and experimental design using HTA, but does not provide specific statistical correlations or coefficients related to integration difficulties)","- Techniques for bridging different paradigmatic approaches: Development of an UML code generator plugin for CoDeSys 3.0.
 - Transformation or integration strategies: Integration of UML models with traditional IEC language elements; importing and visualizing existing IEC 61131-3 code as UML class diagrams.
 - Computational or modeling tools supporting interoperability: UML code generator plugin for CoDeSys 3.0.
 - Novel approaches to managing paradigm differences: Integration of UML models with traditional IEC language elements within CoDeSys 3.0.","- Full bibliographic information: Authors - Martin Obermeier, Steven Braun, Kerstin Sommer, B. Vogel‐Heuser; Title - Fundamental Aspects Concerning the Usability Evaluation of Model-Driven Object Oriented Programming Approaches in Machine and Plant Automation; Year - 2011; Publication Venue - Not specified
 - Type of study: Controlled Experiment
 - Primary application domain: Machine and plant automation
 - Specific programming paradigms: Model-driven object-oriented (UML), Domain specific modeling languages, Classic procedural paradigm (IEC 61131-3)","- ""The UML (current version 2.3) is an established standard for software development. It is specified by the Object Management Group (OMG) and available as ISO/IEC 19501.""
  - ""Based on these results, Katzke specified UML-PA as a sub set of UML [9], [10], [11]. Like the UML, UML-PA is composed out of various sublanguages. These languages describe different structures, interactions and behaviors.""
  - ""The practical applicability of a modeling language is as important as its formal specification. The UML-PA was designed to lower complexity with fewer types of diagrams and modeling elements.""
  - ""Our UML generator is embedded into CoDeSys 3.0, the reference implementation of the object-oriented extension of IEC 61131-3. The generator supports three diagram types as there are class diagrams for structural description, state chart and activity diagram for behavioral description.""
  - ""The standard procedure to promote understanding of the procedural knowledge involved in doing a task is conducting a task analysis, which contains a description of the particular action steps carried out when the task is being executed.""
  - ""In our studies, we decided to apply the ""Hierarchical Task Analysis"" (HTA) [17], which is the original and most common form of task analysis and has been successfully used in many practical applications [18].""
  - ""A simplified version of the GOMS model is the Keystroke-Level-Model (KLM) proposed by Card & Moran [20]""
  - ""Despite its simplicity, Hierarchical Task Analysis (HTA) [18] contains most of the characteristics of even the most complex task modeling approaches.""",,"- The paper discusses the use of UML (Unified Modeling Language) as a formal model for software development in automation. UML is specified by the Object Management Group (OMG) and is available as ISO/IEC 19501, indicating its formal specification.
 - UML-PA is mentioned as a subset of UML, designed to reduce complexity by using fewer types of diagrams and modeling elements. This suggests a formal model characteristic of simplification.
 - The paper describes the use of a UML code generator plugin for CoDeSys 3.0, which supports three diagram types: class diagrams, state charts, and activity diagrams. These are core components of the formal model used in the study.
 - Hierarchical Task Analysis (HTA) is used as a theoretical framework to analyze tasks and develop experimental designs. HTA is described as a widely known and used method in task analysis, indicating its theoretical foundation.
 - The paper also mentions the GOMS model and its simplified version, the Keystroke-Level-Model (KLM), but these are not central to the formal model characteristics described in the study.
 - There is no mention of mathematical or logical representations of the model in the provided text.","- ""Our main goal is and was to evaluate the benefit of object orientated paradigms by using UML as modeling notation in automation software, through measuring the increase of efficiency and quality of the programs.""
  - ""Extrapolating from previous studies [Ka08], [Fr09] we analyzed the task complexity in the experiment as an aspect for improvement.""
  - ""In order to control the scope of our study, we focused on analyzing the task of implementing the PLC software.""
  - ""The HTAs provide structured images of PLC programming tasks and therefore enables to develop a comprehension of the different steps that have to be completed in each scenario.""
  - ""Performance assessment can be supported through comparison of the tasks analyzed in the HTA and the level of task completion by the participant.""
  - ""To calculate the level of completion, the number of solved tasks from the HTA is divided through the number of all necessary tasks from the HTA.""",,"- The paper discusses the evaluation of object-oriented paradigms using UML in automation software, focusing on efficiency and quality improvements.
 - The authors use Hierarchical Task Analysis (HTA) to analyze task complexity and develop structured images of PLC programming tasks.
 - Performance assessment is supported by comparing task completion levels, which involves dividing the number of solved tasks by the total number of necessary tasks.
 - This approach suggests a quantitative metric based on task completion rates, which can be used to evaluate the efficiency and quality of programming paradigms.
 - The metric is likely a ratio or percentage, as it involves dividing the number of solved tasks by the total number of tasks.
 - There is no explicit mention of specific mathematical or computational approaches, variables, or normalization techniques beyond the task completion ratio.","- ""The authors present the results of previously conducted experiments on the usability of the classic procedural paradigm (IEC 61131-3) in machine and plant automation compared to model based approaches for PLC programming, in particular Unified Modeling Language (UML) and domain specific modeling languages.""
  - ""Our main goal is and was to evaluate the benefit of object orientated paradigms by using UML as modeling notation in automation software, through measuring the increase of efficiency and quality of the programs.""
  - ""in order to determine the complexity of the tasks required to develop a PLC-program and to create constant boundary conditions for experimental studies, we propose using Hierarchical Task Analysis (HTA) on both model-driven oo and the state of the art programming approach, concerning typical scenarios.""
  - ""Extrapolating from previous studies [Ka08], [Fr09] we analyzed the task complexity in the experiment as an aspect for improvement.""
  - ""In order to control the scope of our study, we focused on analyzing the task of implementing the PLC software. This task is supposed to show significant differences when using state of the art (IEC 61131-3) versus model-driven oo-programming.""
  - ""In order to define possible experimental tasks we conducted HTAs for two typical PLC programming scenarios, following either the state of the art approach (IEC61131-3) or the model-driven oo approach (UML-Code generator [2]).""
  - ""Finally all subjects need to train the mapping of programmed IOs to hardware IOs.""
  - ""The research focus in the second scenario, implementation of error handling, was set on the modification of an existing PLC program, shown in Fig. 3""
  - ""For further development of the experiments, the process knowledge of the subjects has to be tested before they enter into the task solving phase.""
  - ""It was shown that with sophisticated programming tool support and the use of HTA it is possible to develop an experimental design that meets the requirements concerning research goals as well as training issues.""",,"- The paper discusses the use of experiments to evaluate the usability of model-driven object-oriented programming approaches compared to traditional procedural paradigms in PLC programming.
 - The experimental approach involves using Hierarchical Task Analysis (HTA) to determine task complexity and create constant boundary conditions for studies.
 - HTA is used to analyze tasks for both model-driven and state-of-the-art programming approaches, focusing on typical scenarios such as implementing new PLC programs and error handling.
 - The experimental design includes training subjects on specific skills required for each approach, such as modular procedure creation for state-of-the-art and modular decomposition for model-driven approaches.
 - The paper mentions the use of a UML code generator plugin for a standard IEC 61131-3 programming environment (CoDeSys 3.0) as part of the experimental setup.
 - Integration difficulties are measured by comparing task completion levels and performance assessments based on HTA.","- ""Extrapolating these experiments, we propose a way of enhancing usability evaluations by two means: First we present an improved modeling tool. Second, in order to determine the complexity of the tasks required to develop a PLC-program and to create constant boundary conditions for experimental studies, we propose using Hierarchical Task Analysis (HTA) on both model-driven oo and the state of the art programming approach, concerning typical scenarios.""
  - ""Experiments showed the necessity of a domain specific UML and a restricted number of diagrams, as well as support of a tool and a methodology. Support of legacy code is strongly required.""
  - ""In the following we will present the results of an exemplary use case for HTA and tool supported experimental design.""
  - ""In order to control the scope of our study, we focused on analyzing the task of implementing the PLC software. This task is supposed to show significant differences when using state of the art (IEC 61131-3) versus model-driven oo-programming.""
  - ""In this paper, enhancements for the usability evaluation of model-driven oo programming approaches in machine and plant automation were described.""
  - ""It was shown that with sophisticated programming tool support and the use of HTA it is possible to develop an experimental design that meets the requirements concerning research goals as well as training issues.""",,"- The paper discusses the use of Hierarchical Task Analysis (HTA) to evaluate the complexity of tasks in PLC programming, which is related to integration difficulties.
 - The paper mentions the necessity of domain-specific UML and tool support, which implies challenges in integration, but does not provide specific statistical correlations or coefficients.
 - The paper does not explicitly mention any statistical methods or correlation coefficients related to integration difficulties.
 - The focus is on enhancing usability evaluations and experimental design rather than establishing a specific correlation between integration difficulties and a quantitative metric.
 - The paper does not provide specific integration challenges that were quantified or any limitations in correlation analysis.","- ""The authors present the results of previously conducted experiments on the usability of the classic procedural paradigm (IEC 61131-3) in machine and plant automation compared to model based approaches for PLC programming, in particular Unified Modeling Language (UML) and domain specific modeling languages.""
  - ""Our main goal is and was to evaluate the benefit of object orientated paradigms by using UML as modeling notation in automation software, through measuring the increase of efficiency and quality of the programs.""
  - ""During these evaluations we developed an UML code generator plugin for a standard IEC 61131-3 programming environment (CoDeSys 3.0)""
  - ""The generator supports three diagram types as there are class diagrams for structural description, state chart and activity diagram for behavioral description.""
  - ""The generator provides modeling, coding and online debugging of UML models, where object-oriented elements can be mixed with traditional IEC language elements.""
  - ""Experiments showed the necessity of a domain specific UML and a restricted number of diagrams, as well as support of a tool and a methodology.""
  - ""Importing and visualizing existing IEC 61131-3 code in the form of UML class diagrams should be possible.""
  - ""Executable UML models must be mature and complete as a basis for a successful and productive usage and most importantly, accepted by the end users.""",,"- The paper discusses the interoperability between different programming paradigms, specifically the classic procedural paradigm (IEC 61131-3) and model-driven approaches using UML.
 - A key mechanism for interoperability is the development of an UML code generator plugin for the CoDeSys 3.0 environment, which allows for the integration of UML models with traditional IEC language elements.
 - The generator supports multiple diagram types (class diagrams, state charts, activity diagrams), enabling structural and behavioral descriptions.
 - The paper highlights the importance of domain-specific UML and restricted diagram numbers for effective interoperability.
 - The ability to import and visualize existing IEC 61131-3 code as UML class diagrams is another interoperability mechanism.
 - The integration of UML models with traditional IEC language elements within the CoDeSys 3.0 environment is a novel approach to managing paradigm differences.","- ""Within the world of automation the trend of model-driven object oriented (oo) engineering has brought up fundamental questions about the applicability of these programming paradigms for Programmable Logic Controller (PLC) software.""
  - ""The authors present the results of previously conducted experiments on the usability of the classic procedural paradigm (IEC 61131-3) in machine and plant automation compared to model based approaches for PLC programming, in particular Unified Modeling Language (UML) and domain specific modeling languages.""
  - ""Our main goal is and was to evaluate the benefit of object orientated paradigms by using UML as modeling notation in automation software, through measuring the increase of efficiency and quality of the programs.""
  - ""In our research we focus on automation software development for machine and plant automation.""
  - ""The software on Programmable Logic Controllers (PLCs) is typically programmed by using the IEC 61131-3 [1] languages.""
  - ""Over a long period of time we have evaluated the advantages of UML modeling approaches in comparison to the IEC languages.""
  - ""In the following, we will briefly discuss the state of the art in automation software engineering for machine and plant manufacturing industry and the applicability of UML as notation on recent evaluation experiments of UML in PLC programming.""
  - ""a series of controlled experiments to evaluate the benefit of modeling as such, and more specifically of UML for process modeling and subsequent PLCprogramming were conducted.""
  - ""Extrapolating from previous studies [Ka08], [Fr09] we analyzed the task complexity in the experiment as an aspect for improvement.""
  - ""In this paper, enhancements for the usability evaluation of model-driven oo programming approaches in machine and plant automation were described.""",,"- The full bibliographic information is provided in the question itself: Authors (Martin Obermeier, Steven Braun, Kerstin Sommer, B. Vogel‐Heuser), Title (""Fundamental Aspects Concerning the Usability Evaluation of Model-Driven Object Oriented Programming Approaches in Machine and Plant Automation""), Year (2011), and Publication Venue (not explicitly mentioned in the provided text).
 - The type of study presented is inferred to be a ""Controlled Experiment"" based on the mention of ""previously conducted experiments"" and ""a series of controlled experiments.""
 - The primary application domain is clearly identified as ""machine and plant automation"" and specifically involves ""Programmable Logic Controller (PLC) software.""
 - The specific programming paradigms discussed include ""model-driven object-oriented"" approaches using ""Unified Modeling Language (UML)"" and ""domain specific modeling languages,"" as well as the ""classic procedural paradigm (IEC 61131-3)."""
From Objects to Components: a Quantitative Experiment,"M. Goulão, Fernando Brito",-,-,-,3,2000,insufficient details (the abstract does not provide specific information about the formal model characteristics),Not mentioned (the abstract does not provide specific details about the quantitative metric development),"- Overall experimental approach: Transformation of a legacy software application from OO to CBD using Object Pascal and C++.
 - Specific validation techniques: Comparison of effort required for transformation with each technology.
 - Types of systems or components: Legacy software applications built with OO paradigm.
 - Measurement of integration difficulties: Effort required for transformation with each technology.","no explicit correlation found (the abstract does not provide information on statistical methods, correlation coefficients, or specific integration challenges quantified)",Not mentioned (the abstract does not provide specific details on paradigm interoperability mechanisms),"- Authors: M. Goulão, Fernando Brito
 - Title: From Objects to Components: a Quantitative Experiment
 - Year: 2000
 - Type of Study: Controlled Experiment
 - Primary Application Domain: Software Development
 - Programming Paradigms: Object-Oriented (OO), Component-Based Software Development (CBD)","- ""Component based software development (CBD) is increasingly becoming a de facto approach to software development.""
  - ""Most software professionals were originally trained to build software using another paradigm, such as the object orientation (OO) paradigm, or the structured programming one.""
  - ""To face the trend to CBD, software professionals are required to make a paradigm shift.""
  - ""This paper describes an experiment where part of a legacy software application built with the OO paradigm was transformed into a software component, using two different technologies (Object Pascal and C++).""
  - ""In this experiment, we were concerned not only with the qualitative aspects of the problems dealt with by a software professional in this transformation, but mostly with some quantitative ones.""
  - ""In particular, we compared the effort required to make such transformations with each of the technologies.""
  - ""The subject performing the experiment was at ease with all the involved OO languages, but not with the component models supported by the used platforms.""",,"- The abstract discusses the transformation of software from object-oriented (OO) to component-based (CBD) paradigms, indicating a focus on paradigmatic compatibility.
 - It mentions the use of two different technologies (Object Pascal and C++) for this transformation, which could imply different formal models or approaches.
 - However, the abstract does not provide specific details about the formal model characteristics, such as core components, theoretical foundations, or mathematical representations.
 - The focus is on the experimental aspect and the effort required for transformation rather than on the formal model itself.
 - The abstract lacks specific information about the formal model of paradigmatic compatibility, making it insufficient for detailed extraction.","- ""In this experiment, we were concerned not only with the qualitative aspects of the problems dealt with by a software professional in this transformation, but mostly with some quantitative ones.""
  - ""In particular, we compared the effort required to make such transformations with each of the technologies.""
  - ""This paper describes an experiment where part of a legacy software application built with the OO paradigm was transformed into a software component, using two different technologies (Object Pascal and C++).""",,"- The abstract mentions an experiment involving the transformation of a legacy software application from the object-oriented (OO) paradigm to a component-based software development (CBD) paradigm using two different technologies: Object Pascal and C++.
 - The focus of the experiment was on quantitative aspects, specifically comparing the effort required for these transformations.
 - However, the abstract does not provide specific details about the mathematical or computational approach used to create a quantitative metric for paradigmatic compatibility.
 - There is no mention of specific variables or parameters used in the quantification, nor is there any information about the range or scale of the metric.
 - The abstract does not mention any normalization or standardization techniques applied to the metric.","- ""This paper describes an experiment where part of a legacy software application built with the OO paradigm was transformed into a software component, using two different technologies (Object Pascal and C++).""
  - ""In this experiment, we were concerned not only with the qualitative aspects of the problems dealt with by a software professional in this transformation, but mostly with some quantitative ones.""
  - ""In particular, we compared the effort required to make such transformations with each of the technologies.""
  - ""The subject performing the experiment was at ease with all the involved OO languages, but not with the component models supported by the used platforms.""",,"- The overall experimental approach involved transforming a legacy software application from an object-oriented (OO) paradigm to a component-based software development (CBD) paradigm using two different technologies: Object Pascal and C++.
 - The experiment focused on both qualitative and quantitative aspects, but primarily on quantitative measures, specifically the effort required for transformation.
 - The validation technique involved comparing the effort required for transformation using each technology.
 - The types of systems or components used in the validation were legacy software applications built with the OO paradigm, which were transformed into software components.
 - Integration difficulties were measured by comparing the effort required for transformation with each technology, indicating that the ease or difficulty of integration was quantitatively assessed through effort comparison.
 - The subject performing the experiment was familiar with OO languages but not with the component models, which could affect the measurement of integration difficulties.","- ""In particular, we compared the effort required to make such transformations with each of the technologies.""
  - ""In this experiment, we were concerned not only with the qualitative aspects of the problems dealt with by a software professional in this transformation, but mostly with some quantitative ones.""
  - ""This paper describes an experiment where part of a legacy software application built with the OO paradigm was transformed into a software component, using two different technologies (Object Pascal and C++).""",,"- The abstract mentions an experiment involving the transformation of a legacy software application from an object-oriented paradigm to a component-based software development paradigm using two different technologies: Object Pascal and C++.
 - The focus of the experiment was on both qualitative and quantitative aspects, with a specific emphasis on comparing the effort required for these transformations.
 - However, the abstract does not provide any information about the statistical methods used to establish a correlation between quantitative metrics and observed integration difficulties.
 - There is no mention of correlation coefficients, statistical significance values, or any limitations in correlation analysis.
 - The abstract does not specify any integration challenges that were quantified or any explicit correlation found between these challenges and quantitative metrics.","- ""Component based software development (CBD) is increasingly becoming a de facto approach to software development.""
  - ""Most software professionals were originally trained to build software using another paradigm, such as the object orientation (OO) paradigm, or the structured programming one.""
  - ""To face the trend to CBD, software professionals are required to make a paradigm shift.""
  - ""This paper describes an experiment where part of a legacy software application built with the OO paradigm was transformed into a software component, using two different technologies (Object Pascal and C++).""
  - ""In this experiment, we were concerned not only with the qualitative aspects of the problems dealt with by a software professional in this transformation, but mostly with some quantitative ones.""
  - ""In particular, we compared the effort required to make such transformations with each of the technologies.""
  - ""The subject performing the experiment was at ease with all the involved OO languages, but not with the component models supported by the used platforms.""",,"- The abstract discusses the shift from object-oriented (OO) paradigm to component-based software development (CBD), indicating a need for paradigm interoperability.
 - The experiment involves transforming a legacy OO application into a software component using Object Pascal and C++, which suggests a focus on technical implementation and transformation strategies.
 - The abstract mentions comparing the effort required for transformations with each technology, which implies a quantitative analysis of the interoperability mechanisms.
 - However, the abstract does not explicitly list specific techniques for bridging paradigmatic approaches, describe transformation or integration strategies in detail, or mention computational or modeling tools supporting interoperability.
 - There is no mention of novel approaches to managing paradigm differences or specific mechanisms for managing paradigm interoperability.","- ""The subject performing the experiment was at ease with all the involved OO languages, but not with the component models supported by the used platforms.""
  - ""In this experiment, we were concerned not only with the qualitative aspects of the problems dealt with by a software professional in this transformation, but mostly with some quantitative ones.""
  - ""This paper describes an experiment where part of a legacy software application built with the OO paradigm was transformed into a software component, using two different technologies (Object Pascal and C++).""
  - ""Most software professionals were originally trained to build software using another paradigm, such as the object orientation (OO) paradigm, or the structured programming one.""
  - ""Component based software development (CBD) is increasingly becoming a de facto approach to software development.""",,"- The full bibliographic information is provided: Authors (M. Goulão, Fernando Brito), Title (From Objects to Components: a Quantitative Experiment), Year (2000).
 - The type of study is inferred as a ""Controlled Experiment"" because the abstract describes an experiment where a legacy software application was transformed using different technologies.
 - The primary application domain is not explicitly mentioned, but it involves software development, specifically focusing on component-based software development.
 - The specific programming paradigms discussed are ""Object-Oriented (OO)"" and ""Component-Based Software Development (CBD)""."
"ModHel'X, un outil expérimental pour la modélisation multi-paradigmes","C. Jacquet, Cécile Hardebolle, F. Boulanger",-,-,-,0,2014,"- Core components: Multi-paradigm modeling, integration of different formalisms for system behavior modeling
 - Theoretical foundations: Concept of ""modele de calcul"" for describing formalisms
 - Mathematical/logical representations: Not mentioned
 - Multiple approaches: Integration of multiple formalisms for comprehensive system behavior modeling",Not mentioned (the abstract does not provide specific information about the development of a quantitative metric),Not mentioned (the abstract does not provide information on an experimental validation protocol),no explicit correlation found (the abstract does not mention any quantitative metric or statistical analysis related to integration difficulties),"- Specific techniques: Combining semantics of different formalisms
 - Transformation or integration strategies: Semantic adaptation between formalisms
 - Computational or modeling tools: ModHel'X
 - Novel approaches: Not mentioned","- Full bibliographic information: C. Jacquet, Cécile Hardebolle, F. Boulanger (2014), ModHel'X, un outil expérimental pour la modélisation multi-paradigmes
 - Type of study: Theoretical Proposal
 - Primary application domain: System modeling and behavior analysis
 - Specific programming paradigms: Not explicitly mentioned","- ""La modelisation multi-paradigmes vise a permettre la modelisation d’un systeme en utilisant pour chacune de ses sous-parties le formalisme (ou paradigme) de modelisation le plus adapte.""
  - ""Nous nous interessons plus specifiquement a la modelisation du comportement de systemes : dans ce cadre, il est necessaire de pouvoir combiner la semantique des differents formalismes utilises dans un modele de sorte a determiner le comportement global du systeme modelise.""
  - ""Nous avons concu un outil appele ModHel’X qui permet a) de decrire les formalismes de modelisation utilises grâce au concept de modele de calcul, b) de decrire l’adaptation semantique a la frontiere entre deux formalismes, c) de construire des modeles faisant appel a plusieurs de ces formalismes et d) de simuler le comportement de tels modeles.""",,"- The abstract discusses the concept of multi-paradigm modeling, which involves using different formalisms for different parts of a system. This suggests that the model is designed to accommodate multiple paradigms.
 - The focus is on modeling system behavior, which requires combining the semantics of different formalisms to determine overall system behavior. This indicates that the model involves integrating different formalisms to achieve a comprehensive understanding.
 - The tool ModHel'X is described as allowing for the description of modeling formalisms using the concept of a ""modele de calcul,"" which implies a theoretical foundation related to computational models.
 - The tool also enables the description of semantic adaptation between formalisms and the construction of models using multiple formalisms, suggesting a framework for integrating different approaches.
 - The abstract does not provide specific mathematical or logical representations of the model, nor does it detail any specific theoretical frameworks beyond the general concept of multi-paradigm modeling.","- ""il est necessaire de pouvoir combiner la semantique des differents formalismes utilises dans un modele de sorte a determiner le comportement global du systeme modelise.""
  - ""La modelisation multi-paradigmes vise a permettre la modelisation d’un systeme en utilisant pour chacune de ses sous-parties le formalisme (ou paradigme) de modelisation le plus adapte.""
  - ""Nous avons concu un outil appele ModHel’X qui permet a) de decrire les formalismes de modelisation utilises grâce au concept de modele de calcul, b) de decrire l’adaptation semantique a la frontiere entre deux formalismes, c) de construire des modeles faisant appel a plusieurs de ces formalismes et d) de simuler le comportement de tels modeles.""",,"- The abstract discusses the concept of multi-paradigm modeling and the need to combine different formalisms to determine the global behavior of a system. However, it does not provide specific details about the development of a quantitative metric.
 - The abstract mentions the tool ModHel'X and its capabilities, such as describing formalisms and simulating behavior, but it does not describe any mathematical or computational approach for creating a quantitative metric.
 - There is no mention of variables, parameters, or any specific range or scale for a metric in the abstract.
 - The abstract does not provide information on normalization or standardization techniques applied to any metric.","- ""Nous avons concu un outil appele ModHel’X qui permet a) de decrire les formalismes de modelisation utilises grâce au concept de modele de calcul, b) de decrire l’adaptation semantique a la frontiere entre deux formalismes, c) de construire des modeles faisant appel a plusieurs de ces formalismes et d) de simuler le comportement de tels modeles.""
  - ""Nous nous interessons plus specifiquement a la modelisation du comportement de systemes : dans ce cadre, il est necessaire de pouvoir combiner la semantique des differents formalismes utilises dans un modele de sorte a determiner le comportement global du systeme modelise.""
  - ""La modelisation multi-paradigmes vise a permettre la modelisation d’un systeme en utilisant pour chacune de ses sous-parties le formalisme (ou paradigme) de modelisation le plus adapte.""",,"- The abstract discusses the development of a tool called ModHel'X for multi-paradigm modeling, which allows for the description of modeling formalisms, semantic adaptation between them, construction of models using multiple formalisms, and simulation of these models.
 - There is no mention of an experimental validation protocol or any specific validation techniques or protocols in the abstract.
 - The abstract does not provide details about the types of systems or components used in validation or how integration difficulties were measured or observed.
 - The focus of the abstract is on the conceptual framework and capabilities of ModHel'X rather than on experimental validation.","- ""Nous avons concu un outil appele ModHel’X qui permet a) de decrire les formalismes de modelisation utilises grâce au concept de modele de calcul, b) de decrire l’adaptation semantique a la frontiere entre deux formalismes, c) de construire des modeles faisant appel a plusieurs de ces formalismes et d) de simuler le comportement de tels modeles.""
  - ""Nous nous interessons plus specifiquement a la modelisation du comportement de systemes : dans ce cadre, il est necessaire de pouvoir combiner la semantique des differents formalismes utilises dans un modele de sorte a determiner le comportement global du systeme modelise.""
  - ""La modelisation multi-paradigmes vise a permettre la modelisation d’un systeme en utilisant pour chacune de ses sous-parties le formalisme (ou paradigme) de modelisation le plus adapte.""",,"- The abstract discusses the concept of multi-paradigm modeling and the development of a tool called ModHel'X, which is designed to handle different modeling formalisms and their semantic adaptation.
 - There is no mention of any quantitative metric or statistical analysis related to integration difficulties in the abstract.
 - The abstract focuses on the capabilities of the ModHel'X tool and the concept of multi-paradigm modeling but does not provide any information on correlation analysis or statistical methods.
 - Since the abstract does not mention any correlation or statistical analysis related to integration difficulties, it is clear that no explicit correlation is established.","- ""il est necessaire de pouvoir combiner la semantique des differents formalismes utilises dans un modele de sorte a determiner le comportement global du systeme modelise.""
  - ""Nous avons concu un outil appele ModHel’X qui permet a) de decrire les formalismes de modelisation utilises grâce au concept de modele de calcul, b) de decrire l’adaptation semantique a la frontiere entre deux formalismes, c) de construire des modeles faisant appel a plusieurs de ces formalismes et d) de simuler le comportement de tels modeles.""
  - ""La modelisation multi-paradigmes vise a permettre la modelisation d’un systeme en utilisant pour chacune de ses sous-parties le formalisme (ou paradigme) de modelisation le plus adapte.""",,"- The abstract discusses the concept of multi-paradigm modeling, which involves using different formalisms for different parts of a system. This implies a need for interoperability between these formalisms.
 - The mention of ""combining the semantics of different formalisms"" suggests a strategy for managing paradigm differences by integrating their meanings.
 - The tool ModHel'X is described as enabling the description of modeling formalisms, semantic adaptation between them, construction of models using multiple formalisms, and simulation of these models. This indicates that ModHel'X is a computational tool supporting interoperability.
 - The abstract does not specify novel approaches or detailed technical implementation strategies beyond the general capabilities of ModHel'X.","- ""La modelisation multi-paradigmes vise a permettre la modelisation d’un systeme en utilisant pour chacune de ses sous-parties le formalisme (ou paradigme) de modelisation le plus adapte.""
  - ""Nous avons concu un outil appele ModHel’X qui permet a) de decrire les formalismes de modelisation utilises grâce au concept de modele de calcul, b) de decrire l’adaptation semantique a la frontiere entre deux formalismes, c) de construire des modeles faisant appel a plusieurs de ces formalismes et d) de simuler le comportement de tels modeles.""
  - ""Nous nous interessons plus specifiquement a la modelisation du comportement de systemes : dans ce cadre, il est necessaire de pouvoir combiner la semantique des differents formalismes utilises dans un modele de sorte a determiner le comportement global du systeme modelise.""",,"- The full bibliographic information is provided: Authors (C. Jacquet, Cécile Hardebolle, F. Boulanger), Title (ModHel'X, un outil expérimental pour la modélisation multi-paradigmes), Year (2014).
 - The type of study presented is a Theoretical Proposal, as it discusses the development of a tool (ModHel'X) for multi-paradigm modeling and its capabilities.
 - The primary application domain is not explicitly mentioned in the abstract, but it can be inferred that it relates to system modeling and behavior analysis.
 - The specific programming paradigms discussed are not explicitly listed, but the focus is on combining different formalisms (or paradigms) for modeling."
On the Feasibility of a Unified Modelling and Programming Paradigm,"A. Haxthausen, J. Peleska",10.1007/978-3-319-47169-3_4,https://doi.org/10.1007/978-3-319-47169-3_4,Leveraging Applications of Formal Methods,3,2016,"- Core components: Mechanisms for translating models and assertions between different formalisms.
 - Key theoretical foundations: Theory of institutions (based on mathematical category theory), Unifying Theories of Programming (UTP) (based on lattice theory).
 - Mathematical representations: Kripke Structures, model maps (µ), satisfaction condition.
 - Multiple approaches: Linking approach (theory of institutions, UTP), megamodel approach, wide-spectrum approach.",Not mentioned (the paper does not provide specific information on quantitative metric development),"The paper does not describe an experimental validation protocol in the traditional sense. Instead, it uses a theoretical and conceptual approach to validate the multi-formalism approach, relying on the application of the theory of institutions to demonstrate its feasibility. The validation is based on theoretical analysis rather than empirical experimentation, and it involves conceptual models and theoretical frameworks rather than physical systems or components.",no explicit correlation found,"- Linking approach: Translates models and assertions between different formalisms using the theory of institutions or UTP.
 - Megamodel approach: Maps different formalisms into a common meta-meta model.
 - Wide-spectrum approach: Combines multiple sub-formalisms into a single semantic meta model.
 - Computational tools: Support translation of verification artefacts and models between formalisms.
 - Novel approaches: Use of theory of institutions and UTP for bridging paradigmatic differences.","- Full bibliographic information: A. Haxthausen, J. Peleska (2016)
 - Type of study: Theoretical Proposal
 - Primary application domain: Complex cyber-physical systems or systems of systems
 - Specific programming paradigms: Simulink/Stateflow, SCADE, SysML, B","- ""The multi-formalism approach requires to translate verification artefacts (assertions, test cases, etc.) between different representations, in order to allow for the verification of emergent properties based on local verification results established with different methods and modelling techniques.""
  - ""The megamodel approach maps the meta models (i.e. semantic models) of different formalisms into the same meta-meta model, usually denoted as a megamodel in the software engineering communities""
  - ""The wide-spectrum approach combines multiple ""sub-formalisms"" in one and provides a common ""heavy weight"" semantic meta model.""
  - ""The linking approach is illustrated by means of an example in the paragraphs below. We use linking techniques based on the theory of institutions.""
  - ""An institution defines some essential aspects of a logic system: signatures, sentences (over a given signature), models (over a given signature), and the satisfaction relation between models and sentences of the same signature.""
  - ""The Kripke Structure created via µ from the BC DFSM is shown in Fig. 6""
  - ""The linking approach performed in this section, uses this idea to first define a model map µ translating DFSM models having the signature Σ BC4 of the BC DFSM to Kripke models over a corresponding Kripke signature Σ K5""",,"- The paper discusses a multi-formalism approach, which involves translating verification artefacts between different formalisms to verify emergent properties. This suggests a model that accommodates multiple formalisms.
 - The core components of the model include mechanisms for translating models and assertions between different formalisms, which is facilitated by the theory of institutions and the Unifying Theories of Programming (UTP).
 - The theory of institutions is a key theoretical foundation, providing a framework for translating models and assertions between different formalisms. It is based on mathematical category theory.
 - The Unifying Theories of Programming (UTP) is another framework used, which relies on lattice theory and the equivalence between programming languages and logic.
 - The megamodel approach is another method mentioned, which maps different formalisms into a common meta-meta model.
 - The wide-spectrum approach combines multiple sub-formalisms into a common semantic meta model.
 - Mathematical representations include the use of Kripke Structures and model maps (µ) to translate between different formalisms.
 - The satisfaction condition is a mathematical representation that ensures consistency between models and assertions across different formalisms.","- ""The multi-formalism approach requires to translate verification artefacts (assertions, test cases, etc.) between different representations, in order to allow for the verification of emergent properties based on local verification results established with different methods and modelling techniques.""
  - ""The linking approach uses mechanisms to translate models and assertions between different formalisms.""
  - ""The linking approach performed in this section, uses this idea to first define a model map µ translating DFSM models having the signature Σ BC4 of the BC DFSM to Kripke models over a corresponding Kripke signature Σ K5""
  - ""The translation of models and sentences is illustrated in Fig. 5""
  - ""The satisfaction condition states in our case that""
  - ""The satisfaction condition is illustrated in Fig. 7""
  - ""The condition is illustrated in Fig. 8""
  - ""Collecting now the assertions established in ( 2), (3), and (4), it is easy to see that together they imply the desired safety property specified in (1).""
  - ""The examples show that this trend will automatically foster the integration between modelling and programming: the transfer of verification artefacts between different formalisms requires a level of abstraction which is significantly higher than that of typical programming languages.""",,"- The paper discusses the multi-formalism approach and the need to translate verification artefacts between different formalisms to verify emergent properties.
 - The linking approach is a key method used to translate models and assertions between formalisms, which involves defining a model map (µ) to translate DFSM models to Kripke models.
 - The satisfaction condition is a critical component of this approach, ensuring that model satisfaction of sentences is invariant under change of formalism.
 - The paper does not explicitly describe a quantitative metric development process or provide specific mathematical or computational approaches for creating a metric.
 - There is no mention of variables, parameters, or a range/scale for a metric, nor are there any normalization or standardization techniques discussed.
 - The focus is on the conceptual and theoretical aspects of integrating different formalisms rather than on developing a specific quantitative metric.","- ""It is illustrated by means of a case study from the railway domain, how this can be achieved, using concepts from the theory of institutions.""
  - ""In the case study introduced above, consider the safety-related verification obligation This is an emerging property, because its validity cannot be decided by analysis of the CSM or the BC alone: the CSM knows about d, but it has no control over the trigger event to the brakes.""
  - ""The example above illustrated the application of the theory of institutions in a linking approach to verify emergent properties in a large scale system development, where different formalisms are used for modelling different system components.""
  - ""In this contribution, the aspect of using multiple formalisms in large-scale system developments with collaborative development environments has been discussed.""
  - ""We have argued that the multi-formalism approach requires some theoretical support for verifying emergent system properties and re-using verification tools in the context of different formalisms.""
  - ""These considerations suggest that there is no single ""best"" unified modelling, programming and verification paradigm to be expected in the future. Instead, system development and verification according to the multi-formalism approach will become more and more natural.""",,"- The paper discusses the feasibility of a unified modelling and programming paradigm, focusing on the multi-formalism approach for large-scale system development and verification.
 - The case study from the railway domain is used to illustrate how the multi-formalism approach can be applied using concepts from the theory of institutions.
 - The paper does not describe an experimental validation protocol in the traditional sense, as it does not involve empirical experiments or data collection.
 - Instead, the validation is theoretical and conceptual, relying on the application of the theory of institutions to demonstrate the feasibility of the multi-formalism approach.
 - The paper discusses the verification of emergent properties and the reuse of verification tools across different formalisms, but this is done through theoretical analysis rather than empirical experimentation.
 - The types of systems or components used in the validation are conceptual models and theoretical frameworks, rather than physical systems or components.","- ""The multi-formalism approach requires to translate verification artefacts (assertions, test cases, etc.) between different representations, in order to allow for the verification of emergent properties based on local verification results established with different methods and modelling techniques.""
  - ""The main message of this paper is that the advantages of the multi-formalism approach outweigh this translation effort, because systematic methods for transferring theories and verification results between formalisms exist and can be efficiently applied.""
  - ""The linking approach uses mechanisms to translate models and assertions between different formalisms.""
  - ""The megamodel approach maps the meta models (i.e. semantic models) of different formalisms into the same meta-meta model, usually denoted as a megamodel in the software engineering communities""
  - ""The wide-spectrum approach combines multiple ""sub-formalisms"" in one and provides a common ""heavy weight"" semantic meta model.""
  - ""The linking approach is illustrated by means of an example in the paragraphs below. We use linking techniques based on the theory of institutions.""
  - ""The examples show that this trend will automatically foster the integration between modelling and programming: the transfer of verification artefacts between different formalisms requires a level of abstraction which is significantly higher than that of typical programming languages.""
  - ""Nevertheless, considerable work is still necessary to achieve a degree of usability and integration for modelling and verification techniques that is already available today for ""conventional"" programming in integrated development environments.""",,"- The paper discusses the challenges of integrating different formalisms in system development and verification, particularly in the context of a multi-formalism approach.
 - It describes various methods for integrating formalisms, such as the linking approach, megamodel approach, and wide-spectrum approach.
 - The paper provides examples and case studies to illustrate these integration methods, particularly focusing on the linking approach using the theory of institutions.
 - However, there is no mention of a specific ""Integration Difficulty Correlation"" or any statistical methods used to establish a correlation between a quantitative metric and observed integration difficulties.
 - The paper does not provide correlation coefficients or statistical significance values related to integration difficulties.
 - The focus is on conceptual and methodological discussions rather than quantitative analysis or statistical correlation.","- ""The multi-formalism approach requires to translate verification artefacts (assertions, test cases, etc.) between different representations, in order to allow for the verification of emergent properties based on local verification results established with different methods and modelling techniques.""
  - ""This also enables the utilisation of verification tools in different formalisms, despite the fact that these tools are usually developed for one specific formal method.""
  - ""The linking approach uses mechanisms to translate models and assertions between different formalisms.""
  - ""The megamodel approach maps the meta models (i.e. semantic models) of different formalisms into the same meta-meta model, usually denoted as a megamodel in the software engineering communities""
  - ""The wide-spectrum approach combines multiple ""sub-formalisms"" in one and provides a common ""heavy weight"" semantic meta model.""
  - ""The linking approach is illustrated by means of an example in the paragraphs below. We use linking techniques based on the theory of institutions.""
  - ""The megamodel approach is still a fairly new research topic, and many investigations are only concerned with static model semantics, while the linking approach fully supports the translation of facts about behavioural semantics.""
  - ""the UTP-based method seems to be equally well-suited, as can be seen from case studies like [2].""
  - ""The role of the morphisms and co-morphisms between institutions is taken on by Galois connections between lattices in UTP.""",,"- The paper discusses the need for a multi-formalism approach in system development and verification, which involves translating verification artefacts between different formalisms to verify emergent properties.
 - Three main mechanisms for managing paradigm interoperability are identified: the linking approach, the megamodel approach, and the wide-spectrum approach.
 - The linking approach involves translating models and assertions between different formalisms using mechanisms like the theory of institutions or Unifying Theories of Programming (UTP).
 - The megamodel approach involves mapping different formalisms into a common meta-meta model to facilitate integration.
 - The wide-spectrum approach combines multiple sub-formalisms into a single semantic meta model.
 - The paper highlights the use of the theory of institutions and UTP as specific techniques for bridging different paradigmatic approaches.
 - Computational tools supporting interoperability include those that can translate verification artefacts and models between formalisms.
 - The paper suggests that these mechanisms are novel approaches to managing paradigm differences, particularly in the context of large-scale system developments.","- ""In this article, the feasibility of a unified modelling and programming paradigm is discussed from the perspective of large scale system development and verification in collaborative development environments.""
  - ""We motivate the necessity to utilise multiple formalisms for development and verification, in particular for complex cyber-physical systems or systems of systems.""
  - ""It is illustrated by means of a case study from the railway domain, how this can be achieved, using concepts from the theory of institutions.""
  - ""The main message of this paper is that the advantages of the multi-formalism approach outweigh this translation effort, because systematic methods for transferring theories and verification results between formalisms exist and can be efficiently applied.""
  - ""This interest is motivated by the desire to analyse executable models for early detection of conceptual errors and to exchange semantically precise models instead of or in addition to informal textual documents with suppliers.""
  - ""In the next section, another application of this approach will be described: the cooperation of tools, each of them fulfilling verification tasks for specific formalisms.""
  - ""For the domain of cyber-physical systems, we consider the multi-formalism approach as essential for such undertakings, because special methods and associated modelling techniques are needed to optimise the development and verification of system components possessing a considerable structural and behavioural variety -from smart sensors via mechatronics controllers to database servers.""",,"- The full bibliographic information is provided in the title and author names: A. Haxthausen, J. Peleska (2016).
 - The type of study presented is a theoretical proposal, as it discusses the feasibility and advantages of a unified modelling and programming paradigm without conducting an empirical study.
 - The primary application domain is complex cyber-physical systems or systems of systems, particularly illustrated by a case study from the railway domain.
 - The specific programming paradigms discussed include the use of multiple formalisms such as Simulink/Stateflow, SCADE, SysML, and B, which are used for modelling and verification tasks in large-scale development projects."
A computational paradigm that integrates rule‐based and model‐based reasoning in expert systems,N. Lee,10.1002/int.4550050202,https://doi.org/10.1002/int.4550050202,International Journal of Intelligent Systems,3,1990,"- Core components: Integration of rule-based and model-based reasoning
 - Key theoretical foundations: Extension of Prolog unification algorithm to accommodate semantic unification
 - Mathematical/logical representations: Extension of Prolog unification algorithm
 - Multiple approaches: Rule-based reasoning by default, model-based reasoning when rules are inapplicable",Not mentioned (the abstract does not provide specific information about the development of a quantitative metric),Not mentioned (the abstract does not provide specific details about the experimental validation protocol),"no explicit correlation found (the abstract does not provide statistical methods, correlation coefficients, or specific integration challenges related to integration difficulty correlation)","- Technique: Extension of Prolog unification algorithm to accommodate semantic unification
 - Transformation Strategy: Automatic switching between rule-based and model-based reasoning
 - Computational Tool: R.M. procedure
 - Novel Approach: Automatic invocation of model-based reasoning when rules are inapplicable, returning to rule-based when possible","- Authors: N. Lee
 - Title: A computational paradigm that integrates rule‐based and model‐based reasoning in expert systems
 - Year: 1990
 - Publication Venue: Not mentioned
 - Type of study: Theoretical Proposal
 - Primary application domain: Telecommunication networks maintenance
 - Specific programming paradigms: Rule-based and model-based reasoning","- ""This article presents a new computational paradigm that integrates rule‐based and model‐based reasoning in expert systems.""
  - ""Our experience in expert systems research and development indicates that the rule‐based technique is simple, elegant, and efficient; whereas the model‐based approach is complex but powerful, CPU‐consuming but robust.""
  - ""Combining both the rule‐based and the model‐based methods into one paradigm means having the best of both worlds.""
  - ""to achieve this goal, we have extended the Prolog unification algorithm to accommodate semantic unification.""
  - ""the resulting computational procedure is named R.M.""
  - ""This new inference procedure uses rule‐based reasoning by default, and it automatically invokes model‐based reasoning when all the rules become inapplicable, but it returns to rule‐based reasoning whenever the rules become usable again.""
  - ""the idea behind this problem‐solving strategy is to achieve maximum efficiency as well as robustness in expert systems.""",,"- The abstract describes a new computational paradigm that integrates rule-based and model-based reasoning, which are the core components of the model.
 - The key theoretical foundation is the extension of the Prolog unification algorithm to accommodate semantic unification, which is a logical representation of the model.
 - The model is named R.M. and uses rule-based reasoning by default, switching to model-based reasoning when necessary, indicating a dynamic approach to problem-solving.
 - The abstract does not provide detailed mathematical or logical representations of the model beyond the mention of extending the Prolog unification algorithm.
 - The focus is on achieving efficiency and robustness in expert systems, which are theoretical foundations for the model.","- ""This article presents a new computational paradigm that integrates rule‐based and model‐based reasoning in expert systems.""
  - ""Our experience in expert systems research and development indicates that the rule‐based technique is simple, elegant, and efficient; whereas the model‐based approach is complex but powerful, CPU‐consuming but robust.""
  - ""Combining both the rule‐based and the model‐based methods into one paradigm means having the best of both worlds.""
  - ""to achieve this goal, we have extended the Prolog unification algorithm to accommodate semantic unification.""
  - ""the resulting computational procedure is named R.M.""
  - ""This new inference procedure uses rule‐based reasoning by default, and it automatically invokes model‐based reasoning when all the rules become inapplicable, but it returns to rule‐based reasoning whenever the rules become usable again.""
  - ""the idea behind this problem‐solving strategy is to achieve maximum efficiency as well as robustness in expert systems.""
  - ""Examples are used throughout the article to illustrate our notions.""
  - ""the article also sketches an application in the domain of telecommunication networks maintenance and describes our experimental results.""",,"- The abstract discusses the integration of rule-based and model-based reasoning in expert systems, which is a qualitative description of the paradigm rather than a quantitative metric.
 - The mention of extending the Prolog unification algorithm to accommodate semantic unification suggests a computational approach, but it does not provide specific details about a quantitative metric.
 - The abstract does not mention any specific mathematical or computational approach used to create a quantitative metric.
 - There is no mention of variables or parameters used in quantification, nor is there any information about the range or scale of a metric.
 - The abstract does not describe any normalization or standardization techniques applied to a quantitative metric.
 - The focus of the abstract is on the integration of reasoning methods and the application in telecommunication networks maintenance, rather than on the development of a quantitative metric.","- ""the article also sketches an application in the domain of telecommunication networks maintenance and describes our experimental results.""",,"- The abstract mentions that the article describes an application in the domain of telecommunication networks maintenance and provides experimental results. This suggests that there is some form of experimental validation or application testing.
 - However, the abstract does not provide specific details about the experimental design, validation techniques, or how integration difficulties were measured or observed.
 - The abstract does not mention any specific validation protocols, techniques, or systems used in the validation process.
 - The mention of ""experimental results"" implies some form of testing or validation, but the details are not provided in the abstract.","- ""the article also sketches an application in the domain of telecommunication networks maintenance and describes our experimental results.""
  - ""the idea behind this problem‐solving strategy is to achieve maximum efficiency as well as robustness in expert systems.""
  - ""the resulting computational procedure is named R.M.""
  - ""Combining both the rule‐based and the model‐based methods into one paradigm means having the best of both worlds.""
  - ""Our experience in expert systems research and development indicates that the rule‐based technique is simple, elegant, and efficient; whereas the model‐based approach is complex but powerful, CPU‐consuming but robust.""",,"- The abstract discusses the integration of rule-based and model-based reasoning in expert systems, highlighting the strengths and weaknesses of each approach.
 - It mentions the development of a new computational procedure named R.M. that combines both methods to achieve efficiency and robustness.
 - The abstract does not provide any specific statistical methods, correlation coefficients, or statistical significance values related to the integration difficulty correlation.
 - There is no mention of any quantitative metric or observed integration difficulties, nor are there any specific integration challenges that were quantified.
 - The abstract focuses on the conceptual integration and the benefits of combining both methods rather than providing a detailed analysis of integration difficulties or correlations.","- ""This article presents a new computational paradigm that integrates rule‐based and model‐based reasoning in expert systems.""
  - ""Combining both the rule‐based and the model‐based methods into one paradigm means having the best of both worlds.""
  - ""we have extended the Prolog unification algorithm to accommodate semantic unification.""
  - ""the resulting computational procedure is named R.M.""
  - ""This new inference procedure uses rule‐based reasoning by default, and it automatically invokes model‐based reasoning when all the rules become inapplicable, but it returns to rule‐based reasoning whenever the rules become usable again.""
  - ""the idea behind this problem‐solving strategy is to achieve maximum efficiency as well as robustness in expert systems.""",,"- The abstract describes a new computational paradigm that integrates rule-based and model-based reasoning, which is a mechanism for managing paradigm interoperability.
 - The integration is achieved by extending the Prolog unification algorithm to accommodate semantic unification, which is a specific technique for bridging different paradigmatic approaches.
 - The resulting computational procedure, named R.M., uses rule-based reasoning by default and automatically switches to model-based reasoning when necessary, which is a transformation strategy.
 - The use of the Prolog unification algorithm and the development of the R.M. procedure are computational tools supporting interoperability.
 - The approach of automatically switching between rule-based and model-based reasoning is a novel strategy for managing paradigm differences, aiming to achieve maximum efficiency and robustness.","- ""This article presents a new computational paradigm that integrates rule‐based and model‐based reasoning in expert systems.""
  - ""Our experience in expert systems research and development indicates that the rule‐based technique is simple, elegant, and efficient; whereas the model‐based approach is complex but powerful, CPU‐consuming but robust.""
  - ""Combining both the rule‐based and the model‐based methods into one paradigm means having the best of both worlds.""
  - ""to achieve this goal, we have extended the Prolog unification algorithm to accommodate semantic unification.""
  - ""the resulting computational procedure is named R.M.""
  - ""the article also sketches an application in the domain of telecommunication networks maintenance and describes our experimental results.""",,"- The full bibliographic information is provided in the title and author name: ""N. Lee (1990)"" and ""A computational paradigm that integrates rule‐based and model‐based reasoning in expert systems.""
 - The type of study presented is a ""Theoretical Proposal"" because the abstract discusses the development of a new computational paradigm and its theoretical underpinnings.
 - The primary application domain is ""telecommunication networks maintenance"" as indicated by the mention of an application in this domain.
 - The specific programming paradigms discussed are ""rule‐based"" and ""model‐based"" reasoning, with an extension of the Prolog unification algorithm to accommodate semantic unification."
Integrated Modeling and Verification of Real-Time Systems through Multiple Paradigms,"M. Bersani, Carlo A. Furia, Matteo Pradella, M. Rossi",10.1109/SEFM.2009.16,https://doi.org/10.1109/SEFM.2009.16,2009 Seventh IEEE International Conference on Software Engineering and Formal Methods,7,2009,"- Core components: Integration of different formalisms for modeling different system aspects.
 - Key theoretical foundations: Metric Temporal Logic (MTL) for common semantic foundation.
 - Mathematical representations: MTL formulas for system behavior and properties.
 - Multiple approaches: Discretization of continuous-time MTL formulas into discrete-time formulas for verification using Zot bounded satisfiability checker.","- Mathematical or computational approach: Under- and over-approximation functions (Ω δ and O δ) to transform continuous-time MTL formulas into discrete-time formulas.
 - Variables or parameters: δ (time-related parameter).
 - Range or scale: Not explicitly mentioned.
 - Normalization or standardization: Not explicitly mentioned.","- Overall experimental approach: The technique was validated using a realistic monitoring system as a case study.
 - Specific validation techniques: Modeling with timed Petri nets and timed automata, integration using MTL formulas, and verification with the Zot bounded satisfiability checker.
 - Types of systems or components used: A monitoring system with sensors, data acquisition, and data management components.
 - Integration difficulties measurement: Observed through verification results and test durations using Zot and MiniSat SAT solver.",no explicit correlation found (the paper discusses challenges related to integration but does not provide statistical methods or correlation coefficients),"- Technique for integrating different modeling paradigms using Metric Temporal Logic (MTL) as a common semantic foundation.
 - Operational formalisms are integrated by providing MTL formalizations that can be discretized.
 - Zot bounded satisfiability checker supports interoperability by automatically generating discrete-time approximation formulas and translating them into SAT problems.
 - Verification process involves building discrete-time MTL formulas, translating them into SAT problems, and solving these problems.
 - Novel approach in using MTL as a bridge between paradigms and integrating with SAT-based verification tools.","- Full bibliographic information: M. Bersani, Carlo A. Furia, Matteo Pradella, M. Rossi (2009), ""Integrated Modeling and Verification of Real-Time Systems through Multiple Paradigms""
 - Type of study: Theoretical Proposal
 - Primary application domain: Real-time systems
 - Specific programming paradigms: Metric Temporal Logic (MTL), Timed Automata (TA), Timed Petri Nets (TPN)","- ""In this paper we present a technique to model different aspects of the same system with different formalisms, while keeping the various models tightly integrated with one another.""
  - ""Our approach leverages the flexibility provided by a bounded satisfiability checker to encode the verification problem of the integrated model in the Boolean satisfiability (SAT) problem; this allows users to carry out formal verification activities both on the whole model and on parts thereof.""
  - ""The technique presented in this paper hinges on Metric Temporal Logic (MTL) to provide a common semantic foundation to the integrated formalisms, and on the results presented in [13] to integrate continuous-and discrete-time MTL fragments into a unique formal description.""
  - ""Operational formalisms can then be introduced in the framework by providing suitable MTL formalizations, which can then be discretized as well according to the same technique.""
  - ""The multi-paradigm modeling technique presented in this paper is supported by the Zot bounded satisfiability checker [16,17].""
  - ""The tool then automatically builds, for the dense-time fragments of the system and of the property to be analyzed, the two discrete-time approximation formulas of Proposition 1.""
  - ""The multi-paradigm verification process in Zot consists of three sequential phases. First, the discrete-time MTL formulas of Proposition 1 are built and are translated into a propositional satisfiability (SAT) problem.""",,"- The core components of the model include the use of different formalisms to model different aspects of a system, with a focus on integrating these models tightly.
 - The key theoretical foundation is Metric Temporal Logic (MTL), which provides a common semantic foundation for the integrated formalisms.
 - The model uses mathematical representations such as MTL formulas to describe system behavior and properties.
 - The approach leverages a bounded satisfiability checker (Zot) to encode verification problems into SAT problems, allowing for formal verification activities.
 - The model involves discretizing continuous-time MTL formulas into discrete-time formulas for verification purposes.
 - The multi-paradigm verification process involves translating discrete-time MTL formulas into SAT problems and using a SAT solver for verification.","- ""The technique presented in this paper hinges on Metric Temporal Logic (MTL) to provide a common semantic foundation to the integrated formalisms, and on the results presented in [13] to integrate continuous-and discrete-time MTL fragments into a unique formal description.""
  - ""The technique of [11] is based on two approximation functions for MTL formulas, called under-and over-approximation.""
  - ""The underapproximation function Ω δ maps continuous-time MTL formulas to discrete-time formulas such that the non-validity of the latter implies the non-validity of the former, over behaviors in B δ χ ; in other words Ω δ preserves validity from continuous to discrete time.""
  - ""The over-approximation function O δ maps continuous-time MTL formulas to discrete-time MTL formulas such that the validity of the latter implies the validity of the former, over behaviors in B δ χ""
  - ""Proposition 1 (Approximations [11]). For any MTL formulas φ 1 , φ 2 , and for any δ ∈ D φ1,φ2""
  - ""The multi-paradigm verification process in Zot consists of three sequential phases. First, the discrete-time MTL formulas of Proposition 1 are built and are translated into a propositional satisfiability (SAT) problem.""
  - ""The tool then automatically builds, for the dense-time fragments of the system and of the property to be analyzed, the two discrete-time approximation formulas of Proposition 1.""
  - ""The technique has been validated on a non trivial example of data monitoring system.""",,"- The paper discusses the use of Metric Temporal Logic (MTL) as a common semantic foundation for integrating different formalisms.
 - The technique involves under- and over-approximation functions (Ω δ and O δ) to transform continuous-time MTL formulas into discrete-time formulas.
 - These approximation functions are used to preserve validity and counterexamples from continuous to discrete time, which is a key aspect of the quantitative metric development.
 - The parameter δ is used in the approximation functions, indicating a time-related parameter that influences the transformation.
 - The process involves translating these discrete-time formulas into a propositional satisfiability (SAT) problem, which is a computational approach to evaluate the metric.
 - The paper does not explicitly mention a specific range or scale for the metric, nor does it detail any normalization or standardization techniques applied to the metric.","- ""We demonstrate how the modeling and verification technique presented in this paper works in practice through an example consisting of a fragment of a realistic monitoring system, which could be part of a larger supervision and control system.""
  - ""The monitoring subsystem is composed of three identical sensors, a middle component that is in charge of acquiring and pre-processing the data from the sensors, and a data management component that further elaborates the data (e.g., to select appropriate control actions).""
  - ""First, we model the mechanism through which the three sensors collect data from the field and the data acquisition component retrieves them for the pre-processing phase. This fragment of the model is described through a timed Petri net, and is depicted in Figure 1""
  - ""A further fragment of the formal model of the monitoring system is shown in Figure 2 . It represents, through the formalism of timed automata presented in [12], the transmission protocol that the data acquisition component uses to send refined values to the data manager.""
  - ""MTL formulas are added to ""bridge the gap"" between the fragments shown in Figures 1 and 2""
  - ""Verification. We used the system model presented above to check a number of properties to validate the effectiveness of our approach.""
  - ""Table 4 .1 shows the results, and duration of the tests.""
  - ""The verification tool and the complete model used for verification can be found at http://home.dei.polimi.it/pradella.""
  - ""Tests have been performed on a PC equipped with two Intel Xeon E5335 Quad-Core Processor 2GHz, 16 Gb of RAM, and GNU/Linux (kernel 2.6.29), using a single core for each test.""
  - ""Zot used the SAT-solver MiniSat 2.""
  - ""The technique has been validated on a non trivial example of data monitoring system.""
  - ""The experimental results show the feasibility of the approach, through which we have been able to investigate the validity (or, in some cases, the non validity) of some properties of the system.""",,"- The overall experimental approach involved using a realistic monitoring system as a case study to validate the modeling and verification technique.
 - Specific validation techniques included modeling parts of the system using timed Petri nets and timed automata, and then integrating these models using MTL formulas.
 - The system used for validation was a monitoring system with sensors, data acquisition, and data management components.
 - Integration difficulties were measured by checking various properties of the system using the Zot bounded satisfiability checker and observing the results and duration of these tests.
 - The validation was conducted on a specific hardware setup with a PC and using the MiniSat SAT solver.","- ""In our future research on this topic we plan to address the two main drawbacks evidenced above. First, we will work on extending the verification technique to expand its range of applicability and reduce its region of incompleteness. Also, we will study more efficient implementations for the Zot plugins through which the various modeling notations are added to the framework: we believe that more direct (therefore more compact, both in the literals and clause numbers) encodings into SAT of the TPN and TA axiomatizations should significantly improve the efficiency of the tool.""
  - ""It is clear from our experiments that, unsurprisingly, the technique suffers from two main drawbacks: the incompleteness of the verification approach by discretization evidenced in [11], which prevented us, in some cases, to get conclusive answers on some analyzed properties; and the computational complexity of our method, which is based on the direct translation of TPN and TA into MTL formulas, approximated into discrete ones, and then encoded into SAT.""
  - ""The technique has been validated on a non trivial example of data monitoring system. The experimental results show the feasibility of the approach, through which we have been able to investigate the validity (or, in some cases, the non validity) of some properties of the system.""","- ""<table_quotation page_num=24 table_on_page=1></table_quotation>""","- The paper discusses the validation of a technique for modeling and verifying systems using different paradigms, but it does not explicitly mention any statistical methods or correlation coefficients related to integration difficulties.
 - The paper highlights two main drawbacks of the technique: incompleteness due to discretization and computational complexity. These are challenges related to integration but are not quantified in terms of a correlation.
 - The paper does not provide any statistical analysis or correlation coefficients to quantify the integration difficulties.
 - The table referenced at the end of the paper is likely related to verification results rather than integration difficulties.","- ""In this paper we present a technique to model different aspects of the same system with different formalisms, while keeping the various models tightly integrated with one another.""
  - ""Our approach leverages the flexibility provided by a bounded satisfiability checker to encode the verification problem of the integrated model in the Boolean satisfiability (SAT) problem; this allows users to carry out formal verification activities both on the whole model and on parts thereof.""
  - ""The technique presented in this paper hinges on Metric Temporal Logic (MTL) to provide a common semantic foundation to the integrated formalisms, and on the results presented in [13] to integrate continuous-and discrete-time MTL fragments into a unique formal description.""
  - ""Operational formalisms can then be introduced in the framework by providing suitable MTL formalizations, which can then be discretized as well according to the same technique.""
  - ""The multi-paradigm modeling technique presented in this paper is supported by the Zot bounded satisfiability checker [16,17].""
  - ""The tool then automatically builds, for the dense-time fragments of the system and of the property to be analyzed, the two discrete-time approximation formulas of Proposition 1.""
  - ""The multi-paradigm verification process in Zot consists of three sequential phases. First, the discrete-time MTL formulas of Proposition 1 are built and are translated into a propositional satisfiability (SAT) problem.""",,"- The paper describes a technique for integrating different modeling paradigms by using Metric Temporal Logic (MTL) as a common semantic foundation. This allows for the integration of continuous and discrete-time MTL fragments.
 - Operational formalisms are integrated by providing MTL formalizations that can be discretized, ensuring compatibility with the SAT-based verification process.
 - The Zot bounded satisfiability checker is a key tool supporting this interoperability by automatically generating discrete-time approximation formulas and translating them into SAT problems.
 - The verification process involves three phases: building discrete-time MTL formulas, translating them into SAT problems, and solving these problems to verify system properties.
 - The approach is novel in its use of MTL as a bridge between different paradigms and its integration with SAT-based verification tools.","- ""In this paper we present a technique to model different aspects of the same system with different formalisms, while keeping the various models tightly integrated with one another.""
  - ""The effectiveness of the approach is illustrated through the example of a monitoring system.""
  - ""Combining different modeling paradigms in a single framework for verification purposes is not a novel concept.""
  - ""Modeling using different paradigms is a staple of UML""
  - ""The technique presented in this paper hinges on Metric Temporal Logic (MTL) to provide a common semantic foundation to the integrated formalisms, and on the results presented in [13] to integrate continuous-and discrete-time MTL fragments into a unique formal description.""
  - ""The multi-paradigm modeling technique presented in this paper is supported by the Zot bounded satisfiability checker""
  - ""We demonstrate how the modeling and verification technique presented in this paper works in practice through an example consisting of a fragment of a realistic monitoring system, which could be part of a larger supervision and control system.""",,"- The full bibliographic information is provided in the question itself: Authors (M. Bersani, Carlo A. Furia, Matteo Pradella, M. Rossi), Title (""Integrated Modeling and Verification of Real-Time Systems through Multiple Paradigms""), Year (2009).
 - The type of study presented is a Theoretical Proposal, as it introduces a new technique for integrating multiple modeling paradigms for real-time systems.
 - The primary application domain is real-time systems, specifically illustrated through a monitoring system example.
 - The specific programming paradigms discussed include Metric Temporal Logic (MTL), Timed Automata (TA), and Timed Petri Nets (TPN), which are used for modeling and verification."
Towards Paradigm-Independent Software Assessment,"S. Bryton, Fernando Brito e Abreu",10.1109/QUATIC.2007.24,https://doi.org/10.1109/QUATIC.2007.24,Quality of Information and Communications Technology,11,2007,"- Core components: Paradigms and formalisms representation, features and dependencies representation, ModularFeatureType and DependencyType meta-classes
 - Key theoretical foundations: Powertypes concept
 - Mathematical/logical representations: UML class diagram, Object Constraint Language (OCL) for metrics and well-formedness rules
 - Frameworks: Metamodel-Driven Measurement Approach (M2DM)","- Specific mathematical or computational approach: Use of Object Constraint Language (OCL) and Metamodel-Driven Measurement Approach (M2DM)
 - Variables or parameters: Not specified
 - Range or scale: Not specified
 - Normalization or standardization techniques: Not specified","- Overall experimental approach: The paper uses a metamodel (PIMETA) to describe software systems in a paradigm-independent manner and validates it through instantiation exercises with Java and AspectJ languages.
 - Specific validation techniques or protocols: Instantiation exercises with Java and AspectJ; Metamodel-Driven Measurement Approach (M2DM).
 - Types of systems or components used in the validation: Shopping-cart system implemented in Java and AspectJ.
 - Integration difficulties measurement: Not explicitly mentioned; the focus is on demonstrating modularity differences between paradigms.",no explicit correlation found (the paper focuses on proposing a paradigm-independent metamodel and does not provide specific statistical methods or correlation coefficients related to integration difficulty),"- Paradigm-independent metamodel for describing software systems
 - Instantiation from source code or design models using loaders
 - Generic concepts applicable across all paradigms
 - Formalism extension mechanism for reusing constructs
 - Metamodel-Driven Measurement Approach (M2DM) for formal comparisons","- Authors: S. Bryton, Fernando Brito e Abreu
 - Title: Towards Paradigm-Independent Software Assessment
 - Year: 2007
 - Type of study: Theoretical Proposal
 - Primary application domain: Software development and assessment
 - Specific programming paradigms: Object-Oriented Programming (OOP), Aspect-Oriented Programming (AOP)","- ""The objective of this paper is to propose a metamodel for describing the structural relationships of software systems that are required to perform modularity assessments across paradigm borders.""
  - ""The metamodel is instantiated either from source code or from design models using appropriate loaders (transformers). The resulting model can be assessed on a paradigm independent fashion since the metamodel only includes generic concepts, which are omnipresent in all paradigms.""
  - ""the metamodel is expressed as a UML class diagram, modularity metrics can then be defined over the metamodel using a formal language as the Object Constraint Language (OCL) [15], like proposed in [16]. OCL is also used for expressing well-formedness rules for the metamodel itself.""
  - ""The metamodel represented in Figure 1 can be logically divided into two different parts, and is inspired by the powertypes concept [17].""
  - ""The upper part allows representing paradigms and formalisms, the kind of features and dependencies they offer (traduced by the four XptoType powertype meta-classes) and how they can be organized.""
  - ""The lower part allows representing the system under analysis, its concrete features, dependencies and organization.""
  - ""The abstract meta-class FeatureType represents the types of features that formalisms offer. ModularFeatureType represents the different modules offered by formalisms (e.g. the ""class"" and ""package"" modules are offered by Java).""
  - ""the DependencyType meta-class represents the different dependency types that can exist among features, provided by formalisms (e.g. an operation ""calls"" another operation in Java).""
  - ""To ensure metamodel consistency, we need to express several well-formedness rules. These were formalized as OCL invariants.""
  - ""PIMETA offers provisions for performing a formal comparison of software systems using the Metamodel-Driven Measurement Approach (M2DM) originally proposed in [16].""",,"- The paper proposes a metamodel for describing software systems in a paradigm-independent manner, focusing on structural relationships and modularity assessments.
 - The core components of the model include:
  - Paradigms and formalisms representation
  - Features and dependencies representation
  - ModularFeatureType and DependencyType meta-classes
 - The key theoretical foundation is the powertypes concept, which inspires the metamodel's structure.
 - The model is represented as a UML class diagram, and modularity metrics are defined using the Object Constraint Language (OCL).
 - OCL is also used for expressing well-formedness rules, ensuring metamodel consistency.
 - The Metamodel-Driven Measurement Approach (M2DM) is mentioned as a framework for formal comparison of software systems.","- ""the metamodel is expressed as a UML class diagram, modularity metrics can then be defined over the metamodel using a formal language as the Object Constraint Language (OCL) [15], like proposed in [16].""
  - ""Given the expressiveness and preciseness of OCL for expressing modularity metrics and the simplicity of the PIMETA semantics, combined with its intended multi-paradigm instantiation ability, PIMETA appears to be an adequate ground for basing paradigm and formalismindependent modularity assessments.""
  - ""OCL is also used for expressing well-formedness rules for the metamodel itself.""
  - ""PIMETA offers provisions for performing a formal comparison of software systems using the Metamodel-Driven Measurement Approach (M2DM) originally proposed in [16].""",,"- The paper discusses the use of a metamodel (PIMETA) for describing software systems in a paradigm-independent manner. This metamodel is expressed as a UML class diagram.
 - Modularity metrics are defined over this metamodel using the Object Constraint Language (OCL). This suggests that OCL is the formal language used to create these metrics.
 - The paper mentions the Metamodel-Driven Measurement Approach (M2DM) as a method for performing formal comparisons of software systems. This approach is likely used to transform paradigmatic compatibility into quantitative metrics.
 - The paper does not provide specific mathematical or computational details about the metric calculation, nor does it list specific variables or parameters used in the quantification.
 - There is no mention of the range or scale of the metric, nor any normalization or standardization techniques applied.
 - The focus is on the use of OCL and the M2DM approach for defining and applying metrics, rather than on specific mathematical or computational details.","- ""The objective of this paper is to propose a metamodel for describing the structural relationships of software systems that are required to perform modularity assessments across paradigm borders.""
  - ""The metamodel is instantiated either from source code or from design models using appropriate loaders (transformers).""
  - ""To demonstrate how PIMETA can be used for representing software systems designed (input is a model) or written (input is source code) in formalisms representing different paradigms, we have performed a full instantiation exercise for the Java and AspectJ languages, perhaps the best surrogates of the OOP and AOP paradigms, respectively.""
  - ""A simple example of logging, implemented both with Java and AspectJ, developed by Laddad [20], was chosen to demonstrate PIMETA instantiation with the Java and AspectJ languages and to demonstrate how their modularity differences can effectively be put in evidence by PIMETA.""
  - ""Through an instantiation exercise based on a shopping-cart case-study written both in Java and AspectJ, we have shown how the PIMETA metamodel can be used for representing systems conceived with different paradigms, namely OOP and AOP.""
  - ""PIMETA offers provisions for performing a formal comparison of software systems using the Metamodel-Driven Measurement Approach (M2DM) originally proposed in [16].""
  - ""Our initial motivation when we started defining PIMETA was to provide a ground for the quantification of the modularity benefits obtained with AOP versus OOP of which there is only anecdotal evidence [25].""",,"- The paper proposes a metamodel called PIMETA for describing software systems in a paradigm-independent manner, which is the core of the experimental validation protocol.
 - The metamodel is validated through instantiation exercises using Java and AspectJ languages, which are surrogates for OOP and AOP paradigms, respectively.
 - A specific case study involving a shopping-cart system implemented in both Java and AspectJ is used to demonstrate the metamodel's ability to highlight modularity differences between paradigms.
 - The Metamodel-Driven Measurement Approach (M2DM) is mentioned as a method for formal comparison, indicating a structured approach to validation.
 - The paper does not provide detailed metrics or results from the validation but focuses on the conceptual framework and its application to different paradigms.","- ""We now tend to believe that PIMETA can facilitate a much larger plethora of other experimental software engineering studies in areas such as software evolution or change impact evaluation, besides modularity assessment.""
  - ""Our initial motivation when we started defining PIMETA was to provide a ground for the quantification of the modularity benefits obtained with AOP versus OOP of which there is only anecdotal evidence [25].""
  - ""PIMETA offers provisions for performing a formal comparison of software systems using the Metamodel-Driven Measurement Approach (M2DM) originally proposed in [16].""
  - ""The proposed metamodel is not meant to be used for designing a system, since it lacks the adequate semantic expressiveness present in other metamodels like the UML2 one.""
  - ""To be adequate and fair, this kind of quantitative comparisons require that you do not compare apples with oranges.""",,"- The paper discusses the need for a paradigm-independent metamodel to compare software systems across different paradigms, but it does not explicitly mention any statistical methods or correlation coefficients related to integration difficulty.
 - The focus of the paper is on proposing a metamodel (PIMETA) for describing software systems in a paradigm-independent manner, rather than on establishing a correlation between quantitative metrics and integration difficulties.
 - The paper mentions the use of the Metamodel-Driven Measurement Approach (M2DM) for formal comparisons, but it does not provide specific details on statistical methods or correlation coefficients related to integration difficulty.
 - The paper does not identify specific integration challenges that were quantified or provide any statistical significance values related to integration difficulty.","- ""In this paper we propose a metamodel for describing software products (either source code or design models) that is paradigm-independent.""
  - ""The objective of this paper is to propose a metamodel for describing the structural relationships of software systems that are required to perform modularity assessments across paradigm borders.""
  - ""The metamodel is instantiated either from source code or from design models using appropriate loaders (transformers).""
  - ""The resulting model can be assessed on a paradigm independent fashion since the metamodel only includes generic concepts, which are omnipresent in all paradigms.""
  - ""To consider a new formalism or paradigm we only require a mapping of its specific constructs to the common concepts represented in the metamodel.""
  - ""PIMETA provides a formalism extension mechanism (reflexive meta-dependency ""extends"" in Figure 1""
  - ""This mechanism allows reusing the powertype meta-objects created for Java in the context of AspectJ.""
  - ""PIMETA offers provisions for performing a formal comparison of software systems using the Metamodel-Driven Measurement Approach (M2DM) originally proposed in [16].""
  - ""The benefit of independence allows comparisons across paradigm boundaries.""",,"- The paper proposes a paradigm-independent metamodel, which is a key mechanism for managing paradigm interoperability by allowing the description of software systems in a way that is not specific to any one paradigm.
 - The metamodel is instantiated from source code or design models using loaders, which is a technique for bridging different paradigmatic approaches by providing a common framework for analysis.
 - The metamodel includes generic concepts that are applicable across all paradigms, enabling paradigm-independent assessment and comparison.
 - The paper describes a formalism extension mechanism that allows for the reuse of constructs from one paradigm in another, such as extending Java with AspectJ.
 - The Metamodel-Driven Measurement Approach (M2DM) is a computational tool supporting interoperability by enabling formal comparisons across paradigm boundaries.
 - The paper highlights the benefit of independence in allowing comparisons across paradigm boundaries, which is a novel approach to managing paradigm differences.","- ""Through an instantiation exercise based on a shopping-cart case-study written both in Java and AspectJ, we have shown how the PIMETA metamodel can be used for representing systems conceived with different paradigms, namely OOP and AOP.""
  - ""To demonstrate how PIMETA can be used for representing software systems designed (input is a model) or written (input is source code) in formalisms representing different paradigms, we have performed a full instantiation exercise for the Java and AspectJ languages, perhaps the best surrogates of the OOP and AOP paradigms, respectively.""
  - ""The objective of this paper is to propose a metamodel for describing the structural relationships of software systems that are required to perform modularity assessments across paradigm borders.""
  - ""We illustrate the use of the proposed metamodel on a case study comparing functionally-equivalent systems produced with OOP andAOP.""
  - ""In this paper we propose a metamodel for describing software products (either source code or design models) that is paradigm-independent.""",,"- The full bibliographic information is provided in the title and abstract: Authors - S. Bryton, Fernando Brito e Abreu; Title - Towards Paradigm-Independent Software Assessment; Year - 2007.
 - The type of study presented is a Theoretical Proposal, as it involves the proposal of a metamodel for software assessment.
 - The primary application domain is not explicitly specified, but it is related to software development and assessment.
 - The specific programming paradigms discussed are Object-Oriented Programming (OOP) and Aspect-Oriented Programming (AOP)."
Assessing composition in modeling approaches,"G. Mussbacher, Omar Alam, Mohammad Alhaj, Shaukat Ali, N. Amálio, B. Barn, Rolv Bræk, T. Clark, B. Combemale, L. M. Cysneiros, U. Fatima, R. France, Geri Georg, Jennifer Horkoff, J. Kienzle, Julio Cesar Sampaio do Prado Leite, T. Lethbridge, Markus Luckey, A. Moreira, Felix Mutz, A. P. A. Oliveira, D. Petriu, Matthias Schöttle, L. Troup, Vera Werneck",10.1145/2459031.2459032,https://doi.org/10.1145/2459031.2459032,CMA '12,12,2012,"- Core components: Composition defined as creating new entities from existing ones; use of metamodels for structured criteria.
 - Theoretical foundations: Mathematical logic and formal systems for formal semantics; rigorous semantics for limited mechanical analysis.
 - Mathematical/logical representations: Theorem proving and model checking for formal semantics.
 - Multiple approaches: Formal semantics (e.g., VCL, Adapt Cases) and rigorous semantics (e.g., executable modeling languages).",Not mentioned (the paper does not provide specific information on the development of a quantitative metric for paradigmatic compatibility),"- Overall experimental approach: The experimental validation protocol involved workshops (CMA workshops) where modeling approaches were assessed using a common case study (bCMS).
 - Specific validation techniques or protocols: The bCMS case study was used to compare different modeling approaches, and assessments were collected to refine comparison criteria.
 - Types of systems or components used in the validation: The bCMS case study was the primary system used for validation.
 - Integration difficulties measurement: The paper does not provide specific details on how integration difficulties were measured or observed, but it implies that assessments and discussions during workshops were used to evaluate these aspects.",no explicit correlation found (the paper discusses analysis of composition rules and operators but does not provide specific statistical methods or correlation coefficients related to integration difficulty),"- Techniques for bridging different paradigmatic approaches: Composition rules and operators, pattern matching, superimposition, aspect weaving, model transformations.
 - Transformation or integration strategies: Use of metamodels to standardize terminology, development of comparison criteria documents.
 - Computational or modeling tools supporting interoperability: Development of a tool to capture assessment information.
 - Novel approaches to managing paradigm differences: Broad definition of composition, emerging taxonomy of composition specifications.","- Full bibliographic information: Authors (G. Mussbacher, Omar Alam, Mohammad Alhaj, Shaukat Ali, N. Amálio, B. Barn, Rolv Bræk, T. Clark, B. Combemale, L. M. Cysneiros, U. Fatima, R. France, Geri Georg, Jennifer Horkoff, J. Kienzle, Julio Cesar Sampaio do Prado Leite, T. Lethbridge, Markus Luckey, A. Moreira, Felix Mutz, A. P. A. Oliveira, D. Petriu, Matthias Schöttle, L. Troup, Vera Werneck), Title (Assessing composition in modeling approaches), Year (2012), Publication Venue (2nd International Comparing Modeling Approaches (CMA) workshop at Models 2012)
 - Type of study: Theoretical Proposal
 - Primary application domain: Communication and control systems, embedded and real-time systems, cyber-physical systems, information systems, enterprise architectures
 - Specific programming paradigms: Aspect-oriented, feature-oriented, object-oriented, logic-based","- ""The workshops in 2011 provided the groundwork for a comprehensive comparison criteria document, covering software development phases and activities of a modeling approach, its relationship to standards, its semantics, modularity and composability issues, traceability and tool support issues, but also identifying several candidate comparison criteria to be included in future versions of the document.""
  - ""In the 2012 workshops, these initial criteria are further consolidated and described more formally with the help of a metamodel""
  - ""The comparison criteria document is fundamentally important because common terminology tends to be interpreted differently depending on someone's modeling background, requiring further clarifications and examples in the comparison criteria document.""
  - ""We define composition as the act of creating new first class entities of the modeling approach from existing ones (e.g., by putting together several units of encapsulation).""
  - ""A composition is specified either as a composition rule or a composition operator, is applied to some input model elements, and produces some output.""
  - ""The approaches also vary in the extent to which they can be considered formal. This characteristic is also shown in Figure 3""
  - ""A language with formal semantics is entirely expressed in mathematical terms. Such a language is mechanically and exhaustively analyzable, which means that a machine can be used to check properties of models, using theorem proving or model checking, in a way that all states of the modeled system are covered and the analysis gives an absolute guarantee on whether the model satisfies the property or not.""
  - ""A language with a rigorous semantics is a language with semantics expressed in a form that allows language statements to be mechanically analyzed in a limited way (i.e., not all aspects of the language are formalized -just enough to perform the types of analysis needed).""
  - ""The second logic-based modeling approach (VCL) and Adapt Cases are the only ones that are classified exclusively as an approach with formal semantics,""
  - ""The CMA'12 workshop continued to normalize our understanding of the comparison criteria through in-depth discussions based on the existing assessments, particularly focusing on the issue of composability.""","- ""<table_quotation page_num=1 table_on_page=1>```markdown
 | Number | Institution  | Email |
 |--------|-------------------------------------------------------------------------------------------------|----------------------------------------------------------------------------------------|
 | 1 | SCE, Carleton University, Ottawa, Canada | {gunter | malhaj | petriu}@sce.carleton.ca  |
 | 2 | SCS, McGill University, Montreal, Canada | Omar.Alam@mail.mcgill.ca, Joerg.Kienzle@mcgill.ca, mschoettle@cs.mcgill.ca  |
 | 3 | Certus Software V&V Center, Simula Research Laboratory, Norway | shaukat@simula.no |
 | 4 | LASSY, University of Luxembourg, Luxembourg  | nuno.amalio@uni.lu  |
 | 5 | SEIS, Middlesex University, London, UK | {b.barn | t.n.clark}@mdx.ac.uk  |
 | 6 | Dept. of T., The Norwegian Uni. of Science and Technology, Norway  | {rolv.braek | urooj}@item.ntnu.no |
 | 7 | IRISA, Rennes, France  | benoit.combemale@irisa.fr |
 | 8 | York University, Toronto, Canada | cysneiro@yorku.ca |
 | 9 | CS Dept., Colorado State University, Fort Collins, USA | {france | georg}@cs.colostate.edu |
 | 10  | DISI, University of Trento, Trento, Italy  | horkoff@disi.unitn.it |
 | 11  | Pontifícia Universidade Católica do Rio de Janeiro (PUC-RIO), Brazil | julio@inf.puc-rio.br  |
 | 12  | EECS, University of Ottawa, Ottawa, Canada | tcl@eecs.uottawa.ca |
 | 13  | University of Paderborn, Paderborn, Germany  | {mluckey | fmutz}@mail.upb.de |
 | 14  | Universidade Nova de Lisboa, Lisbon, Portugal  | amm@fct.unl.pt  |
 | 15  | Universidade do Estado do Rio de Janeiro (UERJ), Brazil  | padua.uerj@gmail.com, vera@ime.uerj.br  |
 | 16  | Dept. of Psychology, Colorado State University, Fort Collins, USA  | Lucy.Troup@colostate.edu  |
 ```</table_quotation>""
  - ""(Page 6, Table 1) | | Adapt Case | AoURN | AspectSM | AT | Int. RE | i* | Kermeta | LEAP | MDSE | PUMA4SOA | RAM | UML | Umple | VCL | Total |
 \n|--------------------------------------|------------|-------|----------|----|---------|----|---------|------|------|----------|-----|-----|-------|-----|-------|
 \n| Number of composition rules/operators| 2 | 10 | 2*  | 5 | 2  | 2 | 3  | 5 | 4*  | 3 | 6  | 13* | 6  | 10 | 73*  |""
  - ""(Page 11, Table 1) Table 1: 2. Key Modeling Concepts
 \n--------------------------------------------------------------------------------------------------------
 \n|  | Composition Rule | Composition Operator |""
  - ""<table_quotation page_num=17 table_on_page=1></table_quotation>""
  - ""(Page 26, Table 1) | | Integral Extension | Merge Extension | Concurrent Join Extension | Sequential Join Extension |
 \n|----------------------------------------------------------------------------------------------------|--------------------|-----------------|---------------------------|---------------------------|
 \n| I. Does the result of the composition contain a modeling element that does not exist in the source models (i.e., does the composition add new model element(s) to the source models)? | |  |  |  |""","- The paper discusses the development of a comprehensive comparison criteria document that includes aspects such as semantics, modularity, and composability. This suggests a focus on formal model characteristics.
 - The use of a metamodel in the 2012 workshops indicates a structured approach to defining these criteria, which is a key component of formal modeling.
 - The definition of composition as creating new entities from existing ones provides a core component of the model related to composability.
 - The paper distinguishes between formal and rigorous semantics, with formal semantics being entirely expressed in mathematical terms and rigorous semantics allowing for limited mechanical analysis. This indicates a theoretical foundation in mathematical logic and formal systems.
 - The mention of theorem proving and model checking suggests mathematical or logical representations of the model.
 - The tables at the end of the paper likely contain detailed information about the formal model characteristics, such as the number of composition rules/operators and their properties.","- ""The Second International Comparing Modeling Approaches (CMA) workshop at Models 2012 builds on the results of the two AOM Bellairs workshops in 2011 [1] and 2012 [2] as well as the inaugural CMA workshop at Models 2011 [3].""
  - ""The workshops in 2011 provided the groundwork for a comprehensive comparison criteria document, covering software development phases and activities of a modeling approach, its relationship to standards, its semantics, modularity and composability issues, traceability and tool support issues, but also identifying several candidate comparison criteria to be included in future versions of the document.""
  - ""In the 2012 workshops, these initial criteria are further consolidated and described more formally with the help of a metamodel [6]""
  - ""The comparison criteria document is fundamentally important because common terminology tends to be interpreted differently depending on someone's modeling background, requiring further clarifications and examples in the comparison criteria document.""
  - ""The first CMA workshop was mostly submitter-driven and resulted in the assessment of six modeling approaches [7]. The focused bCMS case study was crucial in this effort as it allowed the entire case study to be modeled, hence providing a solid basis for discussion, comparison, and evaluation while still making it possible to demonstrate the capabilities of a modeling approach.""
  - ""The 2012 edition of CMA takes a different approach than the first edition in that specific modeling approaches are actively solicited on a much larger scale [8], resulting in 19 assessments of 14 modeling approaches which are discussed in this paper.""
  - ""The collected assessments are the first steps towards the ability to search for a language with specific characteristics, or for a person building a language to understand what already exists.""
  - ""Furthermore, this year's focus on composability contributes to an emerging taxonomy of composition specifications, i.e., a set of language operators and rules that can be used to compose various models.""
  - ""The analysis presented in this report is currently at an initial stage. We plan further analysis, including ensuring consistency across the modeling approaches.""
  - ""The goal of these and other analyses is to identify those criteria that are most useful to the comparison of modeling approaches.""
  - ""A related area of work is to develop a tool that captures assessment information and provides such searching capabilities.""
  - ""Finally, we intend to refine the presentation of the comparison criteria, in terms of their explanations, definitions, and examples.""","- ""(Page 6, Table 1) | | Adapt Case | AoURN | AspectSM | AT | Int. RE | i* | Kermeta | LEAP | MDSE | PUMA4SOA | RAM | UML | Umple | VCL | Total |
 \n|--------------------------------------|------------|-------|----------|----|---------|----|---------|------|------|----------|-----|-----|-------|-----|-------|
 \n| Number of composition rules/operators| 2 | 10 | 2*  | 5 | 2  | 2 | 3  | 5 | 4*  | 3 | 6  | 13* | 6  | 10 | 73*  |""
  - ""(Page 26, Table 1) | | Integral Extension | Merge Extension | Concurrent Join Extension | Sequential Join Extension |
 \n|----------------------------------------------------------------------------------------------------|--------------------|-----------------|---------------------------|---------------------------|
 \n| I. Does the result of the composition contain a modeling element that does not exist in the source models (i.e., does the composition add new model element(s) to the source models)? | |  |  |  |""","- The paper discusses the development of comparison criteria for modeling approaches, which includes aspects like modularity, composability, and traceability. However, it does not explicitly mention the development of a quantitative metric for paradigmatic compatibility.
 - The paper focuses on the qualitative assessment of modeling approaches using a case study and comparison criteria, rather than quantifying paradigmatic compatibility.
 - The tables included in the paper provide data on the number of composition rules/operators and other characteristics of the modeling approaches, but they do not describe a specific mathematical or computational approach for transforming paradigmatic compatibility into a quantitative metric.
 - The paper mentions future work in refining comparison criteria and developing tools for searching and comparing modeling approaches, but it does not provide details on how these efforts will involve quantitative metrics.","- ""The Second International Comparing Modeling Approaches (CMA) workshop at Models 2012 builds on the results of the two AOM Bellairs workshops in 2011 [1] and 2012 [2] as well as the inaugural CMA workshop at Models 2011 [3].""
  - ""At these workshops, the focused bCMS case study [4] based on the original Crisis Management System (CMS) case study [5] was developed and a collection of comparison criteria for modeling approaches was initiated and further refined.""
  - ""The 2012 edition of CMA takes a different approach than the first edition in that specific modeling approaches are actively solicited on a much larger scale [8], resulting in 19 assessments of 14 modeling approaches which are discussed in this paper.""
  - ""The collected assessments are the first steps towards the ability to search for a language with specific characteristics, or for a person building a language to understand what already exists.""
  - ""The remainder of this paper gives a definition of composition as required for our context in Section 2. Section 3 briefly introduces the covered modeling approaches. Section 4 presents initial analysis results from the 19 assessments while Section 5 concludes the paper and discusses future work.""
  - ""The CMA'12 workshop resulted in a significant increase in the number of assessments for modeling approaches, more than tripling the available assessments from 6 to 19 and more than doubling the available models of the bCMS case study from 6 to 14.""
  - ""The CMA'12 workshop continued to normalize our understanding of the comparison criteria through in-depth discussions based on the existing assessments, particularly focusing on the issue of composability.""",,"- The paper describes the use of workshops (CMA workshops) as part of the experimental validation protocol. These workshops were used to refine comparison criteria and assess modeling approaches.
 - The bCMS case study was a key component of the experimental design, as it provided a common basis for comparing different modeling approaches.
 - The paper mentions the collection of assessments from various modeling approaches, which were used to validate the compatibility metric by comparing how different approaches handled the bCMS case study.
 - The focus on composability and the refinement of comparison criteria suggest that these were central to the validation protocol.
 - The paper does not provide specific details on how integration difficulties were measured or observed, but it implies that the assessments and discussions during the workshops were used to evaluate these aspects.","- ""Finally, we intend to refine the presentation of the comparison criteria, in terms of their explanations, definitions, and examples. Part of this work includes defining criteria that have not been addressed to date, either through examples or more formal definitions. The items falling into this category that have been identified previously are reusability, scalability, inter-module dependency and interaction, abstraction, usability, ease of evolution, reduction of modeling effort, completeness, and expressiveness.""
  - ""A related area of work is to develop a tool that captures assessment information and provides such searching capabilities.""
  - ""The goal of these and other analyses is to identify those criteria that are most useful to the comparison of modeling approaches. We are particularly interested in criteria that will be useful to persons looking for modeling approaches that are most applicable to particular situations, or researchers developing new approaches, to determine existing work.""
  - ""The CMA'12 workshop continued to normalize our understanding of the comparison criteria through in-depth discussions based on the existing assessments, particularly focusing on the issue of composability.""
  - ""The presented analysis of composition rules/operators is only the first stepping stone for a more in-depth analysis that seeks to discover identical or near-identical composition rules/operators across two or more modeling approaches. Consequently, groups of commonly used and model type-specific composition rules/operators could be established. Such a grouping could inform how difficult it is to combine modeling approaches.""",,"- The paper discusses the analysis of composition rules and operators across different modeling approaches, which is relevant to understanding integration difficulties.
 - The paper mentions that the analysis could inform how difficult it is to combine modeling approaches, but it does not provide specific statistical methods or correlation coefficients.
 - There is no explicit mention of a correlation between a quantitative metric and observed integration difficulties in the paper.
 - The paper focuses on establishing a taxonomy of composition operations and improving comparison criteria rather than quantifying integration challenges or establishing a statistical correlation.
 - The paper does not provide any statistical methods, correlation coefficients, or statistical significance values related to integration difficulty.","- ""Modeling approaches may cover requirements models to low-level design models, are developed for various purposes, use various means of composition, and thus are difficult to compare.""
  - ""However, such comparisons are critical to help practitioners know under which conditions approaches are most applicable, and how they might be successfully generalized and combined to achieve end-to-end methods.""
  - ""The Second International Comparing Modeling Approaches (CMA) workshop at Models 2012 builds on the results of the two AOM Bellairs workshops in 2011 [1] and 2012 [2] as well as the inaugural CMA workshop at Models 2011 [3].""
  - ""The workshops in 2011 provided the groundwork for a comprehensive comparison criteria document, covering software development phases and activities of a modeling approach, its relationship to standards, its semantics, modularity and composability issues, traceability and tool support issues,""
  - ""In the 2012 workshops, these initial criteria are further consolidated and described more formally with the help of a metamodel [6]""
  - ""The comparison criteria document is fundamentally important because common terminology tends to be interpreted differently depending on someone's modeling background, requiring further clarifications and examples in the comparison criteria document.""
  - ""The term composition is a prototypical example. In the context of comparing modeling approaches from various paradigms, composition needs to be defined rather broadly as will be discussed in this paper.""
  - ""We define composition as the act of creating new first class entities of the modeling approach from existing ones (e.g., by putting together several units of encapsulation).""
  - ""The main defining characteristic is hence that composition combines existing first class entities in some way.""
  - ""A composition is specified either as a composition rule or a composition operator, is applied to some input model elements, and produces some output.""
  - ""Some composition rules and composition operators enable the structuring of modules through traditional means.""
  - ""More advanced forms of composition rules and composition operators are used for (i) the composition of crosscutting concerns through pattern matching, superimposition, aspect weaving, or other means and (ii) model transformations.""
  - ""The collected assessments are the first steps towards the ability to search for a language with specific characteristics, or for a person building a language to understand what already exists.""
  - ""Furthermore, this year's focus on composability contributes to an emerging taxonomy of composition specifications, i.e., a set of language operators and rules that can be used to compose various models.""
  - ""The analysis presented in this report is currently at an initial stage. We plan further analysis, including ensuring consistency across the modeling approaches.""
  - ""The goal of these and other analyses is to identify those criteria that are most useful to the comparison of modeling approaches.""
  - ""A related area of work is to develop a tool that captures assessment information and provides such searching capabilities.""","- ""<table_quotation page_num=1 table_on_page=1>```markdown
 | Number | Institution  | Email |
 |--------|-------------------------------------------------------------------------------------------------|----------------------------------------------------------------------------------------|
 | 1 | SCE, Carleton University, Ottawa, Canada | {gunter | malhaj | petriu}@sce.carleton.ca  |
 | 2 | SCS, McGill University, Montreal, Canada | Omar.Alam@mail.mcgill.ca, Joerg.Kienzle@mcgill.ca, mschoettle@cs.mcgill.ca  |
 | 3 | Certus Software V&V Center, Simula Research Laboratory, Norway | shaukat@simula.no |
 | 4 | LASSY, University of Luxembourg, Luxembourg  | nuno.amalio@uni.lu  |
 | 5 | SEIS, Middlesex University, London, UK | {b.barn | t.n.clark}@mdx.ac.uk  |
 | 6 | Dept. of T., The Norwegian Uni. of Science and Technology, Norway  | {rolv.braek | urooj}@item.ntnu.no |
 | 7 | IRISA, Rennes, France  | benoit.combemale@irisa.fr |
 | 8 | York University, Toronto, Canada | cysneiro@yorku.ca |
 | 9 | CS Dept., Colorado State University, Fort Collins, USA | {france | georg}@cs.colostate.edu |
 | 10  | DISI, University of Trento, Trento, Italy  | horkoff@disi.unitn.it |
 | 11  | Pontifícia Universidade Católica do Rio de Janeiro (PUC-RIO), Brazil | julio@inf.puc-rio.br  |
 | 12  | EECS, University of Ottawa, Ottawa, Canada | tcl@eecs.uottawa.ca |
 | 13  | University of Paderborn, Paderborn, Germany  | {mluckey | fmutz}@mail.upb.de |
 | 14  | Universidade Nova de Lisboa, Lisbon, Portugal  | amm@fct.unl.pt  |
 | 15  | Universidade do Estado do Rio de Janeiro (UERJ), Brazil  | padua.uerj@gmail.com, vera@ime.uerj.br  |
 | 16  | Dept. of Psychology, Colorado State University, Fort Collins, USA  | Lucy.Troup@colostate.edu  |
 ```</table_quotation>""
  - ""(Page 6, Table 1) | | Adapt Case | AoURN | AspectSM | AT | Int. RE | i* | Kermeta | LEAP | MDSE | PUMA4SOA | RAM | UML | Umple | VCL | Total |
 \n|--------------------------------------|------------|-------|----------|----|---------|----|---------|------|------|----------|-----|-----|-------|-----|-------|
 \n| Number of composition rules/operators| 2 | 10 | 2*  | 5 | 2  | 2 | 3  | 5 | 4*  | 3 | 6  | 13* | 6  | 10 | 73*  |""
  - ""(Page 11, Table 1) Table 1: 2. Key Modeling Concepts
 \n-------------------------------------------------------------------------------------------------------------------------------------------------------------------------------------------------
 \n|  | | eleInASD metamodel relation | refDiagParDoL metamodel rel. | enableEleReqOut metamodel rel. | refEleParEle metamodel rel. | colDiag metamodel relation |""
  - ""(Page 26, Table 1) | | Integral Extension | Merge Extension | Concurrent Join Extension | Sequential Join Extension |
 \n|----------------------------------------------------------------------------------------------------|--------------------|-----------------|---------------------------|---------------------------|
 \n| I. Does the result of the composition contain a modeling element that does not exist in the source models (i.e., does the composition add new model element(s) to the source models)? | |  |  |  |""","- The paper discusses the challenges of comparing different modeling approaches due to their diverse paradigms and composition methods.
 - It highlights the importance of defining composition broadly to facilitate comparison across paradigms.
 - The paper introduces the concept of composition as creating new entities from existing ones, which is a key mechanism for interoperability.
 - It mentions the use of composition rules and operators, which are essential for managing paradigm differences.
 - The paper discusses the use of pattern matching, superimposition, aspect weaving, and model transformations as advanced forms of composition.
 - The development of a metamodel and comparison criteria document is noted as a method to standardize terminology and facilitate interoperability.
 - The paper mentions the development of a tool to capture assessment information, which could support interoperability by providing a platform for comparing and integrating different approaches.
 - The tables included in the paper provide detailed information on the composition rules and operators used by different modeling approaches, which are crucial for understanding paradigm interoperability mechanisms.","- ""This paper reports on work done at the 2nd International Comparing Modeling Approaches (CMA) workshop towards the goal of identifying potential comprehensive modeling methodologies with a particular emphasis on composition:""
  - ""The Second International Comparing Modeling Approaches (CMA) workshop at Models 2012 builds on the results of the two AOM Bellairs workshops in 2011 [1] and 2012 [2] as well as the inaugural CMA workshop at Models 2011 [3].""
  - ""The following modeling approaches, listed in alphabetical order, are the basis for the 19 assessments given the comparison criteria.""
  - ""The above modeling approaches cover all software development phases from early requirements to implementation and to a limited extend also integration and deployment as shown in Figure 1""
  - ""All of the modeling approaches are considered general purpose, and hence applicable not only for a specific domain but all domains, with the exception of AspectSM, AT, LEAP, and arguably PUMA4SOA.""
  - ""AspectSM is best suited to the specific application domains of communication and control systems as well as embedded and real-time systems.""
  - ""AT, on the other hand, is preferably applied to cyber-physical systems where the humans-in-the-loop or key stakeholder groups may not share the same end goals, but it should not be applied to well-understood systems if stakeholders agree on end goals as AT requires considerable effort in terms of time.""
  - ""LEAP should not be applied to real-time systems but rather to information systems and enterprise architectures.""
  - ""PUMA4SOA is basically a general-purpose language but focuses on scenario-based performance analysis.""
  - ""The CMA'12 workshop resulted in a significant increase in the number of assessments for modeling approaches, more than tripling the available assessments from 6 to 19 and more than doubling the available models of the bCMS case study from 6 to 14.""",,"- The full bibliographic information is provided in the title and abstract: Authors (G. Mussbacher, Omar Alam, Mohammad Alhaj, Shaukat Ali, N. Amálio, B. Barn, Rolv Bræk, T. Clark, B. Combemale, L. M. Cysneiros, U. Fatima, R. France, Geri Georg, Jennifer Horkoff, J. Kienzle, Julio Cesar Sampaio do Prado Leite, T. Lethbridge, Markus Luckey, A. Moreira, Felix Mutz, A. P. A. Oliveira, D. Petriu, Matthias Schöttle, L. Troup, Vera Werneck), Title (Assessing composition in modeling approaches), Year (2012), Publication Venue (2nd International Comparing Modeling Approaches (CMA) workshop at Models 2012).
 - The type of study presented is a workshop report, which can be inferred as a theoretical proposal since it discusses and compares various modeling approaches.
 - The primary application domains mentioned include communication and control systems, embedded and real-time systems, cyber-physical systems, information systems, and enterprise architectures.
 - The specific programming paradigms discussed are aspect-oriented, feature-oriented, object-oriented, and logic-based."
USE OF MODELLING PARADIGMS : AN EXPLANATORY STUDY OF SD AND ABM MODELS,"Adriana Ortiz, F. O. Sveen, J. M. Sarriegi, Javier Santos",-,-,-,3,2008,"insufficient details (the abstract does not provide specific details about the formal model characteristics, core components, theoretical foundations, or mathematical/logical representations)",Not mentioned (the abstract does not provide information on the development of a quantitative metric),"Not mentioned (the abstract does not provide specific details about the experimental validation protocol, validation techniques, or how integration difficulties were measured or observed)",no explicit correlation found (the abstract does not provide specific details on correlation analysis or statistical methods related to integration difficulties),Not mentioned (the abstract does not provide specific details on mechanisms for managing paradigm interoperability),"- Authors: Adriana Ortiz, F. O. Sveen, J. M. Sarriegi, Javier Santos
 - Title: USE OF MODELLING PARADIGMS : AN EXPLANATORY STUDY OF SD AND ABM MODELS
 - Year: 2008
 - Publication Venue: Not mentioned
 - Type of Study: Explanatory Study
 - Primary Application Domain: Simulation
 - Specific Programming Paradigms: System Dynamics, Agent Based Modelling","- ""Furthermore, the results suggest that the more mature modelling paradigm of System Dynamics can assist in improving Agent Based Model building processes.""
  - ""Results highlight the methodological issues faced when building models with both paradigms.""
  - ""Theory informs us of the differences between principles and methods used to build System Dynamics and Agent Based Models.""",,"- The abstract mentions the use of System Dynamics and Agent Based Models, indicating that these are the formal models being discussed.
 - It highlights methodological issues faced when building models with both paradigms, suggesting that the study examines the compatibility and challenges between these two modeling approaches.
 - The abstract does not provide specific details about the core components, theoretical foundations, or mathematical/logical representations of the models. It focuses more on the practical application and methodological issues rather than the formal model characteristics.
 - The mention of System Dynamics assisting in improving Agent Based Model building processes implies a comparison or integration of these paradigms, but again, no specific formal model characteristics are detailed.","- ""Furthermore, the results suggest that the more mature modelling paradigm of System Dynamics can assist in improving Agent Based Model building processes.""
  - ""Theory informs us of the differences between principles and methods used to build System Dynamics and Agent Based Models.""
  - ""This paper reports the conclusions of an assessment study of four different simulation projects, two of which used System Dynamics, and the other two Agent Based Modelling.""
  - ""In order to assist the model developer in applying methodologies to build models, it is first necessary to examine what occurs in practice.""
  - ""Results highlight the methodological issues faced when building models with both paradigms.""",,"- The abstract does not mention any specific mathematical or computational approach used to create a quantitative metric.
 - There is no mention of variables or parameters used in the quantification of paradigmatic compatibility.
 - The abstract does not provide any information on the range or scale of a metric, nor does it mention any normalization or standardization techniques.
 - The focus of the abstract is on the methodological issues and the comparison between System Dynamics and Agent Based Models, but it does not provide details on the development of a quantitative metric.","- ""Furthermore, the results suggest that the more mature modelling paradigm of System Dynamics can assist in improving Agent Based Model building processes.""
  - ""This paper reports the conclusions of an assessment study of four different simulation projects, two of which used System Dynamics, and the other two Agent Based Modelling.""
  - ""Results highlight the methodological issues faced when building models with both paradigms.""",,"- The abstract mentions an ""assessment study of four different simulation projects,"" which implies some form of experimental or observational approach to validate the compatibility metric between System Dynamics and Agent Based Modelling.
 - The study involves two projects using System Dynamics and two using Agent Based Modelling, indicating a comparative analysis between these two paradigms.
 - The abstract does not provide specific details about the experimental design, validation techniques, or how integration difficulties were measured or observed. It only mentions that the study highlights methodological issues and suggests that System Dynamics can improve Agent Based Model building processes.
 - There is no mention of specific validation protocols, techniques, or systems/components used in the validation process.
 - The abstract does not specify how integration difficulties were measured or observed, nor does it provide details on the types of systems or components used in the validation.","- ""the more mature modelling paradigm of System Dynamics can assist in improving Agent Based Model building processes.""
  - ""Results highlight the methodological issues faced when building models with both paradigms.""
  - ""This paper reports the conclusions of an assessment study of four different simulation projects, two of which used System Dynamics, and the other two Agent Based Modelling.""
  - ""little is known about how the paradigms are applied in practice and the subsequent difficulties encountered.""
  - ""Theory informs us of the differences between principles and methods used to build System Dynamics and Agent Based Models.""",,"- The abstract discusses the differences and difficulties in applying System Dynamics and Agent Based Models, but it does not mention any specific statistical methods or correlation coefficients related to integration difficulties.
 - There is no mention of a quantitative metric or observed integration difficulties being correlated, nor are there any statistical significance values or correlation coefficients provided.
 - The abstract focuses on methodological issues and the potential for System Dynamics to improve Agent Based Model building, but it does not provide specific details on integration challenges that were quantified.
 - The abstract does not explicitly mention any correlation analysis or statistical methods used to establish a correlation between integration difficulties and any quantitative metric.","- ""Results highlight the methodological issues faced when building models with both paradigms.""
  - ""little is known about how the paradigms are applied in practice and the subsequent difficulties encountered.""
  - ""the more mature modelling paradigm of System Dynamics can assist in improving Agent Based Model building processes.""
  - ""Theory informs us of the differences between principles and methods used to build System Dynamics and Agent Based Models.""
  - ""This paper reports the conclusions of an assessment study of four different simulation projects, two of which used System Dynamics, and the other two Agent Based Modelling.""",,"- The abstract discusses the differences between System Dynamics (SD) and Agent-Based Models (ABM) but does not explicitly mention any specific mechanisms for managing paradigm interoperability.
 - It highlights methodological issues faced when building models with both paradigms, which suggests that there might be challenges in interoperability, but it does not provide details on how these issues are addressed.
 - The abstract mentions that System Dynamics can assist in improving ABM building processes, which could imply a strategy for integration or transformation, but it does not specify any techniques or tools.
 - There is no mention of specific techniques for bridging different paradigmatic approaches, transformation or integration strategies, computational or modeling tools supporting interoperability, or novel approaches to managing paradigm differences.","- ""Results highlight the methodological issues faced when building models with both paradigms.""
  - ""This paper reports the conclusions of an assessment study of four different simulation projects, two of which used System Dynamics, and the other two Agent Based Modelling.""
  - ""Theory informs us of the differences between principles and methods used to build System Dynamics and Agent Based Models.""",,"- The full bibliographic information is provided: Authors (Adriana Ortiz, F. O. Sveen, J. M. Sarriegi, Javier Santos), Title (""USE OF MODELLING PARADIGMS : AN EXPLANATORY STUDY OF SD AND ABM MODELS""), Year (2008). The publication venue is not mentioned in the abstract.
 - The type of study is an ""Explanatory Study"" as indicated by the title and the mention of ""an assessment study of four different simulation projects.""
 - The primary application domain is not explicitly mentioned in the abstract, but it can be inferred to be related to ""Simulation"" based on the context.
 - The specific programming paradigms discussed are ""System Dynamics"" and ""Agent Based Modelling."""
Modular semantics for model-oriented design,Allan Pasco,-,-,-,2,2004,"- Core components: Institutions, Rosetta language, unifying semantic domains (static, state-based, trace-based)
 - Key theoretical foundations: Institutions, algebras, coalgebras
 - Mathematical/logical representations: Algebras, coalgebras
 - Multiple approaches: Use of different unifying semantic domains (static, state-based, trace-based)",Not mentioned (the abstract does not provide information on the development of a quantitative metric),Not mentioned (the abstract does not provide details on an experimental validation protocol),no explicit correlation found (the abstract focuses on methodology and framework rather than statistical correlation analysis),"- Techniques for bridging paradigm differences: Translation and composition
 - Transformation or integration strategies: Reuse of specifications, analysis of interaction between heterogeneous views
 - Computational or modeling tools supporting interoperability: Rosetta language
 - Novel approaches: Integration of discrete and continuous dynamics, integration of functional and non-functional views","- Authors: Allan Pasco
 - Title: Modular semantics for model-oriented design
 - Year: 2004
 - Publication Venue: Not mentioned
 - Type of study: Theoretical Proposal
 - Primary application domain: Systems Engineering
 - Specific programming paradigms: Not explicitly mentioned","- ""We propose a framework that supports the representation of a variety of computational models.""
  - ""We accordingly define a precise and modular semantics that uses the notion of institutions to provide meaning to well-formed syntactic elements.""
  - ""Institutions relate specifications to mathematical models such as algebras and coalgebras.""
  - ""The formal semantics thus defined allows us to derive consistency of designs and to reason about system specifications.""
  - ""These specifications are written in the Rosetta language.""
  - ""Rosetta supports describing the ontology of a formalism or model of computation in specifications known as domains.""
  - ""A particular representation of a computational model depends on the chosen unifying semantic domain.""
  - ""We identify some unifying semantic domains to be static, state-based and trace-based.""
  - ""Each model of computation uses the vocabulary and semantics associated with these three semantic domains.""
  - ""We express the latter in Rosetta and then define several computational models by using the notion of extension of specifications.""
  - ""Specification relations such as translation and composition are also defined.""",,"- The core components of the formal model include the use of ""institutions"" to provide meaning to syntactic elements, which is a key theoretical foundation.
 - The model uses mathematical representations such as ""algebras and coalgebras"" to relate specifications to mathematical models.
 - The framework is described as ""precise and modular,"" indicating a structured approach to semantics.
 - The Rosetta language is used to write specifications and describe the ontology of formalisms or models of computation.
 - The model involves ""unifying semantic domains"" such as static, state-based, and trace-based, which are expressed in Rosetta.
 - The model allows for the derivation of consistency of designs and reasoning about system specifications, indicating a focus on logical consistency.
 - The framework includes mechanisms for translation and composition of specifications, which are key components of the model.","- ""We propose a framework that supports the representation of a variety of computational models.""
  - ""We accordingly define a precise and modular semantics that uses the notion of institutions to provide meaning to well-formed syntactic elements.""
  - ""Institutions relate specifications to mathematical models such as algebras and coalgebras.""
  - ""The formal semantics thus defined allows us to derive consistency of designs and to reason about system specifications.""
  - ""A particular representation of a computational model depends on the chosen unifying semantic domain.""
  - ""We identify some unifying semantic domains to be static, state-based and trace-based.""
  - ""Each model of computation uses the vocabulary and semantics associated with these three semantic domains.""
  - ""We express the latter in Rosetta and then define several computational models by using the notion of extension of specifications.""
  - ""Specification relations such as translation and composition are also defined.""
  - ""When combined, translation and composition allow the reuse of specifications, the analysis of interaction between different heterogeneous views or components, and the specification of complex systems.""",,"- The abstract discusses the development of a framework for representing various computational models and defining a modular semantics using institutions.
 - It mentions the use of mathematical models like algebras and coalgebras, which are part of the formal semantics.
 - The abstract does not provide specific details about the development of a quantitative metric or any mathematical or computational approach for creating such a metric.
 - There is no mention of variables, parameters, or a range or scale for a quantitative metric.
 - The abstract focuses on the framework and semantics rather than on developing a specific quantitative metric.","- ""We accordingly define a precise and modular semantics that uses the notion of institutions to provide meaning to well-formed syntactic elements.""
  - ""We propose a framework that supports the representation of a variety of computational models.""
  - ""The formal semantics thus defined allows us to derive consistency of designs and to reason about system specifications.""
  - ""We demonstrate this new heterogeneous design methodology with the specification of a system that includes both discrete and continuous dynamics.""
  - ""We also look at integrating different views, some functional and others non-functional, into a complete system.""",,"- The abstract discusses the proposal of a framework and the definition of a formal semantics for model-oriented design, which is theoretical and conceptual in nature.
 - It mentions the demonstration of a new design methodology with a system that includes both discrete and continuous dynamics, but this is not described as an experimental validation.
 - There is no mention of an experimental validation protocol, specific validation techniques, or the measurement of integration difficulties in the abstract.
 - The focus is on the theoretical framework and its application rather than empirical validation.","- ""Modern systems engineering mandates the integration of heterogeneous models in design and analysis.""
  - ""We propose a framework that supports the representation of a variety of computational models.""
  - ""The formal semantics thus defined allows us to derive consistency of designs and to reason about system specifications.""
  - ""A particular representation of a computational model depends on the chosen unifying semantic domain.""
  - ""We express the latter in Rosetta and then define several computational models by using the notion of extension of specifications.""
  - ""When combined, translation and composition allow the reuse of specifications, the analysis of interaction between different heterogeneous views or components, and the specification of complex systems.""
  - ""We demonstrate this new heterogeneous design methodology with the specification of a system that includes both discrete and continuous dynamics.""",,"- The abstract discusses the integration of heterogeneous models in systems engineering and proposes a framework for representing various computational models.
 - It mentions the use of formal semantics to ensure consistency and reason about specifications, but does not provide any statistical methods or correlation coefficients related to integration difficulties.
 - The abstract does not mention any specific integration challenges that were quantified or any limitations in correlation analysis.
 - The focus is on the methodology and framework rather than on establishing a correlation between a quantitative metric and observed integration difficulties.","- ""When combined, translation and composition allow the reuse of specifications, the analysis of interaction between different heterogeneous views or components, and the specification of complex systems.""
  - ""We also look at integrating different views, some functional and others non-functional, into a complete system.""
  - ""A translation is a mechanism that relates specifications that use different paradigms.""
  - ""Composition involves constructing a specification from available, already defined specifications.""
  - ""A common aspect that model-centered tools and languages share is the capability of using different models of computation together.""
  - ""The formal semantics thus defined allows us to derive consistency of designs and to reason about system specifications.""
  - ""We demonstrate this new heterogeneous design methodology with the specification of a system that includes both discrete and continuous dynamics.""
  - ""We propose a framework that supports the representation of a variety of computational models.""",,"- The abstract discusses the integration of heterogeneous models, which implies managing paradigm interoperability.
 - The framework proposed supports the representation of various computational models, indicating a mechanism for bridging different paradigmatic approaches.
 - The use of formal semantics allows for consistency and reasoning about system specifications, which is crucial for interoperability.
 - The abstract specifically mentions ""translation"" as a mechanism for relating specifications that use different paradigms, which is a technique for bridging paradigm differences.
 - ""Composition"" is another mechanism that involves constructing specifications from existing ones, facilitating the integration of different views.
 - The abstract highlights the reuse of specifications and analysis of interactions between heterogeneous components, which are strategies for managing paradigm differences.
 - The demonstration of a system with both discrete and continuous dynamics, as well as integrating functional and non-functional views, showcases novel approaches to managing paradigm differences.
 - The Rosetta language is mentioned as a tool supporting these interoperability mechanisms by describing the ontology of formalisms or models of computation.","- ""Modern systems engineering mandates the integration of heterogeneous models in design and analysis.""
  - ""We propose a framework that supports the representation of a variety of computational models.""
  - ""The formal semantics thus defined allows us to derive consistency of designs and to reason about system specifications.""
  - ""These specifications are written in the Rosetta language.""
  - ""We demonstrate this new heterogeneous design methodology with the specification of a system that includes both discrete and continuous dynamics.""
  - ""We also look at integrating different views, some functional and others non-functional, into a complete system.""",,"- The full bibliographic information is provided in the title and author name: Allan Pasco (2004), ""Modular semantics for model-oriented design.""
 - The type of study presented is a ""Theoretical Proposal"" because the abstract discusses the proposal of a framework and the definition of a formal semantics, which are theoretical contributions.
 - The primary application domain is ""Systems Engineering"" as indicated by the mention of ""modern systems engineering"" and the integration of heterogeneous models.
 - The specific programming paradigms discussed are not explicitly mentioned, but the abstract refers to the use of different models of computation and the Rosetta language, which suggests a focus on model-oriented design rather than specific programming paradigms like Object-Oriented or Functional."
De la nécessité de fédérer des modèles dans une chaîne d'outils,"Ali Koudri, Christophe Guychard, S. Guérin, Fabien Dagnat, Antoine Beugnard, J. Champeau",-,-,-,3,2013,"insufficient details (the abstract does not provide specific details about the core components, theoretical foundations, or mathematical/logical representations of the formal model)",Not mentioned (the abstract does not provide specific information on the development of a quantitative metric for paradigmatic compatibility),Not mentioned (the abstract does not provide specific details about an experimental validation protocol),no explicit correlation found (the abstract discusses integration challenges but does not provide any quantitative correlation analysis or results),"- Technique for bridging different paradigmatic approaches: Modelisation multi-niveaux, multi-paradigmes
 - Transformation or integration strategy: Aggregating heterogeneous viewpoints from different tools and stakeholders
 - Computational or modeling tool supporting interoperability: Development of an outillage for multi-level, multi-paradigm modeling
 - Novel approach to managing paradigm differences: Formalization of the underlying language","- Full bibliographic information: Ali Koudri, Christophe Guychard, S. Guérin, Fabien Dagnat, Antoine Beugnard, J. Champeau (2013)
 - Type of study: Theoretical Proposal
 - Primary application domain: System Design/Software Engineering
 - Specific programming paradigms: Multi-paradigms (not specified)","- ""Nous nous attachons a presenter les grandes lignes de nos travaux ainsi que nos efforts visant a formaliser le langage sous-jacent.""
  - ""Base sur notre experience industrielle et nos experimentations, nous avons initie le developpement d'un outillage permettant une modelisation multi-niveaux, multi-paradigmes et supportant differentes technologies de serialisation.""
  - ""L'approche presentee vise a liberer les concepteurs des limitations des outils et des pratiques actuels en leur fournissant la possibilite de specifier et d'analyser des systemes complexes au travers de modeles heterogenes issus de differents outils et vus comme un ensemble coherent de points de vue.Base""
  - ""nous estimons qu'ils ne permettent pas aujourd'hui une conception coherente qui prenne en compte l'ensemble des preoccupations des parties prenantes.La""
  - ""La capacite de concevoir une bonne architecture d'un systeme complexe repose sur la capacite d'agreger de maniere coherente un ensemble des points de vue heterogenes exprimes aux travers de differents outils par les parties prenantes du processus de developpement,""",,"- The abstract discusses the need for a coherent architecture in complex systems, which involves aggregating heterogeneous viewpoints from different stakeholders. This suggests a focus on integrating diverse perspectives, but it does not specify the core components of a formal model.
 - The mention of ""modeles heterogenes issus de differents outils"" indicates a multi-model approach, but again, there is no detailed description of the model's core components or theoretical foundations.
 - The abstract refers to the development of a tool for multi-level, multi-paradigm modeling and serialization technologies, which implies a focus on flexibility and compatibility across different models and technologies. However, specific details about the formal model or its mathematical/logical representations are not provided.
 - The effort to ""formaliser le langage sous-jacent"" suggests an attempt to establish a formal language or framework, but the abstract does not elaborate on what this entails or how it relates to the formal model characteristics.","- ""Nous nous attachons a presenter les grandes lignes de nos travaux ainsi que nos efforts visant a formaliser le langage sous-jacent.""
  - ""L'approche presentee vise a liberer les concepteurs des limitations des outils et des pratiques actuels en leur fournissant la possibilite de specifier et d'analyser des systemes complexes au travers de modeles heterogenes issus de differents outils et vus comme un ensemble coherent de points de vue.Base""
  - ""nous estimons qu'ils ne permettent pas aujourd'hui une conception coherente qui prenne en compte l'ensemble des preoccupations des parties prenantes.La""
  - ""La capacite de concevoir une bonne architecture d'un systeme complexe repose sur la capacite d'agreger de maniere coherente un ensemble des points de vue heterogenes exprimes aux travers de differents outils par les parties prenantes du processus de developpement,""",,"- The abstract discusses the need for a coherent architecture in complex systems and the limitations of current tools and practices in achieving this.
 - It mentions the development of an approach to overcome these limitations by allowing for the specification and analysis of complex systems through heterogeneous models.
 - However, the abstract does not provide specific details on the mathematical or computational approach used to create a quantitative metric for paradigmatic compatibility.
 - There is no mention of variables, parameters, or any specific mathematical modeling or technical implementation details related to a quantitative metric.
 - The abstract focuses on the conceptual approach and the need for a new paradigm rather than providing technical details on metric development.","- ""La capacite de concevoir une bonne architecture d'un systeme complexe repose sur la capacite d'agreger de maniere coherente un ensemble des points de vue heterogenes exprimes aux travers de differents outils par les parties prenantes du processus de developpement,""
  - ""Bien que les methodes et les outilles bases sur l'utilisation de modeles offrent une bonne aide a la capture et l'analyse les differents aspects du systeme en etudes, nous estimons qu'ils ne permettent pas aujourd'hui une conception coherente qui prenne en compte l'ensemble des preoccupations des parties prenantes.La""
  - ""La conception de systemes complexes necessite de nouveaux paradigmes permettant d'ameliorer la comprehension des systemes en etudes et leur modelisation coherente tenant compte de l'ensemble des preoccupations des parties prenantes.""
  - ""L'approche presentee vise a liberer les concepteurs des limitations des outils et des pratiques actuels en leur fournissant la possibilite de specifier et d'analyser des systemes complexes au travers de modeles heterogenes issus de differents outils et vus comme un ensemble coherent de points de vue.Base""
  - ""Base sur notre experience industrielle et nos experimentations, nous avons initie le developpement d'un outillage permettant une modelisation multi-niveaux, multi-paradigmes et supportant differentes technologies de serialisation.""
  - ""Nous nous attachons a presenter les grandes lignes de nos travaux ainsi que nos efforts visant a formaliser le langage sous-jacent.""",,"- The abstract discusses the need for a coherent architecture in complex systems and the limitations of current tools and practices.
 - It mentions the development of a new toolset that allows for multi-level, multi-paradigm modeling and supports different serialization technologies.
 - The abstract does not provide specific details about an experimental validation protocol, such as validation techniques, types of systems used, or how integration difficulties were measured.
 - The focus is on the conceptual approach and the development of new tools rather than on experimental validation.
 - The mention of ""experience industrielle et nos experimentations"" suggests some form of practical application or testing, but no specific experimental design or validation protocol is described.","- ""Base sur notre experience industrielle et nos experimentations, nous avons initie le developpement d'un outillage permettant une modelisation multi-niveaux, multi-paradigmes et supportant differentes technologies de serialisation.""
  - ""L'approche presentee vise a liberer les concepteurs des limitations des outils et des pratiques actuels en leur fournissant la possibilite de specifier et d'analyser des systemes complexes au travers de modeles heterogenes issus de differents outils et vus comme un ensemble coherent de points de vue.Base""
  - ""La conception de systemes complexes necessite de nouveaux paradigmes permettant d'ameliorer la comprehension des systemes en etudes et leur modelisation coherente tenant compte de l'ensemble des preoccupations des parties prenantes.""
  - ""Bien que les methodes et les outilles bases sur l'utilisation de modeles offrent une bonne aide a la capture et l'analyse les differents aspects du systeme en etudes, nous estimons qu'ils ne permettent pas aujourd'hui une conception coherente qui prenne en compte l'ensemble des preoccupations des parties prenantes.La""
  - ""La capacite de concevoir une bonne architecture d'un systeme complexe repose sur la capacite d'agreger de maniere coherente un ensemble des points de vue heterogenes exprimes aux travers de differents outils par les parties prenantes du processus de developpement,""",,"- The abstract discusses the challenges of integrating heterogeneous viewpoints and models in complex system design, but it does not mention any specific quantitative metrics or statistical methods used to establish a correlation between these challenges and integration difficulties.
 - There is no mention of correlation coefficients, statistical significance values, or any specific integration challenges that were quantified.
 - The abstract focuses on the need for new paradigms and tools to improve system design and modeling, but it does not provide any explicit correlation analysis or results.
 - The abstract does not mention any limitations in correlation analysis because no such analysis is described.","- ""Base sur notre experience industrielle et nos experimentations, nous avons initie le developpement d'un outillage permettant une modelisation multi-niveaux, multi-paradigmes et supportant differentes technologies de serialisation.""
  - ""La capacite de concevoir une bonne architecture d'un systeme complexe repose sur la capacite d'agreger de maniere coherente un ensemble des points de vue heterogenes exprimes aux travers de differents outils par les parties prenantes du processus de developpement,""
  - ""L'approche presentee vise a liberer les concepteurs des limitations des outils et des pratiques actuels en leur fournissant la possibilite de specifier et d'analyser des systemes complexes au travers de modeles heterogenes issus de differents outils et vus comme un ensemble coherent de points de vue.Base""
  - ""Nous nous attachons a presenter les grandes lignes de nos travaux ainsi que nos efforts visant a formaliser le langage sous-jacent.""
  - ""nous estimons qu'ils ne permettent pas aujourd'hui une conception coherente qui prenne en compte l'ensemble des preoccupations des parties prenantes.La""",,"- The abstract discusses the need for aggregating heterogeneous viewpoints from different tools and stakeholders, which implies a mechanism for managing paradigm interoperability.
 - The approach aims to overcome current limitations by providing a way to specify and analyze complex systems through heterogeneous models, suggesting a strategy for integrating different paradigmatic approaches.
 - The mention of ""modelisation multi-niveaux, multi-paradigmes"" indicates a technique for bridging different paradigmatic approaches by supporting multiple levels and paradigms.
 - The development of an ""outillage"" (tooling) that supports different serialization technologies suggests a computational tool supporting interoperability.
 - The effort to formalize the underlying language indicates a novel approach to managing paradigm differences by creating a standardized language framework.","- ""La capacite de concevoir une bonne architecture d'un systeme complexe repose sur la capacite d'agreger de maniere coherente un ensemble des points de vue heterogenes exprimes aux travers de differents outils par les parties prenantes du processus de developpement,""
  - ""Bien que les methodes et les outilles bases sur l'utilisation de modeles offrent une bonne aide a la capture et l'analyse les differents aspects du systeme en etudes, nous estimons qu'ils ne permettent pas aujourd'hui une conception coherente qui prenne en compte l'ensemble des preoccupations des parties prenantes.La""
  - ""La conception de systemes complexes necessite de nouveaux paradigmes permettant d'ameliorer la comprehension des systemes en etudes et leur modelisation coherente tenant compte de l'ensemble des preoccupations des parties prenantes.""
  - ""L'approche presentee vise a liberer les concepteurs des limitations des outils et des pratiques actuels en leur fournissant la possibilite de specifier et d'analyser des systemes complexes au travers de modeles heterogenes issus de differents outils et vus comme un ensemble coherent de points de vue.Base""
  - ""Base sur notre experience industrielle et nos experimentations, nous avons initie le developpement d'un outillage permettant une modelisation multi-niveaux, multi-paradigmes et supportant differentes technologies de serialisation.""
  - ""Nous nous attachons a presenter les grandes lignes de nos travaux ainsi que nos efforts visant a formaliser le langage sous-jacent.""",,"- The full bibliographic information is provided in the question itself: Authors (Ali Koudri, Christophe Guychard, S. Guérin, Fabien Dagnat, Antoine Beugnard, J. Champeau), Title (""De la nécessité de fédérer des modèles dans une chaîne d'outils""), Year (2013).
 - The type of study presented is inferred as a ""Theoretical Proposal"" because the abstract discusses the need for new paradigms and the development of a toolset to address current limitations in system design, rather than reporting on an experiment or case study.
 - The primary application domain is not explicitly mentioned, but the focus on complex systems and modeling suggests it could be related to ""System Design"" or ""Software Engineering.""
 - The specific programming paradigms discussed are not explicitly listed, but the mention of ""multi-paradigmes"" suggests that multiple paradigms are considered, although not specified."
Contributions aux approches formelles de développement de logiciels : Intégration de méthodes formelles et analyse multifacette. (Contribution to formal approaches of software engineering: formal method integration and multi-faceted analysis),J. Attiogbé,-,-,-,3,2007,"- Core components: Integration of formal methods, multi-faceted analysis, interoperability on a semantic basis.
 - Key theoretical foundations: Concept of interoperability, embedding specifications in appropriate logics.
 - Mathematical/logical representations: Embedding specifications in logics, algebra of multi-paradigm specifications.
 - Multiple approaches: Integration of existing formalisms (LOTOS, CSP-B, Circus), new integrations (B, Petri nets), experimental platform for translation.",Not mentioned (the abstract does not provide specific information on the development of a quantitative metric for paradigmatic compatibility),"Theoretical validation using model-checkers; development of an experimental platform for translating different formalisms into target formalisms via a reference model; no specific experimental design or protocols mentioned; types of systems include LOTOS, CSP-B, Circus, B, and Petri nets; no details on measuring integration difficulties.",no explicit correlation found (the abstract discusses integration challenges but does not provide statistical methods or correlation coefficients),"- Techniques for bridging paradigmatic approaches: Embedding specifications into appropriate logics, ensuring semantic compatibility.
 - Transformation or integration strategies: Generalizing the framework to broader compatibility domains, focusing on underlying paradigms rather than languages.
 - Computational or modeling tools: Experimental platform for translating formalisms through a multiparadigm reference model.
 - Novel approaches: Development of an experimental platform for multiparadigm specification translation.","- Full bibliographic information: J. Attiogbé (2007), ""Contributions aux approches formelles de développement de logiciels : Intégration de méthodes formelles et analyse multifacette""
 - Type of study: Theoretical Proposal
 - Primary application domain: Software Engineering
 - Specific programming paradigms: LOTOS, CSP-B, Circus, B, Petri nets","- ""Nous presentons un ensemble de travaux sur l'integration de methodes formelles et l'analyse multifacette de systemes logiciels.""
  - ""Partant de l'idee que les differentes facettes d'un systeme doivent etre etudiees et developpees avec les formalismes et outils appropries, nous avons explore, suite a d'autres chercheurs, des pistes pour l'integration de methodes formelles utilisees pour specifier, analyser ou developper des parties des systemes.""
  - ""Nous explicitons les principaux problemes de l'integration de methodes formelles : l'heterogeneite syntaxique, l'heterogenetite semantique et la variete des systemes logiques de raisonnement.""
  - ""Nous proposons alors la notion de compatibilite relative a ces trois niveaux pour assurer l'integration de methodes.""
  - ""L'idee principale est celle de l'interoperabilite sur une base semantique (base d'integration) ) sans laquelle aucun raisonnement n'est possible entre des parties assemblees d'un systeme.""
  - ""Les raisonnements formels sont alors effectues par plongement (embedding) des specifications dans des logiques appropriees.""
  - ""Ce premier cadre est generalise a des domaines de compatibilite plus larges que les bases d'integration, et qui permettent de s'affranchir des langages et de travailler au niveau des paradigmes sous-jacents aux langages ; on obtient ainsi un cadre pour une integration generique.""
  - ""Nous avons montre comment les formalismes integres existants tels que LOTOS, CSP-B, Circus rentrent dans ce cadre et nous avons mis en oeuvre ces idees pour de nouvelles integrations par exemple B et les reseaux de Petri.""
  - ""notre proposition consiste a assurer la compatibilite des analyses des differentes facettes en partant non pas de modeles independants mais de modeles specifiques derives a partir d'un modele de reference qui permet d'assurer la cohesion globale de l'analyse.""
  - ""elaborer une algebre de specifications multiparadigmes, ou differents aspects, relatifs aux facettes envisagees, peuvent etre introduits dans une meme unite de specification.""
  - ""Une plateforme experimentale est developpee conjointement a ces travaux et relie les deux approches : elle permettra a terme de traduire, moyennant la compatibilite semantique, differents formalismes d'entrees dans des formalismes cibles en passant par un modele de reference ou pivot qui lui meme est une specification multiparadigme.""",,"- The abstract discusses the integration of formal methods and multi-faceted analysis of software systems, which is the core focus of the formal model.
 - The model addresses the integration of formal methods by ensuring compatibility at three levels: syntactic, semantic, and logical reasoning systems.
 - The key theoretical foundation is the concept of interoperability on a semantic basis, which allows for reasoning between assembled parts of a system.
 - The model involves formal reasoning through embedding specifications in appropriate logics.
 - The framework is generalized to broader compatibility domains, allowing for generic integration beyond specific languages and focusing on underlying paradigms.
 - Existing formalisms like LOTOS, CSP-B, and Circus are integrated into this framework, with new integrations such as B and Petri nets.
 - The model ensures compatibility of analyses across different facets by deriving specific models from a reference model, ensuring global cohesion.
 - An algebra of multi-paradigm specifications is proposed, allowing different aspects to be introduced into a single specification unit.
 - A experimental platform is developed to translate different input formalisms into target formalisms through a reference model.","- ""Nous explicitons les principaux problemes de l'integration de methodes formelles : l'heterogeneite syntaxique, l'heterogenetite semantique et la variete des systemes logiques de raisonnement.""
  - ""Nous proposons alors la notion de compatibilite relative a ces trois niveaux pour assurer l'integration de methodes.""
  - ""L'idee principale est celle de l'interoperabilite sur une base semantique (base d'integration) ) sans laquelle aucun raisonnement n'est possible entre des parties assemblees d'un systeme.""
  - ""Les raisonnements formels sont alors effectues par plongement (embedding) des specifications dans des logiques appropriees.""
  - ""Ce premier cadre est generalise a des domaines de compatibilite plus larges que les bases d'integration, et qui permettent de s'affranchir des langages et de travailler au niveau des paradigmes sous-jacents aux langages ; on obtient ainsi un cadre pour une integration generique.""
  - ""Une plateforme experimentale est developpee conjointement a ces travaux et relie les deux approches : elle permettra a terme de traduire, moyennant la compatibilite semantique, differents formalismes d'entrees dans des formalismes cibles en passant par un modele de reference ou pivot qui lui meme est une specification multiparadigme.""",,"- The abstract discusses the integration of formal methods and the concept of compatibility at different levels (syntactic, semantic, and logical reasoning systems). However, it does not provide specific details on the development of a quantitative metric.
 - The focus is on ensuring interoperability through semantic integration and embedding specifications into appropriate logics, but no mathematical or computational approach is described for creating a quantitative metric.
 - The abstract mentions a generic framework for integration and an experimental platform, but again, no specific details on quantitative metrics are provided.
 - There is no mention of variables, parameters, ranges, or normalization techniques related to a quantitative metric.","- ""Nous presentons un ensemble de travaux sur l'integration de methodes formelles et l'analyse multifacette de systemes logiciels.""
  - ""Nous explicitons les principaux problemes de l'integration de methodes formelles : l'heterogeneite syntaxique, l'heterogenetite semantique et la variete des systemes logiques de raisonnement.""
  - ""Nous proposons alors la notion de compatibilite relative a ces trois niveaux pour assurer l'integration de methodes.""
  - ""Les raisonnements formels sont alors effectues par plongement (embedding) des specifications dans des logiques appropriees.""
  - ""Nous avons montre comment les formalismes integres existants tels que LOTOS, CSP-B, Circus rentrent dans ce cadre et nous avons mis en oeuvre ces idees pour de nouvelles integrations par exemple B et les reseaux de Petri.""
  - ""Une partie des travaux est consacree a l'analyse multifacette de systeme ; notre proposition consiste a assurer la compatibilite des analyses des differentes facettes en partant non pas de modeles independants mais de modeles specifiques derives a partir d'un modele de reference qui permet d'assurer la cohesion globale de l'analyse.""
  - ""Cette approche est poursuivie par des experimentations sur la combinaison de prouveurs et d'evaluateurs de modeles (model-checkers).""
  - ""Une plateforme experimentale est developpee conjointement a ces travaux et relie les deux approches : elle permettra a terme de traduire, moyennant la compatibilite semantique, differents formalismes d'entrees dans des formalismes cibles en passant par un modele de reference ou pivot qui lui meme est une specification multiparadigme.""",,"- The abstract discusses the integration of formal methods and multi-faceted analysis of software systems, which implies a focus on theoretical and conceptual validation rather than empirical experimentation.
 - The mention of ""experimentations sur la combinaison de prouveurs et d'evaluateurs de modeles (model-checkers)"" suggests a theoretical validation approach using model-checkers, which are tools used to verify the correctness of formal models.
 - The development of a ""plateforme experimentale"" indicates a platform for testing or validating the integration of different formalisms, but the abstract does not provide specific details on the experimental design or protocols used.
 - The abstract does not mention specific validation techniques or protocols beyond the use of model-checkers and the development of a platform.
 - The types of systems or components used in the validation are not explicitly mentioned, but the abstract refers to existing formalisms like LOTOS, CSP-B, and Circus, as well as new integrations like B and Petri nets.
 - The abstract does not provide details on how integration difficulties were measured or observed, suggesting a theoretical rather than empirical validation approach.","- ""Nous avons montre comment les formalismes integres existants tels que LOTOS, CSP-B, Circus rentrent dans ce cadre et nous avons mis en oeuvre ces idees pour de nouvelles integrations par exemple B et les reseaux de Petri.""
  - ""Les raisonnements formels sont alors effectues par plongement (embedding) des specifications dans des logiques appropriees.""
  - ""Nous proposons alors la notion de compatibilite relative a ces trois niveaux pour assurer l'integration de methodes.""
  - ""Nous explicitons les principaux problemes de l'integration de methodes formelles : l'heterogeneite syntaxique, l'heterogenetite semantique et la variete des systemes logiques de raisonnement.""",,"- The abstract discusses the integration of formal methods and the challenges associated with it, such as syntactic heterogeneity, semantic heterogeneity, and the variety of logical reasoning systems. These are identified as the main problems in integration.
 - The abstract proposes the concept of compatibility at these three levels to ensure integration, but it does not mention any statistical methods or correlation coefficients related to these challenges.
 - The abstract describes the embedding of specifications into appropriate logics as a method for formal reasoning, but again, no statistical correlation or quantitative metrics are mentioned.
 - The abstract does not provide any information on statistical methods used to establish a correlation between integration difficulties and any quantitative metrics. It does not report any correlation coefficients or statistical significance values.
 - There is no mention of any limitations in correlation analysis or specific integration challenges that were quantified in terms of a correlation.","- ""Nous explicitons les principaux problemes de l'integration de methodes formelles : l'heterogeneite syntaxique, l'heterogenetite semantique et la variete des systemes logiques de raisonnement.""
  - ""Nous proposons alors la notion de compatibilite relative a ces trois niveaux pour assurer l'integration de methodes.""
  - ""L'idee principale est celle de l'interoperabilite sur une base semantique (base d'integration) ) sans laquelle aucun raisonnement n'est possible entre des parties assemblees d'un systeme.""
  - ""Les raisonnements formels sont alors effectues par plongement (embedding) des specifications dans des logiques appropriees.""
  - ""Ce premier cadre est generalise a des domaines de compatibilite plus larges que les bases d'integration, et qui permettent de s'affranchir des langages et de travailler au niveau des paradigmes sous-jacents aux langages ; on obtient ainsi un cadre pour une integration generique.""
  - ""Nous avons montre comment les formalismes integres existants tels que LOTOS, CSP-B, Circus rentrent dans ce cadre et nous avons mis en oeuvre ces idees pour de nouvelles integrations par exemple B et les reseaux de Petri.""
  - ""Une plateforme experimentale est developpee conjointement a ces travaux et relie les deux approches : elle permettra a terme de traduire, moyennant la compatibilite semantique, differents formalismes d'entrees dans des formalismes cibles en passant par un modele de reference ou pivot qui lui meme est une specification multiparadigme.""",,"- The abstract discusses the integration of formal methods and the challenges associated with it, such as syntactic and semantic heterogeneity and the variety of logical reasoning systems. This indicates a focus on managing paradigm differences.
 - The concept of ""compatibilite relative"" (relative compatibility) is proposed to address these challenges, suggesting a mechanism for ensuring integration across different levels.
 - The idea of ""interoperabilite sur une base semantique"" (interoperability on a semantic basis) is central, implying that semantic compatibility is key to enabling reasoning across assembled system parts.
 - The technique of ""plongement (embedding) des specifications dans des logiques appropriees"" (embedding specifications into appropriate logics) is mentioned as a method for formal reasoning, which is a strategy for bridging different paradigmatic approaches.
 - The abstract mentions the generalization of this framework to broader compatibility domains, allowing for generic integration beyond language-specific constraints and focusing on underlying paradigms.
 - Existing integrated formalisms like LOTOS, CSP-B, and Circus are integrated into this framework, and new integrations such as B and Petri nets are implemented, indicating specific techniques for managing paradigm interoperability.
 - A novel approach is the development of an experimental platform that translates different input formalisms into target formalisms through a reference model, which is a multiparadigm specification.","- ""Nous presentons un ensemble de travaux sur l'integration de methodes formelles et l'analyse multifacette de systemes logiciels.""
  - ""Partant de l'idee que les differentes facettes d'un systeme doivent etre etudiees et developpees avec les formalismes et outils appropries, nous avons explore, suite a d'autres chercheurs, des pistes pour l'integration de methodes formelles utilisees pour specifier, analyser ou developper des parties des systemes.""
  - ""Nous explicitons les principaux problemes de l'integration de methodes formelles : l'heterogeneite syntaxique, l'heterogenetite semantique et la variete des systemes logiques de raisonnement.""
  - ""Nous proposons alors la notion de compatibilite relative a ces trois niveaux pour assurer l'integration de methodes.""
  - ""Nous avons montre comment les formalismes integres existants tels que LOTOS, CSP-B, Circus rentrent dans ce cadre et nous avons mis en oeuvre ces idees pour de nouvelles integrations par exemple B et les reseaux de Petri.""
  - ""Dans une autre partie des travaux, nous presentons des extensions proposees autour de la methode B, notamment la composition parallele asynchrone de systemes abstraits B a la maniere de la composition parallele dans les algebres de processus.""",,"- The full bibliographic information is provided in the title: ""Contributions aux approches formelles de développement de logiciels : Intégration de méthodes formelles et analyse multifacette"" by J. Attiogbé (2007).
 - The type of study presented is a theoretical proposal, as indicated by the focus on integrating formal methods and multi-faceted analysis, which are theoretical concepts.
 - The primary application domain is software engineering, as the abstract discusses the integration of formal methods and analysis of software systems.
 - The specific programming paradigms discussed include formal methods such as LOTOS, CSP-B, Circus, and B, as well as Petri nets, which are used for specifying, analyzing, or developing parts of systems."
Effects of variability in models: a family of experiments,"Wardah Mahmood, D. Strüber, Anthony Anjorin, T. Berger",10.1007/s10664-021-10112-3,https://doi.org/10.1007/s10664-021-10112-3,Empirical Software Engineering,3,2022,insufficient details (the paper does not describe a formal model or its characteristics),"- Correctness: Measured on a scale of 0-1 for each task, with correct responses scoring 1, partially correct scoring 0.5, and incorrect scoring 0. Aggregate correctness for a task type ranges from 0 to 2.
 - Completion Time: Measured in minutes by logging start and end times.
 - Subjective Assessments: Measured using a 5-point Likert scale, with lower scores indicating better results.
 - Statistical Tests: Wilcoxon signed-rank test for hypothesis testing; A 12 score for assessing effect size.
 - Normalization/Standardization: Not explicitly mentioned beyond the use of these metrics and tests.","The experimental validation protocol involved a family of three experiments using a within-subject cross-over trial design. Participants were exposed to annotative, compositional, and enumerative variability mechanisms across class diagrams, state machine diagrams, and activity diagrams. A Latin square design was used to mitigate learning effects. Efficiency was measured through correctness and completion time, while understandability and difficulty were assessed subjectively. Statistical analyses included the Wilcoxon signed-rank test and A12 score. A preparatory study was conducted to refine the design.","- Statistical methods used: Wilcoxon signed-rank test
 - Correlation coefficients or statistical significance values: p-values below 0.003, effect sizes A12 = 0.65 to 0.69
 - Limitations in correlation analysis: Not explicitly mentioned
 - Specific integration challenges quantified: Difficulty in understanding and working with compositional mechanisms compared to annotative ones","- Annotative mechanisms: maintain an integrated representation with annotations.
 - Compositional mechanisms: compose smaller sub-models to form larger models.
 - Specific tools: FeatureMapper, SuperMod, Henshin (annotative); DeltaEcore, SiPL, eMoflon (compositional).
 - Transformation strategy: two-step process for compositional mechanism (union and merge).
 - Novel approach: providing flexible, task-oriented representations.
 - Integration strategy: use of visualizations to illustrate fragment interactions.","- Full bibliographic information: Authors - Wardah Mahmood, D. Strüber, Anthony Anjorin, T. Berger; Title - Effects of variability in models: a family of experiments; Year - 2022
 - Type of study: Controlled Experiment
 - Primary application domain: Not explicitly limited to one domain; mentioned domains include automotive, power electronics, aerospace, railway technology, traffic control, imaging, and chip modeling
 - Specific programming paradigms: UML models (class diagrams, state machine diagrams, activity diagrams)","- ""we present an empirical assessment of annotative and compositional variability mechanisms for three popular types of models.""
  - ""We report and discuss findings from a family of three experiments with 164 participants in total, in which we studied the impact of different variability mechanisms during model comprehension tasks.""
  - ""We experimented with three model types commonly found in modeling languages: class diagrams, state machine diagrams, and activity diagrams.""
  - ""We selected the two variability mechanisms for our experiments based on the following criteria: (M1) The mechanism has a graphical syntax. (M2) The mechanism is supported by available tools. (M3) The mechanism has been described in the scientific literature.""
  - ""Annotative mechanisms maintain an integrated, annotated representation of all variants.""
  - ""Compositional mechanisms allow to compose a set of smaller sub-models to form a larger model.""
  - ""We aimed to shed light on the impact of these inherent trade-offs.""
  - ""We make the following contributions:
 

 -We present our findings on a family of experiments, each investigating how the choice of variability mechanism affects the comprehensibility of different model-related tasks for three popular model types.""
  - ""We present a quantitative analysis of correctness, the completion time, and subjective assessments of our participants for six model comprehension tasks.""
  - ""We present a qualitative analysis of participant responses, adding rationale to explain the observed results.""
  - ""Based on our synthesized findings, we propose recommendations for language and tools developers.""
  - ""We provide a replication package (Mahmood et al. 2021) that includes our experimental material, anonymized responses, and analysis scripts.""",,"- The paper focuses on empirical studies rather than formal models, so there is no explicit description of a formal model or its characteristics.
 - The study involves experiments with annotative and compositional variability mechanisms, but these are not formal models; they are approaches or techniques used in modeling.
 - The paper does not mention any specific theoretical foundations or frameworks related to a formal model.
 - There are no mathematical or logical representations of a formal model described in the paper.
 - The paper provides empirical findings and recommendations based on experiments, but it does not include details about a formal model.","- ""For measuring efficiency (RQ1), we Ied two metrics: correctness and completion time.""
  - ""The correctness of a task type was the aggregate correctness of its two concrete tasks.""
  - ""For each task, we evaluated the responses using a scale of 0-1 as follows: Correct responses received a score of 1, partially correct 0.5, and incorrect 0.""
  - ""The scores of both tasks of a task type were summed up to obtain the correctness score in the range 0-2.""
  - ""For completion time, we asked the participants to log the starting and ending times of each module (Fig. 5 ), which we converted to the completion time in minutes.""
  - ""To address RQ2, we asked the participants to assess the understandability of each mechanism and the difficulty of addressing each task type using each mechanism.""
  - ""The questions in this category were answered on a five-item Likert scale, with lower scores indicating better results.""
  - ""We used the same labels for the Likert scales for S1-S4, specifying explicitly for each question that 1 means very easy, and 5 means very difficult.""
  - ""For hypothesis testing, we used the Wilcoxon signed-rank test (Wilcoxon 1945) which we applied to the task and subjective metrics, following recommendations according to which this test can in fact be applied to Likert-scale data (De Winter and Dodou 2010).""
  - ""We employed the A 12 score for assessing effect size following Vargha and Delaney's original three interpretations (Vargha and Delaney 2000): A 12 ≈ 0.56 = small; A 12 ≈ 0.64 = medium; and A 12 ≈ 0.71 = large.""
  - ""All tests were executed with R.""",,"- The paper describes two main quantitative metrics: correctness and completion time.
 - Correctness is measured on a scale of 0-1 for each task, with correct responses scoring 1, partially correct scoring 0.5, and incorrect scoring 0. The aggregate correctness for a task type is the sum of these scores, ranging from 0 to 2.
 - Completion time is measured in minutes by logging the start and end times of each task.
 - Subjective assessments of understandability and difficulty are measured using a 5-point Likert scale, where lower scores indicate better results.
 - The Wilcoxon signed-rank test is used for hypothesis testing, which is applied to both task metrics and subjective assessments.
 - The A 12 score is used to assess effect size, with specific thresholds for small, medium, and large effects.
 - The paper does not mention any specific normalization or standardization techniques beyond the use of these metrics and statistical tests.","- ""We report on a family of three experiments in which we studied how the choice of variability mechanism affects performance during model comprehension tasks.""
  - ""We considered three variability mechanisms-annotative, compositional, and enumerative-where the enumerative mechanism (a simple listing of all variants) was considered the baseline.""
  - ""In all three experiments, we adopted a within-subject design, where each participant used each considered variability mechanism on all tasks.""
  - ""We applied a cross-over trial, a variant of the within-subject design (Jones and Kenward 2003), in which all participants are sequentially exposed to each treatment.""
  - ""The main benefit of the chosen design is its efficiency in enhancing statistically valid conclusions for a given number of participants.""
  - ""A main threat to this kind of study design are learning effects: during the experiments, participants might transfer experience gained by solving one task to other tasks.""
  - ""We mitigated this threat by using a Latin square design (Melo et al. 2016;Montgomery 2017).""
  - ""Participants were randomly distributed across equally sized groups, such that each participant experimented with each variability mechanism and each domain once.""
  - ""We considered three widely used models types-class diagrams, state machine diagrams, and activity diagrams-as discussed and motivated in Section 2.""
  - ""The participants were recruited from undergraduate and graduate courses at various universities.""
  - ""We used different domains in each experiment, deliberately to make the results generalizable.""
  - ""To analyze comprehensibility, we designed three task types: Understanding variants, comparing two variants, and comparing all variants.""
  - ""For measuring efficiency (RQ1), we Ied two metrics: correctness and completion time.""
  - ""To address RQ2, we asked the participants to assess the understandability of each mechanism and the difficulty of addressing each task type using each mechanism.""
  - ""we used the Wilcoxon signed-rank test (Wilcoxon 1945) which we applied to the task and subjective metrics, following recommendations according to which this test can in fact be applied to Likert-scale data (De Winter and Dodou 2010).""
  - ""We employed the A 12 score for assessing effect size following Vargha and Delaney's original three interpretations (Vargha and Delaney 2000):""
  - ""We conducted a preparatory study to evaluate our experimental design and identify possible issues and other amendable aspects.""
  - ""The study was performed on a population of 28 students (disjoint from the population of our experiment).""
  - ""Our experiment family consisted of two independent variables: the considered model type and variability mechanism.""",,"- The paper describes a family of three experiments designed to study the impact of different variability mechanisms on model comprehension tasks. This indicates a structured experimental approach.
 - The experiments used a within-subject design, specifically a cross-over trial, where each participant was exposed to all treatments (variability mechanisms) sequentially. This design helps in reducing confounding factors and enhances the validity of the conclusions.
 - The study involved three types of models: class diagrams, state machine diagrams, and activity diagrams, which are commonly used in software engineering.
 - Participants were recruited from undergraduate and graduate courses, ensuring a level of familiarity with the model types.
 - The experiments used a Latin square design to mitigate learning effects, ensuring that each participant used every distinct variability mechanism and domain exactly once.
 - The study measured efficiency through correctness and completion time, and assessed understandability and difficulty using subjective assessments.
 - Statistical analyses included the Wilcoxon signed-rank test for Likert-scale data and the A12 score for effect size.
 - A preparatory study was conducted to refine the experimental design, involving a separate group of 28 students.","- ""We studied the effect of annotative and compositional mechanisms on the ability to solve model comprehension tasks correctly and quickly.""
  - ""We studied the perceived understandability and difficulty to complete model comprehension tasks depending on the used variability compositional mechanism, based on subjective assessments.""
  - ""We Ied qualitative and quantitative data about the participants' subjective preferences by asking them to choose a preferred mechanism and explain the choice.""
  - ""We report on the participant's subjective perceptions of understandability and difficulty to complete the tasks, based on our subjective assessment questions (S1-S4 in our questionnaire; see Fig. 5""
  - ""The subjective perceptions of our participants largely agreed with the objective performance measurements: In two of the three experiments, participants found the annotative mechanism more understandable and easier to work than the compositional one.""
  - ""The difficulty rating was fully consistent with both the objective task metrics (RQ1) and the understandability ratings.""
  - ""In all comparisons of compositional to another mechanism, we found significance.""
  - ""In all cases but one (task type 2, annotative vs. compositional: p = 0.03; A 12 = 0.62), the p-value was below 0.003 and the effect size between A 12 = 0.65 and 0.69, indicating a medium-to-large effect.""
  - ""In experiment 3 (activity diagrams, Fig. 8c ), participants considered annotative to be notably more understandable than compositional (2.7 vs. 3.4). The difference was statistically significant (p = 0.3), with A 12 = 0.68 (medium-to-large effect size).""
  - ""Concerning difficulty, annotative was considered to be easier than compositional for all task types (2.3, 2.5, 2.5 vs 3.2, 3.0, 3.2). The difference for type 2 was significant, with p = 0.005, and A 12 = 0.73 (large effect).""","- ""(Page 21, Table 1) | Exp | Quality | Annotative  | | | Compositional | | | Enumerative  | | |
 \n|-----|------------------|--------------------|----------------------|----------------------|--------------------|----------------------|----------------------|---------------------|----------------------|----------------------|
 \n|  | | Mean  | Mdn | St.dev  | Mean  | Mdn | St.dev  | Mean | Mdn | St.dev  |""","- The paper discusses the subjective perceptions of participants regarding the understandability and difficulty of using annotative and compositional variability mechanisms.
 - The study used subjective assessments to gather data on perceived difficulty and understandability, which are related to integration challenges.
 - Statistical methods such as the Wilcoxon signed-rank test were used to compare the subjective assessments, with significance values and effect sizes reported.
 - The paper provides correlation coefficients and statistical significance values for the differences in perceived difficulty and understandability between mechanisms.
 - The tables at the end of the paper provide detailed data on participant perceptions, including mean ratings and statistical significance.
 - The study identifies specific integration challenges such as the difficulty in understanding and working with compositional mechanisms compared to annotative ones.","- ""Annotative mechanisms maintain an integrated, annotated representation of all variants.""
  - ""Compositional mechanisms allow to compose a set of smaller sub-models to form a larger model.""
  - ""We selected the two variability mechanisms for our experiments based on the following criteria: (M1) The mechanism has a graphical syntax. (M2) The mechanism is supported by available tools. (M3) The mechanism has been described in the scientific literature.""
  - ""as an annotative mechanism, we identified model templates (implemented in FeatureMapper (Heidenreich et al. 2008), SuperMod (Schwägerl et al. 2015), and Henshin (Strüber and Schulz 2016)).""
  - ""For compositional, we identified two existing approaches fulfilling the criteria: Delta modeling (implemented by DeltaEcore (Seidl et al. 2014) and SiPL (Pietsch et al. 2015)) and model refinements (implemented by eMoflon (Anjorin et al. 2014)).""
  - ""The compositional mechanism we considered is refinement (Anjorin et al. 2014).""
  - ""Deriving individual variants is a two-step process. First, a union of the contents of the variant and all its transitive parents is computed; this results in a single, flat class diagram (with no parents). Second, a merge operator is used to combine elements that should be the same.""
  - ""We present actionable recommendations concerning support of flexible, tasks-specific solutions, and the transfer of established best practices from the code domain to models.""
  - ""Provide Flexible, Task-Oriented Representations. We find that there is no globally preferable variability mechanism-indeed, the ""best"" mechanism may depend on the task to be performed.""
  - ""Composition: the Whole is More Than the Sum of Its Parts. Participants struggled with compositional mechanisms especially in tasks that required them to understand how fragments interact with each other.""",,"- The paper discusses two main types of variability mechanisms: annotative and compositional. These mechanisms are used to manage paradigm interoperability by providing different ways to represent and manage variability in models.
 - Annotative mechanisms use an integrated representation with annotations to manage variability, while compositional mechanisms involve composing smaller sub-models to form larger models.
 - The paper identifies specific tools that support these mechanisms, such as FeatureMapper, SuperMod, Henshin for annotative mechanisms, and DeltaEcore, SiPL, eMoflon for compositional mechanisms.
 - The compositional mechanism involves a two-step process of computing a union of variant contents and then merging elements, which is a strategy for integrating different paradigmatic approaches.
 - The paper suggests providing flexible, task-oriented representations as a recommendation for managing paradigm interoperability, indicating a novel approach to managing paradigm differences by tailoring mechanisms to specific tasks.
 - The discussion on composition highlights the need for visualizations to illustrate how fragments interact, which is a strategy for managing paradigm differences.","- ""We report and discuss findings from a family of three experiments with 164 participants in total, in which we studied the impact of different variability mechanisms during model comprehension tasks.""
  - ""We experimented with three model types commonly found in modeling languages: class diagrams, state machine diagrams, and activity diagrams.""
  - ""We present our findings on a family of experiments, each investigating how the choice of variability mechanism affects the comprehensibility of different model-related tasks for three popular model types.""
  - ""We present a quantitative analysis of correctness, the completion time, and subjective assessments of our participants for six model comprehension tasks.""
  - ""We present a qualitative analysis of participant responses, adding rationale to explain the observed results.""
  - ""This paper considerably extends our earlier conference paper (Strüber et al. 2020) that presented the first of our three experiments, focusing on class diagrams (73 participants).""
  - ""The car industry is particularly outspoken on their need for model-level variability mechanisms (Famelis et al. 2015).""
  - ""Beyond automotive, the need for model-level variability has been documented for power electronics, aerospace, railway technology, traffic control, imaging, and chip modeling (Berger et al. 2020).""
  - ""We focus on three model types used in various modeling languages: class diagrams, state machine diagrams, and activity diagrams.""
  - ""The diagrams are three commonly used types of UML models, popular both in academia and industry.""",,"- The full bibliographic information is provided in the title and abstract: Authors - Wardah Mahmood, D. Strüber, Anthony Anjorin, T. Berger; Title - Effects of variability in models: a family of experiments; Year - 2022.
 - The type of study is a controlled experiment, as indicated by the mention of ""a family of three experiments"" and ""164 participants in total.""
 - The primary application domain is not explicitly limited to one specific domain, but it is mentioned that the car industry and other domains such as power electronics, aerospace, and others have a need for model-level variability mechanisms.
 - The specific programming paradigms discussed are related to modeling languages, particularly UML models including class diagrams, state machine diagrams, and activity diagrams."
Using transition traces to model a security protocol,S. Brookes,-,-,-,0,2003,insufficient details (the abstract discusses challenges and limitations but does not provide specific details about the formal model characteristics),Not mentioned (the abstract does not provide specific information about the development of a quantitative metric for paradigmatic compatibility),Not mentioned (the abstract does not provide details on an experimental validation protocol or experimental design),no explicit correlation found (the abstract discusses conceptual challenges in integration but does not provide quantitative metrics or statistical analysis),Not mentioned (the abstract identifies the problem of paradigm interoperability but does not describe specific mechanisms or strategies for managing it),"- Authors: S. Brookes
 - Title: Using transition traces to model a security protocol
 - Year: 2003
 - Publication Venue: Not mentioned
 - Type of study: Theoretical Proposal
 - Primary application domain: Security Protocols
 - Specific programming paradigms: CSP, Shared-variable programming languages","- ""Yet we might want to prove the correctness of a security protocol concerning protection of private data, couched in terms of shared variable parallelism, with respect to a specification phrased in terms of communication patterns and written in CSP.""
  - ""It is difficult to adapt tools embedded in one parallel paradigm (like CSP) to problems concerning other parallel paradigms (such as shared-variable programs); at a more abstract level, semantic models for shared-variable programming languages have so far had little in common with semantic models for CSP-like languages.""
  - ""Semantically-based tools and methodologies such as these have tended to be paradigm-specific, based on a particular choice of programming or specification language.""
  - ""Schneider and Sidiropoulos [25] used FDR to specify and verify an “anonymity” property of a security protocol known as the “dining cryptographers” [8].""
  - ""For example, Roscoe and his colleagues have used the model checker FDR [10], based on the failures-divergences semantics of CSP, to discover bugs in various key-exchange protocols [21].""
  - ""Security protocols are often difficult to specify formally and hard to prove correct, because of the potentially complex patterns of interaction between processes executing in parallel.""
  - ""Many people have proposed the use of formal methods in such applications (cf. [13, 14, 15, 16, 18, 23, 24]).""",,"- The abstract discusses the challenges in specifying and proving the correctness of security protocols due to complex interactions between parallel processes.
 - It mentions the use of formal methods and tools like FDR, which is based on the failures-divergences semantics of CSP, indicating a focus on CSP as a formal model.
 - The abstract highlights the paradigm-specific nature of these tools and methodologies, suggesting that they are tailored to specific programming or specification languages.
 - It notes the difficulty in adapting tools from one parallel paradigm to another, such as from CSP to shared-variable programs, due to differences in semantic models.
 - The abstract does not provide specific details about the core components, theoretical foundations, or mathematical representations of a formal model for paradigmatic compatibility. Instead, it discusses the challenges and limitations of current approaches.","- ""Security protocols are often difficult to specify formally and hard to prove correct, because of the potentially complex patterns of interaction between processes executing in parallel.""
  - ""Many people have proposed the use of formal methods in such applications (cf. [13, 14, 15, 16, 18, 23, 24]).""
  - ""Roscoe and his colleagues have used the model checker FDR [10], based on the failures-divergences semantics of CSP, to discover bugs in various key-exchange protocols [21].""
  - ""Schneider and Sidiropoulos [25] used FDR to specify and verify an “anonymity” property of a security protocol known as the “dining cryptographers” [8].""
  - ""Semantically-based tools and methodologies such as these have tended to be paradigm-specific, based on a particular choice of programming or specification language.""
  - ""It is difficult to adapt tools embedded in one parallel paradigm (like CSP) to problems concerning other parallel paradigms (such as shared-variable programs); at a more abstract level, semantic models for shared-variable programming languages have so far had little in common with semantic models for CSP-like languages.""
  - ""Yet we might want to prove the correctness of a security protocol concerning protection of private data, couched in terms of shared variable parallelism, with respect to a specification phrased in terms of communication patterns and written in CSP.""
  - ""It would be difficult even to say precisely what such a correctness criterion means if the underlying semantic models for the two paradigms differ.""",,"- The abstract discusses the challenges in specifying and proving the correctness of security protocols due to complex interactions between parallel processes.
 - It mentions the use of formal methods and tools like FDR, which is based on CSP, for discovering bugs and verifying properties of security protocols.
 - The abstract highlights the difficulty in adapting tools from one parallel paradigm to another due to differences in semantic models.
 - However, the abstract does not provide specific details about the development of a quantitative metric for paradigmatic compatibility.
 - There is no mention of a mathematical or computational approach, variables or parameters, range or scale, or normalization techniques related to a quantitative metric.","- ""Security protocols are often difficult to specify formally and hard to prove correct, because of the potentially complex patterns of interaction between processes executing in parallel.""
  - ""Many people have proposed the use of formal methods in such applications (cf. [13, 14, 15, 16, 18, 23, 24]).""
  - ""For example, Roscoe and his colleagues have used the model checker FDR [10], based on the failures-divergences semantics of CSP, to discover bugs in various key-exchange protocols [21].""
  - ""Schneider and Sidiropoulos [25] used FDR to specify and verify an “anonymity” property of a security protocol known as the “dining cryptographers” [8].""
  - ""Semantically-based tools and methodologies such as these have tended to be paradigm-specific, based on a particular choice of programming or specification language.""
  - ""It is difficult to adapt tools embedded in one parallel paradigm (like CSP) to problems concerning other parallel paradigms (such as shared-variable programs); at a more abstract level, semantic models for shared-variable programming languages have so far had little in common with semantic models for CSP-like languages.""
  - ""Yet we might want to prove the correctness of a security protocol concerning protection of private data, couched in terms of shared variable parallelism, with respect to a specification phrased in terms of communication patterns and written in CSP.""",,"- The abstract discusses the challenges in specifying and proving the correctness of security protocols due to complex interactions between parallel processes.
 - It mentions the use of formal methods and tools like FDR, which is a model checker based on CSP, to discover bugs and verify properties of security protocols.
 - The abstract highlights the paradigm-specific nature of these tools and methodologies, which are often based on specific programming or specification languages.
 - It does not provide specific details about an experimental validation protocol or any experimental design used to validate a compatibility metric.
 - The focus is on the theoretical and conceptual challenges of adapting tools across different parallel paradigms rather than on experimental validation.
 - There is no mention of specific validation techniques, protocols, or systems used in an experimental setting.","- ""It would be difficult even to say precisely what such a correctness criterion means if the underlying semantic models for the two paradigms differ.""
  - ""Yet we might want to prove the correctness of a security protocol concerning protection of private data, couched in terms of shared variable parallelism, with respect to a specification phrased in terms of communication patterns and written in CSP.""
  - ""It is difficult to adapt tools embedded in one parallel paradigm (like CSP) to problems concerning other parallel paradigms (such as shared-variable programs); at a more abstract level, semantic models for shared-variable programming languages have so far had little in common with semantic models for CSP-like languages.""
  - ""Security protocols are often difficult to specify formally and hard to prove correct, because of the potentially complex patterns of interaction between processes executing in parallel.""",,"- The abstract discusses the challenges in integrating different parallel paradigms, such as CSP and shared-variable programs, due to their differing semantic models.
 - It highlights the difficulty in adapting tools from one paradigm to another and the lack of commonality between semantic models for different paradigms.
 - The abstract does not mention any specific statistical methods, correlation coefficients, or statistical significance values related to integration difficulties.
 - There is no explicit mention of a correlation between a quantitative metric and observed integration difficulties.
 - The abstract focuses on the conceptual challenges and difficulties in integration rather than providing a quantitative analysis or correlation.","- ""It would be difficult even to say precisely what such a correctness criterion means if the underlying semantic models for the two paradigms differ.""
  - ""Yet we might want to prove the correctness of a security protocol concerning protection of private data, couched in terms of shared variable parallelism, with respect to a specification phrased in terms of communication patterns and written in CSP.""
  - ""It is difficult to adapt tools embedded in one parallel paradigm (like CSP) to problems concerning other parallel paradigms (such as shared-variable programs); at a more abstract level, semantic models for shared-variable programming languages have so far had little in common with semantic models for CSP-like languages.""
  - ""Semantically-based tools and methodologies such as these have tended to be paradigm-specific, based on a particular choice of programming or specification language.""
  - ""Schneider and Sidiropoulos [25] used FDR to specify and verify an “anonymity” property of a security protocol known as the “dining cryptographers” [8].""
  - ""Roscoe and his colleagues have used the model checker FDR [10], based on the failures-divergences semantics of CSP, to discover bugs in various key-exchange protocols [21].""
  - ""Many people have proposed the use of formal methods in such applications (cf. [13, 14, 15, 16, 18, 23, 24]).""
  - ""Security protocols are often difficult to specify formally and hard to prove correct, because of the potentially complex patterns of interaction between processes executing in parallel.""",,"- The abstract discusses the challenges of specifying and proving the correctness of security protocols due to complex interactions between parallel processes.
 - It mentions the use of formal methods and tools like FDR, which is based on CSP, to verify security protocols. However, these tools are paradigm-specific and not easily adaptable to other paradigms.
 - The abstract highlights the difficulty in adapting tools from one paradigm (e.g., CSP) to another (e.g., shared-variable programs) due to differences in semantic models.
 - It suggests a need for mechanisms to bridge these paradigmatic differences, particularly for proving correctness across different paradigms.
 - However, the abstract does not explicitly describe specific techniques, transformation strategies, or novel approaches for managing paradigm interoperability. It primarily identifies the problem rather than providing solutions.","- ""Security protocols are often difficult to specify formally and hard to prove correct, because of the potentially complex patterns of interaction between processes executing in parallel.""
  - ""Many people have proposed the use of formal methods in such applications (cf. [13, 14, 15, 16, 18, 23, 24]).""
  - ""For example, Roscoe and his colleagues have used the model checker FDR [10], based on the failures-divergences semantics of CSP, to discover bugs in various key-exchange protocols [21].""
  - ""Schneider and Sidiropoulos [25] used FDR to specify and verify an “anonymity” property of a security protocol known as the “dining cryptographers” [8].""
  - ""Semantically-based tools and methodologies such as these have tended to be paradigm-specific, based on a particular choice of programming or specification language.""
  - ""It is difficult to adapt tools embedded in one parallel paradigm (like CSP) to problems concerning other parallel paradigms (such as shared-variable programs); at a more abstract level, semantic models for shared-variable programming languages have so far had little in common with semantic models for CSP-like languages.""
  - ""Yet we might want to prove the correctness of a security protocol concerning protection of private data, couched in terms of shared variable parallelism, with respect to a specification phrased in terms of communication patterns and written in CSP.""",,"- The title of the study is ""Using transition traces to model a security protocol,"" which suggests a focus on security protocols.
 - The abstract discusses the challenges of specifying and proving the correctness of security protocols, indicating a theoretical or methodological focus.
 - The mention of ""formal methods"" and ""model checker FDR"" suggests a theoretical proposal or methodological study.
 - The primary application domain is security protocols, as indicated by the title and the discussion of key-exchange protocols and anonymity properties.
 - The programming paradigms discussed include CSP (Communicating Sequential Processes) and shared-variable programming languages."
An empirical study to compare two parallel programming models,"L. Hochstein, V. Basili",10.1145/1148109.1148127,https://doi.org/10.1145/1148109.1148127,ACM Symposium on Parallelism in Algorithms and Architectures,14,2006,"- Core components: PRAM model
 - Key theoretical foundations: Algorithmic theory
 - Mathematical or logical representations: Not mentioned
 - Multiple approaches: PRAM model and its implementation through XMT-C","- Mathematical or computational approach: The study used self-reported effort logs and instrumented compiler data to measure effort.
 - Variables or parameters: Time spent by subjects as recorded by self-reported logs and compiler timestamps.
 - Range or scale: A 50% reduction in mean effort for XMT-C compared to MPI.
 - Normalization or standardization: Statistical significance testing using a t-test.","- Overall experimental approach: Feasibility study in an academic setting comparing effort required to solve a problem using MPI and XMT-C.
 - Specific validation techniques: Self-reported effort logs, automatic effort data from instrumented compilers.
 - Types of systems or components: MPI library, XMT-C.
 - Measurement of integration difficulties: Effort required to solve a problem measured through self-reported, instrumented, and combined effort measures.","- Statistical methods used: t-test
 - Statistical significance: p < .05
 - Quantified integration challenges: Effort required to solve a problem
 - No explicit correlation found; instead, a statistically significant reduction in effort is reported.","- Specific techniques: XMT-C as an extension of the C language to support PRAM-like models.
 - Transformation or integration strategies: Use of a prototype compiler to generate code for an XMT architecture simulator.
 - Computational or modeling tools: Prototype compiler for XMT architecture simulator.
 - Novel approaches: Comparison study to evaluate effort required for each paradigm.","- Authors: L. Hochstein, V. Basili
 - Title: An empirical study to compare two parallel programming models
 - Year: 2006
 - Publication Venue: Not specified in the abstract
 - Type of study: Controlled Experiment
 - Primary application domain: Scientific Computing
 - Specific programming paradigms: Message-passing (MPI), PRAM model (XMT-C)","- ""The focus of the UMD class was parallel algorithms in the PRAM model, and the students were taught XMT-C.""
  - ""One alternative parallel programming model is the PRAM model, which supports fine-grained parallelism and has a substantial history of algorithmic theory""
  - ""XMT-C is an extension of the C language that supports parallel directives to provide a PRAM-like model to the programmer.""",,"- The abstract mentions the PRAM model as a parallel programming model that supports fine-grained parallelism. This indicates that the PRAM model is a core component of the study.
 - The PRAM model is described as having a substantial history of algorithmic theory, suggesting that it is theoretically grounded in algorithmic foundations.
 - XMT-C is introduced as an extension of the C language that provides a PRAM-like model, indicating that it is a practical implementation of the PRAM model.
 - The abstract does not provide specific mathematical or logical representations of the model, nor does it detail any other formal model characteristics beyond the PRAM model and its implementation through XMT-C.","- ""The subjects participating in the study were divided up into two groups. One group solved a problem using the MPI library in either C,C++, or Fortran, and the other group solved the problem using XMT-C.""
  - ""The task was to write a function to multiply a sparse matrix with a dense vector.""
  - ""Subjects kept track of their effort with a self-reported effort log. We also collected automatic effort data by instrumenting the compilers, which recorded data at each compile.""
  - ""We computed three effort measures: self-reported, instrumented, and combined.""
  - ""Self-reported effort measures are based entirely on effort logs, instrumented effort measures are based entirely on timestamps from the instrumented compilers, and combined effort measures are based on compiler timestamps when the subject is working on the instrumented machine, and self-reported effort when the subject is working off the instrumented machine.The""
  - ""The results of this preliminary study answer both of our questions in the positive. In this case, on average, students required less effort to solve the problem using XMT-C compared to MPI.""
  - ""The reduction in mean effort was approximately 50% for all three measures, which was statistically significant at the level of p < .05 using a t-test.This""",,"- The study involved two groups of subjects using different programming models (MPI and XMT-C) to solve a specific problem, which is a key aspect of developing a quantitative metric related to paradigmatic compatibility.
 - The effort required by subjects was measured using three different methods: self-reported effort logs, instrumented effort data from compilers, and a combined measure. These methods are used to quantify the effort, which is a metric related to paradigmatic compatibility.
 - The variables or parameters used in the quantification include the time spent by subjects as recorded by self-reported logs and compiler timestamps.
 - The range or scale of the metric is not explicitly mentioned in terms of absolute values or percentages, but it is noted that there was a 50% reduction in mean effort for XMT-C compared to MPI.
 - The study used statistical significance testing (t-test) to validate the results, which implies some form of normalization or standardization in the analysis.","- ""To better understand how much benefit a PRAM-like model could provide over a message-passing model, we conducted a feasibility study in an academic setting to compare the effort required to solve a particular problem.""
  - ""The subjects participating in the study were divided up into two groups. One group solved a problem using the MPI library in either C,C++, or Fortran, and the other group solved the problem using XMT-C.""
  - ""The task was to write a function to multiply a sparse matrix with a dense vector.""
  - ""To obtain subjects, we leveraged existing graduate-level parallel programming courses at two different universities: University of California, Santa Barbara (UCSB), and University of Maryland (UMD).""
  - ""The focus of the UCSB class was on developing parallel programs to run on the current generation of architectures, and the students were taught MPI, as well as other models.""
  - ""The focus of the UMD class was parallel algorithms in the PRAM model, and the students were taught XMT-C.""
  - ""The students were assigned to treatment groups by class.""
  - ""Subjects kept track of their effort with a self-reported effort log.""
  - ""We also collected automatic effort data by instrumenting the compilers, which recorded data at each compile.""
  - ""We computed three effort measures: self-reported, instrumented, and combined.""
  - ""The results of this preliminary study answer both of our questions in the positive. In this case, on average, students required less effort to solve the problem using XMT-C compared to MPI.""",,"- The overall experimental approach involved a feasibility study in an academic setting to compare the effort required to solve a problem using two different parallel programming models: MPI and XMT-C.
 - The study was conducted with graduate students from two universities, UCSB and UMD, who were divided into two groups based on their class focus: one group used MPI, and the other used XMT-C.
 - The specific task for both groups was to write a function to multiply a sparse matrix with a dense vector, which served as the validation protocol to measure effort.
 - The validation techniques included self-reported effort logs and automatic effort data collected by instrumenting compilers, which provided three effort measures: self-reported, instrumented, and combined.
 - The systems or components used in the validation were the MPI library and XMT-C, which are parallel programming models.
 - Integration difficulties were measured by tracking the effort required to solve the problem, which was quantified through the three effort measures.","- ""The reduction in mean effort was approximately 50% for all three measures, which was statistically significant at the level of p < .05 using a t-test.This""
  - ""The results of this preliminary study answer both of our questions in the positive. In this case, on average, students required less effort to solve the problem using XMT-C compared to MPI.""
  - ""This study demonstrates that the effect of programming model on effort can be directly measured through empirical studies with human subjects.""",,"- The abstract discusses the comparison of effort required to solve a problem using two parallel programming models: MPI and XMT-C.
 - It mentions that the study found a statistically significant reduction in mean effort when using XMT-C compared to MPI, with a 50% reduction.
 - The statistical significance is established using a t-test with a p-value of less than 0.05, indicating that the observed differences are statistically significant.
 - The abstract does not explicitly mention a ""correlation"" between a quantitative metric and observed integration difficulties, but it does discuss the effort required for integration as a measure of difficulty.
 - The study quantifies integration challenges by measuring the effort required to solve a problem, which is a proxy for integration difficulty.
 - There is no explicit mention of correlation coefficients or specific limitations in the correlation analysis, as the focus is on the statistical significance of the effort reduction.","- ""Currently, the most popular paradigm is message-passing, as implemented by the MPI library [1].""
  - ""One alternative parallel programming model is the PRAM model, which supports fine-grained parallelism and has a substantial history of algorithmic theory [2].""
  - ""XMT-C is an extension of the C language that supports parallel directives to provide a PRAM-like model to the programmer.""
  - ""A prototype compiler exists that generates code which runs on a simulator for an XMT architecture [3].To""
  - ""To better understand how much benefit a PRAM-like model could provide over a message-passing model, we conducted a feasibility study in an academic setting to compare the effort required to solve a particular problem.""
  - ""The subjects participating in the study were divided up into two groups. One group solved a problem using the MPI library in either C,C++, or Fortran, and the other group solved the problem using XMT-C.""
  - ""The task was to write a function to multiply a sparse matrix with a dense vector.""",,"- The abstract discusses two parallel programming paradigms: message-passing (MPI) and PRAM (XMT-C). These are the different paradigmatic approaches being compared.
 - XMT-C is described as an extension of the C language that supports parallel directives, providing a PRAM-like model. This is a specific technique for bridging different paradigmatic approaches by integrating PRAM-like functionality into a widely used language.
 - The use of a prototype compiler that generates code for an XMT architecture simulator is a computational tool supporting interoperability between the PRAM model and actual hardware.
 - The study involves comparing the effort required to solve a problem using these two models, which implies a strategy for evaluating the interoperability of these paradigms in terms of programmer effort.
 - The abstract does not explicitly mention novel approaches to managing paradigm differences beyond the use of XMT-C and the comparison study.","- ""This study demonstrates that the effect of programming model on effort can be directly measured through empirical studies with human subjects.""
  - ""The results of this preliminary study answer both of our questions in the positive.""
  - ""The focus of the UMD class was parallel algorithms in the PRAM model, and the students were taught XMT-C.""
  - ""The focus of the UCSB class was on developing parallel programs to run on the current generation of architectures, and the students were taught MPI, as well as other models.""
  - ""The task was to write a function to multiply a sparse matrix with a dense vector.""
  - ""we conducted a feasibility study in an academic setting to compare the effort required to solve a particular problem.""
  - ""The subjects participating in the study were divided up into two groups.""",,"- The full bibliographic information is provided in the title and author names: ""L. Hochstein, V. Basili (2006)"".
 - The study is described as an ""empirical study"" and a ""feasibility study,"" which indicates it is a controlled experiment as it involves human subjects and measures effort.
 - The primary application domain is not explicitly mentioned, but the context suggests it is related to parallel programming and scientific computing, as indicated by the task of multiplying a sparse matrix with a dense vector.
 - The specific programming paradigms discussed are the message-passing model (MPI) and the PRAM model (XMT-C)."
An analysis of metamodeling practices for MOF and OCL,"J. Cadavid, B. Combemale, B. Baudry",10.1016/j.cl.2015.02.002,https://doi.org/10.1016/j.cl.2015.02.002,"Computer languages, systems & structures",20,2015,"- Core components: Concepts, relationships, well-formedness rules
 - Key theoretical foundations: MOF, OCL
 - Mathematical/logical representations: SDS, SSIS, SPIS metrics
 - Implementation: OCLMetrics tool","- Mathematical/Computational Approach: Metrics are defined using OCL as a formalism to balance understandability and formality.
 - Variables/Parameters: SDS (sum of classes and properties), SSIS (number of OCL invariants), SPIS (number of parsed invariants), classContent(), packageContent(), packageAllContent(), computeOCLE(), expansionInDS(), expansionInOCL().
 - Range/Scale: Absolute values for SDS, SSIS, SPIS; no specific range mentioned.
 - Normalization/Standardization: No specific techniques mentioned.","- Overall experimental approach: Empirical study analyzing 33 metamodels with 995 rules from industry, academia, and OMG.
 - Specific validation techniques or protocols: Parsing OCL invariants, using OCLMetrics tool to compute metrics.
 - Types of systems or components used: Eclipse-based environment, OCLMetrics tool.
 - Integration difficulties measured or observed: Through metrics computed by OCLMetrics tool, which evaluates complexity and coupling.",no explicit correlation found,"- Specific techniques: The OCLMetrics tool is used to evaluate complexity and coupling between MOF and OCL parts.
 - Transformation or integration strategies: The binding between MOF and OCL allows for smooth integration.
 - Computational or modeling tools: OCLMetrics tool supports interoperability.
 - Novel approaches: Extensibility through plug-ins for future support of different metamodel formats.","- Full bibliographic information: J. Cadavid, B. Combemale, B. Baudry (2015)
 - Type of study: Empirical Study
 - Primary application domain: Metamodeling
 - Specific programming paradigms: Object-Oriented (MOF), Logic-Based (OCL)","- ""The definition of a metamodel that precisely captures domain knowledge for effective know-how capitalization is a challenging task.""
  - ""A major obstacle for domain experts who want to build a metamodel is that they must master two radically different languages: an object-oriented, MOF-compliant, modeling language to capture the domain structure and first order logic (the Object Constraint Language) for the definition of well-formedness rules.""
  - ""We analyze 33 metamodels including 995 rules coming from industry, academia and the Object Management Group, to understand how metamodelers articulate both languages.""
  - ""We implement a set of metrics in the OCLMetrics tool to evaluate the complexity of both parts, as well as the coupling between both.""
  - ""The main contributions of this paper are:
 

 • An empirical inquiry of metamodeling practices, focusing on the combined usage of OCL-based logic formulas and MOF-based object-oriented structures.""
  - ""A set of metrics formally defined on MOF and OCL, to quantify the relationship between two paradigms used for metamodeling.""
  - ""An openly available set of metamodels using both standards, with a benchmark measuring the aforementioned metrics.""
  - ""An Eclipse-based environment to automatically import metamodels and compute metrics on the MOF and OCL parts. OCLMetrics, is the core tool in this environment, which implements our set of metrics for metamodeling.""
  - ""The relationship between a model and a metamodel can be described as shown in figure 4 [9]. Here the conformsTo relation is a predicate function that returns true if all objects in the model are instances of the concepts defined in the metamodel, all relations between objects are valid with respect to relationships defined in the metamodel and if all properties are satisfied.""
  - ""Definition 1. Metamodel. A metamodel is defined as the composition of:
 

 • Concepts. The core concepts and attributes that define the domain.
 

 • Relationships. Relationships that specify how the concepts can be bound together in a model.
 

 • Well-formedness rules. Additional properties that restrict the way concepts can be assembled to form a valid model.""
  - ""Definition 2. Metamodel under study. For this work, a metamodel is defined as the composition of:
 

 • Domain structure. A MOF-compliant model portraying the domain concepts as metaclasses and relationships between them.
 

 • Invariants. Well-formedness rules that impose invariants over the domain structure and that are expressed in OCL.""
  - ""MOF and OCL are modeling formalisms standardized by the OMG.""
  - ""Figure 7 illustrates how OCL and MOF formalisms are bound to each other [5, p.169 ]. This figure specifies that it is possible to define Constraints on MOF Elements (everything in MOF is an Element, cf. figure 5 ). One particular subtype of Element is important for metamodeling: Classifier, as it appears previously in figure 5 . Constraints can be defined as Expressions, and one particular type of expression is ExpressionInOCL, an expression whose the body is defined with OCL.""
  - ""We have developed a tool that automatically analyzes a metamodel to gather the MOF, OCL and MOF-OCL data sets, which will be detailed in section 5.""
  - ""Based on the defined data sets, we can compute the following metrics to answer our research questions.""
  - ""Definition 3. Size of Domain Structure (SDS). The size of a domain structure is the sum of the number of classes and the number of properties (i.e. attributes and association ends) in the metamodel.""
  - ""Definition 4. Size of Specified Invariant Set (SSIS). The number of invariants defined in OCL defined over the classes and its properties (i.e. attributes and association ends) of the metamodel.""
  - ""Definition 5. Size of Parsed Invariant Set (SPIS). We count the number of elements in the subset of the specified invariants set that can be successfully parsed according to our reference OCL parser embedded in our metrics computation tool.""",,"- The paper discusses the formal model characteristics in terms of metamodeling practices using MOF and OCL. The core components of the model include concepts, relationships, and well-formedness rules.
 - The key theoretical foundations or frameworks used are MOF and OCL, which are standardized by the OMG.
 - The mathematical or logical representations of the model are described through the use of metrics such as SDS, SSIS, and SPIS, which quantify the relationship between MOF and OCL.
 - The paper provides a detailed description of how OCL and MOF are bound together, with OCL used for defining constraints on MOF elements.
 - The formal model is implemented in the OCLMetrics tool, which computes metrics to evaluate the complexity and coupling between MOF and OCL parts of metamodels.","- ""We implement a set of metrics in the OCLMetrics tool to evaluate the complexity of both parts, as well as the coupling between both.""
  - ""We use OCL itself as the formalism to define data sets and metrics, as it provides an interesting trade-off between understandability and formality, and it has been successfully used before in metrics both at code and model levels""
  - ""Definition 3. Size of Domain Structure (SDS). The size of a domain structure is the sum of the number of classes and the number of properties (i.e. attributes and association ends) in the metamodel.""
  - ""Definition 4. Size of Specified Invariant Set (SSIS). The number of invariants defined in OCL defined over the classes and its properties (i.e. attributes and association ends) of the metamodel.""
  - ""Definition 5. Size of Parsed Invariant Set (SPIS). We count the number of elements in the subset of the specified invariants set that can be successfully parsed according to our reference OCL parser embedded in our metrics computation tool.""
  - ""MOF data sets. All data for a metamodel are gathered in the context of a package (figure 5 ). Our metrics manipulate the set of properties in a class (classContent()), the set of classes in one package (packageContent()), the set of all classes in the metamodel (packageAllContent() recursively collects all the classes from contained subpackages).""
  - ""OCL data sets. Metrics about OCL expressions are defined using two data sets gathered from instances of the OCL expression metamodel (figure 6 ):
 

 • computeOCLE(): the set of all OclExpression instances that are manipulated in an ExpressionInOCL.""
  - ""expansionInDS(): the set of different properties of the referenced domain structure that are used in an OCL expression.""
  - ""expansionInOCL(): the set of the OCL constructs used by the OclExpressions returned by computeOCLE().""
  - ""Based on the defined data sets, we can compute the following metrics to answer our research questions.""",,"- The paper describes the development of metrics using the OCLMetrics tool to evaluate complexity and coupling between MOF and OCL.
 - The metrics are defined using OCL as a formalism, which provides a balance between understandability and formality.
 - Specific metrics include:
  - Size of Domain Structure (SDS): Sum of classes and properties in the metamodel.
  - Size of Specified Invariant Set (SSIS): Number of OCL invariants defined over classes and properties.
  - Size of Parsed Invariant Set (SPIS): Number of successfully parsed OCL invariants.
 - Data sets are defined for MOF and OCL, including class properties, package contents, and OCL expression instances.
 - The metrics are computed based on these data sets to answer research questions about consistency, distribution, and usage of OCL constructs.","- ""we perform the first empirical study, which analyzes the current state of practice in metamodels that actually use logical expressions to constrain the structure.""
  - ""We analyze 33 metamodels including 995 rules coming from industry, academia and the Object Management Group, to understand how metamodelers articulate both languages.""
  - ""We implement a set of metrics in the OCLMetrics tool to evaluate the complexity of both parts, as well as the coupling between both.""
  - ""We have developed a tool to automatically compute metrics on both parts of a metamodel and provide data for our empirical enquiry.""
  - ""The architecture of the tool is extensible through the definition of plug-ins to allow future experiments with metamodel formats that are not currently supported.""
  - ""The next step consists of using OCLMetrics, the tool we have developed to automatically compute the metrics over the metamodel""
  - ""The data sets and metrics specified in the previous section were implemented in the OCLMetrics tool.""
  - ""The tool can then analyze both parts of a metamodel, to automatically extract the data sets and compute the metrics.""
  - ""The main contributions of this paper are:
 

 • An empirical inquiry of metamodeling practices, focusing on the combined usage of OCL-based logic formulas and MOF-based object-oriented structures.""
  - ""An openly available set of metamodels using both standards, with a benchmark measuring the aforementioned metrics.""
  - ""An Eclipse-based environment to automatically import metamodels and compute metrics on the MOF and OCL parts.""",,"- The paper describes an empirical study that involves analyzing metamodels to understand how MOF and OCL are used together.
 - The study involves analyzing 33 metamodels with 995 rules from various sources, indicating a comprehensive data set.
 - The authors developed a tool called OCLMetrics to compute metrics related to the complexity and coupling of MOF and OCL components.
 - The experimental approach involves parsing OCL invariants and using the OCLMetrics tool to analyze metamodels.
 - The tool is designed to be extensible, allowing for future experiments with different metamodel formats.
 - The study provides an openly available set of metamodels and a benchmark for measuring metrics, which can be used for further validation.
 - The use of an Eclipse-based environment suggests that the validation protocol is practical and can be replicated using standard software development tools.","- ""We implement a set of metrics in the OCLMetrics tool to evaluate the complexity of both parts, as well as the coupling between both.""
  - ""We observe that all metamodels tend to have a small, core subset of concepts, which are constrained by most of the rules, in general the rules are loosely coupled to the structure and we identify the set of OCL constructs actually used in rules.""
  - ""We observe that 23 out of 31 metamodels define their complete sets of invariants taking as context only 40% of classes from the domain structure.""
  - ""We also observed that well-formedness rules are loosely coupled to the metamodel, i.e. most of the rules are defined over less than 5 concepts of the domain structure.""
  - ""Despite this low coupling, we also observed that the usage of two languages hinders maintenance tasks in metamodeling: 155 OCL invariants out of 995 could not be analyzed because they did not match with the MOF structure anymore.""
  - ""Our set of MOF-OCL metrics can be used for comparative analysis for the expert's well-formedness rules.""
  - ""We realize that OCL is a very rich language, oftentimes exceeding the needs of writing well formedness rules.""",,"- The paper discusses the use of metrics to evaluate the complexity and coupling between MOF and OCL parts of metamodels.
 - It highlights that metamodels tend to have a small subset of concepts constrained by most rules, indicating loose coupling.
 - The paper notes that despite this loose coupling, maintenance tasks are hindered due to issues with OCL invariants not matching the MOF structure.
 - The metrics developed can be used for comparative analysis, but there is no explicit mention of a correlation coefficient or statistical significance value related to integration difficulty.
 - The paper does not provide a direct statistical correlation between the metrics and integration difficulties, nor does it mention any specific statistical methods used to establish such a correlation.","- ""A major obstacle for domain experts who want to build a metamodel is that they must master two radically different languages: an object-oriented, MOF-compliant, modeling language to capture the domain structure and first order logic (the Object Constraint Language) for the definition of well-formedness rules.""
  - ""However, there are no guidelines to assist the conjunct usage of both paradigms, and few tools support it.""
  - ""We implement a set of metrics in the OCLMetrics tool to evaluate the complexity of both parts, as well as the coupling between both.""
  - ""The existence of this binding between formalisms is essential for metamodeling: this is how two different formalisms can be smoothly integrated in the construction of a metamodel.""
  - ""This binding is also what allows us to automatically analyze metamodels built with MOF and OCL.""
  - ""We have developed a tool to automatically compute metrics on both parts of a metamodel and provide data for our empirical enquiry.""
  - ""The architecture of the tool is extensible through the definition of plug-ins to allow future experiments with metamodel formats that are not currently supported.""
  - ""the OCLMetrics component makes use of the Preprocessing Core, because it depends on the output format of the metamodels (.ecore for the MOF part and .oclxmi for the OCL part) to perform the measurement of metrics.""
  - ""OCL-Metrics considers a domain structure defined in Ecore and the associated OCL. The tool can then analyze both parts of a metamodel, to automatically extract the data sets and compute the metrics.""",,"- The paper discusses the challenge of integrating two different paradigms: MOF for object-oriented modeling and OCL for logical constraints. This integration is crucial for effective metamodeling.
 - The authors mention the lack of guidelines and tools for managing this integration, indicating a gap in current methodologies.
 - The OCLMetrics tool is highlighted as a mechanism for evaluating the complexity and coupling between MOF and OCL parts of a metamodel. This tool is a computational support for interoperability.
 - The paper describes the binding between MOF and OCL as essential for metamodeling, suggesting a transformation or integration strategy that allows for smooth integration of these formalisms.
 - The extensibility of the tool through plug-ins indicates a strategy for future support of different metamodel formats, which could be seen as a novel approach to managing paradigm differences.
 - The focus on metrics and analysis suggests a methodological approach to understanding and improving paradigm interoperability.","- ""In this paper, we perform the first empirical study, which analyzes the current state of practice in metamodels that actually use logical expressions to constrain the structure.""
  - ""We analyze 33 metamodels including 995 rules coming from industry, academia and the Object Management Group, to understand how metamodelers articulate both languages.""
  - ""The main contributions of this paper are:
 

 • An empirical inquiry of metamodeling practices, focusing on the combined usage of OCL-based logic formulas and MOF-based object-oriented structures.""
  - ""Target Audience. This article is intended for software engineers who use model-driven techniques and wish to get acquainted with current practices in building metamodels with MOF and OCL, tool vendors interested in providing support for the metamodeling activity with these standards.""
  - ""This paper proposes the first extensive empirical analysis of metamodeling practices.""
  - ""The study focuses on the articulation of an objectoriented MOF-compliant language with a logic-based language (OCL) for the definition of metamodels.""
  - ""We have gathered a collection of 33 metamodels, which combine both paradigms. These metamodels come from diverse backgrounds, in order to effectively cover the state of practice: the OMG (a standardization organism), industry and academia.""
  - ""The object-oriented structures are modeled either with MOF or UML, and all well-formedness rules are modeled with OCL.""",,"- The full bibliographic information is provided in the title and author names: J. Cadavid, B. Combemale, B. Baudry (2015).
 - The type of study is an empirical study, as indicated by the phrases ""empirical study,"" ""empirical analysis,"" and ""empirical inquiry.""
 - The primary application domain is metamodeling, specifically focusing on the use of MOF and OCL.
 - The programming paradigms discussed are object-oriented (MOF) and logic-based (OCL)."
AutoNet: Meta-model for Seamless Integration of Timed Automata and Colored Petri Nets,"M. W. Ahmad, Muhammad Waseem Anwar, F. Azam, Yawar Rasheed, Usman Ghani, Mukhtar Ahmad",10.1007/978-3-030-47679-3_26,https://doi.org/10.1007/978-3-030-47679-3_26,International Conference on Computer Information Systems and Industrial Management Applications,1,2020,"- Core components: Timed Automata, Colored Petri Nets
 - Key theoretical foundations: Timed Automata, Colored Petri Nets
 - Mathematical or logical representations: Not mentioned",Not mentioned (the abstract does not provide information on quantitative metric development),"The experimental validation protocol involves a case study using traffic light signal modeling to demonstrate the transformation capability of AutoNet. The validation is conceptual, focusing on the ability of AutoNet to produce both timed automata and colored Petri nets from a single design. No specific experimental techniques or protocols are mentioned, nor are there details on measuring integration difficulties.",no explicit correlation found (the abstract focuses on the successful transformation and validation of the design without discussing statistical methods or correlation coefficients),"- Specific technique: Transformation of a single design with basic classes and state transition diagrams into both timed automata and colored Petri nets.
 - Transformation strategy: Integration of timed automata and colored Petri nets through a meta-model.
 - Computational tool: AutoNet, an automated 'what you see is what you get' (WYSIWYG) tool.
 - Novel approach: Use of a meta-model for seamless integration between timed automata and colored Petri nets.","- Full bibliographic information: Authors - M. W. Ahmad, Muhammad Waseem Anwar, F. Azam, Yawar Rasheed, Usman Ghani, Mukhtar Ahmad; Title - AutoNet: Meta-model for Seamless Integration of Timed Automata and Colored Petri Nets; Year - 2020
 - Type of study: Theoretical Proposal
 - Primary application domain: Embedded Systems
 - Specific programming paradigms: Timed Automata, Colored Petri Nets","- ""In this paper, we proposed a Meta model (named as AutoNet) aimed at integration of timed automata and colored petri net.""
  - ""The main purpose of AutoNet is the transformation i.e. a single design with basic classes and state transition diagrams can be transformed to both timed automata and colored petri net.""
  - ""The most adopted formal methods are 1) Timed Automata which extends the finite states with finite number of real valued clocks, and 2) Colored Petri net which extends finite set of directed graphs with finite number of tokens coupled with color.""",,"- The abstract mentions two formal methods: Timed Automata and Colored Petri Nets. These are the core components of the model being discussed.
 - Timed Automata are described as extending finite states with real-valued clocks, indicating a focus on time-dependent modeling.
 - Colored Petri Nets are described as extending finite sets of directed graphs with tokens and color, suggesting a focus on graphical representation and token flow.
 - The abstract introduces AutoNet as a meta-model that integrates these two formal methods, allowing for transformation between them.
 - The key theoretical foundations or frameworks used are Timed Automata and Colored Petri Nets, as they are the basis for the integration model.
 - There is no specific mention of mathematical or logical representations of the model in the abstract.","- ""A single iteration through the AutoNet produced both the timed automata and colored petri net of our test case, which is the validation of our design.""
  - ""The main purpose of AutoNet is the transformation i.e. a single design with basic classes and state transition diagrams can be transformed to both timed automata and colored petri net.""
  - ""AutoNet will serve as an automated ‘what you see is what you get’ (WYSIWYG) tool for embedded system engineers.""",,"- The abstract discusses the integration of timed automata and colored Petri nets through a meta-model called AutoNet, but it does not provide specific details about the development of a quantitative metric.
 - The focus is on the transformation process and the validation of the design through a case study, rather than on the development of a quantitative metric.
 - There is no mention of a mathematical or computational approach, variables or parameters, range or scale, or normalization techniques related to a quantitative metric.
 - The abstract primarily describes the purpose and functionality of AutoNet as a tool for embedded system engineers, without delving into specific quantitative metric development.","- ""We performed case study to show proof of our concept prototype at traffic light signal modeling.""
  - ""A single iteration through the AutoNet produced both the timed automata and colored petri net of our test case, which is the validation of our design.""
  - ""The main purpose of AutoNet is the transformation i.e. a single design with basic classes and state transition diagrams can be transformed to both timed automata and colored petri net.""
  - ""In this paper, we proposed a Meta model (named as AutoNet) aimed at integration of timed automata and colored petri net.""",,"- The abstract mentions the development of a meta-model called AutoNet, which integrates timed automata and colored Petri nets. This suggests a theoretical or conceptual validation approach rather than an experimental one.
 - The validation method described is a case study involving traffic light signal modeling. This indicates a specific application used to demonstrate the functionality of AutoNet.
 - The abstract does not provide details on specific validation techniques or protocols beyond the case study. It does not mention how integration difficulties were measured or observed.
 - The focus is on the transformation capability of AutoNet, which is validated through a single iteration that produces both timed automata and colored Petri nets. This suggests a conceptual validation rather than an experimental protocol.","- ""A single iteration through the AutoNet produced both the timed automata and colored petri net of our test case, which is the validation of our design.""
  - ""We performed case study to show proof of our concept prototype at traffic light signal modeling.""
  - ""The main purpose of AutoNet is the transformation i.e. a single design with basic classes and state transition diagrams can be transformed to both timed automata and colored petri net.""",,"- The abstract discusses the integration of timed automata and colored Petri nets through the AutoNet meta-model, focusing on its ability to transform a single design into both models.
 - It mentions a case study involving traffic light signal modeling, which demonstrates the effectiveness of AutoNet in producing both timed automata and colored Petri nets.
 - However, there is no mention of any statistical methods, correlation coefficients, or statistical significance values related to integration difficulties.
 - The abstract does not discuss any specific integration challenges that were quantified or any limitations in correlation analysis.
 - The focus is on the successful transformation and validation of the design rather than on quantifying integration difficulties or establishing a correlation.","- ""The main purpose of AutoNet is the transformation i.e. a single design with basic classes and state transition diagrams can be transformed to both timed automata and colored petri net.""
  - ""A single iteration through the AutoNet produced both the timed automata and colored petri net of our test case, which is the validation of our design.""
  - ""AutoNet will serve as an automated ‘what you see is what you get’ (WYSIWYG) tool for embedded system engineers.""",,"- The abstract describes a meta-model called AutoNet, which is designed to integrate timed automata and colored Petri nets. This integration is a mechanism for managing paradigm interoperability between these two formal methods.
 - The transformation strategy involves taking a single design with basic classes and state transition diagrams and converting it into both timed automata and colored Petri nets. This is a specific technique for bridging different paradigmatic approaches.
 - The abstract mentions that AutoNet is an automated tool, which implies it is a computational tool supporting interoperability. The term ""WYSIWYG"" suggests that it provides a straightforward and user-friendly interface for this transformation.
 - The novel approach here is the use of a meta-model to achieve seamless integration between two different modeling paradigms, which is highlighted by the ability to produce both timed automata and colored Petri nets from a single design iteration.","- ""AutoNet will serve as an automated ‘what you see is what you get’ (WYSIWYG) tool for embedded system engineers.""
  - ""We performed case study to show proof of our concept prototype at traffic light signal modeling.""
  - ""In this paper, we proposed a Meta model (named as AutoNet) aimed at integration of timed automata and colored petri net.""
  - ""The most adopted formal methods are 1) Timed Automata which extends the finite states with finite number of real valued clocks, and 2) Colored Petri net which extends finite set of directed graphs with finite number of tokens coupled with color.""
  - ""Time dependent modeling paradigm has always remained the focus of study for embedded system designers.""",,"- The full bibliographic information is provided in the question itself: Authors (M. W. Ahmad, Muhammad Waseem Anwar, F. Azam, Yawar Rasheed, Usman Ghani, Mukhtar Ahmad), Title (AutoNet: Meta-model for Seamless Integration of Timed Automata and Colored Petri Nets), Year (2020).
 - The type of study presented is a ""Theoretical Proposal"" as it involves the proposal of a new meta-model (AutoNet) for integrating timed automata and colored Petri nets.
 - The primary application domain is ""Embedded Systems"" as indicated by the focus on time-dependent modeling for embedded system designers.
 - The specific programming paradigms discussed are ""Timed Automata"" and ""Colored Petri Nets,"" which are formal methods for modeling."
A modeling framework for the application of multi-paradigm simulation methods,"K. Mykoniatis, A. Angelopoulou",10.1177/0037549719843339,https://doi.org/10.1177/0037549719843339,International Conference on Advances in System Simulation,23,2019,"The formal model characteristics in the study include the Multi-Paradigm Modeling Framework (MPMF), which integrates Discrete Event (DE), System Dynamics (SD), and Agent-Based (AB) methods. Core components involve steps for integrating AB models, an algorithm for selecting M&S methods, and identifying interaction points. The framework is structured into four phases: conceptual modeling, model development, verification and validation, and documentation. Theoretical foundations focus on interoperability and capturing interactions at different abstraction levels. Interaction points are defined as pairs of I/O data exchange between models. Mathematical representations are implied in the algorithm for method selection and interaction point definitions.","The paper describes a framework that uses an algorithm to select M&S methods based on user-defined criteria, assigning numerical weights to variables of interest for each criterion. The methods are ranked from best to worst based on these weights, transforming qualitative compatibility into a quantitative metric. However, specific mathematical details, range, or normalization techniques are not explicitly mentioned.","- Overall experimental approach: Verification and validation (V&V) process after simulation execution.
 - Specific validation techniques: Testing with a single human operator, observing simulation output, comparing simulated behavior with real system behavior.
 - Types of systems or components used: Universal task analysis simulation model (UTASiMo), autonomous face recognition robotic system.
 - Integration difficulties measurement: Not explicitly mentioned.",no explicit correlation found (the paper focuses on the conceptual framework for integrating simulation methods without quantifying integration difficulties or providing statistical correlations),"- Techniques for bridging different paradigmatic approaches: Direct replacement of variables, aggregation/disaggregation, causal relationships.
 - Transformation or integration strategies: Identification of interaction points for data exchange among DE, SD, and AB models.
 - Computational or modeling tools supporting interoperability: AnyLogic software.
 - Novel approaches: Structured identification of interaction points and use of the MPMF framework to guide integration.","- Full bibliographic information: K. Mykoniatis, A. Angelopoulou (2019)
 - Type of study: Theoretical Proposal
 - Primary application domain: Healthcare and Entertainment Industries
 - Specific programming paradigms: Discrete Event, System Dynamics, Agent-Based","- ""The framework is termed multi-paradigm modeling framework (MPMF).""
  - ""The term ''paradigm'' refers to the simulation approach that can be used to generate the behavior of the system represented.""
  - ""The major contributions of this paper include: (1) a modeling framework that guides the user/modeler through the development of a multi-paradigm simulation model;
 

 (2) generic relationships of forming multi-paradigm simulation models; and (3) the implementation of a universal task analysis simulation model (UTASiMo) following the MPM framework as a guideline.""
  - ""The framework is divided into four main phases.""
  - ""The interaction points are defined as the pairs of I/O information exchange of data between different models.""
  - ""The interaction points result from mapping the boundaries of the models that need to communicate.""
  - ""The mapping among DE, SD, and AB takes place prior to the development of a MPM model""
  - ""The user/modeler is called to identify the interaction points, which consist of I/O data of DE, SD, and AB models and their corresponding variables that are properly ''captured by'' or ''influenced by'' each M&S approach,""
  - ""The framework returns the higher-scored method for each sub-objective""
  - ""The framework is examined from both a high-level view as well as from an internal view.""",,"- The paper introduces the Multi-Paradigm Modeling Framework (MPMF), which is designed to guide the development of multi-paradigm simulation models by integrating Discrete Event (DE), System Dynamics (SD), and Agent-Based (AB) methods.
 - The core components of the MPMF include steps for integrating AB models, an algorithm for selecting appropriate M&S methods, and steps for identifying interaction points and types of interaction among the three methods.
 - The framework is structured into four main phases, which include conceptual modeling, model development, verification and validation, and documentation.
 - The framework integrates methodologies from single-method models and combines them with methodologies for DE and SD models, adding novel components for AB models.
 - Interaction points are crucial in the framework, defined as pairs of I/O data exchange between different models, and are identified before model development.
 - The framework uses a high-level and internal view to describe its architecture and how different model components interact.
 - Theoretical foundations include the integration of DE, SD, and AB models, focusing on interoperability and capturing interactions at different abstraction levels.
 - Mathematical or logical representations are implied in the algorithm for selecting M&S methods and in defining interaction points and relationships among models.","- ""The framework returns the higher-scored method for each sub-objective o i""
  - ""the framework aims to guide the user to select among the j most appropriate M&S method(s) based on the provided user input, where j = 1, 2, 3.""
  - ""All methods for each sub-objective are ranked from the best one to the worst one based on Equation (3), with best being the higher-scored method and worst the lower-scored method:""
  - ""The MPMF provides guidance on how to design and develop a multiparadigm model that addresses real-world systems' problems.""
  - ""The use of the framework provides an effective approach for capturing the necessary information from a problem, system, and methodology perspective and for using it to integrate and/or combine different methods in such a way that benefits the design and implementation of the MPM simulation model.""
  - ""The framework was found helpful because it offers the option to combine and/or integrate three M&S methods, while other frameworks provide guidelines for one or combination of two M&S methods.""
  - ""The problem, system, and methodology perspective criteria of the framework aided the user to understand when and why each M&S method is more suitable.""
  - ""The criteria assisted the user to conceptualize and include aspects that would be impractical or even impossible to be captured by one or two M&S methods.""
  - ""The framework is divided into four main phases.""
  - ""Phase 1 includes the conceptual modeling steps that the user has to follow during the M&S study prior to the actual model implementation.""
  - ""During Phase 1, the user has to define the problem, decompose the M&S study's objectives to sub-objectives, define the scope and constraints of the study, and follow an algorithm to select M&S method(s) for the model implementation.""
  - ""the user examines Q1, Q2, and Q3.""
  - ""The framework is examined from both a high-level view as well as from an internal view.""",,"- The paper describes a framework that guides the selection of modeling and simulation (M&S) methods based on user-defined criteria. This involves an algorithm that helps in selecting the most appropriate M&S method(s) for each sub-objective of a study.
 - The selection process involves defining criteria that fit the problem, system, and methodology perspectives. These criteria are then used to assign numerical weights to variables of interest (VoI) associated with each criterion.
 - The framework ranks the methods for each sub-objective from best to worst based on these weights, effectively transforming qualitative compatibility into a quantitative metric.
 - The specific mathematical or computational approach involves assigning weights to variables of interest and using these to score and rank the methods. However, the exact mathematical formula or computational details are not explicitly provided in the quoted sections.
 - The range or scale of the metric is not explicitly mentioned, but it involves ranking methods from best to worst, suggesting a relative scale rather than an absolute one.
 - There is no mention of normalization or standardization techniques applied to the metric in the quoted sections.","- ""Phase 3 consists of the verification and validation (V&V) process. This phase takes place after the execution of the simulation and before the documentation of results to ensure credibility of the simulation study and the produced results.""
  - ""The model was verified and validated using various techniques. First, the model was successfully tested for one human operator in order to verify the total task execution time. The model was verified and validated by observing the animation of the simulation output. Validation also included comparison of the simulated system behavior with the behavior of the real system.""
  - ""The overall objective of this study was to provide a description of the MPMF framework and illustrate how it can be followed as a guideline to develop multi-paradigm simulation models utilizing different components.""
  - ""The MPMF provided guidance on what methods need to be incorporated into the UTASiMo models, what information is exchanged among those models, and how these models are connected and interact with each other.""",,"- The paper describes the use of a multi-paradigm modeling framework (MPMF) for developing simulation models, which includes a verification and validation (V&V) phase.
 - The V&V process involves testing the model with a single human operator to verify task execution times and observing the simulation output to validate its behavior.
 - Validation techniques include comparing simulated behavior with real system behavior, indicating a focus on ensuring the model accurately represents real-world scenarios.
 - The framework is applied to various systems, such as a universal task analysis simulation model (UTASiMo) and an autonomous face recognition robotic system, suggesting its versatility.
 - The paper does not provide specific details on how integration difficulties were measured or observed, but it does mention the use of various techniques for validation.","- ""The MPMF provided guidance on what methods need to be incorporated into the UTASiMo models, what information is exchanged among those models, and how these models are connected and interact with each other.""
  - ""The framework returns the higher-scored method for each sub-objective o i""
  - ""The interaction points are defined as the pairs of I/O information exchange of data between different models.""
  - ""The interaction points result from mapping the boundaries of the models that need to communicate.""
  - ""The types of relationship were identified based on section 3.5.""
  - ""the MPMF framework provided guidelines focused in the development of the conceptual modeling process.""
  - ""The framework was found helpful because it offers the option to combine and/or integrate three M&S methods, while other frameworks provide guidelines for one or combination of two M&S methods.""
  - ""The problem, system, and methodology perspective criteria of the framework aided the user to understand when and why each M&S method is more suitable.""
  - ""The criteria assisted the user to conceptualize and include aspects that would be impractical or even impossible to be captured by one or two M&S methods.""
  - ""Our future work will also focus on applying the framework in different domains that require a MPM approach, as well as in the development of a decision support tool based on the MPMF framework.""",,"- The paper discusses the development and application of a multi-paradigm modeling framework (MPMF) for integrating different simulation methods.
 - It provides guidance on selecting methods, defining information exchange, and connecting models, but it does not explicitly mention any statistical methods or correlation coefficients related to integration difficulties.
 - The paper focuses on the conceptual and methodological aspects of integrating different simulation approaches rather than quantifying integration difficulties.
 - There is no mention of statistical analysis or correlation coefficients in the provided quotes or in the tables referenced in the paper.
 - The paper does not provide any specific integration challenges that were quantified or any limitations in correlation analysis because it does not address these topics.","- ""The framework is termed multi-paradigm modeling framework (MPMF).""
  - ""The MPMF provided guidance on what methods need to be incorporated into the UTASiMo models, what information is exchanged among those models, and how these models are connected and interact with each other.""
  - ""The interaction points are defined as the pairs of I/O information exchange of data between different models.""
  - ""The mapping among DE, SD, and AB takes place prior to the development of a MPM model (answering Q2).""
  - ""The user/modeler is called to identify the interaction points, which consist of I/O data of DE, SD, and AB models and their corresponding variables that are properly ''captured by'' or ''influenced by'' each M&S approach,""
  - ""Table 2 describes the different types of interaction relationships that can be formed among DE, SD, and AB models.""
  - ""the MPMF framework provided guidelines focused in the development of the conceptual modeling process.""
  - ""The framework was found helpful because it offers the option to combine and/or integrate three M&S methods,""
  - ""The problem, system, and methodology perspective criteria of the framework aided the user to understand when and why each M&S method is more suitable.""","- ""(Page 9, Table 1) | Category | Types of relationship | Expressions  | Examples |
 \n|---------------------|----------------------------------------|-------------------------------------------------------------------------------------------------------------------------------------------------------------------------------------------------------------|-------------------------------------------------------------------------------------------------------------------------------------------------------------------------------------------------------------------------------|
 \n| A. Value Assignment | A.1 Direct replacement  | Value of AB variable = Value of SD or DE variable and vice versa of, or all possible combinations  | The value of SD variable “number_of_not_treated_patients_per_day” = the value of DE variable “number_of_not_treated_patients” (Figure 10)  |""
  - ""(Page 12, Table 1) | Logic data | Numeric data |
 \n|-----------------------------|---------------------------------------|
 \n| Task name  | Workload/utilization |""
  - ""(Page 12, Table 2) |  | Sub-objective o₁  | Sub-objective o₂  | Sub-objective o₃  |
 \n|-------------------------|----------------------------------------------------------------------------------|----------------------------------------------------------------------------------------------------------------------------------------------------|------------------------------------------------------------------------------------------------------|
 \n| Beginning boundary inputs | Nominal human error probability; Working conditions; Design quality | Task name; Task ID; Task location; Number of subtasks; Task complexity; Skill factor; Priority; Critical time  | Operator ID; Operator role; Operator location; Speed; Skills; Assigned task list  |""
  - ""(Page 14, Table 1) | Interaction point between models | Interaction point  | Type of relationship  |
 \n|---------------------------------------------|-----------------------------------------------------------------------------------|------------------------------------------------------------------------------------------------------------------------------------------------------------------------------------------------------------------------------------------|
 \n| Interaction points between AB and DE models | OperatorID (AB) – OperatorID (DE)  | A.1 Direct replacement  |""","- The paper introduces the Multi-Paradigm Modeling Framework (MPMF) as a tool for integrating different modeling and simulation (M&S) approaches, specifically Discrete Event (DE), System Dynamics (SD), and Agent-Based (AB) methods.
 - The framework provides guidance on selecting appropriate M&S methods, defining information exchange among models, and connecting different models.
 - Interaction points are identified as key mechanisms for managing paradigm interoperability, involving the exchange of data between different models.
 - The framework uses a structured approach to identify these interaction points and define relationships among DE, SD, and AB models.
 - The paper describes specific techniques for bridging different paradigmatic approaches, such as direct replacement of variables, aggregation/disaggregation, and causal relationships.
 - Transformation or integration strategies are discussed in terms of how these interaction points are used to connect models.
 - The paper highlights the use of AnyLogic software as a computational tool supporting interoperability.
 - Novel approaches include the structured identification of interaction points and the use of a framework to guide the integration process.","- ""The framework is termed multi-paradigm modeling framework (MPMF).""
  - ""The major contributions of this paper include: (1) a modeling framework that guides the user/modeler through the development of a multi-paradigm simulation model;""
  - ""The term ''paradigm'' refers to the simulation approach that can be used to generate the behavior of the system represented.""
  - ""The MPMF provided guidance on what methods need to be incorporated into the UTASiMo models, what information is exchanged among those models, and how these models are connected and interact with each other.""
  - ""The problem, system, and methodology perspective criteria of the framework aided the user to understand when and why each M&S method is more suitable.""
  - ""the MPMF framework provided guidelines focused in the development of the conceptual modeling process.""
  - ""The use of the framework provides an effective approach for capturing the necessary information from a problem, system, and methodology perspective and for using it to integrate and/or combine different methods in such a way that benefits the design and implementation of the MPM simulation model.""
  - ""The steps of the MPMF framework were explained and applied to a real case study for the development of UTASiMo.""
  - ""Our future work will also focus on applying the framework in different domains that require a MPM approach, as well as in the development of a decision support tool based on the MPMF framework.""",,"- The full bibliographic information is provided in the title and author names: K. Mykoniatis, A. Angelopoulou (2019).
 - The type of study presented is a theoretical proposal, as it introduces a new framework for multi-paradigm modeling and simulation.
 - The primary application domain is not explicitly limited to a specific area, but examples include healthcare and entertainment industries.
 - The specific programming paradigms discussed are Discrete Event, System Dynamics, and Agent-Based modeling."
Composition de modèles pour la modélisation multi-paradigme du comportement des systèmes. (Composition of models for the multi-paradigm modeling of the behavior of systems),Cécile Hardebolle,-,-,-,9,2008,"- Core components: ModHel'X approach for model composition, specification of semantics for modeling languages, mechanisms for composing heterogeneous models, simulation of global behavior.
 - Key theoretical foundations: Concept of ""modele de calcul,"" use of ""bloc d'interface"" for composition.
 - Mathematical or logical representations: Not explicitly mentioned, but implied through the use of algorithms and frameworks like EMF.",Not mentioned (the abstract does not provide specific information about the development of a quantitative metric for paradigmatic compatibility),Not mentioned (the abstract does not provide details on an experimental validation protocol),no explicit correlation found (the abstract discusses integration challenges and solutions but does not provide statistical correlation or metrics),"- Techniques for bridging different paradigmatic approaches: model transformations, meta-model composition, model composition, component adaptation, co-simulation, mega-models.
 - Transformation or integration strategies: ModHel'X approach for specifying semantics and composition mechanisms.
 - Computational or modeling tools supporting interoperability: EMF (Eclipse Modeling Framework).
 - Novel approaches to managing paradigm differences: ModHel'X approach for model composition and simulation.","- Authors: Cécile Hardebolle
 - Title: Composition de modèles pour la modélisation multi-paradigme du comportement des systèmes
 - Year: 2008
 - Type of study: Theoretical Proposal
 - Primary application domain: Model-Driven Engineering for complex systems
 - Specific programming paradigms: Not specified","- ""L'objectif de la modelisation multi-paradigme est de faciliter l'utilisation conjointe de modeles heterogenes pendant le cycle de developpement.""
  - ""Nous caracterisons les causes de l'heterogeneite des modeles par rapport au cycle de developpement puis identifions differents types d'heterogeneite.""
  - ""nous proposons un cadre d'etude pour le domaine de la modelisation multi-paradigme avec differents axes de recherche.""
  - ""Nous proposons un etat de l'art et une classification des techniques dont nous avons etudie la pertinence par rapport a l'heterogeneite.""
  - ""La gamme des techniques presentees inclut les transformations de modeles, la composition de meta-modeles, la composition de modeles, l'adaptation de composants, la co-simulation ou encore les mega-modeles.""
  - ""Nous presentons ensuite ModHel'X, l'approche de composition de modeles pour la modelisation multi-paradigme que nous avons developpee.""
  - ""Elle s'appuie sur le concept de modele de calcul et permet : 1. de specifier la semantique d'un langage de modelisation de maniere executable a travers la specialisation operationnelle d'une semantique abstraite pour les modeles de calcul ; 2. de specifier explicitement les mecanismes de composition a utiliser entre des modeles heterogenes via une structure de modelisation appelee bloc d'interface ; 3. de simuler le comportement global de modeles heterogenes par un algorithme generique d'execution que nous avons defini.""
  - ""Une implementation de ModHel'X a ete realisee sous la forme d'un framework s'appuyant sur EMF (Eclipse Modeling Framework).""",,"- The abstract discusses the objective of multi-paradigm modeling, which is to facilitate the use of heterogeneous models during the development cycle. This suggests a focus on integrating different modeling paradigms.
 - The study characterizes the causes of model heterogeneity and identifies different types, which are core components of understanding the formal model.
 - The abstract mentions a framework for studying multi-paradigm modeling, indicating a structured approach to the formal model.
 - The techniques listed (model transformations, meta-model composition, model composition, component adaptation, co-simulation, mega-models) are part of the formal model characteristics, as they are used to address heterogeneity.
 - ModHel'X is presented as an approach for model composition, which is a key part of the formal model. It involves specifying the semantics of modeling languages, mechanisms for composing heterogeneous models, and simulating their behavior.
 - The use of a ""modele de calcul"" and a ""bloc d'interface"" suggests theoretical foundations or frameworks used in the model.
 - The implementation of ModHel'X using EMF indicates a practical application of the formal model.","- ""L'objectif de la modelisation multi-paradigme est de faciliter l'utilisation conjointe de modeles heterogenes pendant le cycle de developpement.""
  - ""Nous caracterisons les causes de l'heterogeneite des modeles par rapport au cycle de developpement puis identifions differents types d'heterogeneite.""
  - ""Nous proposons un etat de l'art et une classification des techniques dont nous avons etudie la pertinence par rapport a l'heterogeneite.""
  - ""Nous presentons ensuite ModHel'X, l'approche de composition de modeles pour la modelisation multi-paradigme que nous avons developpee.""
  - ""Elle s'appuie sur le concept de modele de calcul et permet : 1. de specifier la semantique d'un langage de modelisation de maniere executable a travers la specialisation operationnelle d'une semantique abstraite pour les modeles de calcul ; 2. de specifier explicitement les mecanismes de composition a utiliser entre des modeles heterogenes via une structure de modelisation appelee bloc d'interface ; 3. de simuler le comportement global de modeles heterogenes par un algorithme generique d'execution que nous avons defini.""
  - ""Une implementation de ModHel'X a ete realisee sous la forme d'un framework s'appuyant sur EMF (Eclipse Modeling Framework).""",,"- The abstract discusses the development of a framework for multi-paradigm modeling, focusing on the composition of heterogeneous models.
 - It mentions the characterization of model heterogeneity and the identification of different types of heterogeneity, which could be related to the development of a quantitative metric.
 - The abstract describes ModHel'X, an approach for model composition that includes specifying model semantics and composition mechanisms, which might involve quantitative metrics.
 - However, the abstract does not provide specific details about the mathematical or computational approach used to create a quantitative metric for paradigmatic compatibility.
 - There is no mention of specific variables, parameters, or scales used in the quantification of paradigmatic compatibility.
 - The abstract does not discuss any normalization or standardization techniques applied to the metric.","- ""Une implementation de ModHel'X a ete realisee sous la forme d'un framework s'appuyant sur EMF (Eclipse Modeling Framework).""
  - ""Nous presentons ensuite ModHel'X, l'approche de composition de modeles pour la modelisation multi-paradigme que nous avons developpee.""
  - ""Nous proposons un etat de l'art et une classification des techniques dont nous avons etudie la pertinence par rapport a l'heterogeneite.""
  - ""Nous caracterisons les causes de l'heterogeneite des modeles par rapport au cycle de developpement puis identifions differents types d'heterogeneite.""
  - ""L'objectif de la modelisation multi-paradigme est de faciliter l'utilisation conjointe de modeles heterogenes pendant le cycle de developpement.""",,"- The abstract discusses the objective of multi-paradigm modeling and the characterization of model heterogeneity, which are foundational aspects of the research but do not directly address experimental validation.
 - The mention of an ""état de l'art"" and classification of techniques suggests a review or theoretical approach rather than an experimental validation protocol.
 - The presentation of ModHel'X and its implementation as a framework indicates a focus on developing a modeling approach rather than detailing an experimental validation protocol.
 - There is no mention of specific validation techniques, protocols, or experimental design in the abstract, nor are there details about the types of systems or components used in validation or how integration difficulties were measured.","- ""Nous presentons ensuite ModHel'X, l'approche de composition de modeles pour la modelisation multi-paradigme que nous avons developpee.""
  - ""Nous proposons un etat de l'art et une classification des techniques dont nous avons etudie la pertinence par rapport a l'heterogeneite.""
  - ""Nous caracterisons les causes de l'heterogeneite des modeles par rapport au cycle de developpement puis identifions differents types d'heterogeneite.""
  - ""L'objectif de la modelisation multi-paradigme est de faciliter l'utilisation conjointe de modeles heterogenes pendant le cycle de developpement.""
  - ""Les modeles qui representent un tel systeme sont donc heterogenes, ce qui rend tout raisonnement global sur le systeme difficile.""",,"- The abstract discusses the heterogeneity of models and the challenges it poses for global reasoning about systems, which implies integration difficulties.
 - It mentions the objective of facilitating the use of heterogeneous models, which suggests addressing integration challenges.
 - The abstract describes characterizing causes of model heterogeneity and identifying different types, which could relate to integration challenges.
 - It presents ModHel'X as an approach to model composition for multi-paradigm modeling, which is a solution to integration challenges.
 - However, there is no mention of a specific ""Integration Difficulty Correlation"" or any statistical methods, correlation coefficients, or statistical significance values related to such a correlation.
 - The abstract does not provide any quantitative metrics or statistical analysis related to integration difficulties.","- ""L'objectif de la modelisation multi-paradigme est de faciliter l'utilisation conjointe de modeles heterogenes pendant le cycle de developpement.""
  - ""Nous caracterisons les causes de l'heterogeneite des modeles par rapport au cycle de developpement puis identifions differents types d'heterogeneite.""
  - ""Nous proposons un etat de l'art et une classification des techniques dont nous avons etudie la pertinence par rapport a l'heterogeneite.""
  - ""La gamme des techniques presentees inclut les transformations de modeles, la composition de meta-modeles, la composition de modeles, l'adaptation de composants, la co-simulation ou encore les mega-modeles.""
  - ""Nous presentons ensuite ModHel'X, l'approche de composition de modeles pour la modelisation multi-paradigme que nous avons developpee.""
  - ""Elle s'appuie sur le concept de modele de calcul et permet : 1. de specifier la semantique d'un langage de modelisation de maniere executable a travers la specialisation operationnelle d'une semantique abstraite pour les modeles de calcul ; 2. de specifier explicitement les mecanismes de composition a utiliser entre des modeles heterogenes via une structure de modelisation appelee bloc d'interface ; 3. de simuler le comportement global de modeles heterogenes par un algorithme generique d'execution que nous avons defini.""
  - ""Une implementation de ModHel'X a ete realisee sous la forme d'un framework s'appuyant sur EMF (Eclipse Modeling Framework).""",,"- The abstract discusses the goal of multi-paradigm modeling as facilitating the use of heterogeneous models during development, which implies a need for interoperability mechanisms.
 - It mentions characterizing and identifying different types of heterogeneity, which is a step towards understanding how to manage paradigm differences.
 - The abstract lists several techniques for managing paradigm interoperability, including model transformations, meta-model composition, model composition, component adaptation, co-simulation, and mega-models.
 - The ModHel'X approach is specifically highlighted as a method for model composition in multi-paradigm modeling, which includes specifying semantics, composition mechanisms, and simulating heterogeneous models.
 - The use of a framework based on EMF (Eclipse Modeling Framework) suggests a computational tool supporting interoperability.","- ""Dans le contexte de l'Ingenierie Dirigee par les Modeles, l'utilisation de multiples paradigmes de modelisation pour developper un systeme complexe est a la fois inevitable et essentielle.""
  - ""Les travaux exposes dans cette these concernent l'etude de l'heterogeneite des modeles et la conception d'une approche pour la modelisation multi-paradigme des systemes.""
  - ""Nous caracterisons les causes de l'heterogeneite des modeles par rapport au cycle de developpement puis identifions differents types d'heterogeneite.""
  - ""Nous proposons un etat de l'art et une classification des techniques dont nous avons etudie la pertinence par rapport a l'heterogeneite.""
  - ""Nous presentons ensuite ModHel'X, l'approche de composition de modeles pour la modelisation multi-paradigme que nous avons developpee.""
  - ""Une implementation de ModHel'X a ete realisee sous la forme d'un framework s'appuyant sur EMF (Eclipse Modeling Framework).""",,"- The full bibliographic information is provided: Author (Cécile Hardebolle), Title (""Composition de modèles pour la modélisation multi-paradigme du comportement des systèmes""), Year (2008).
 - The type of study is a Theoretical Proposal, as it involves the development and presentation of a new approach (ModHel'X) for multi-paradigm modeling.
 - The primary application domain is not explicitly mentioned, but it is implied to be related to complex systems development within the context of Model-Driven Engineering.
 - The abstract does not specify particular programming paradigms, but it mentions the use of multiple paradigms in modeling complex systems."
Quantitative Evaluation of Pairwise Interactions between Agents,"Takahiro Kawamura, S. Joseph, Akihiko Ohsuga, S. Honiden",10.1007/978-3-540-45347-5_16,https://doi.org/10.1007/978-3-540-45347-5_16,ASA/MA,8,2000,"insufficient details (the abstract mentions three basic agent paradigms and performance models, evaluated in terms of network traffic, processing time, and memory usage, using the Bee-gent Agent Framework, but lacks specific details on core components, theoretical foundations, or mathematical/logical representations)","Not mentioned (the abstract does not provide specific details about the mathematical or computational approach, variables, range, or normalization techniques used in the quantitative metric development)","- Overall experimental approach: Evaluation of basic one-to-one agent interactions using performance models.
 - Specific validation techniques or protocols: Quantitative evaluation in terms of network traffic, overall processing time, and size of memory used.
 - Types of systems or components used: Distributed DB system developed using the Bee-gent Agent Framework.
 - Integration difficulties measurement: Not explicitly mentioned, but some implementation issues of agent frameworks are noted.",no explicit correlation found (the abstract does not mention any correlation between quantitative metrics and integration difficulties),Not mentioned (the abstract does not provide specific details on mechanisms for managing paradigm interoperability),"- Full bibliographic information: Authors - Takahiro Kawamura, S. Joseph, Akihiko Ohsuga, S. Honiden; Title - Quantitative Evaluation of Pairwise Interactions between Agents; Year - 2000
 - Type of study: Theoretical Proposal
 - Primary application domain: Distributed Database Systems
 - Specific programming paradigms: Agent interactions","- ""Comparison of the results and models illustrates the performance trade-off for each paradigm, which are not represented in the models, and some implementation issues of agent frameworks.""
  - ""The paradigms are evaluated quantitatively in terms of network traffic, overall processing time and size of memory used, in the context of a distributed DB system developed using the Bee-gent Agent Framework.""
  - ""This paper defines three basic agent paradigms and presents associated performance models.""",,"- The abstract mentions that the paper defines three basic agent paradigms and presents associated performance models. This suggests that the formal model characteristics include these paradigms and their performance models.
 - The evaluation of these paradigms is quantitative, focusing on network traffic, processing time, and memory usage. This indicates that the model likely includes these metrics as core components.
 - The use of the Bee-gent Agent Framework suggests that this framework is a key theoretical foundation or framework used in the study.
 - The abstract does not provide specific details about mathematical or logical representations of the model, nor does it mention any specific theoretical foundations beyond the Bee-gent Agent Framework.
 - The abstract does not provide sufficient details about the core components, theoretical foundations, or mathematical/logical representations of the model beyond what is mentioned.","- ""The paradigms are evaluated quantitatively in terms of network traffic, overall processing time and size of memory used, in the context of a distributed DB system developed using the Bee-gent Agent Framework.""
  - ""Comparison of the results and models illustrates the performance trade-off for each paradigm, which are not represented in the models, and some implementation issues of agent frameworks.""
  - ""This paper defines three basic agent paradigms and presents associated performance models.""",,"- The abstract mentions that the paper defines three basic agent paradigms and presents associated performance models, which suggests that these models are part of the quantitative metric development.
 - The paradigms are evaluated quantitatively in terms of network traffic, overall processing time, and size of memory used. These are likely variables or parameters used in the quantification.
 - The abstract does not provide specific details about the mathematical or computational approach used to create the metric, nor does it mention any normalization or standardization techniques applied.
 - The abstract does not specify the range or scale of the metric, such as whether it is measured in absolute values, percentages, or on a scale like 0-1.
 - The focus on performance trade-offs and implementation issues suggests that the metrics are used to compare and evaluate the paradigms, but specific details about the metric development are not provided in the abstract.","- ""This paper focuses on basic one-to-one agent interactions, or paradigms, which can be used as building blocks; allowing larger system characteristics and performance to be understood in terms of their combination.""
  - ""This paper defines three basic agent paradigms and presents associated performance models.""
  - ""The paradigms are evaluated quantitatively in terms of network traffic, overall processing time and size of memory used, in the context of a distributed DB system developed using the Bee-gent Agent Framework.""
  - ""Comparison of the results and models illustrates the performance trade-off for each paradigm, which are not represented in the models, and some implementation issues of agent frameworks.""",,"- The abstract mentions that the paper focuses on evaluating basic one-to-one agent interactions, which suggests an experimental approach involving these interactions.
 - The paper defines three basic agent paradigms and presents performance models, indicating a theoretical or conceptual validation method.
 - The paradigms are evaluated quantitatively in terms of network traffic, processing time, and memory usage, which are specific validation techniques or protocols.
 - The evaluation is conducted in the context of a distributed DB system developed using the Bee-gent Agent Framework, indicating the type of system used in the validation.
 - The abstract does not explicitly mention how integration difficulties were measured or observed, but it does mention ""some implementation issues of agent frameworks,"" which might imply some observation of integration challenges.","- ""Comparison of the results and models illustrates the performance trade-off for each paradigm, which are not represented in the models, and some implementation issues of agent frameworks.""
  - ""The paradigms are evaluated quantitatively in terms of network traffic, overall processing time and size of memory used, in the context of a distributed DB system developed using the Bee-gent Agent Framework.""",,"- The abstract mentions that the paradigms are evaluated quantitatively in terms of network traffic, overall processing time, and size of memory used. This suggests that these metrics are used to assess performance, but it does not explicitly mention any correlation between these metrics and integration difficulties.
 - The abstract does not provide any information about statistical methods used to establish a correlation between these metrics and integration difficulties.
 - There is no mention of correlation coefficients or statistical significance values related to integration difficulties.
 - The abstract does not identify specific integration challenges that were quantified in terms of correlation.
 - The phrase ""which are not represented in the models"" implies that there might be some limitations or unaddressed aspects in the analysis, but it does not specify any limitations in correlation analysis.
 - Overall, the abstract does not provide any explicit information about a correlation between quantitative metrics and observed integration difficulties.","- ""Comparison of the results and models illustrates the performance trade-off for each paradigm, which are not represented in the models, and some implementation issues of agent frameworks.""
  - ""The paradigms are evaluated quantitatively in terms of network traffic, overall processing time and size of memory used, in the context of a distributed DB system developed using the Bee-gent Agent Framework.""
  - ""This paper focuses on basic one-to-one agent interactions, or paradigms, which can be used as building blocks; allowing larger system characteristics and performance to be understood in terms of their combination.""
  - ""This paper defines three basic agent paradigms and presents associated performance models.""",,"- The abstract mentions the focus on ""basic one-to-one agent interactions, or paradigms,"" which suggests that the paper explores different paradigms of agent interactions.
 - It defines ""three basic agent paradigms,"" indicating that these are specific approaches or techniques for managing interactions between agents.
 - The evaluation of these paradigms is done ""quantitatively in terms of network traffic, overall processing time and size of memory used,"" which implies that these are metrics used to assess the performance of each paradigm.
 - The use of the ""Bee-gent Agent Framework"" suggests that this framework is a tool or platform supporting the implementation and evaluation of these paradigms.
 - The abstract does not explicitly mention ""paradigm interoperability mechanisms"" or specific techniques for bridging different paradigmatic approaches, transformation or integration strategies, or novel approaches to managing paradigm differences.","- ""Comparison of the results and models illustrates the performance trade-off for each paradigm, which are not represented in the models, and some implementation issues of agent frameworks.""
  - ""The paradigms are evaluated quantitatively in terms of network traffic, overall processing time and size of memory used, in the context of a distributed DB system developed using the Bee-gent Agent Framework.""
  - ""This paper defines three basic agent paradigms and presents associated performance models.""
  - ""This paper focuses on basic one-to-one agent interactions, or paradigms, which can be used as building blocks; allowing larger system characteristics and performance to be understood in terms of their combination.""
  - ""Systems comprised of multiple interacting mobile agents provide an alternate network computing paradigm that integrates remote data access, message exchange and migration; which up until now have largely been considered independently.""",,"- The full bibliographic information is provided: Authors (Takahiro Kawamura, S. Joseph, Akihiko Ohsuga, S. Honiden), Title (Quantitative Evaluation of Pairwise Interactions between Agents), Year (2000).
 - The type of study presented is a Theoretical Proposal, as it focuses on defining and evaluating basic agent paradigms and their performance models.
 - The primary application domain is distributed database systems, as indicated by the mention of a ""distributed DB system developed using the Bee-gent Agent Framework.""
 - The specific programming paradigms discussed are related to agent interactions, but the abstract does not specify particular programming paradigms like Object-Oriented or Functional."
Integration testing of heterotic systems,"M. Gheorghe, M. Stannett",10.1098/rsta.2014.0222,https://doi.org/10.1098/rsta.2014.0222,"Philosophical Transactions of the Royal Society A: Mathematical, Physical and Engineering Sciences",2,2014,"- Core components: Input (In), Output (Out), States (Q), Memory (Mem), Processing functions (Procs), Next state function (Next), Start states (Start), Stop states (Stop), Initial memory (m 0)
 - Key theoretical foundations: Eilenberg's X-machine model of computation, Stream X-machines (SXMs)
 - Mathematical/logical representations: Conversion of CSXMS to a single SXM for testing; Generalized X-machine model for arbitrary temporal structures",Not mentioned (the paper does not discuss the development of a quantitative metric for paradigmatic compatibility),"- Overall experimental approach: Mixed-methods approach involving both in silico and laboratory experiments.
 - Specific validation techniques: Mutation tests to detect faults in Base and Control components.
 - Types of systems or components: Heterotic systems with bio-related P systems and automaton-based control systems.
 - Integration difficulties measurement: Ability to detect faults introduced into the system.",no explicit correlation found (the paper focuses on theoretical integration testing strategies without discussing statistical correlations or specific integration challenges quantified),"- Techniques for bridging different paradigmatic approaches: Use of Eilenberg's X-machine model as a general-purpose formal specification strategy.
 - Transformation or integration strategies: Representing disparate technologies within a single framework using CSXMS; using physical implementations of components as experimental oracles.
 - Computational or modeling tools supporting interoperability: CSXMS, generalized X-machine model.
 - Novel approaches to managing paradigm differences: Generalized X-machine model for arbitrary temporal structures; use of topologies on Time and Cfgs.","- Full bibliographic information: M. Gheorghe, M. Stannett (2014)
 - Type of study: Theoretical Proposal
 - Primary application domain: Hybrid systems integrating different technologies (e.g., bio-inspired computing, scientific computing)
 - Specific programming paradigms: Eilenberg's X-machine model of computation, P systems (membrane systems)","- ""In this paper, we describe an approach to modelling multi-technology heterotic systems using a general-purpose formal specification strategy based on Eilenberg's X-machine model of computation.""
  - ""We show how this approach can be used to represent disparate technologies within a single framework, and propose a strategy for using these formal models for automatic heterotic test-set generation.""
  - ""The computational power of heterotic systems has been studied for many years.""
  - ""Our goal here is to expand on that description by showing in detail how the use of these models supports the identification of behavioural test-sets.""
  - ""the SXM testing methodology requires us to examine the outputs that are produced when certain test inputs are processed,""
  - ""The entire CSXMS, P n , is then converted into a single SXM, P T , and standard SXM testing is applied;""
  - ""The SXM, P T = (In, Out, Q, Mem, Procs, Next, Start, Stop, m 0 ), is obtained from the CSXMS, P n , with the additional extensions mentioned above,""
  - ""The construction outlined in Fig. 1 is entirely general, provided both Base and Control can be stepwise-simulated as components of a CSXMS.""
  - ""Our research in this direction is ongoing, and involves the construction of a generalised X-machine model which preserves the essential features of the SXM model, while allowing computations to be defined over arbitrary temporal structures.""",,"- The paper uses Eilenberg's X-machine model of computation as the core theoretical foundation for modeling heterotic systems.
 - The model is based on stream X-machines (SXMs), which are a variant of Eilenberg's X-machine model.
 - The SXMs are used to represent disparate technologies within a single framework.
 - The model involves converting a communicating stream X-machine system (CSXMS) into a single SXM for testing purposes.
 - The SXM model includes components such as input (In), output (Out), states (Q), memory (Mem), processing functions (Procs), next state function (Next), start states (Start), stop states (Stop), and initial memory (m 0).
 - The paper also discusses the development of a generalized X-machine model that can handle computations over arbitrary temporal structures.
 - The model is used for automatic test-set generation and integration testing of heterotic systems.","- ""In this paper, we describe an approach to modelling multi-technology heterotic systems using a general-purpose formal specification strategy based on Eilenberg's X-machine model of computation.""
  - ""We show how this approach can be used to represent disparate technologies within a single framework, and propose a strategy for using these formal models for automatic heterotic test-set generation.""
  - ""The goal of SXM testing is to establish whether two SXMs, S (the specification) and I (the implementation under test, or IUT ) compute the same behaviour.""
  - ""the SXM testing methodology requires us to examine the outputs that are produced when certain test inputs are processed, extending the technique to include CSXM systems requires the designer to ensure that every function application consumes an input and produces an output.""
  - ""The associated test set consists of input sequences obtained by applying a so-called fundamental test function, t : Procs * -→ In * , to a sequence of processing functions derived from the associated automaton by applying one of the many known state machine based testing methods""
  - ""The technical structure we presented to deduce the existence of a test set is quite general, but while it can easily be generalised to include several interacting components, it cannot cope with situations involving processes whose interactions are sufficiently complicated that the question what communication event comes next? is essentially meaningless.""",,"- The paper discusses the use of Eilenberg's X-machine model for modeling heterotic systems and generating test sets, but it does not explicitly mention the development of a quantitative metric for paradigmatic compatibility.
 - The focus is on testing strategies and formal models rather than on developing a specific quantitative metric.
 - The paper does not provide details on mathematical or computational approaches for creating a metric, nor does it list variables or parameters for such a metric.
 - There is no mention of a range or scale for a metric, nor any normalization or standardization techniques.
 - The paper's focus is on testing methodologies and formal models rather than on developing a specific quantitative metric for paradigmatic compatibility.","- ""Such experiments could be conducted both in silico and in the laboratory.""
  - ""It will also be important to validate our method experimentally, since many of the systems we envisage being included in practical heterotic systems cannot be simulated efficiently using traditional SXM-based models, and would be better included as experimental oracles.""
  - ""For example, we can perform various mutation tests on the combined system H, by deliberately seeding Base and Control with faults and testing our method's ability to detect them.""",,"- The paper suggests that experimental validation is necessary to confirm the effectiveness of their method, especially for systems that cannot be efficiently simulated.
 - The validation approach involves conducting experiments both in silico (computer simulations) and in the laboratory, indicating a mixed-methods approach.
 - Specific validation techniques mentioned include mutation tests, where faults are intentionally introduced into the Base and Control components to test the method's ability to detect these faults.
 - The types of systems or components used in the validation include heterotic systems composed of Base and Control components, which may involve bio-related P systems and automaton-based control systems.
 - Integration difficulties are measured by testing the method's ability to detect faults introduced into the system, which implies that the validation protocol assesses how well the method can identify issues in the integration of different components.","- ""In this paper we focus on the complex question of integration testing, viz. how can we test the system obtained by combining Base and Control""
  - ""The question we now address is how to devise an integration test strategy for the combined system.""
  - ""The simplest approach is to show that Base and Control can be represented as components of a CSXMS which models their full combined behaviour.""
  - ""Nonetheless there are situations in which the CSXMS approach proposed above cannot easily be applied in its current form, even ignoring intractability problems that are likely to arise in systems which combine simulable systems to generate non-simulable ones.""
  - ""In situations like this, where the concept of a 'next computation step' has no meaning, it is not possible to model system changes using the kind of next-state relation associated with automata or stream X-machines.""
  - ""It remains important that these components can also be tested in isolation, and we have seen how unit testing of a P system can be achieved.""
  - ""The technical structure we presented to deduce the existence of a test set is quite general, but while it can easily be generalised to include several interacting components, it cannot cope with situations involving processes whose interactions are sufficiently complicated that the question what communication event comes next? is essentially meaningless.""",,"- The paper discusses the integration testing of heterotic systems, focusing on how to test systems combining different technologies.
 - It proposes using a CSXMS model to represent the combined behavior of Base and Control components.
 - The paper acknowledges limitations in applying this approach to systems with complex interactions where the concept of a 'next computation step' is meaningless.
 - There is no mention of a specific ""Integration Difficulty Correlation"" or any statistical methods used to establish a correlation between a quantitative metric and observed integration difficulties.
 - The paper does not provide correlation coefficients or statistical significance values related to integration difficulties.
 - The focus is on the theoretical approach to integration testing rather than empirical correlation analysis.","- ""In this paper, we describe an approach to modelling multi-technology heterotic systems using a general-purpose formal specification strategy based on Eilenberg's X-machine model of computation.""
  - ""We show how this approach can be used to represent disparate technologies within a single framework, and propose a strategy for using these formal models for automatic heterotic test-set generation.""
  - ""The simplest approach is to show that Base and Control can be represented as components of a CSXMS which models their full combined behaviour.""
  - ""Since the simulation of Base is now part of the CSXMS construction, and we require this to satisfy the stream X-machine DFT conditions, the same should also be true of the P system, and hence of any biological system it may describe.""
  - ""For practical purposes it would be more sensible to use physical implementations of Base and Control as experimental oracles.""
  - ""Our research in this direction is ongoing, and involves the construction of a generalised X-machine model which preserves the essential features of the SXM model, while allowing computations to be defined over arbitrary temporal structures.""
  - ""Formally, however, the notion that Trans ′′ is continuous presupposes the existence of topologies on both Time and Cfgs.""",,"- The paper discusses the use of Eilenberg's X-machine model as a general-purpose formal specification strategy to manage paradigm interoperability by representing disparate technologies within a single framework.
 - The Communicating Stream X-Machine System (CSXMS) is proposed as a mechanism to model the combined behavior of different components, such as Base and Control, which are based on different paradigms.
 - The paper suggests using physical implementations of components as experimental oracles, which is a strategy for integrating different paradigms by leveraging their original forms.
 - The authors are working on a generalized X-machine model that can handle computations over arbitrary temporal structures, which is a novel approach to managing paradigm differences.
 - The use of topologies on Time and Cfgs is mentioned as a formal aspect of ensuring continuity in the transition functions, which supports interoperability.","- ""Computational theory and practice generally focus on single-paradigm systems, but relatively little is known about how best to combine components based on radically different approaches (e.g. silicon chips and wetware) into a single coherent system.""
  - ""In this paper, we describe an approach to modelling multi-technology heterotic systems using a general-purpose formal specification strategy based on Eilenberg's X-machine model of computation.""
  - ""We illustrate our approach by showing how to derive a test set for a heterotic system combining an X-machine-based device with a cell-based P system (membrane system).""
  - ""The P system (membrane system) [PRS09] is a model of computation based on eukaryotic cell structures in biology, and the mechanisms used within and between cells to enable communication between their various sub-parts.""
  - ""We turn now to our first example of heterotic testing. We will assume for this example that Base is the P system representation of a biocomputational process, while Control is an SXM representation of a classical digital computer.""
  - ""It remains important that these components can also be tested in isolation, and we have seen how unit testing of a P system can be achieved.""
  - ""It will also be important to validate our method experimentally, since many of the systems we envisage being included in practical heterotic systems cannot be simulated efficiently using traditional SXM-based models, and would be better included as experimental oracles.""",,"- The full bibliographic information is provided in the title and authorship: M. Gheorghe, M. Stannett (2014).
 - The type of study presented is a theoretical proposal, as it describes a new approach to integration testing of heterotic systems using formal specification strategies.
 - The primary application domain is not explicitly stated, but the discussion of combining silicon chips and wetware, as well as the use of P systems and X-machines, suggests a focus on hybrid systems that integrate different technologies, possibly in the domain of bio-inspired computing or scientific computing.
 - The specific programming paradigms discussed include the use of Eilenberg's X-machine model of computation and P systems (membrane systems), which are based on eukaryotic cell structures."
A DSM-based multi-paradigm simulation modeling approach for complex systems,"Xiaobo Li, Yonglin Lei, Weiping Wang, Wenguang Wang, Yifan Zhu",10.1109/WSC.2013.6721506,https://doi.org/10.1109/WSC.2013.6721506,Online World Conference on Soft Computing in Industrial Applications,10,2013,"- Core components: Integration of multiple modeling paradigms using DSM
 - Key theoretical foundations: Model driven engineering techniques
 - Mathematical or logical representations: Not mentioned
 - Multiple approaches: Integration of multiple M&S formalisms",Not mentioned (the abstract does not provide specific information on the development of a quantitative metric),Not mentioned (the abstract does not provide information on experimental validation protocol or specific validation techniques),no explicit correlation found (the abstract does not mention any statistical methods or correlation coefficients related to integration difficulties),"- Techniques for bridging different paradigmatic approaches: DSM-based multi-paradigm modeling approach
 - Transformation or integration strategies: Construction of a simulation model framework, combination of multiple M&S formalisms
 - Computational or modeling tools supporting interoperability: Domain-specific language and environment support
 - Novel approaches: Use of DSM and model-driven engineering techniques","- Authors: Xiaobo Li, Yonglin Lei, Weiping Wang, Wenguang Wang, Yifan Zhu
 - Title: A DSM-based multi-paradigm simulation modeling approach for complex systems
 - Year: 2013
 - Type of Study: Theoretical Proposal
 - Primary Application Domain: Combat System Effectiveness Simulation
 - Specific Programming Paradigms: Domain Specific Modeling (DSM), Model Driven Engineering (MDE)","- ""This approach constructs a simulation model framework to architect the structure of the overall simulation system and combines multiple M&S formalisms to describe the diverse domain behaviors; moreover, it provides domain specific language and environment support for conceptual modeling based on the model framework and formalisms.""
  - ""To cope with this challenge, the M&S community extends their existing modeling paradigms to promote reusability, interoperability and composability of simulation models and systems; however, these efforts are relatively isolated and limited to their own technical space.""
  - ""we propose a domain specific modeling (DSM)-based multi-paradigm modeling approach which utilizes model driven engineering techniques to integrate current M&S paradigms and promote formal and automated model development.""",,"- The abstract mentions a ""domain specific modeling (DSM)-based multi-paradigm modeling approach,"" which suggests that the core component of the model is the integration of multiple modeling paradigms using DSM.
 - The approach utilizes ""model driven engineering techniques,"" which is a key theoretical foundation or framework used in the study.
 - The model constructs a ""simulation model framework"" to architect the overall simulation system, indicating a structured approach to modeling.
 - The model combines ""multiple M&S formalisms"" to describe diverse domain behaviors, suggesting a focus on integrating different modeling formalisms.
 - The abstract does not provide specific mathematical or logical representations of the model, nor does it detail multiple approaches beyond the integration of paradigms.","- ""This approach constructs a simulation model framework to architect the structure of the overall simulation system and combines multiple M&S formalisms to describe the diverse domain behaviors; moreover, it provides domain specific language and environment support for conceptual modeling based on the model framework and formalisms.""
  - ""An application example on combat system effectiveness simulation illustrates the applicability of the approach.""
  - ""In this paper, we propose a domain specific modeling (DSM)-based multi-paradigm modeling approach which utilizes model driven engineering techniques to integrate current M&S paradigms and promote formal and automated model development.""
  - ""To cope with this challenge, the M&S community extends their existing modeling paradigms to promote reusability, interoperability and composability of simulation models and systems; however, these efforts are relatively isolated and limited to their own technical space.""",,"- The abstract discusses the integration of existing modeling paradigms and the use of domain-specific modeling (DSM) to enhance reusability, interoperability, and composability. However, it does not provide specific details on the development of a quantitative metric.
 - The focus is on the integration of paradigms and the creation of a framework for simulation modeling, rather than on the development of a specific quantitative metric.
 - The abstract mentions an application example related to combat system effectiveness simulation, but it does not provide details on how this example involves the development of a quantitative metric.
 - There is no mention of mathematical or computational approaches, variables or parameters, or any normalization or standardization techniques related to a quantitative metric.","- ""An application example on combat system effectiveness simulation illustrates the applicability of the approach.""
  - ""This approach constructs a simulation model framework to architect the structure of the overall simulation system and combines multiple M&S formalisms to describe the diverse domain behaviors; moreover, it provides domain specific language and environment support for conceptual modeling based on the model framework and formalisms.""
  - ""In this paper, we propose a domain specific modeling (DSM)-based multi-paradigm modeling approach which utilizes model driven engineering techniques to integrate current M&S paradigms and promote formal and automated model development.""",,"- The abstract discusses a proposed approach for simulation modeling using DSM and multi-paradigm modeling, but it does not mention any experimental validation protocol or specific validation techniques.
 - The focus is on the development of a modeling approach rather than its experimental validation.
 - The mention of an ""application example on combat system effectiveness simulation"" suggests a case study or example usage, but it does not provide details on experimental validation or measurement of integration difficulties.
 - The abstract lacks specific information on experimental design, validation techniques, or measurement of integration difficulties, indicating that the paper may not focus on experimental validation or may not provide sufficient details in the abstract.","- ""An application example on combat system effectiveness simulation illustrates the applicability of the approach.""
  - ""This approach constructs a simulation model framework to architect the structure of the overall simulation system and combines multiple M&S formalisms to describe the diverse domain behaviors; moreover, it provides domain specific language and environment support for conceptual modeling based on the model framework and formalisms.""
  - ""In this paper, we propose a domain specific modeling (DSM)-based multi-paradigm modeling approach which utilizes model driven engineering techniques to integrate current M&S paradigms and promote formal and automated model development.""
  - ""To cope with this challenge, the M&S community extends their existing modeling paradigms to promote reusability, interoperability and composability of simulation models and systems; however, these efforts are relatively isolated and limited to their own technical space.""
  - ""Complex systems contain hierarchical heterogeneous subsystems and diverse domain behavior patterns, which bring a grand challenge for simulation modeling.""",,"- The abstract discusses the challenges of simulation modeling in complex systems, particularly the integration of diverse domain behaviors and the limitations of current modeling paradigms.
 - It proposes a DSM-based multi-paradigm modeling approach to address these challenges by integrating current paradigms and promoting reusability and interoperability.
 - The abstract does not mention any specific statistical methods or correlation coefficients related to integration difficulties.
 - There is no mention of any quantitative metric or observed integration difficulties, nor any correlation analysis or statistical significance values.
 - The abstract focuses on the proposal of a new approach and its applicability, rather than on establishing a correlation between integration difficulties and any quantitative metric.","- ""we propose a domain specific modeling (DSM)-based multi-paradigm modeling approach which utilizes model driven engineering techniques to integrate current M&S paradigms and promote formal and automated model development.""
  - ""it provides domain specific language and environment support for conceptual modeling based on the model framework and formalisms.""
  - ""the M&S community extends their existing modeling paradigms to promote reusability, interoperability and composability of simulation models and systems;""
  - ""This approach constructs a simulation model framework to architect the structure of the overall simulation system and combines multiple M&S formalisms to describe the diverse domain behaviors;""",,"- The abstract mentions that the M&S community is working to promote interoperability, which suggests an effort to manage paradigm differences.
 - The proposed DSM-based multi-paradigm modeling approach is specifically designed to integrate current M&S paradigms, indicating a mechanism for bridging different paradigmatic approaches.
 - The use of model-driven engineering techniques is highlighted as a method to integrate paradigms, which is a technical implementation strategy.
 - The construction of a simulation model framework and the combination of multiple M&S formalisms are described as part of the approach, which are transformation or integration strategies.
 - The provision of domain-specific language and environment support suggests computational or modeling tools that support interoperability.
 - The abstract does not explicitly mention novel approaches beyond the use of DSM and model-driven engineering, but these are significant methodologies for managing paradigm differences.","- ""An application example on combat system effectiveness simulation illustrates the applicability of the approach.""
  - ""This approach constructs a simulation model framework to architect the structure of the overall simulation system and combines multiple M&S formalisms to describe the diverse domain behaviors; moreover, it provides domain specific language and environment support for conceptual modeling based on the model framework and formalisms.""
  - ""In this paper, we propose a domain specific modeling (DSM)-based multi-paradigm modeling approach which utilizes model driven engineering techniques to integrate current M&S paradigms and promote formal and automated model development.""
  - ""To cope with this challenge, the M&S community extends their existing modeling paradigms to promote reusability, interoperability and composability of simulation models and systems; however, these efforts are relatively isolated and limited to their own technical space.""",,"- The full bibliographic information is provided in the question itself: Authors (Xiaobo Li, Yonglin Lei, Weiping Wang, Wenguang Wang, Yifan Zhu), Title (""A DSM-based multi-paradigm simulation modeling approach for complex systems""), Year (2013).
 - The type of study presented is a ""Theoretical Proposal"" because the abstract discusses the proposal of a new approach rather than an empirical study or experiment.
 - The primary application domain is ""Combat System Effectiveness Simulation,"" as indicated by the application example mentioned in the abstract.
 - The specific programming paradigms discussed include ""Domain Specific Modeling (DSM)"" and ""Model Driven Engineering (MDE)"" techniques, which are part of the multi-paradigm approach."
A Theoretical and Empirical Analysis of Three Slice-Based Metrics for Cohesion,"S. Counsell, T. Hall, David Bowes",10.1142/S0218194010004888,https://doi.org/10.1142/S0218194010004888,International journal of software engineering and knowledge engineering,5,2010,"- Core components: Tightness, Overlap, and a third metric based on Hamming Distance for the OO paradigm.
 - Theoretical foundations: Properties of Kitchenham.
 - Mathematical/logical representations: Insufficient details (mentions matrix-based notation but lacks specific details).","Not mentioned (the abstract does not provide specific details on the mathematical or computational approach, variables, range, or normalization techniques for the metrics)","- Overall experimental approach: Theoretical and empirical validation
 - Specific validation techniques or protocols: Theoretical validation using Kitchenham's properties; empirical validation using manufactured modules and functions from the Barcode system
 - Types of systems or components used: Manufactured modules and functions from the Barcode system
 - Integration difficulties measurement: Not mentioned",no explicit correlation found (the abstract discusses validation and comparison of metrics but does not provide specific correlation with integration difficulties),Not mentioned (the abstract does not provide details on mechanisms for managing paradigm interoperability),"- Full bibliographic information: Authors - S. Counsell, T. Hall, David Bowes; Title - A Theoretical and Empirical Analysis of Three Slice-Based Metrics for Cohesion; Year - 2010
 - Type of study: Theoretical and Empirical Analysis
 - Primary application domain: Software development or programming
 - Specific programming paradigms: Procedural and Object-Oriented (OO)","- ""a third metric for the OO paradigm first proposed by Counsell et al. based on Hamming Distance and based on a matrix-based notation.""
  - ""The Tightness and Overlap metrics were those originally proposed by Weiser for the procedural paradigm.""
  - ""the OO-based metric was the most stable of the three; module length was not a confounding factor for the Hamming Distance-based metric; it was however for the two slice-based metrics supporting previous work by Meyers and Binkley.""
  - ""We theoretically validated the three metrics using the properties of Kitchenham and then empirically validated the same three metrics;""
  - ""The number of module slices however, was found to be an even stronger influence on the values of the two slice-based metrics, whose near perfect correlation with each other suggests that they may be measuring the same software attribute.""",,"- The abstract mentions three metrics: Tightness, Overlap, and a third metric based on Hamming Distance for the OO paradigm. These are the core components of the model.
 - The theoretical foundations include the properties of Kitchenham, which were used for theoretical validation.
 - The abstract does not provide specific mathematical or logical representations of the model, nor does it detail the matrix-based notation beyond mentioning it.
 - The study involves both theoretical and empirical validation, indicating a combination of theoretical frameworks and empirical analysis.
 - The abstract does not provide detailed descriptions of the formal model characteristics such as specific mathematical equations or logical structures.","- ""The Tightness and Overlap metrics were those originally proposed by Weiser for the procedural paradigm.""
  - ""a third metric for the OO paradigm first proposed by Counsell et al. based on Hamming Distance and based on a matrix-based notation.""
  - ""We theoretically validated the three metrics using the properties of Kitchenham and then empirically validated the same three metrics; some revealing properties of the metrics were found as a result.""
  - ""the OO-based metric was the most stable of the three; module length was not a confounding factor for the Hamming Distance-based metric; it was however for the two slice-based metrics supporting previous work by Meyers and Binkley.""
  - ""The number of module slices however, was found to be an even stronger influence on the values of the two slice-based metrics, whose near perfect correlation with each other suggests that they may be measuring the same software attribute.""
  - ""We calculated and then compared the three metrics using first, a set of manufactured, pre-determined modules as a preliminary analysis and second, approximately nine thousand functions from the modules of multiple versions of the Barcode system, used previously by Meyers and Binkley in their empirical study.""",,"- The abstract mentions three metrics: Tightness, Overlap, and a third metric based on Hamming Distance for the OO paradigm. However, it does not provide specific mathematical or computational details on how these metrics are quantified.
 - The abstract does not specify any variables or parameters used in the quantification of these metrics.
 - There is no mention of the range or scale of the metrics, such as whether they are measured on a scale of 0-1, as a percentage, or in absolute values.
 - The abstract does not provide information on any normalization or standardization techniques applied to these metrics.
 - The focus of the abstract is on the theoretical and empirical validation of the metrics rather than their mathematical or computational development.","- ""We theoretically validated the three metrics using the properties of Kitchenham and then empirically validated the same three metrics; some revealing properties of the metrics were found as a result.""
  - ""We calculated and then compared the three metrics using first, a set of manufactured, pre-determined modules as a preliminary analysis and second, approximately nine thousand functions from the modules of multiple versions of the Barcode system, used previously by Meyers and Binkley in their empirical study.""
  - ""This paper describes the result of an investigation into the respective merits of two cohesion-based metrics for program slicing.""",,"- The abstract mentions both theoretical and empirical validation of the metrics, indicating a two-stage validation process.
 - Theoretical validation was conducted using the properties of Kitchenham, which suggests a conceptual or theoretical approach to validate the metrics.
 - Empirical validation involved two specific techniques: 
  1. A preliminary analysis using a set of manufactured, pre-determined modules.
  2. A more extensive analysis using approximately nine thousand functions from multiple versions of the Barcode system.
 - The types of systems or components used in the validation include manufactured modules and functions from the Barcode system.
 - The abstract does not provide specific details on how integration difficulties were measured or observed, but it does mention that certain properties of the metrics were found, such as stability and correlation.","- ""The Tightness and Overlap metrics were those originally proposed by Weiser for the procedural paradigm.""
  - ""We compare and contrast these two metrics with a third metric for the OO paradigm first proposed by Counsell et al. based on Hamming Distance and based on a matrix-based notation.""
  - ""We theoretically validated the three metrics using the properties of Kitchenham and then empirically validated the same three metrics; some revealing properties of the metrics were found as a result.""
  - ""In particular, that the OO-based metric was the most stable of the three; module length was not a confounding factor for the Hamming Distance-based metric; it was however for the two slice-based metrics supporting previous work by Meyers and Binkley.""
  - ""The number of module slices however, was found to be an even stronger influence on the values of the two slice-based metrics, whose near perfect correlation with each other suggests that they may be measuring the same software attribute.""
  - ""We calculated and then compared the three metrics using first, a set of manufactured, pre-determined modules as a preliminary analysis and second, approximately nine thousand functions from the modules of multiple versions of the Barcode system, used previously by Meyers and Binkley in their empirical study.""",,"- The abstract discusses the comparison and validation of three cohesion-based metrics: Tightness, Overlap, and a third metric based on Hamming Distance for the OO paradigm.
 - It mentions that the metrics were theoretically and empirically validated, but it does not specify any statistical methods used to establish a correlation with integration difficulties.
 - The abstract notes that the number of module slices had a strong influence on the values of the two slice-based metrics, suggesting a correlation between these metrics and possibly integration challenges related to module slices.
 - However, there is no explicit mention of a correlation between these metrics and observed integration difficulties, nor are any correlation coefficients or statistical significance values provided.
 - The abstract does not identify specific integration challenges that were quantified or any limitations in the correlation analysis.","- ""The Tightness and Overlap metrics were those originally proposed by Weiser for the procedural paradigm.""
  - ""We compare and contrast these two metrics with a third metric for the OO paradigm first proposed by Counsell et al. based on Hamming Distance and based on a matrix-based notation.""
  - ""We theoretically validated the three metrics using the properties of Kitchenham and then empirically validated the same three metrics; some revealing properties of the metrics were found as a result.""
  - ""The over-arching message of the research is that a combination of theoretical and empirical analysis can help significantly in comparing the viability and indeed choice of a metric or set of metrics.""",,"- The abstract discusses the comparison of metrics across different paradigms, specifically procedural and object-oriented (OO) paradigms.
 - The Tightness and Overlap metrics are associated with the procedural paradigm, while a third metric is specifically designed for the OO paradigm using Hamming Distance and a matrix-based notation.
 - The abstract does not explicitly mention mechanisms for managing paradigm interoperability, such as specific techniques for bridging different paradigmatic approaches or transformation strategies.
 - The focus is on the comparison and validation of metrics rather than on interoperability mechanisms.
 - The abstract does not mention any computational or modeling tools supporting interoperability or novel approaches to managing paradigm differences.","- ""We compare and contrast these two metrics with a third metric for the OO paradigm first proposed by Counsell et al. based on Hamming Distance and based on a matrix-based notation.""
  - ""The over-arching message of the research is that a combination of theoretical and empirical analysis can help significantly in comparing the viability and indeed choice of a metric or set of metrics.""
  - ""We calculated and then compared the three metrics using first, a set of manufactured, pre-determined modules as a preliminary analysis and second, approximately nine thousand functions from the modules of multiple versions of the Barcode system,""
  - ""We theoretically validated the three metrics using the properties of Kitchenham and then empirically validated the same three metrics;""
  - ""This paper describes the result of an investigation into the respective merits of two cohesion-based metrics for program slicing.""",,"- The full bibliographic information is provided in the question itself: Authors (S. Counsell, T. Hall, David Bowes), Title (""A Theoretical and Empirical Analysis of Three Slice-Based Metrics for Cohesion""), Year (2010).
 - The type of study is inferred from the abstract as a ""Theoretical and Empirical Analysis,"" which suggests a combination of theoretical validation and empirical validation of metrics.
 - The primary application domain is not explicitly mentioned in the abstract, but the use of the Barcode system suggests a potential application in software development or programming.
 - The programming paradigms discussed include the procedural paradigm (associated with the Tightness and Overlap metrics) and the Object-Oriented (OO) paradigm (associated with the metric based on Hamming Distance)."
Ugatze : métamodélisation pour la réutilisation de composants hétérogènes distribués,F. Séller,-,-,-,5,2004,"- Core components: Meta-model for components and interactions, separating information processing and control.
 - Key theoretical foundations: Abstract syntax, concrete graphical syntax, verification rules, MDA specifications.
 - Mathematical or logical representations: Transformation of conceptual model into technically interoperable model by adding specific information.",Not mentioned (the abstract does not provide specific information on quantitative metric development),Not mentioned (the abstract does not provide specific details on an experimental validation protocol),no explicit correlation found (the abstract does not mention any statistical methods or correlation coefficients related to integration difficulties),"- Specific techniques: Transformation of a conceptual model into a technical interoperability model using MDA specifications.
 - Transformation or integration strategies: Successive addition of specific information to achieve technical interoperability between heterogeneous components.
 - Computational or modeling tools: Software tool for model transformation and implementation of technical interoperability mechanisms.
 - Novel approaches: Use of a meta-model for component interactions, separating information treatment and control, and abstract and concrete graphical syntaxes for verification.","- Authors: F. Séller
 - Title: Ugatze : métamodélisation pour la réutilisation de composants hétérogènes distribués
 - Year: 2004
 - Publication Venue: Not mentioned
 - Type of study: Theoretical Proposal
 - Primary application domain: Aeronautics/Aerospace
 - Specific programming paradigms: Metamodeling, Component Paradigm, Interoperability","- ""Un (meta) modele de composants et d'interactions, separant traitement de l'information et du controle, et permettant la specification puis l'integration conceptuelle des composants reutilisables.""
  - ""Ce processus d'integration, sur les bases des specifications MDA, consiste a transformer successivement un modele conceptuel en ajoutant des informations specifiques jusqu'a obtenir une interoperabilite technique entre composants hererogenes.""
  - ""Il est egalement articule de maniere a separer les points de vue et les niveaux d'abstraction, permettant ainsi sa manipulation par les differents acteurs d'un processus de developpement.""
  - ""Un processus de reutilisation articule autour des deux activites de la reutilisation : construction de l'infrastructure de reutilisation par specification de composants Ugatze, puis integration.""
  - ""Ce metamodele contient une syntaxe abstraite, une syntaxe concrete graphique, ainsi que des regles de verification.""",,"- The abstract describes a meta-model for components and interactions, which is a core component of the formal model. This model separates information processing and control, allowing for the specification and conceptual integration of reusable components.
 - The meta-model includes an abstract syntax, a concrete graphical syntax, and verification rules, which are key theoretical foundations or frameworks used in the model.
 - The model is designed to separate viewpoints and levels of abstraction, facilitating its manipulation by different actors in the development process.
 - The process of reutilization involves constructing an infrastructure for reutilization by specifying Ugatze components and then integrating them. This integration process is based on MDA (Model-Driven Architecture) specifications, which is a key theoretical framework.
 - The integration process transforms a conceptual model into a technically interoperable model by adding specific information, which suggests a logical representation of the model.","- ""Ce processus d'integration, sur les bases des specifications MDA, consiste a transformer successivement un modele conceptuel en ajoutant des informations specifiques jusqu'a obtenir une interoperabilite technique entre composants hererogenes.""
  - ""Un (meta) modele de composants et d'interactions, separant traitement de l'information et du controle, et permettant la specification puis l'integration conceptuelle des composants reutilisables.""
  - ""Un processus de reutilisation articule autour des deux activites de la reutilisation : construction de l'infrastructure de reutilisation par specification de composants Ugatze, puis integration.""
  - ""Un outil de genie logiciel validant les propositions precedentes et qui sert de support a la modelisation, la transformation de modeles puis a l'implantation des mecanismes d'interoperabilite technique.""
  - ""Ce metamodele contient une syntaxe abstraite, une syntaxe concrete graphique, ainsi que des regles de verification.""",,"- The abstract discusses a metamodel for components and interactions, which includes abstract and concrete syntax and verification rules. However, it does not provide specific details on how these elements are quantitatively measured or transformed into a metric.
 - The process of reutilization and integration is described, but again, there is no mention of a specific mathematical or computational approach to create a quantitative metric.
 - The abstract mentions the use of MDA specifications for integration, but it does not specify how these are quantified or what variables or parameters are used.
 - There is no mention of a range or scale for any metric, nor are there any details on normalization or standardization techniques.
 - The abstract focuses on conceptual and technical processes rather than quantitative metrics.","- ""La proposition Ugatze se place a la croisee de quatre domaines de recherche : reutilisation, metamodelisation, paradigme composant et interoperabilite.""
  - ""Un (meta) modele de composants et d'interactions, separant traitement de l'information et du controle, et permettant la specification puis l'integration conceptuelle des composants reutilisables.""
  - ""Un processus de reutilisation articule autour des deux activites de la reutilisation : construction de l'infrastructure de reutilisation par specification de composants Ugatze, puis integration.""
  - ""Ce processus d'integration, sur les bases des specifications MDA, consiste a transformer successivement un modele conceptuel en ajoutant des informations specifiques jusqu'a obtenir une interoperabilite technique entre composants hererogenes.""
  - ""Un outil de genie logiciel validant les propositions precedentes et qui sert de support a la modelisation, la transformation de modeles puis a l'implantation des mecanismes d'interoperabilite technique.""
  - ""Ces trois propositions sont illustrees dans cette these par un exemple concret, tire de l'experience de notre equipe de recherche au sein du projet Europeen ASIMIL.""",,"- The abstract discusses the Ugatze proposition, which involves metamodeling for the reuse of heterogeneous distributed components. This suggests a focus on theoretical and conceptual validation rather than experimental validation.
 - The mention of a ""processus de reutilisation"" and ""integration"" indicates a process-oriented approach, but it does not specify an experimental validation protocol.
 - The abstract refers to an ""outil de genie logiciel"" that validates the propositions, but it does not provide details on how this tool is used for experimental validation.
 - The example from the European ASIMIL project is mentioned, but the abstract does not provide specific details on how this project was used to experimentally validate the compatibility metric.
 - Overall, the abstract does not provide specific details on an experimental validation protocol, such as validation techniques, types of systems used, or how integration difficulties were measured.","- ""Ces trois propositions sont illustrees dans cette these par un exemple concret, tire de l'experience de notre equipe de recherche au sein du projet Europeen ASIMIL.""
  - ""Ce processus d'integration, sur les bases des specifications MDA, consiste a transformer successivement un modele conceptuel en ajoutant des informations specifiques jusqu'a obtenir une interoperabilite technique entre composants hererogenes.""
  - ""Un processus de reutilisation articule autour des deux activites de la reutilisation : construction de l'infrastructure de reutilisation par specification de composants Ugatze, puis integration.""",,"- The abstract discusses a process of reutilization that involves constructing an infrastructure for reutilization and integration, but it does not mention any statistical methods or correlation coefficients related to integration difficulties.
 - The process of integration is described in terms of transforming a conceptual model to achieve technical interoperability, but there is no mention of any quantitative metrics or statistical analysis related to integration difficulties.
 - The abstract provides an example from the ASIMIL project, but it does not specify any integration challenges that were quantified or any correlation analysis conducted.
 - Overall, the abstract does not provide any information about a correlation between a quantitative metric and observed integration difficulties, nor does it mention any statistical methods or limitations in correlation analysis.","- ""Ce processus d'integration, sur les bases des specifications MDA, consiste a transformer successivement un modele conceptuel en ajoutant des informations specifiques jusqu'a obtenir une interoperabilite technique entre composants hererogenes.""
  - ""Un outil de genie logiciel validant les propositions precedentes et qui sert de support a la modelisation, la transformation de modeles puis a l'implantation des mecanismes d'interoperabilite technique.""
  - ""Un (meta) modele de composants et d'interactions, separant traitement de l'information et du controle, et permettant la specification puis l'integration conceptuelle des composants reutilisables.""
  - ""La proposition Ugatze se place a la croisee de quatre domaines de recherche : reutilisation, metamodelisation, paradigme composant et interoperabilite.""
  - ""Un processus de reutilisation articule autour des deux activites de la reutilisation : construction de l'infrastructure de reutilisation par specification de composants Ugatze, puis integration.""
  - ""Ce metamodele contient une syntaxe abstraite, une syntaxe concrete graphique, ainsi que des regles de verification.""",,"- The abstract discusses the Ugatze proposition, which is positioned at the intersection of four research domains, including paradigm interoperability. This suggests that the work addresses managing paradigm differences.
 - The mention of a ""(meta) modele de composants et d'interactions"" indicates a focus on modeling and integration, which are key aspects of managing paradigm interoperability.
 - The process of reutilization involves constructing an infrastructure for reutilization and integration, which implies strategies for bridging different paradigmatic approaches.
 - The integration process is based on MDA (Model-Driven Architecture) specifications, which involves transforming a conceptual model into a technical interoperability model. This is a specific technique for managing paradigm differences.
 - The use of an abstract syntax, concrete graphical syntax, and verification rules suggests a structured approach to interoperability.
 - The mention of a software tool supporting model transformation and implementation of technical interoperability mechanisms indicates computational support for managing paradigm differences.","- ""La proposition Ugatze se place a la croisee de quatre domaines de recherche : reutilisation, metamodelisation, paradigme composant et interoperabilite.""
  - ""Sa contribution s'articule autour de trois propositions.""
  - ""Un (meta) modele de composants et d'interactions, separant traitement de l'information et du controle, et permettant la specification puis l'integration conceptuelle des composants reutilisables.""
  - ""Un processus de reutilisation articule autour des deux activites de la reutilisation : construction de l'infrastructure de reutilisation par specification de composants Ugatze, puis integration.""
  - ""Un outil de genie logiciel validant les propositions precedentes et qui sert de support a la modelisation, la transformation de modeles puis a l'implantation des mecanismes d'interoperabilite technique.""
  - ""Ces trois propositions sont illustrees dans cette these par un exemple concret, tire de l'experience de notre equipe de recherche au sein du projet Europeen ASIMIL.""
  - ""Ce projet consistait a construire a partir d'applications existantes un outil d'aide a l'apprentissage du pilotage aeronautique, base sur des agents intelligents.""",,"- The full bibliographic information is provided in the title and author name: F. Séller (2004), ""Ugatze : métamodélisation pour la réutilisation de composants hétérogènes distribués.""
 - The type of study presented is a ""Theoretical Proposal"" as it discusses the development of a new model and process for component reuse and interoperability.
 - The primary application domain is not explicitly mentioned, but the example provided is related to ""aeronautic training,"" which suggests a domain of ""Aeronautics"" or ""Aviation.""
 - The specific programming paradigms discussed include ""metamodeling,"" ""component paradigm,"" and ""interoperability,"" which are related to software engineering and component-based systems."
Feedback density and causal complexity of simulation model structure,"A. Naugle, Stephen J Verzi, Kiran Lakkaraju, L. Swiler, C. Warrender, Michael Bernard, Vicente Romero",10.1080/17477778.2021.1982653,https://doi.org/10.1080/17477778.2021.1982653,J. Simulation,7,2021,"- Core components: Causal structure diagram
 - Key theoretical foundations: Causal structure and complexity
 - Mathematical or logical representations: Cyclomatic complexity, feedback density, comprehensive causal complexity measure
 - Multiple approaches: Metrics for evaluating causal complexity","- Specific mathematical or computational approach: Development of a causal structure diagram to evaluate causal complexity; introduction of feedback density and a comprehensive causal complexity measure.
 - Variables or parameters: Not mentioned in the abstract.
 - Range or scale: Not mentioned in the abstract.
 - Normalization or standardization techniques: Not mentioned in the abstract.",Not mentioned (the abstract does not provide information on an experimental validation protocol),no explicit correlation found (the abstract focuses on introducing new metrics for causal complexity without discussing integration difficulties or correlations),"- Causal structure diagrams: Facilitate comparison of simulation models from different paradigms.
 - Metrics for evaluating causal complexity: Enable direct comparison and discussion of complexity across paradigms.","- Authors: A. Naugle, Stephen J Verzi, Kiran Lakkaraju, L. Swiler, C. Warrender, Michael Bernard, Vicente Romero
 - Title: Feedback density and causal complexity of simulation model structure
 - Year: 2021
 - Type of study: Theoretical Proposal
 - Primary application domain: Scientific Computing
 - Specific programming paradigms: Not mentioned","- ""Measures of simulation model complexity generally focus on outputs; we propose measuring the complexity of a model’s causal structure to gain insight into its fundamental character.""
  - ""This article introduces tools for measuring causal complexity.""
  - ""First, we introduce a method for developing a model’s causal structure diagram, which characterises the causal interactions present in the code.""
  - ""Causal structure diagrams facilitate comparison of simulation models, including those from different paradigms.""
  - ""Next, we develop metrics for evaluating a model’s causal complexity using its causal structure diagram.""
  - ""We discuss cyclomatic complexity as a measure of the intricacy of causal structure and introduce two new metrics that incorporate the concept of feedback, a fundamental component of causal structure.""
  - ""The first new metric introduced here is feedback density, a measure of the cycle-based interconnectedness of causal structure.""
  - ""The second metric combines cyclomatic complexity and feedback density into a comprehensive causal complexity measure.""
  - ""Finally, we demonstrate these complexity metrics on simulation models from multiple paradigms and discuss potential uses and interpretations.""",,"- The abstract discusses the introduction of tools for measuring causal complexity, which is a key component of the formal model.
 - The core component of the model is the ""causal structure diagram,"" which characterizes causal interactions in the code.
 - The key theoretical foundation is the concept of causal structure and its complexity, which is measured using metrics like cyclomatic complexity and feedback density.
 - The mathematical or logical representation includes the development of metrics such as feedback density and a comprehensive causal complexity measure.
 - The abstract does not provide specific details about the mathematical or logical representations beyond the names of the metrics.
 - The model is designed to facilitate comparison across different paradigms, indicating its paradigmatic compatibility.","- ""This article introduces tools for measuring causal complexity.""
  - ""First, we introduce a method for developing a model’s causal structure diagram, which characterises the causal interactions present in the code.""
  - ""Next, we develop metrics for evaluating a model’s causal complexity using its causal structure diagram.""
  - ""We discuss cyclomatic complexity as a measure of the intricacy of causal structure and introduce two new metrics that incorporate the concept of feedback, a fundamental component of causal structure.""
  - ""The first new metric introduced here is feedback density, a measure of the cycle-based interconnectedness of causal structure.""
  - ""The second metric combines cyclomatic complexity and feedback density into a comprehensive causal complexity measure.""",,"- The abstract mentions the development of tools for measuring causal complexity, which implies the creation of quantitative metrics.
 - A method for developing a causal structure diagram is introduced, which is used to evaluate causal complexity. This suggests a computational approach to creating these metrics.
 - The abstract discusses cyclomatic complexity and introduces two new metrics: feedback density and a comprehensive causal complexity measure. These are likely the quantitative metrics developed in the study.
 - Feedback density is described as a measure of cycle-based interconnectedness, which implies a mathematical or computational approach to quantify this aspect of causal structure.
 - The comprehensive causal complexity measure combines cyclomatic complexity and feedback density, indicating a multi-component metric.
 - The abstract does not provide specific mathematical formulas, variables, or parameters used in the quantification, nor does it mention the range or scale of the metrics or any normalization techniques applied.","- ""These tools enable direct comparison of models across paradigms and provide a mechanism for measuring and discussing complexity based on a model’s fundamental assumptions and design.""
  - ""we demonstrate these complexity metrics on simulation models from multiple paradigms and discuss potential uses and interpretations.""",,"- The abstract mentions the introduction of tools for measuring causal complexity and the demonstration of these metrics on simulation models from multiple paradigms. This suggests that the focus is on developing and applying metrics rather than conducting experimental validation.
 - There is no mention of an experimental validation protocol, specific validation techniques, or the types of systems or components used in validation.
 - The abstract does not provide details about how integration difficulties were measured or observed, as it focuses on the development and application of metrics rather than experimental validation.
 - The abstract does not indicate any experimental design or validation methods, suggesting that the work is more theoretical or conceptual in nature.","- ""Measures of simulation model complexity generally focus on outputs; we propose measuring the complexity of a model’s causal structure to gain insight into its fundamental character.""
  - ""This article introduces tools for measuring causal complexity.""
  - ""We discuss cyclomatic complexity as a measure of the intricacy of causal structure and introduce two new metrics that incorporate the concept of feedback, a fundamental component of causal structure.""
  - ""The first new metric introduced here is feedback density, a measure of the cycle-based interconnectedness of causal structure.""
  - ""The second metric combines cyclomatic complexity and feedback density into a comprehensive causal complexity measure.""
  - ""Finally, we demonstrate these complexity metrics on simulation models from multiple paradigms and discuss potential uses and interpretations.""",,"- The abstract discusses the introduction of new metrics for measuring causal complexity in simulation models, specifically focusing on feedback density and a comprehensive causal complexity measure.
 - There is no mention of an ""Integration Difficulty Correlation"" or any statistical methods used to establish a correlation between a quantitative metric and observed integration difficulties.
 - The abstract does not provide any information on correlation coefficients, statistical significance values, or limitations in correlation analysis related to integration difficulties.
 - The focus of the abstract is on introducing new metrics for causal complexity rather than discussing integration challenges or correlations.","- ""Causal structure diagrams facilitate comparison of simulation models, including those from different paradigms.""
  - ""These tools enable direct comparison of models across paradigms and provide a mechanism for measuring and discussing complexity based on a model’s fundamental assumptions and design.""",,"- The abstract mentions the use of ""causal structure diagrams"" as a tool for comparing simulation models from different paradigms. This suggests a mechanism for bridging different paradigmatic approaches by providing a common framework for understanding and comparing their causal structures.
 - The abstract does not explicitly mention specific techniques for transformation or integration strategies, nor does it highlight any novel approaches to managing paradigm differences.
 - The focus is on the use of causal structure diagrams and metrics for evaluating causal complexity, which implies a methodological approach to interoperability by facilitating comparison and discussion across paradigms.
 - There is no mention of specific computational or modeling tools beyond the causal structure diagrams and metrics.","- ""Measures of simulation model complexity generally focus on outputs; we propose measuring the complexity of a model’s causal structure to gain insight into its fundamental character.""
  - ""This article introduces tools for measuring causal complexity.""
  - ""First, we introduce a method for developing a model’s causal structure diagram, which characterises the causal interactions present in the code.""
  - ""Causal structure diagrams facilitate comparison of simulation models, including those from different paradigms.""
  - ""Next, we develop metrics for evaluating a model’s causal complexity using its causal structure diagram.""
  - ""Finally, we demonstrate these complexity metrics on simulation models from multiple paradigms and discuss potential uses and interpretations.""",,"- The full bibliographic information is provided in the question itself: Authors (A. Naugle, Stephen J Verzi, Kiran Lakkaraju, L. Swiler, C. Warrender, Michael Bernard, Vicente Romero), Title (""Feedback density and causal complexity of simulation model structure""), Year (2021).
 - The type of study presented is a ""Theoretical Proposal"" because the abstract discusses introducing new tools and metrics for measuring causal complexity, which suggests a theoretical contribution rather than an empirical study.
 - The primary application domain is ""Scientific Computing"" since the focus is on simulation models and their complexity.
 - The abstract mentions ""simulation models from multiple paradigms,"" but it does not specify which programming paradigms are discussed. Therefore, this information is not mentioned in the abstract."
Parametric/direct CAD integration,Qiang Zou,10.1016/j.cad.2022.103465,https://doi.org/10.1016/j.cad.2022.103465,Comput. Aided Des.,9,2022,"- Core components: Detection-then-resolution strategy, algorithms for detecting and resolving inconsistencies, information on topology, geometry, and constraints.
 - Key theoretical foundations: Focus on maintaining information consistency across different layers (constraint layer and geometry layer).
 - Mathematical or logical representations: Systematic algorithms for detecting and resolving inconsistencies.",Not mentioned (the paper does not provide specific information on quantitative metric development),"- Overall experimental approach: Case studies and comparisons using a preliminary prototype.
 - Specific validation techniques or protocols: Detection-then-resolution strategy and algorithms to detect and resolve information inconsistencies.
 - Types of systems or components used: Preliminary prototype.
 - Integration difficulties measurement: Maintaining model validity and resolving discrepancies between direct and parametric edits.",no explicit correlation found (the paper discusses integration challenges but does not provide statistical methods or correlation coefficients),"- Framework: Detection-then-resolution strategy to handle information inconsistencies
 - Algorithms: Systematic detection and resolution of information inconsistencies
 - Transformation/Integration Strategies: Maintaining information consistency across constraint and geometry layers
 - Computational/Modeling Tools: Algorithms for detecting and resolving inconsistencies
 - Novel Approach: Variational direct modeling","- Authors: Qiang Zou
 - Title: Parametric/direct CAD integration
 - Year: 2022
 - Publication Venue: Not specified
 - Type of study: Theoretical Proposal
 - Primary application domain: CAD (Computer-Aided Design)
 - Specific programming paradigms: Parametric modeling, Direct modeling","- ""A framework is then proposed to handle those information inconsistencies, based on a detection-then-resolution strategy.""
  - ""Algorithms that can systematically detect and resolve all possible types of information inconsistencies are also given to implement the framework.""
  - ""A CAD model consists of information on topology, geometry, and constraints. Parametric and direct edits work at different layers of information, i.e., the constraint layer and the geometry layer, respectively.""
  - ""The primary challenge of integrating parametric and direct modeling lies in maintaining information consistency in a CAD model undergoing parametric/direct edits""
  - ""This paper presents an alternative method for seamless parametric/direct integration, which allows parametric and direct edits to work in a unified way.""",,"- The paper discusses a framework for integrating parametric and direct modeling, which suggests a formal model for paradigmatic compatibility.
 - The framework is based on a ""detection-then-resolution strategy,"" indicating a structured approach to handling information inconsistencies.
 - The model involves algorithms for detecting and resolving inconsistencies, which implies a systematic and possibly mathematical or logical representation.
 - The paper highlights the importance of maintaining information consistency across different layers (topology, geometry, constraints), which are core components of the model.
 - The theoretical foundation seems to focus on addressing the challenges of integrating parametric and direct modeling, particularly in maintaining consistency across different information layers.","- ""The fundamental issues and challenges of parametric/direct integration are first explained. A framework is then proposed to handle those information inconsistencies, based on a detection-then-resolution strategy.""
  - ""A CAD model consists of information on topology, geometry, and constraints. Parametric and direct edits work at different layers of information, i.e., the constraint layer and the geometry layer, respectively.""
  - ""The primary challenge of integrating parametric and direct modeling lies in maintaining information consistency in a CAD model undergoing parametric/direct edits""
  - ""Algorithms that can systematically detect and resolve all possible types of information inconsistencies are also given to implement the framework.""",,"- The paper discusses the integration of parametric and direct modeling in CAD, focusing on maintaining information consistency.
 - It proposes a framework based on a detection-then-resolution strategy to handle information inconsistencies.
 - The paper mentions algorithms for detecting and resolving inconsistencies but does not provide specific mathematical or computational details about these algorithms.
 - There is no mention of a quantitative metric development or any specific mathematical or computational approach to create such a metric.
 - The paper does not list any variables or parameters used in quantification, nor does it mention any range or scale for a metric.
 - There is no discussion of normalization or standardization techniques applied to any metric.","- ""The effectiveness of the proposed approach has been shown with a series of case studies and comparisons, based on a preliminary prototype.""
  - ""The primary challenge of integrating parametric and direct modeling lies in maintaining information consistency in a CAD model undergoing parametric/direct edits""
  - ""A framework is then proposed to handle those information inconsistencies, based on a detection-then-resolution strategy.""
  - ""Algorithms that can systematically detect and resolve all possible types of information inconsistencies are also given to implement the framework.""
  - ""With them, model validity can be maintained during the whole model editing process, and then the discrepancy between direct edits and parametric edits can be resolved.""",,"- The paper mentions that the effectiveness of the proposed approach was demonstrated through ""a series of case studies and comparisons"" using a ""preliminary prototype."" This suggests that the experimental validation involved practical application and testing of the approach.
 - The focus on maintaining ""information consistency"" and resolving ""information inconsistencies"" indicates that the validation likely involved assessing how well the approach handled these challenges.
 - The use of a ""detection-then-resolution strategy"" and algorithms to detect and resolve inconsistencies implies a structured method for addressing integration difficulties.
 - The paper does not provide detailed descriptions of specific validation techniques or protocols, nor does it mention the types of systems or components used in the validation.
 - The validation seems to be based on practical application and testing rather than theoretical or conceptual methods.","- ""It can be concluded from the above review that, at the level of individual modeling techniques, substantial progress has been made for both parametric and direct modeling, but at the integration level, no satisfactory solution has been made available now if seamless parametric/direct integration is desired.""
  - ""Their failed attempts to seamlessly integrate parametric and direct modeling is due to the focus on indirect, conversion-based and easy-to-implement integration strategies, rather than working on strategies that can directly solve the challenges of parametric/direct integration.""
  - ""A CAD model consists of information on topology, geometry, and constraints. Parametric and direct edits work at different layers of information, i.e., the constraint layer and the geometry layer, respectively. Changes at a layer cannot be reflected in others by current model representation schemes. As a result, information inconsistencies are generated, and unpredictable modeling behavior and invalid models, is caused.""
  - ""The primary challenge of integrating parametric and direct modeling lies in maintaining information consistency in a CAD model undergoing parametric/direct edits""",,"- The paper discusses the challenges of integrating parametric and direct modeling in CAD systems, focusing on the difficulty of maintaining information consistency across different layers of information (topology, geometry, and constraints).
 - It highlights that current integration strategies are indirect and conversion-based, which fail to address the core challenges of integration.
 - The paper does not provide any statistical methods or correlation coefficients to quantify the integration difficulties.
 - There is no mention of specific statistical significance values or correlation coefficients in the paper.
 - The paper does not explicitly establish a correlation between a quantitative metric and observed integration difficulties.
 - The limitations in correlation analysis are not discussed because no such analysis is conducted in the paper.
 - The specific integration challenges quantified include the inability to maintain information consistency and the limitations of current integration strategies.","- ""This paper presents an alternative method for seamless parametric/direct integration, which allows parametric and direct edits to work in a unified way.""
  - ""A framework is then proposed to handle those information inconsistencies, based on a detection-then-resolution strategy.""
  - ""Algorithms that can systematically detect and resolve all possible types of information inconsistencies are also given to implement the framework.""
  - ""The primary challenge of integrating parametric and direct modeling lies in maintaining information consistency in a CAD model undergoing parametric/direct edits""
  - ""A CAD model consists of information on topology, geometry, and constraints. Parametric and direct edits work at different layers of information, i.e., the constraint layer and the geometry layer, respectively.""
  - ""Changes at a layer cannot be reflected in others by current model representation schemes. As a result, information inconsistencies are generated, and unpredictable modeling behavior and invalid models, is caused.""
  - ""This work is a byproduct of the authors developing a new CAD modeling approach: variational direct modeling.The""",,"- The paper discusses the integration of parametric and direct modeling paradigms, which are two different approaches in CAD modeling. The focus is on achieving seamless integration between these paradigms.
 - A framework based on a ""detection-then-resolution strategy"" is proposed to handle information inconsistencies that arise from integrating these paradigms. This suggests a methodological approach to managing paradigm interoperability.
 - The paper mentions algorithms for detecting and resolving information inconsistencies, which are computational tools supporting interoperability.
 - The challenge of maintaining information consistency across different layers (constraint and geometry) is highlighted, indicating a need for transformation or integration strategies to bridge these layers.
 - The development of a new CAD modeling approach called ""variational direct modeling"" is mentioned, which could be a novel approach to managing paradigm differences.","- ""To date, major CAD modeling schemes may be classified into five categories: wireframe modeling, surface modeling, solid modeling, parametric modeling, and direct modeling.""
  - ""CAD modeling, in its broadest sense, is concerned with modeling all aspects of a product's information needed to support processes throughout the product's life cycle.""
  - ""CAD has been the dominant tool used in industry to support engineering practices like modeling [1], analysis [2], optimization [3], manufacturing [4], maintenance [5], inspection [6] and design/processes reuse [7][8][9][10].""
  - ""The effectiveness of the proposed approach has been shown with a series of case studies and comparisons, based on a preliminary prototype.""
  - ""This paper presents an alternative method for seamless parametric/direct integration, which allows parametric and direct edits to work in a unified way.""",,"- The full bibliographic information is provided in the title and abstract: ""Parametric/direct CAD integration"" by Qiang Zou in 2022.
 - The type of study presented is a theoretical proposal, as it discusses an alternative method for integrating parametric and direct modeling in CAD.
 - The primary application domain is clearly stated as CAD (Computer-Aided Design), as the paper focuses on integrating different modeling paradigms within this field.
 - The specific programming paradigms discussed are parametric modeling and direct modeling, which are central to the paper's focus on CAD integration."
PolyCARE: a tool for re-engineering multi-language program integrations,P. Linos,10.1109/ICECCS.1995.479355,https://doi.org/10.1109/ICECCS.1995.479355,Proceedings of First IEEE International Conference on Engineering of Complex Computer Systems. ICECCS'95,16,1995,insufficient details (the abstract does not provide specific details about the formal model characteristics),Not mentioned (the abstract does not provide specific information on the development of a quantitative metric),Not mentioned (the abstract does not provide specific details about an experimental validation protocol),no explicit correlation found (the abstract describes qualitative integration challenges without statistical methods or correlation coefficients),"- PolyCARE (Poly-paradigmatic Computer-Aided Re-engineering) is a tool that automates the detection and visualization of program dependencies.
 - Classification and formalization of program components and their relationships are used to manage paradigm interoperability.
 - Transformation mechanisms and partitioning techniques are mentioned as part of PolyCARE's functionality.
 - PolyCARE is described as a promising platform for re-engineering and maintaining complex integrations.","- Authors: P. Linos
 - Title: PolyCARE: a tool for re-engineering multi-language program integrations
 - Year: 1995
 - Publication Venue: Not mentioned
 - Type of study: Theoretical Proposal
 - Primary application domain: Software Engineering/Program Re-engineering
 - Specific programming paradigms: Object-Oriented (C++), Functional (Lisp)","- ""Finally, some early experiences from using PolyCARE indicate that its presentation model, transformation mechanisms and partitioning techniques constitute a promising platform for the re-engineering and maintenance of complex integrations of programs.""
  - ""During the implementation of a prototype version of PolyCARE, it is observed that the combination of the unique characteristics of each individual programming language and paradigm can increase the complexity of program comprehension and re-engineering.""
  - ""To this end, we classify and formalize program components and their relationships (known as program dependencies) used by different programming languages.""
  - ""We present a tool that facilitates the comprehension and re-engineering of complex multi-language program integrations (i.e. programs written using multiple programming languages and integrated in a single system).""",,"- The abstract mentions the classification and formalization of program components and their relationships, which suggests a formal model is involved in understanding paradigmatic compatibility.
 - The tool PolyCARE is described as automating the detection and visualization of dependencies, which implies a structured approach to handling multi-language integrations.
 - The abstract does not provide specific details about the core components, theoretical foundations, or mathematical representations of the formal model.
 - The mention of ""presentation model, transformation mechanisms and partitioning techniques"" suggests these might be part of the formal model, but no further details are provided.
 - Overall, the abstract lacks specific details about the formal model characteristics, such as its core components, theoretical foundations, or mathematical representations.","- ""During the implementation of a prototype version of PolyCARE, it is observed that the combination of the unique characteristics of each individual programming language and paradigm can increase the complexity of program comprehension and re-engineering.""
  - ""We present a tool that facilitates the comprehension and re-engineering of complex multi-language program integrations""
  - ""Finally, some early experiences from using PolyCARE indicate that its presentation model, transformation mechanisms and partitioning techniques constitute a promising platform for the re-engineering and maintenance of complex integrations of programs.""
  - ""To this end, we classify and formalize program components and their relationships (known as program dependencies) used by different programming languages.""",,"- The abstract discusses the development of a tool called PolyCARE for re-engineering multi-language program integrations, focusing on classifying and formalizing program components and dependencies.
 - It mentions the automation of detecting and visualizing dependencies but does not provide specific details on how these are quantified or transformed into a metric.
 - The abstract does not mention any specific mathematical or computational approach, variables, parameters, range or scale, or normalization techniques related to the development of a quantitative metric.
 - The focus is on the tool's functionality and its potential for re-engineering and maintenance rather than on the development of a quantitative metric.","- ""We present a tool that facilitates the comprehension and re-engineering of complex multi-language program integrations""
  - ""Finally, some early experiences from using PolyCARE indicate that its presentation model, transformation mechanisms and partitioning techniques constitute a promising platform for the re-engineering and maintenance of complex integrations of programs.""
  - ""During the implementation of a prototype version of PolyCARE, it is observed that the combination of the unique characteristics of each individual programming language and paradigm can increase the complexity of program comprehension and re-engineering.""",,"- The abstract discusses the introduction of a tool called PolyCARE, which is designed to facilitate the comprehension and re-engineering of complex multi-language program integrations.
 - It mentions that PolyCARE automates the process of detecting and visualizing program dependencies, which is a key aspect of its functionality.
 - The abstract notes that during the implementation of PolyCARE, observations were made about the complexity of integrating different programming languages and paradigms.
 - The abstract does not provide specific details about an experimental validation protocol, such as a controlled experiment or specific validation techniques used to measure integration difficulties.
 - The mention of ""early experiences"" suggests some form of practical application or testing, but it does not specify the experimental design or validation protocols used.","- ""integrating programs written using an object-oriented language that supports inheritance and polymorphism (e.g. C/sup ++/) and a functional language (e.g. Lisp) which uses a recursive style can have a significant impact on program comprehension.""
  - ""the combination of the unique characteristics of each individual programming language and paradigm can increase the complexity of program comprehension and re-engineering.""",,"- The abstract mentions that the combination of different programming languages and paradigms can increase the complexity of program comprehension and re-engineering. This suggests a qualitative observation about integration difficulties.
 - The abstract provides an example of integrating object-oriented and functional languages, indicating a specific integration challenge that can impact program comprehension.
 - However, there is no mention of any statistical methods, correlation coefficients, or statistical significance values in the abstract. This indicates that no explicit quantitative correlation is established.
 - The abstract does not provide any quantitative metrics or statistical analysis to support the observed integration difficulties, which are described qualitatively.","- ""We present a tool that facilitates the comprehension and re-engineering of complex multi-language program integrations (i.e. programs written using multiple programming languages and integrated in a single system).""
  - ""During the implementation of a prototype version of PolyCARE, it is observed that the combination of the unique characteristics of each individual programming language and paradigm can increase the complexity of program comprehension and re-engineering.""
  - ""Finally, some early experiences from using PolyCARE indicate that its presentation model, transformation mechanisms and partitioning techniques constitute a promising platform for the re-engineering and maintenance of complex integrations of programs.""
  - ""To this end, we classify and formalize program components and their relationships (known as program dependencies) used by different programming languages.""
  - ""For instance, integrating programs written using an object-oriented language that supports inheritance and polymorphism (e.g. C/sup ++/) and a functional language (e.g. Lisp) which uses a recursive style can have a significant impact on program comprehension.""",,"- The abstract introduces PolyCARE as a tool for re-engineering multi-language program integrations, which implies it is a mechanism for managing paradigm interoperability.
 - The tool automates the detection and visualization of program dependencies, which is a technique for bridging different paradigmatic approaches by understanding and visualizing how different components interact.
 - The abstract mentions the classification and formalization of program components and their relationships, which is a strategy for integrating different programming languages.
 - The mention of ""transformation mechanisms and partitioning techniques"" suggests specific strategies for managing paradigm differences, although the abstract does not provide detailed descriptions of these mechanisms.
 - The tool is described as a ""promising platform for the re-engineering and maintenance of complex integrations of programs,"" indicating its potential as a novel approach to managing paradigm differences.","- ""some early experiences from using PolyCARE indicate that its presentation model, transformation mechanisms and partitioning techniques constitute a promising platform for the re-engineering and maintenance of complex integrations of programs.""
  - ""integrating programs written using an object-oriented language that supports inheritance and polymorphism (e.g. C/sup ++/) and a functional language (e.g. Lisp) which uses a recursive style can have a significant impact on program comprehension.""
  - ""the combination of the unique characteristics of each individual programming language and paradigm can increase the complexity of program comprehension and re-engineering.""
  - ""To this end, we classify and formalize program components and their relationships (known as program dependencies) used by different programming languages.""
  - ""We present a tool that facilitates the comprehension and re-engineering of complex multi-language program integrations (i.e. programs written using multiple programming languages and integrated in a single system).""",,"- The full bibliographic information is provided in the question itself: Author (P. Linos), Title (PolyCARE: a tool for re-engineering multi-language program integrations), Year (1995).
 - The type of study presented is a ""Theoretical Proposal"" because the abstract discusses the introduction of a new tool (PolyCARE) and its theoretical application in re-engineering multi-language program integrations.
 - The primary application domain is not explicitly mentioned, but it can be inferred as ""Software Engineering"" or ""Program Re-engineering"" based on the context of the tool's purpose.
 - The specific programming paradigms discussed are ""Object-Oriented"" (e.g., C++) and ""Functional"" (e.g., Lisp)."
A comparison between three different approaches to omplement a system dynamic model: an assessment by a multidisciplinary team.,"M. C. Freua, L. G. Barioni, R. G. D. Vilamiu, F. R. T. Dias",-,-,-,0,2014,"insufficient details (the abstract provides rankings and a descriptive framework but lacks specific details on core components, theoretical foundations, or mathematical/logical representations)","Not mentioned (the abstract does not provide specific information on the mathematical or computational approach, variables, range, or normalization techniques used in the quantitative metric development)","- Overall experimental approach: Simulated working group environment with seven researchers from diverse educational backgrounds.
 - Specific validation techniques or protocols: Implementation of a process-based SDM, questionnaire scoring characteristics of paradigms and implementation process.
 - Types of systems or components used: MATLAB, C++, Vensim.
 - Integration difficulties measured: Ranking of paradigms based on mathematical expressiveness, visual expressiveness, scalability, code reuse, and software integration.","no explicit correlation found (the abstract does not provide information on statistical methods, correlation coefficients, or specific integration challenges quantified)","- Specific techniques: Simulated working group environment with questionnaires to assess paradigm characteristics.
 - Transformation or integration strategies: Ranking paradigms for mathematical expressiveness, visual expressiveness, scalability, code reuse, and software integration.
 - Computational or modeling tools: MATLAB, C++ simulation framework, Vensim.
 - Novel approaches: Descriptive framework considering model characteristics, expertise, and paradigm properties.","- Authors: M. C. Freua, L. G. Barioni, R. G. D. Vilamiu, F. R. T. Dias
 - Title: A comparison between three different approaches to complement a system dynamic model: an assessment by a multidisciplinary team
 - Year: 2014
 - Publication Venue: Not specified
 - Type of study: Controlled Experiment
 - Primary application domain: Agricultural sciences
 - Specific programming paradigms: Procedural programming, Object-oriented programming, Domain expertise","- ""In the last few decades, application of system dynamics models (SDM) has disseminated through the agricultural sciences.""
  - ""The literature has been inconclusive with regard to empirical evidence of the trade-offs between different paradigms to implement SDMs.""
  - ""In order to gain insight on the advantages and disadvantages between the paradigms we simulated a working group environment with seven researchers coming from various educational backgrounds where they had to implement a process-based SDM and fill in a questionnaire scoring characteristics of the paradigms and implementation process.""
  - ""The participants were divided into three groups according to their expertise: NAA, formed by procedural programming experts that performed the exercise in MATLAB®; OOA, formed by objected-oriented programming experts that performed the exercise in a C++ simulation framework; and GDA, the domain expert that performed the exercise in Vensim®.""
  - ""The approaches were ranked NAA > OOA > GDA for mathematical expressiveness, GDA > OOA > NAA for visual expressiveness, OOA > NAA = GDA for scalability and code reuse, and NAA = OOA > GDA for software integration.""
  - ""Based on the questionnaire and group discussions, a descriptive framework of what should be considered to identify the most appropriate implementation strategy for a SDM was developed.""
  - ""We suggest that the choice of what strategy to use should be driven by a combination of variables related to the model characteristics, group member's expertise and the properties intrinsic to each programming paradigm.""",,"- The abstract discusses the application of system dynamics models (SDMs) in agricultural sciences, indicating a focus on these models.
 - The study involves simulating a working group environment to compare different paradigms for implementing SDMs, which suggests a focus on practical implementation rather than theoretical foundations.
 - The participants were divided into groups based on their expertise in different programming paradigms (NAA, OOA, GDA), which implies a comparison of these paradigms.
 - The abstract provides rankings for the paradigms based on characteristics such as mathematical expressiveness, visual expressiveness, scalability, code reuse, and software integration, which are core components of the model.
 - The study developed a descriptive framework for identifying the most appropriate implementation strategy, which suggests a model for decision-making based on model characteristics, expertise, and paradigm properties.
 - However, the abstract does not provide specific details about the theoretical foundations or mathematical/logical representations of the model, nor does it explicitly describe the core components or frameworks used.","- ""Based on the questionnaire and group discussions, a descriptive framework of what should be considered to identify the most appropriate implementation strategy for a SDM was developed.""
  - ""In order to gain insight on the advantages and disadvantages between the paradigms we simulated a working group environment with seven researchers coming from various educational backgrounds where they had to implement a process-based SDM and fill in a questionnaire scoring characteristics of the paradigms and implementation process.""
  - ""The participants were divided into three groups according to their expertise: NAA, formed by procedural programming experts that performed the exercise in MATLAB®; OOA, formed by objected-oriented programming experts that performed the exercise in a C++ simulation framework; and GDA, the domain expert that performed the exercise in Vensim®.""
  - ""The approaches were ranked NAA > OOA > GDA for mathematical expressiveness, GDA > OOA > NAA for visual expressiveness, OOA > NAA = GDA for scalability and code reuse, and NAA = OOA > GDA for software integration.""",,"- The abstract mentions that participants filled in a questionnaire scoring characteristics of the paradigms and implementation process. This suggests that the quantitative metric development involved scoring or ranking different paradigms based on certain characteristics.
 - The ranking of paradigms (e.g., NAA > OOA > GDA for mathematical expressiveness) implies a comparative metric, but the abstract does not specify the exact mathematical or computational approach used to create these rankings.
 - The abstract does not provide specific variables or parameters used in the quantification, nor does it mention the range or scale of the metric.
 - There is no mention of normalization or standardization techniques applied to the metric.
 - The abstract focuses on the descriptive framework developed from the questionnaire and discussions, but it does not provide detailed technical implementation details or specific mathematical modeling sections related to the metric development.","- ""In order to gain insight on the advantages and disadvantages between the paradigms we simulated a working group environment with seven researchers coming from various educational backgrounds where they had to implement a process-based SDM and fill in a questionnaire scoring characteristics of the paradigms and implementation process.""
  - ""The participants were divided into three groups according to their expertise: NAA, formed by procedural programming experts that performed the exercise in MATLAB®; OOA, formed by objected-oriented programming experts that performed the exercise in a C++ simulation framework; and GDA, the domain expert that performed the exercise in Vensim®.""
  - ""Based on the questionnaire and group discussions, a descriptive framework of what should be considered to identify the most appropriate implementation strategy for a SDM was developed.""
  - ""The approaches were ranked NAA > OOA > GDA for mathematical expressiveness, GDA > OOA > NAA for visual expressiveness, OOA > NAA = GDA for scalability and code reuse, and NAA = OOA > GDA for software integration.""",,"- The experimental validation protocol involved simulating a working group environment with seven researchers from diverse educational backgrounds. This setup allowed for the evaluation of different paradigms in implementing system dynamics models (SDMs).
 - The researchers were divided into three groups based on their expertise: NAA (procedural programming in MATLAB), OOA (object-oriented programming in C++), and GDA (domain expertise in Vensim). This division enabled the comparison of different programming paradigms.
 - The validation techniques included implementing a process-based SDM and filling out a questionnaire to score characteristics of the paradigms and implementation process. This approach allowed for subjective evaluation of the paradigms' advantages and disadvantages.
 - The types of systems or components used in the validation were MATLAB, C++, and Vensim, which are software tools for implementing SDMs.
 - Integration difficulties were measured through the ranking of the paradigms based on mathematical expressiveness, visual expressiveness, scalability, code reuse, and software integration. These rankings provided insights into the strengths and weaknesses of each paradigm.
 - The experimental design involved group discussions and questionnaire responses, which were used to develop a descriptive framework for identifying the most appropriate implementation strategy for SDMs.","- ""We suggest that the choice of what strategy to use should be driven by a combination of variables related to the model characteristics, group member's expertise and the properties intrinsic to each programming paradigm.""
  - ""Based on the questionnaire and group discussions, a descriptive framework of what should be considered to identify the most appropriate implementation strategy for a SDM was developed.""
  - ""The approaches were ranked NAA > OOA > GDA for mathematical expressiveness, GDA > OOA > NAA for visual expressiveness, OOA > NAA = GDA for scalability and code reuse, and NAA = OOA > GDA for software integration.""
  - ""The participants were divided into three groups according to their expertise: NAA, formed by procedural programming experts that performed the exercise in MATLAB®; OOA, formed by objected-oriented programming experts that performed the exercise in a C++ simulation framework; and GDA, the domain expert that performed the exercise in Vensim®.""",,"- The abstract provides rankings of different approaches based on various criteria such as mathematical expressiveness, visual expressiveness, scalability, code reuse, and software integration. However, it does not mention any specific statistical methods or correlation coefficients related to integration difficulty.
 - The abstract discusses the development of a descriptive framework based on a questionnaire and group discussions, but it does not specify any quantitative metrics or statistical analysis related to integration difficulties.
 - There is no mention of specific integration challenges that were quantified or any limitations in correlation analysis, as the abstract does not provide details on a correlation analysis.
 - The abstract focuses on the ranking of approaches and the development of a framework rather than establishing a correlation between integration difficulties and quantitative metrics.","- ""In order to gain insight on the advantages and disadvantages between the paradigms we simulated a working group environment with seven researchers coming from various educational backgrounds where they had to implement a process-based SDM and fill in a questionnaire scoring characteristics of the paradigms and implementation process.""
  - ""We suggest that the choice of what strategy to use should be driven by a combination of variables related to the model characteristics, group member's expertise and the properties intrinsic to each programming paradigm.""
  - ""Based on the questionnaire and group discussions, a descriptive framework of what should be considered to identify the most appropriate implementation strategy for a SDM was developed.""
  - ""The participants were divided into three groups according to their expertise: NAA, formed by procedural programming experts that performed the exercise in MATLAB®; OOA, formed by objected-oriented programming experts that performed the exercise in a C++ simulation framework; and GDA, the domain expert that performed the exercise in Vensim®.""
  - ""The approaches were ranked NAA > OOA > GDA for mathematical expressiveness, GDA > OOA > NAA for visual expressiveness, OOA > NAA = GDA for scalability and code reuse, and NAA = OOA > GDA for software integration.""",,"- The abstract describes a study where researchers from different backgrounds implemented a system dynamics model (SDM) using different paradigms: procedural programming (NAA), object-oriented programming (OOA), and domain expertise (GDA).
 - The study involved simulating a working group environment and using questionnaires to assess the characteristics of each paradigm, which implies a methodological approach to understanding paradigm interoperability.
 - The ranking of paradigms for different criteria (mathematical expressiveness, visual expressiveness, scalability, code reuse, and software integration) suggests a comparison of how well each paradigm can be integrated or transformed into others.
 - The use of specific tools like MATLAB, C++ simulation framework, and Vensim indicates computational tools supporting interoperability.
 - The development of a descriptive framework for identifying the most appropriate implementation strategy suggests a novel approach to managing paradigm differences by considering model characteristics, expertise, and paradigm properties.","- ""The participants were divided into three groups according to their expertise: NAA, formed by procedural programming experts that performed the exercise in MATLAB®; OOA, formed by objected-oriented programming experts that performed the exercise in a C++ simulation framework; and GDA, the domain expert that performed the exercise in Vensim®.""
  - ""Based on the questionnaire and group discussions, a descriptive framework of what should be considered to identify the most appropriate implementation strategy for a SDM was developed.""
  - ""we simulated a working group environment with seven researchers coming from various educational backgrounds where they had to implement a process-based SDM and fill in a questionnaire scoring characteristics of the paradigms and implementation process.""
  - ""application of system dynamics models (SDM) has disseminated through the agricultural sciences.""",,"- The full bibliographic information is provided in the question itself: Authors (M. C. Freua, L. G. Barioni, R. G. D. Vilamiu, F. R. T. Dias), Title (""A comparison between three different approaches to complement a system dynamic model: an assessment by a multidisciplinary team""), Year (2014), and Publication Venue (not specified in the abstract).
 - The type of study presented is inferred as a ""Controlled Experiment"" because the abstract mentions simulating a working group environment and dividing participants into groups to implement different approaches.
 - The primary application domain is ""agricultural sciences"" as indicated by the mention of system dynamics models being applied in this field.
 - The specific programming paradigms discussed are procedural programming (NAA), object-oriented programming (OOA), and domain expertise (GDA), with tools such as MATLAB, C++, and Vensim being used."