Title;Authors;DOI;DOI link;Venue;Citation count;Year;Centrality of the Interoperability Problem;"Reasoning for ""Centrality of the Interoperability Problem""";Full-Text Accessibility;"Reasoning for ""Full-Text Accessibility""";Interlanguage collaboration;"Reasoning for ""Interlanguage collaboration""";Proof of Multilingual Systems;"Reasoning for ""Proof of Multilingual Systems""";Publication Language;"Reasoning for ""Publication Language""";Scientific field;"Reasoning for ""Scientific field""";Assessment Methods;"Reasoning for ""Assessment Methods""";Empirical Evidence;"Reasoning for ""Empirical Evidence""";Integration Scope;"Reasoning for ""Integration Scope""";Integration/Interoperability;"Reasoning for ""Integration/Interoperability""";Language Support;"Reasoning for ""Language Support""";Multilingual System Focus;"Reasoning for ""Multilingual System Focus""";Research Type;"Reasoning for ""Research Type""";Technical Solution;"Reasoning for ""Technical Solution""";Screening judgement;"Reasoning for ""Screening judgement""";Screening score;Reason code;Reason note
A semi-automated system for interoperability assessment: an ontology-based approach;Gabriel S. S. Leal, W. Guédria, H. Panetto;10.1080/17517575.2019.1678767;https://doi.org/10.1080/17517575.2019.1678767;Enterprise Information Systems;8;2019;no;While interoperability is central to the paper, it is focused on business interoperability rather than programming language interaction.;maybe;The full-text accessibility cannot be determined from the abstract alone.;no;The abstract focuses on business interoperability rather than programming language interaction.;no;There is no mention of specific software systems or programming languages in the abstract.;yes;The abstract is written in English.;maybe;While the paper appears to be from a technical field, it is not explicitly clear if it is from software engineering or programming languages specifically.;maybe;The paper does present assessment methods, but for business interoperability rather than programming language interoperability.;yes;"The abstract mentions a ""real business case"" for evaluation.";no;The paper appears to focus on business integration rather than software integration.;maybe;The paper examines interoperability, but in a business context rather than a software context.;no;The abstract does not explicitly mention multiple programming languages, and instead discusses interoperability in general business contexts.;no;There is no evidence of a focus on multilingual systems.;yes;The paper presents technical evidence and a knowledge-based system.;maybe;The paper presents a technical solution (knowledge-based system), but not for multilingual software integration.;Exclude;The abstract describes a knowledge-based system for business interoperability assessment, but lacks specific focus on multilingual programming systems or language interaction. While presenting a technical solution with empirical evidence, the paper does not meet key screening criteria related to programming language interoperability and multilingual software integration.;2.5;EC1;The abstract describes a knowledge-based system for business interoperability assessment, but lacks specific focus on multilingual programming systems or language interaction. While presenting a technical solution with empirical evidence, the paper does not me…
On the Impact of Interlanguage Dependencies in Multilanguage Systems Empirical Case Study on Java Native Interface Applications (JNI);Manel Grichi, Mouna Abidi, Fehmi Jaafar, Ellis E. Eghan, Bram Adams;10.1109/TR.2020.3024873;https://doi.org/10.1109/TR.2020.3024873;IEEE Transactions on Reliability;18;2021;yes;The main focus of the paper is on dependency analysis across multiple languages and its impact on software quality.;maybe;The full-text accessibility of the paper cannot be determined from the abstract alone.;yes;"The paper specifically focuses on ""interlanguage dependencies"" and their analysis.";yes;"The study explicitly analyzes ""ten open-source multilanguage systems.""";maybe;The paper is likely written in English, as the abstract is in English, though the full paper's language cannot be determined from the abstract alone.;maybe;The paper is likely published in a software engineering venue, based on the technical nature and empirical analysis presented.;yes;"The paper presents two specific approaches: ""static multilanguage dependency analyzer"" and ""historical multilanguage dependency analyzer.""";yes;The study includes empirical analysis of ten systems with specific quantitative results.;yes;The focus is on general programming language dependencies, not NLP.;yes;The study directly examines dependencies between different programming languages.;yes;"The study addresses systems supporting multiple programming languages, as the abstract explicitly discusses ""multiple programming languages"" and ""multilanguage systems.""";yes;The study explicitly focuses on multilanguage systems.;yes;The paper presents technical solutions and empirical evidence with specific metrics.;yes;The paper presents two specific technical approaches for dependency analysis.;Include;This research comprehensively addresses multilingual software systems by presenting empirical analysis of interlanguage dependencies across ten open-source systems, with a strong focus on technical solutions and quantitative assessment of software quality challenges. The study provides detailed insights into dependency analysis, demonstrating significant risks associated with interlanguage interactions and offering two distinct methodological approaches for understanding multilingual software integration.;4.9;IC;"Meets IC; no EC triggered."
Systems Interoperability Types: A Tertiary Study;R. S. P. Maciel, P. Valle, Kécia Souza Santana Santos, E. Nakagawa;10.1145/3659098;https://doi.org/10.1145/3659098;ACM Computing Surveys;9;2023;maybe;While interoperability is central to the paper, it is not specifically focused on programming language interaction challenges.;maybe;The full-text accessibility cannot be determined from the abstract alone.;maybe;The abstract does not specifically address programming language interaction, and instead discusses interoperability more broadly across different technologies and domains.;no;There is no explicit mention of specific multilingual software systems or programming languages.;yes;The abstract is written in English, meeting this criterion.;yes;The paper appears to be from a software engineering context, analyzing software-intensive systems.;maybe;The paper presents a tertiary study analyzing 37 secondary studies, but does not specifically mention metrics for multilingual interoperability.;maybe;The paper presents a systematic analysis of existing studies, but not specifically empirical evaluation of multilingual systems.;yes;The paper goes beyond NLP, discussing various domains including blockchain, IoT, and Industry 4.0.;maybe;The paper strongly focuses on interoperability, but at a broader technological and social-technical level rather than specifically for multilingual software.;maybe;The abstract does not explicitly discuss multiple programming languages, and instead focuses on general interoperability across different technologies and domains.;no;The paper does not specifically focus on multilingual software systems.;yes;The paper presents technical and systematic analysis, meeting this criterion.;maybe;While the paper discusses frameworks and solutions, they are not specifically for multilingual software integration.;Exclude;The abstract presents a comprehensive study on interoperability across technologies, but fails to meet specific criteria related to multilingual software systems and programming language interactions. While the research is technically rigorous and explores broad interoperability challenges, it does not focus on the targeted aspects of multilingual software integration and programming language collaboration. Consequently, the paper does not align sufficiently with the detailed screening requirements for multilingual software system research.;2.7;EC1;The abstract presents a comprehensive study on interoperability across technologies, but fails to meet specific criteria related to multilingual software systems and programming language interactions. While the research is technically rigorous and explores bro…
How Are Multilingual Systems Constructed: Characterizing Language Use and Selection in Open-Source Multilingual Software;Wen Li, Austin Marino, Haoran Yang, Na Meng, Li Li, Haipeng Cai;10.1145/3631967;https://doi.org/10.1145/3631967;ACM Transactions on Software Engineering and Methodology;6;2023;no;The paper focuses on characterizing language use patterns and selection rather than technical challenges of interoperability.;maybe;Cannot be determined from the abstract alone, but given it's a research paper on GitHub projects, it's likely accessible.;maybe;While the paper studies multilingual software systems, it focuses more on characterizing language use patterns rather than specifically addressing component interaction challenges.;yes;The study analyzes 7,113 GitHub projects and specifically mentions multilingual software systems.;yes;The abstract is in English.;yes;The paper appears to be a software engineering research study analyzing GitHub projects.;yes;The study uses association rule mining and statistical analysis to evaluate language use patterns.;yes;The study presents a large-scale empirical analysis of GitHub projects.;yes;The study examines general software development, not just NLP.;maybe;While the paper studies multilingual systems, it doesn't explicitly focus on integration challenges.;yes;The paper explicitly focuses on multilingual software systems and analyzes projects using multiple programming languages.;yes;The entire study focuses on multilingual software systems.;yes;The paper presents technical and empirical evidence through statistical analysis.;no;The paper appears to be primarily descriptive/analytical rather than presenting technical solutions.;Include;A comprehensive study of multilingual software systems analyzing 7,113 GitHub projects reveals significant insights into language use patterns across software development. While the research provides robust empirical evidence about programming language selection and usage, it falls short of directly addressing technical interoperability challenges or presenting specific integration solutions. The study offers valuable characterization of multilingual software development but does not fully explore the technical complexities of language interaction within software systems.;3.5;IC;"Meets IC; supported language."
Multilingual Source Code Analysis: A Systematic Literature Review;Zaigham Mushtaq, G. Rasool, Balawal Shehzad;10.1109/ACCESS.2017.2710421;https://doi.org/10.1109/ACCESS.2017.2710421;IEEE Access;32;2017;yes;The paper's main focus is on analyzing and understanding cross-language dependencies and interactions, indicating that the main subject is a technical or empirical challenge caused by the interaction between several programming languages within the same software system.;maybe;The full-text accessibility of the paper cannot be determined from the abstract alone.;yes;"The paper specifically addresses ""cross-language links"" and ""interdependent"" artifacts across multiple programming languages, indicating that it focuses on the interaction of components written in different programming languages within the same software system.";maybe;While the paper discusses multilingual systems, it doesn't explicitly name specific systems in the abstract.;yes;The abstract is written in English, meeting the publication language criterion.;yes;This is a systematic literature review in software engineering, analyzing 56 papers from software engineering domains, meeting the scientific field criterion.;yes;The paper discusses various techniques, tools, and methodologies for analyzing multilingual code, meeting the assessment methods criterion.;yes;As a systematic literature review, the paper analyzes empirical studies and presents findings from 56 papers, meeting the empirical evidence criterion.;yes;The paper covers multiple software engineering domains beyond NLP, including refactoring, reverse engineering, and security analysis, meeting the integration scope criterion.;yes;The paper explicitly addresses cross-language integration challenges, meeting the integration/interoperability criterion.;yes;"The paper explicitly focuses on ""cross-language artifacts"" and ""multilingual source code analysis"", indicating that it addresses systems supporting multiple languages rather than just a single language.";yes;The paper's primary focus is on multilingual software systems, meeting the multilingual system focus criterion.;yes;This is a systematic literature review presenting technical and empirical evidence, meeting the research type criterion.;yes;The paper discusses tools, techniques, and frameworks for analyzing multilingual applications, meeting the technical solution criterion.;Include;A systematic literature review comprehensively addressing multilingual software systems, covering cross-language artifacts, integration challenges, and technical solutions across multiple software engineering domains. The study synthesizes empirical evidence from 56 papers, examining techniques, tools, and methodologies for analyzing multilingual source code with a strong focus on interoperability and technical challenges. The research provides a robust framework for understanding and addressing complex interactions between programming languages within software systems.;4.9;IC;"Meets IC; supported language."
Enterprise interoperability assessment: a requirements engineering approach;Gabriel S. S. Leal, W. Guédria, H. Panetto;10.1080/0951192x.2020.1736636;https://doi.org/10.1080/0951192x.2020.1736636;International journal of computer integrated manufacturing (Print);8;2020;no;While interoperability is central to the paper, it's not specifically about programming language interaction.;maybe;Cannot be determined from the abstract alone.;no;The abstract doesn't mention programming languages or their interaction. It focuses on enterprise system interoperability requirements.;no;No mention of specific software systems or programming languages.;yes;The abstract is in English, meeting this criterion.;yes;The paper appears to be from a software engineering or systems engineering domain, likely meeting this criterion.;maybe;The paper mentions using Requirements Engineering to identify and formalize interoperability requirements, partially meeting this criterion.;maybe;The abstract doesn't clearly indicate whether empirical evaluation is included.;yes;The paper appears to address general enterprise system integration, meeting this criterion.;no;The paper strongly focuses on interoperability, but not specifically in multilingual software contexts.;no;The abstract discusses interoperability in business ecosystems but does not specifically mention multiple programming languages. It appears to focus on enterprise system interoperability in general.;no;No evidence of focus on multilingual systems.;yes;The paper presents a technical approach using Requirements Engineering, meeting this criterion.;no;The paper presents a technical solution for analyzing interoperability requirements, but not specifically for multilingual software integration.;Exclude;The abstract focuses on enterprise system interoperability requirements using Requirements Engineering, but lacks specific evidence of multilingual programming language interaction. While the paper addresses technical interoperability challenges, it does not meet the screening criteria's focus on programming language integration and multilingual software systems. The research appears to be centered on business ecosystem collaboration rather than technical language interoperability.;2.5;EC1;The abstract focuses on enterprise system interoperability requirements using Requirements Engineering, but lacks specific evidence of multilingual programming language interaction. While the paper addresses technical interoperability challenges, it does not m…
Methodologies for multilingual information integration in the domain of Chinese art;Shu-jiun Chen, Ching-ju Cheng, Hsueh-hua Chen;10.1177/0340035211430797;https://doi.org/10.1177/0340035211430797;-;5;2011;no;The interoperability discussed is between natural languages (Chinese-English), not programming languages.;maybe;The full-text accessibility of the paper cannot be determined from the abstract alone.;no;The paper focuses on metadata and thesauri interoperability between natural languages (Chinese-English), not programming languages.;no;While the paper discusses multilingual systems, these are not programming language systems but rather metadata/thesaurus systems.;yes;The abstract is written in English, meeting the publication language requirement.;maybe;The abstract does not explicitly state the publication venue, so the scientific field is unclear.;maybe;"The paper mentions ""metadata quality"" and ""control vocabulary,"" but these are not specifically about programming language interoperability.";maybe;"The paper discusses ""methodologies"" and ""research projects,"" but it's unclear if it includes empirical evaluation.";no;The focus of the paper appears to be specifically on metadata and thesaurus integration, not software integration aspects beyond natural language processing.;no;The paper discusses integration and interoperability, but for natural language metadata, not programming languages.;yes;The paper explicitly addresses Chinese-English interoperability, indicating that it supports multiple languages.;yes;The paper focuses on multilingual systems, but for natural language handling, not programming languages.;yes;The paper presents technical methodologies and frameworks, meeting the research type requirement.;yes;The paper presents a methodological framework with four modules, meeting the technical solution requirement.;Exclude;The abstract describes a methodology for Chinese-English metadata interoperability, focusing on natural language translation and thesaurus integration rather than programming language interactions. Despite addressing multilingual systems, the research does not meet the screening criteria's requirements for programming language interoperability, technical software integration, or empirical assessment of multilingual software systems. Consequently, the paper falls outside the targeted research scope.;2.5;EC1;The abstract describes a methodology for Chinese-English metadata interoperability, focusing on natural language translation and thesaurus integration rather than programming language interactions. Despite addressing multilingual systems, the research does not…
Toward the Multilingual Semantic Web: Multilingual Ontology Matching and Assessment;Shimaa Ibrahim, S. Fathalla, Jens Lehmann, Hajira Jabeen;10.1109/ACCESS.2023.3238871;https://doi.org/10.1109/ACCESS.2023.3238871;IEEE Access;11;2023;no;The paper focuses on interoperability, but between natural language ontologies, not programming languages.;maybe;Cannot be determined from abstract alone, but mentions open-source implementation.;no;The paper does not address interaction between different programming languages. It focuses on natural language ontologies.;no;While it mentions implementation in Scala and Apache Spark, it's not about systems built with multiple programming languages.;yes;The abstract is in English.;maybe;While related to software engineering, it's more focused on semantic web and ontology matching.;no;The paper presents 14 metrics for evaluation, but these are for ontology matching, not programming language interoperability.;yes;The paper includes empirical evaluation through comparison with OAEI 2020.;no;The paper focuses specifically on natural language processing and ontology matching.;no;While it addresses interoperability, it's specifically for natural language ontologies, not programming languages.;no;The paper focuses on multilingual ontologies and cross-lingual matching, but this is about natural languages rather than programming languages.;no;While it handles multiple languages, these are natural languages, not programming languages.;yes;The paper presents technical and empirical evidence.;no;The paper presents a technical solution (MoMatch), but for natural language ontology matching, not programming language integration.;Exclude;The research focuses on multilingual ontology matching across natural languages, not programming language interoperability, which fundamentally misaligns with the screening criteria. Despite presenting a rigorous technical approach with empirical validation, the study does not address software systems built with multiple programming languages or their integration challenges. Consequently, the paper fails to meet the core requirements for multilingual software system research.;1.4;EC1;The research focuses on multilingual ontology matching across natural languages, not programming language interoperability, which fundamentally misaligns with the screening criteria. Despite presenting a rigorous technical approach with empirical validation, t…
Integration Technologies in Laboratory Information Systems: A Systematic Review;Jay Mark Edayan, Arthon Jon Gallemit, Niña Eunice Sacala, Xavier-Lewis Palmer, Lucas Potter, Junil Rarugal, Lemuel Clark Velasco;10.1016/j.imu.2024.101566;https://doi.org/10.1016/j.imu.2024.101566;Informatics in Medicine Unlocked;3;2024;maybe;While interoperability is central to the paper, it is about healthcare system integration rather than programming language interoperability.;maybe;The full-text accessibility cannot be determined from the abstract alone, but being a systematic review published in a medical context suggests likely accessibility.;no;The abstract does not discuss interaction between different programming languages. It focuses on system-to-system integration at a higher level.;no;There is no explicit mention of systems built with multiple programming languages.;yes;The abstract is written in English, meeting this criterion.;maybe;While this is a systematic review, it is primarily focused on healthcare information systems rather than software engineering specifically.;maybe;The paper does present assessment methods, but for healthcare system integration rather than programming language interoperability.;yes;The paper includes empirical evaluation of 28 studies.;yes;The paper goes beyond NLP, focusing on healthcare system integration.;maybe;The paper heavily focuses on integration and interoperability, but at the system level rather than programming language level.;maybe;The abstract does not explicitly mention support for multiple programming languages. It focuses on system integration but not specifically language-level integration.;no;The focus is on healthcare systems rather than multilingual programming systems.;yes;This is a technical and empirical study.;maybe;While technical solutions are discussed, they are for healthcare system integration rather than programming language integration.;Exclude;The systematic review focuses on healthcare information system integration, lacking specific exploration of multilingual programming language interactions. Despite presenting robust empirical research on system interoperability, the study does not address programming language collaboration or multilingual software system challenges. Consequently, the paper does not meet the core screening criteria related to multilingual software engineering.;2.5;EC1;The systematic review focuses on healthcare information system integration, lacking specific exploration of multilingual programming language interactions. Despite presenting robust empirical research on system interoperability, the study does not address prog…
Semantic Interoperability Methods for Smart Service Systems: A Survey;Fabian Burzlaff, Nils Wilken, Christian Bartelt, H. Stuckenschmidt;10.1109/TEM.2019.2922103;https://doi.org/10.1109/TEM.2019.2922103;IEEE transactions on engineering management;20;2019;no;While the paper discusses integration challenges, these are not specifically related to programming language interoperability.;maybe;Cannot be determined from the abstract alone.;no;The abstract does not mention interaction between different programming languages. It focuses on component composition in IoT systems.;no;No explicit mention of systems built with multiple programming languages.;yes;The abstract is in English, meeting this criterion.;yes;The paper appears to be from a software engineering field, focusing on software architecture and component-based engineering.;maybe;"The abstract mentions ""performance evaluation"" but not specifically for multilingual software interoperability.";yes;The paper is a systematic literature review that identifies 75 primary studies, suggesting some empirical content.;yes;The paper addresses integration beyond NLP, focusing on IoT systems and component composition.;maybe;The paper does address integration challenges, but not in the context of multilingual software.;no;The abstract does not explicitly mention support for multiple programming languages. It focuses on IoT systems and component composition in general.;no;No evidence of focus on multilingual systems or locales.;yes;The paper presents a systematic review with technical analysis, meeting this criterion.;no;While the paper discusses architectural approaches, these are not specifically for multilingual software integration.;Exclude;The systematic review focuses on IoT component composition and software architecture, but lacks specific evidence of multilingual programming language integration. Despite addressing integration challenges and presenting a comprehensive literature review, the study does not meet critical screening criteria related to multilingual software systems and programming language interoperability. Consequently, the paper does not align sufficiently with the required research focus.;2.5;EC1;The systematic review focuses on IoT component composition and software architecture, but lacks specific evidence of multilingual programming language integration. Despite addressing integration challenges and presenting a comprehensive literature review, the …
Integrative Research: The EuroGEOSS Experience;Lorenzino Vaccari, M. Craglia, C. Fugazza, S. Nativi, M. Santoro;10.1109/JSTARS.2012.2190382;https://doi.org/10.1109/JSTARS.2012.2190382;IEEE Journal of Selected Topics in Applied Earth Observations and Remote Sensing;33;2012;no;While interoperability is central to the paper, it's not specifically about programming language interaction.;maybe;The full-text accessibility cannot be determined from the abstract alone.;no;The abstract does not specifically address programming language interaction. It focuses on broader system integration challenges.;no;There is no explicit mention of specific programming languages or multilingual systems.;yes;The abstract is written in English, meeting this criterion.;maybe;The paper appears to be from a relevant field (spatial data infrastructures and systems integration), though it's not explicitly clear if it's from a software engineering journal.;maybe;The paper mentions analyzing challenges but does not clearly specify assessment methods for multilingual interoperability.;maybe;The paper mentions implementation in the EuroGEOSS project, suggesting some empirical content.;yes;The paper goes beyond NLP, focusing on spatial data infrastructures.;maybe;The paper strongly focuses on integration and interoperability, but not specifically in a multilingual programming context.;maybe;The abstract does not explicitly mention multiple programming languages. It discusses interoperability in a broader sense, focusing on spatial data infrastructures.;no;The focus is on system integration, but not specifically on multilingual systems.;yes;The paper appears to present technical analysis and implementation evidence.;maybe;"The paper presents a ""flexible approach to interoperability, based on mediation and brokering,"" but not specifically for multilingual software integration.";Exclude;The abstract discusses system integration and interoperability in spatial data infrastructures, but does not specifically address multilingual programming language interactions. While the paper presents technical solutions for system integration, it fails to meet the screening criteria focused on programming language interoperability. The research appears to be about a different type of system integration than what is targeted by the screening requirements.;2.7;EC1;The abstract discusses system integration and interoperability in spatial data infrastructures, but does not specifically address multilingual programming language interactions. While the paper presents technical solutions for system integration, it fails to m…
Identifying criteria for multimodel software process improvement solutions – based on a review of current problems and initiatives;Zádor Dániel Kelemen, R. Kusters, J. Trienekens;10.1002/smr.549;https://doi.org/10.1002/smr.549;J. Softw. Evol. Process.;15;2012;no;While the paper discusses integration challenges, these are related to quality approaches rather than programming language interoperability.;maybe;Cannot be determined from the abstract alone, but it appears to be from a Wiley journal, suggesting likely accessibility.;no;The paper does not focus on interaction between different programming languages. Instead, it discusses different quality approaches and standards.;no;No evidence of analyzing specific multilingual software systems.;yes;The abstract is in English, meeting this criterion.;yes;The paper appears to be from a software engineering context, meeting this criterion.;maybe;The paper mentions deriving criteria for multimodel solutions, but these are not specifically for evaluating programming language interoperability.;maybe;The abstract suggests analysis of current initiatives but doesn't explicitly mention empirical evaluation.;no;The paper focuses on software process improvement rather than software integration.;maybe;While integration is discussed, it's in the context of quality approaches rather than programming language integration.;maybe;"The abstract discusses ""multimodel"" software processes but does not specifically address multiple programming languages. It focuses on quality approaches and standards.";no;The paper does not focus on multilingual software systems in the programming language sense.;yes;The paper appears to present technical analysis and criteria development, meeting this criterion.;no;While the paper presents solutions, they are for quality approach integration rather than programming language integration.;Exclude;The abstract focuses on software process improvement and quality approaches, not programming language interoperability, fundamentally misaligning with the systematic review's core criteria. Despite being in English and from a software engineering context, the paper lacks evidence of multilingual software systems, programming language integration, or technical solutions for language interoperability. Consequently, the study does not meet the essential screening requirements for the systematic review.;1.4;EC1;The abstract focuses on software process improvement and quality approaches, not programming language interoperability, fundamentally misaligning with the systematic review's core criteria. Despite being in English and from a software engineering context, the …
Health Care Organizations’ Interoperability during Multi-Organizational Disaster Management: A Scoping Review;S. Gastaldi, M. Horlait;10.1017/S1049023X22000516;https://doi.org/10.1017/S1049023X22000516;Prehospital and Disaster Medicine;5;2022;no;While interoperability is central to the paper, it's not about programming language interaction but rather organizational and technical systems in disaster management.;maybe;The full text accessibility cannot be determined from the abstract alone, but the paper appears to be from academic databases (PubMed, Google Scholar, Web of Science).;no;The paper discusses interoperability, but not specifically between programming languages. It focuses on organizational and technological interoperability in disaster response.;no;There is no evidence of the paper analyzing software systems built with multiple programming languages.;yes;The paper is written in English, meeting this criterion.;no;While this is a scientific paper, it's focused on disaster management and healthcare systems, not software engineering or programming languages.;no;The paper uses systematic review methodology (PRISMA-ScR, CASP checklists) but not specifically for multilingual software interoperability.;no;The paper includes empirical evaluation through systematic review, but not of multilingual software systems.;no;The paper goes beyond NLP, but not in the context of programming languages.;no;While the paper focuses on interoperability, it's in the context of disaster management systems, not multilingual software.;no;The abstract does not discuss programming language support, and instead focuses on organizational and technological interoperability in disaster management.;no;The paper does not focus on software systems handling multiple languages.;yes;The paper presents technical and empirical evidence through systematic review.;no;While solutions are discussed, they're not related to multilingual software integration.;Exclude;The research paper focuses on disaster management and healthcare system interoperability, fundamentally diverging from the screening criteria's emphasis on multilingual software systems and programming language interactions. Despite being a rigorous scientific study, the abstract fails to address key requirements related to software engineering, programming language collaboration, and technical interoperability between different programming languages. Consequently, the paper does not meet the majority of the specified screening criteria.;1.4;EC1;The research paper focuses on disaster management and healthcare system interoperability, fundamentally diverging from the screening criteria's emphasis on multilingual software systems and programming language interactions. Despite being a rigorous scientific…
Data interoperability software solution for emergency reaction in the Europe Union;Ruben Casado, E. Rubiera, M. Sacristán, F. Schütte, R. Peters;10.5194/NHESS-15-1563-2015;https://doi.org/10.5194/NHESS-15-1563-2015;-;18;2014;no;The paper does focus on interoperability challenges, but primarily from a semantic and data format perspective rather than programming language interaction.;maybe;Cannot be determined from the abstract alone.;no;The paper focuses on interoperability between systems, but doesn't explicitly mention different programming languages. Instead, it focuses on semantic and data format interoperability.;no;While the system (EMERGEL) is described, it's not explicitly stated to be built with multiple programming languages.;yes;The abstract is in English.;yes;While not explicitly stated, the technical nature and focus on software systems suggests it's from a relevant field.;maybe;The abstract mentions validation through a prototype scenario, but doesn't detail specific assessment methods.;yes;Yes, includes validation through a realistic prototype scenario.;yes;Goes beyond NLP, addressing emergency management systems and data interoperability.;yes;Strong focus on integration and interoperability challenges.;yes;"The paper addresses systems supporting multiple languages, specifically mentioning ""cultural, semantic and linguistic differences"" and cross-border scenarios.";yes;Yes, addresses systems handling multiple languages and cultural contexts.;yes;Presents technical solutions and empirical evidence.;yes;Presents specific technical solutions (EMERGEL and DISASTER).;Exclude;The research addresses multilingual and cross-border emergency management systems with a focus on semantic and data interoperability, but does not specifically examine programming language interactions. While the study presents technical solutions and empirical validation, it falls short of the screening criteria's emphasis on programming language interoperability. The paper's scope is more aligned with semantic and cultural integration challenges rather than the targeted technical language integration requirements.;2.7;EC1;The research addresses multilingual and cross-border emergency management systems with a focus on semantic and data interoperability, but does not specifically examine programming language interactions. While the study presents technical solutions and empirica…
Providing Architectural Languages and Tools Interoperability through Model Transformation Technologies;I. Malavolta, H. Muccini, Patrizio Pelliccione, D. Tamburri;10.1109/TSE.2009.51;https://doi.org/10.1109/TSE.2009.51;IEEE Transactions on Software Engineering;107;2010;no;While interoperability is central to the paper, it's about architectural modeling languages rather than programming languages.;maybe;Cannot be determined from abstract alone, but being an Eclipse plugin suggests it's likely accessible.;no;While the paper discusses language interoperability, it's about architectural modeling languages (UML, Darwin/FSP) rather than programming languages.;no;The paper does not discuss systems built with multiple programming languages.;yes;The abstract is in English.;yes;The paper appears to be from software engineering, focusing on architectural modeling.;no;The paper mentions verification using LTSA, but this is for architectural models, not programming language interoperability.;no;The paper includes an industrial case study, but again, not for programming language interoperability.;no;The paper goes beyond NLP, but focuses on architectural modeling rather than programming language integration.;no;The paper focuses on integration, but for architectural modeling languages rather than programming languages.;no;The paper focuses on architectural languages and their interoperability, but these are modeling languages rather than programming languages.;no;The paper focuses on multiple architectural languages, but not programming languages.;yes;The paper presents technical evidence and implementation.;no;The paper presents a technical solution (DUALLy), but for architectural modeling languages rather than programming languages.;Exclude;The research focuses on architectural modeling language interoperability rather than programming language integration, failing to meet most screening criteria related to multilingual software systems. While technically rigorous and presenting a novel framework for language transformation, the study does not address the specific requirements of programming language collaboration and system-level interoperability. Consequently, the paper does not align with the intended screening parameters for multilingual software research.;1.4;EC1;The research focuses on architectural modeling language interoperability rather than programming language integration, failing to meet most screening criteria related to multilingual software systems. While technically rigorous and presenting a novel framework…
Interoperability of heterogeneous health information systems: a systematic literature review;Amir Torab-Miandoab, Taha Samad-Soltani, A. Jodati, Peyman Rezaei-Hachesu;10.1186/s12911-023-02115-5;https://doi.org/10.1186/s12911-023-02115-5;BMC Medical Informatics and Decision Making;139;2023;maybe;While interoperability is central to the paper, it's about health information systems rather than programming language interaction.;yes;"The abstract mentions that articles were selected based on being ""available in full text,"" suggesting this paper is accessible.";no;The paper doesn't focus on interaction between different programming languages. Instead, it discusses interoperability between health information systems.;no;There is no explicit mention of software systems built with multiple programming languages.;yes;The paper is written in English.;maybe;While this is a systematic review, it's focused on health information systems rather than software engineering specifically.;maybe;The paper appears to review interoperability requirements but doesn't specifically present assessment methods for programming language interoperability.;maybe;The paper is a systematic review of existing literature rather than presenting new empirical evidence.;no;The paper focuses specifically on health information systems integration, not programming language integration.;yes;The paper focuses heavily on integration and interoperability, but in the context of health information systems rather than programming languages.;maybe;The abstract does not explicitly discuss multiple programming languages. While it mentions various technologies (HL7 FHIR, CDA, HIPAA, etc.), these are standards and frameworks rather than programming languages.;no;There is no evidence of focus on software systems handling multiple programming languages.;yes;This is a systematic review with technical content.;maybe;While technical solutions are discussed (HL7 FHIR, CDA, etc.), they're not related to programming language integration.;Exclude;The systematic review focuses on health information system interoperability, which fundamentally differs from the screening criteria's emphasis on programming language integration. Despite being a rigorous technical study, the paper lacks specific elements related to multilingual software systems, programming language interaction, and technical solutions for language interoperability. Consequently, the abstract does not meet the majority of the predefined screening requirements.;1.4;EC1;The systematic review focuses on health information system interoperability, which fundamentally differs from the screening criteria's emphasis on programming language integration. Despite being a rigorous technical study, the paper lacks specific elements rel…
Semantics for interoperability of distributed data and models: Foundations for better-connected information;F. Villa, S. Balbi, I. Athanasiadis, Caterina Caracciolo;10.12688/F1000RESEARCH.11638.1;https://doi.org/10.12688/F1000RESEARCH.11638.1;F1000Research;29;2017;maybe;While interoperability is central to the paper, it's focused on semantic and data interoperability rather than programming language interoperability.;maybe;The full-text accessibility cannot be determined from the abstract alone.;no;The paper does not appear to focus on programming language interaction. Instead, it discusses semantic interoperability of data and models.;no;There is no mention of specific software systems built with multiple programming languages.;yes;The abstract is written in English, meeting this criterion.;maybe;While the paper appears to be technical in nature, it seems to focus more on semantic annotation and data interoperability rather than software engineering specifically.;maybe;"The paper mentions ""machine-ready semantic specifications"" but doesn't specifically address programming language interoperability assessment.";maybe;"The paper mentions ""practical use"" and ""examples,"" suggesting some empirical content, but not specifically for programming language interoperability.";yes;The paper goes beyond NLP, focusing on broader semantic interoperability.;maybe;The paper does address integration challenges, but at a semantic and data level rather than programming language level.;maybe;The abstract does not explicitly mention multiple programming languages. It discusses semantic annotation and interoperability in a general sense, but not specifically for programming languages.;no;The focus is on semantic interoperability rather than multilingual programming systems.;yes;The paper appears to present technical and empirical evidence rather than just opinions.;maybe;The paper presents technical solutions, but for semantic annotation rather than programming language integration.;Exclude;The abstract focuses on semantic interoperability of data and models, but does not address programming language interaction or multilingual software systems. While technically rigorous, the paper fails to meet key screening criteria related to programming language collaboration, integration, and empirical assessment of multilingual software systems. The research appears to be misaligned with the specific requirements of the systematic review.;2.5;EC1;The abstract focuses on semantic interoperability of data and models, but does not address programming language interaction or multilingual software systems. While technically rigorous, the paper fails to meet key screening criteria related to programming lang…
Component Content Management and Quality of Information Products for Global Audiences: An Integrative Literature Review;T. Batova;10.1109/TPC.2014.2373911;https://doi.org/10.1109/TPC.2014.2373911;IEEE Transactions on Professional Communication;10;2014;no;The paper focuses on content management and translation challenges, not programming language interoperability.;maybe;Cannot be determined from abstract alone.;no;The paper does not address programming language interaction. Instead, it focuses on content management and translation.;no;No evidence of analyzing software systems built with multiple programming languages.;yes;The paper is written in English.;no;The paper appears to be from technical communication and translation fields, not software engineering or programming languages.;no;While the paper discusses evaluation of quality, it's not related to programming language interoperability.;no;The paper is a literature review rather than an empirical study.;no;The paper focuses specifically on content management and translation, not broader software integration.;no;The paper discusses integration, but in the context of content management, not programming languages.;no;The paper discusses multilingual information products and translation, but focuses on content management rather than programming language support.;no;While the paper discusses multilingual content, it's not about software systems handling multiple languages.;yes;The paper presents a systematic literature review, which is a valid research type.;no;The paper discusses content management approaches but not technical solutions for programming language integration.;Exclude;The research paper focuses on content management and translation in technical communication, fundamentally diverging from software engineering and programming language interoperability requirements. Despite addressing multilingual aspects, the study lacks critical elements such as programming language interaction, software system analysis, and technical solutions for language integration. Consequently, the paper fails to meet most screening criteria related to multilingual software systems and programming language collaboration.;1.4;EC1;The research paper focuses on content management and translation in technical communication, fundamentally diverging from software engineering and programming language interoperability requirements. Despite addressing multilingual aspects, the study lacks crit…
Linguistic and ontological challenges of multiple domains contributing to transformed health ecosystems;Markus Kreuzthaler, M. Brochhausen, C. Zayas, B. Blobel, S. Schulz;10.3389/fmed.2023.1073313;https://doi.org/10.3389/fmed.2023.1073313;Frontiers in Medicine;6;2023;no;While interoperability is central, it's about healthcare data and ontologies, not programming language interaction.;maybe;Cannot be determined from abstract alone.;no;The paper does not address programming language interaction. It focuses on natural language processing and ontological integration.;no;No mention of programming languages or multilingual software systems.;yes;The abstract is in English.;maybe;While related to software engineering through NLP and ontologies, it's primarily focused on healthcare/biomedical informatics.;no;The paper appears to discuss evaluation methods, but for healthcare data interoperability, not programming language integration.;no;The abstract suggests an overview rather than empirical evaluation.;no;The paper focuses specifically on healthcare and biomedical data integration, which is narrower than general software integration.;no;Addresses integration challenges, but in the context of healthcare data and ontologies, not programming languages.;no;The paper discusses multiple natural languages in healthcare data, but not programming languages.;no;While it addresses multiple languages, these are natural languages in healthcare context, not programming languages.;maybe;Appears to be a technical overview rather than presenting new empirical evidence.;no;Presents frameworks for healthcare data integration, but not for programming language integration.;Exclude;The abstract focuses on healthcare data integration and natural language processing, fundamentally misaligning with the screening criteria's emphasis on programming language interoperability. Despite addressing integration challenges, the paper lacks specific examination of multilingual software systems, programming language interactions, or technical solutions for cross-language software development. Consequently, the abstract fails to meet the majority of the systematic review's core screening requirements.;1.4;EC1;The abstract focuses on healthcare data integration and natural language processing, fundamentally misaligning with the screening criteria's emphasis on programming language interoperability. Despite addressing integration challenges, the paper lacks specific …
A Multilingual Integrated Framework for Processing Lexical Collocations;Violeta Seretan;10.1007/978-3-642-34399-5_5;https://doi.org/10.1007/978-3-642-34399-5_5;Computational Linguistics;6;2013;no;The main subject is lexical collocations in NLP, not programming language interoperability, so it does not meet the centrality of the interoperability problem criterion.;maybe;The full-text accessibility cannot be determined from the abstract alone.;no;The paper focuses on natural language processing and lexical collocations, not on programming language interoperability, so it does not meet the interlanguage collaboration criterion.;no;While the system is multilingual, it's in the context of natural languages, not programming languages, so it does not meet the proof of multilingual systems criterion.;yes;The abstract is written in English, meeting the publication language criterion.;yes;While not explicitly stated, the content suggests this is from a computer science/NLP conference or journal, meeting the scientific field criterion.;yes;"The abstract mentions ""experimental results"" and evaluation of performance, meeting the assessment methods criterion.";yes;The paper includes experimental results and performance evaluation, meeting the empirical evidence criterion.;no;The paper focuses specifically on NLP and lexical processing, not software integration aspects beyond just natural language processing, so it does not meet the integration scope criterion.;no;The integration discussed is about NLP components, not programming language integration, so it does not meet the integration/interoperability criterion.;yes;"The abstract explicitly mentions a ""multilingual framework"" and discusses applications across multiple languages, indicating that the study addresses systems supporting multiple languages.";no;While multilingual, the paper is focused on natural language processing, not programming language systems, so it does not meet the multilingual system focus criterion.;yes;The paper presents technical and empirical evidence, meeting the research type criterion.;yes;The paper presents a framework and methodology, but for NLP rather than programming language integration, so it does not fully meet the technical solution criterion.;Exclude;The research paper focuses on natural language processing and lexical collocations, which fundamentally differs from the screening criteria's emphasis on programming language interoperability. Despite presenting a multilingual framework with empirical evidence, the study does not address software integration between programming languages, rendering it non-compliant with the core screening requirements. The technical approach and methodology, while rigorous, are specifically oriented toward natural language processing rather than multilingual software system challenges.;1.4;EC1;The research paper focuses on natural language processing and lexical collocations, which fundamentally differs from the screening criteria's emphasis on programming language interoperability. Despite presenting a multilingual framework with empirical evidence…
Towards a Question Answering System over the Semantic Web;Dennis Diefenbach, A. Both, K. Singh, P. Maret;10.3233/SW-190343;https://doi.org/10.3233/SW-190343;Semantic Web;108;2018;no;The interoperability discussed is between knowledge bases and natural languages, not programming languages.;maybe;Cannot be determined from the abstract alone.;no;The paper focuses on natural language processing and knowledge bases rather than programming language interoperability.;no;While the system handles multiple natural languages, it doesn't discuss multiple programming languages.;yes;The abstract is in English.;maybe;While not explicitly stated, the focus on semantic web and question answering suggests this is from a relevant computer science conference or journal.;yes;The abstract mentions evaluation using 5 different knowledge bases and 5 languages.;yes;The abstract mentions evaluation and validation of their approach.;no;The paper appears to focus specifically on natural language processing and question answering.;maybe;While it addresses integration, it's focused on natural language and knowledge base integration rather than programming language integration.;yes;The paper explicitly addresses multiple languages (English, German, French, Italian, Spanish) and discusses multilingual support.;yes;But focuses on natural language multilingualism rather than programming language multilingualism.;yes;Presents technical solution and empirical evaluation.;yes;Presents a technical solution for multilingual question answering.;Exclude;The research addresses multilingual support across natural languages and knowledge bases, but does not focus on programming language interoperability. While demonstrating technical innovation in question answering systems, the study falls short of the systematic review's core criteria related to programming language integration and technical challenges. The paper's primary contribution lies in natural language processing rather than multilingual software system design.;2.5;EC1;The research addresses multilingual support across natural languages and knowledge bases, but does not focus on programming language interoperability. While demonstrating technical innovation in question answering systems, the study falls short of the systemat…
Globalizing Modeling Languages;B. Combemale, Julien Deantoni, B. Baudry, R. France, J. Jézéquel, Jeffrey G. Gray;10.1109/MC.2014.147;https://doi.org/10.1109/MC.2014.147;Computer;81;2014;maybe;The abstract suggests coordination between modeling languages is the main focus, but it is unclear if this is about technical challenges.;no;-;no;"While the abstract mentions ""language heterogeneity,"" it is specifically about domain-specific modeling languages rather than general-purpose programming languages, so it is unclear if the article focuses primarily on the interaction of components written in different programming languages.";no;The abstract does not explicitly name and analyze a software system built with multiple general-purpose programming languages.;yes;The abstract appears to be written in English, so the paper is likely written in English.;yes;"The focus on ""domain-specific modeling languages"" and ""software-intensive systems"" suggests the article is published in a conference or journal recognized in software engineering.";no;The abstract does not mention any assessment methods or metrics for evaluating multilingual software interoperability.;no;The abstract does not mention any empirical evaluation or assessment of multilingual software system implementation.;no;The focus appears to be on modeling languages rather than general software integration.;maybe;"The focus on ""coordinating"" modeling languages suggests integration challenges, but it is unclear if this is at the level of general software integration.";maybe;"The abstract mentions ""language heterogeneity"" which suggests the study addresses systems supporting multiple languages, but it is unclear if this refers to programming languages or modeling languages.";no;While the abstract addresses multiple languages, these appear to be modeling languages rather than programming languages.;no;The abstract does not provide enough information to determine if the study presents technical or empirical evidence.;maybe;The abstract suggests the study provides support for language heterogeneity, but the details are unclear.;Exclude;The abstract discusses domain-specific modeling languages and software-intensive systems, but lacks clear evidence of programming language interoperability or empirical assessment. While touching on language heterogeneity, the text does not definitively demonstrate the required focus on multilingual software systems or provide sufficient technical details to confidently meet the screening criteria.;2.7;EC4;Cannot be determined from abstract alone.
Google’s Multilingual Neural Machine Translation System: Enabling Zero-Shot Translation;Melvin Johnson, M. Schuster, Quoc V. Le, M. Krikun, Yonghui Wu, Z. Chen, Nikhil Thorat, F. Viégas, M. Wattenberg, Gregory S. Corrado, Macduff Hughes, Jeffrey Dean;10.1162/tacl_a_00065;https://doi.org/10.1162/tacl_a_00065;Transactions of the Association for Computational Linguistics;2100;2016;no;The interoperability discussed is between natural languages, not programming languages.;maybe;Cannot be determined from abstract alone.;no;The paper focuses on machine translation between natural languages, not programming languages.;no;While the system is multilingual, it's for natural language translation, not programming languages.;yes;The abstract is in English.;maybe;While not explicitly stated, the technical nature and benchmark references (WMT'14, WMT'15) suggest this is from a recognized computer science venue.;yes;The paper presents evaluation methods using WMT benchmarks.;yes;The paper includes empirical evaluation on multiple benchmarks.;no;The paper focuses exclusively on natural language processing and translation.;no;The integration discussed is for natural language translation, not programming language integration.;yes;The paper explicitly addresses multiple languages, supporting up to twelve language pairs.;no;While the system is multilingual, it's for natural language translation, not programming languages.;yes;The paper presents technical and empirical evidence.;yes;The paper presents a technical solution, but for natural language translation.;Exclude;The paper addresses multilingual machine translation between natural languages, not programming language interoperability, which fundamentally misaligns with the screening criteria. Despite presenting a technically sophisticated solution with empirical evidence, the research focuses on natural language translation rather than software system integration across programming languages. Consequently, the paper does not meet the core requirements for inclusion in the systematic review.;1.4;EC1;The paper addresses multilingual machine translation between natural languages, not programming language interoperability, which fundamentally misaligns with the screening criteria. Despite presenting a technically sophisticated solution with empirical evidenc…
InteSe: An Integrated Model for Resolving Ambiguities in Multimodal Sentences;Maria Chiara Caschera, F. Ferri, P. Grifoni;10.1109/TSMCA.2012.2210407;https://doi.org/10.1109/TSMCA.2012.2210407;IEEE Transactions on Systems, Man, and Cybernetics: Systems;20;2013;no;The paper focuses on semantic and syntactic ambiguities in multimodal interaction, not programming language interoperability.;maybe;The full-text accessibility cannot be determined from the abstract alone.;no;The paper does not focus on the interaction between different programming languages. Instead, it deals with multimodal interaction and ambiguity resolution.;no;There is no evidence in the abstract of the paper analyzing systems built with multiple programming languages.;yes;The abstract is written in English, meeting this criterion.;maybe;While the paper appears to be technical, it is not clearly situated in the software engineering or programming languages scientific field.;maybe;While the paper mentions evaluation methods for accuracy and robustness, these are not related to multilingual software interoperability.;maybe;The paper includes empirical evaluation, but not of multilingual software systems.;no;The paper appears to focus specifically on natural language processing and multimodal interaction, rather than software integration aspects beyond just natural language processing.;maybe;The paper discusses integration, but in the context of multimodal interaction, not programming language integration.;maybe;"The abstract discusses ""multimodal interaction languages"" but does not explicitly mention multiple programming languages. It appears to focus on natural language processing and multimodal interaction rather than systems supporting multiple programming languages.";no;"While the paper deals with ""multimodal"" systems, it does not focus on software systems handling multiple programming languages.";yes;The paper presents technical and empirical evidence, meeting this criterion.;maybe;The paper presents a technical solution, but for multimodal interaction ambiguity resolution, not programming language integration.;Exclude;The research focuses on multimodal interaction and ambiguity resolution in natural language processing, which diverges significantly from the screening criteria's emphasis on programming language interoperability. Despite presenting a technical solution with empirical evidence, the study does not address multilingual software systems, programming language integration, or interlanguage collaboration. Consequently, the paper fails to meet the core screening requirements for multilingual software system research.;1.4;EC1;The research focuses on multimodal interaction and ambiguity resolution in natural language processing, which diverges significantly from the screening criteria's emphasis on programming language interoperability. Despite presenting a technical solution with e…
Management Systems in Aviation: Challenges and Opportunities to Upgrade to an Integrated Management System;Joeri Meeûs, W. Dewulf, R. Macário;10.3390/su151310424;https://doi.org/10.3390/su151310424;Sustainability;2;2023;no;While interoperability is central to the paper, it's about management systems rather than programming language interoperability.;maybe;Cannot be determined from the abstract alone.;no;The paper does not address programming language interaction. It focuses on management system integration in aviation.;no;No evidence of analyzing software systems built with multiple programming languages.;yes;The abstract is in English, meeting this criterion.;no;While this appears to be a research paper, it's focused on aviation management systems rather than software engineering or programming languages.;no;The paper uses surveys as assessment methods, but not for programming language interoperability.;maybe;Yes, the study includes empirical evaluation through surveys, but not of multilingual software systems.;no;The paper focuses on management system integration, not software integration.;no;The paper does examine integration challenges, but in the context of management systems rather than programming languages.;no;"The abstract discusses management systems but does not specifically address multiple programming languages. It mentions ""different risk languages"" but this appears to be metaphorical rather than programming languages.";no;No evidence of focusing on software systems handling multiple languages.;yes;Yes, it presents empirical evidence through surveys.;no;The paper aims to develop a concept for an integrated management system, but not for programming language integration.;Exclude;The research paper focuses on aviation management system integration, fundamentally diverging from the screening criteria's emphasis on multilingual software systems and programming language interoperability. Despite presenting empirical research with surveys, the study lacks direct relevance to software engineering, programming language interactions, or technical solutions for multilingual system integration. Consequently, the paper fails to meet the majority of the specified screening requirements.;1.4;EC1;The research paper focuses on aviation management system integration, fundamentally diverging from the screening criteria's emphasis on multilingual software systems and programming language interoperability. Despite presenting empirical research with surveys,…
Four integration patterns: a socio‐technical approach to integration in IS development projects;B. Bygstad, P. Nielsen, B. Munkvold;10.1111/j.1365-2575.2007.00280.x;https://doi.org/10.1111/j.1365-2575.2007.00280.x;Information Systems Journal;58;2010;no;While the paper discusses integration challenges, these are not specifically related to programming language interoperability.;maybe;Cannot be determined from the abstract alone.;no;The paper does not focus on interaction between different programming languages. Instead, it discusses general system integration patterns.;no;No mention of specific multilingual software systems or programming languages.;yes;The abstract is in English, meeting this criterion.;yes;The paper appears to be from a recognized field (Information Systems and Software Engineering), meeting this criterion.;no;The paper presents patterns for integration assessment, but not specifically for multilingual software interoperability.;maybe;Yes, the paper includes three longitudinal case studies, but not focused on multilingual systems.;no;The paper addresses general system integration beyond NLP, but not specifically multilingual software integration.;no;The paper does address integration challenges, but at a general system level rather than specifically for multilingual software.;no;The abstract does not mention anything about multiple programming languages or language support. It focuses on general system integration patterns.;no;No evidence of focus on multilingual systems or language handling.;yes;Yes, the paper presents technical and empirical evidence through case studies.;no;While the paper presents integration patterns, these are not specifically for multilingual software integration.;Exclude;The research paper focuses on general system integration patterns in information systems project management, fundamentally diverging from the systematic review's specific interest in multilingual programming language integration. Despite meeting some general scientific criteria, the study lacks critical elements such as explicit discussion of programming language interoperability, multilingual system analysis, or technical solutions for language-specific software challenges. Consequently, the paper does not align with the core screening requirements for multilingual software system research.;1.4;EC1;The research paper focuses on general system integration patterns in information systems project management, fundamentally diverging from the systematic review's specific interest in multilingual programming language integration. Despite meeting some general s…
An empirical study of IS architectures in French SMEs: integration approaches;Marc Bidan, F. Rowe, D. Truex;10.1057/ejis.2012.12;https://doi.org/10.1057/ejis.2012.12;European Journal of Information Systems;73;2012;maybe;While interoperability is central to the paper, it is not specifically about programming language interoperability.;maybe;The full-text accessibility cannot be determined from the abstract alone.;maybe;The abstract does not specifically address interaction between different programming languages. It focuses on general system integration and interoperability.;no;There is no explicit mention of systems built with multiple programming languages.;yes;The abstract is written in English, meeting this criterion.;yes;The paper appears to be from a software engineering/information systems field, meeting this criterion.;maybe;The paper presents an empirical study methodology and taxonomy, but not specifically for multilingual software interoperability.;yes;The paper includes empirical evaluation (cross-sectional study of 143 SMEs).;yes;The paper addresses broad system integration beyond NLP.;maybe;The paper strongly focuses on integration and interoperability, but at a system architecture level rather than programming language level.;maybe;The abstract does not explicitly mention support for multiple programming languages. It discusses system integration and interoperability in general terms.;no;There is no clear indication of focus on multilingual systems.;yes;The paper presents empirical evidence and technical analysis.;maybe;The paper discusses architectural solutions and software bridges, but not specifically for multilingual integration.;Exclude;The study presents a comprehensive empirical analysis of information system architectures in SMEs, focusing on integration and interoperability strategies. However, the research does not specifically address multilingual programming language systems or their technical challenges, falling short of the targeted screening criteria. While methodologically robust, the paper's scope diverges from the precise requirements of multilingual software integration research.;2.7;EC1;The study presents a comprehensive empirical analysis of information system architectures in SMEs, focusing on integration and interoperability strategies. However, the research does not specifically address multilingual programming language systems or their t…
Instance-based Semantic Interoperability in the Cultural Heritage;Shenghui Wang, Antoine Isaac, Stefan Schlobach, L. V. D. Meij, Balthasar A. C. Schopman;10.3233/SW-2012-0045;https://doi.org/10.3233/SW-2012-0045;Semantic Web;13;2012;no;While interoperability is central to the paper, it's about semantic interoperability in cultural heritage data, not programming language interaction.;no;Cannot be determined from abstract alone.;no;The paper discusses semantic interoperability, but not specifically between programming languages.;no;No mention of programming languages or multilingual software systems.;yes;The paper appears to be in English.;no;While the paper discusses interoperability, it's focused on the Cultural Heritage domain rather than software engineering or programming languages.;maybe;The paper does present assessment methods (re-indexing and reference alignment), but for semantic matching rather than programming language interoperability.;maybe;The paper includes empirical evaluation of their methods, but not for multilingual software systems.;no;The paper focuses on cultural heritage data integration, not software integration.;no;The paper focuses on interoperability, but in the context of cultural heritage data rather than software systems.;no;"The abstract mentions ""multi-lingual collections"" as one of the scenarios, but this appears to be about content rather than programming languages.";no;While the paper mentions multilingual collections, this is about content rather than software systems.;yes;The paper presents technical and empirical evidence.;no;The paper presents technical solutions for semantic interoperability, but not for programming language integration.;Exclude;The research paper focuses on semantic interoperability in cultural heritage data, which fundamentally differs from multilingual software system requirements. Despite presenting technical methods and empirical evidence, the study does not address programming language interactions, software integration challenges, or multilingual system architectures. Consequently, the paper fails to meet the majority of the specified screening criteria for multilingual software systems.;1.4;EC4;Cannot be determined from abstract alone.
The Complexities of Globalized Content Management;T. Batova, D. Clark;10.1177/1050651914562472;https://doi.org/10.1177/1050651914562472;-;18;2015;no;The challenges discussed in the paper are related to content management and translation rather than programming language interoperability.;maybe;The full-text accessibility of the paper cannot be determined from the abstract alone.;no;The paper focuses on natural language translation/localization rather than programming language interaction.;no;The paper does not mention any specific software systems or programming languages.;yes;The paper is written in English, which meets the criterion.;no;The paper appears to be from the technical communication field rather than software engineering or programming languages.;no;The paper does not specify any technical assessment methods for evaluating multilingual software interoperability.;maybe;The authors draw on their experience, but the paper does not present clear empirical evaluation.;no;The paper focuses specifically on content management and translation, not broader software integration.;no;The integration challenges discussed in the paper are specific to content management and translation rather than software integration.;no;The paper focuses on content management and translation/localization rather than systems supporting multiple programming languages.;no;The paper addresses multilingual content, but it is not focused on software systems handling multiple languages.;no;The paper appears to be more of an overview/opinion piece rather than presenting technical or empirical evidence.;no;The paper does not mention any technical solutions, frameworks, or architectures for multilingual software integration.;Exclude;The abstract describes a technical communication study about content management challenges in multilingual projects, focusing on translation and localization practices. Despite addressing multilingual contexts, the paper does not meet the screening criteria related to software engineering, programming language interoperability, or technical system integration. The research appears to be a critical overview of content management challenges rather than a technical investigation of multilingual software systems.;1.4;EC1;The abstract describes a technical communication study about content management challenges in multilingual projects, focusing on translation and localization practices. Despite addressing multilingual contexts, the paper does not meet the screening criteria re…
A semantic interoperability approach to support integration of gene expression and clinical data in breast cancer;R. Alonso-Calvo, S. Paraíso-Medina, D. Pérez-Rey, Enrique Alonso-Oset, R. V. Stiphout, Sheng Yu, Marian Taylor, F. Buffa, C. Fernandez-Lozano, A. Pazos, V. Maojo;10.1016/j.compbiomed.2017.06.005;https://doi.org/10.1016/j.compbiomed.2017.06.005;Comput. Biol. Medicine;15;2017;no;While interoperability is central to the paper, it's about clinical data interoperability, not programming language interoperability.;maybe;The paper is published by Elsevier, suggesting it's accessible through academic channels.;no;The paper doesn't address interaction between different programming languages. It focuses on semantic integration of clinical data.;no;No evidence of multiple programming languages being used in the system.;yes;The paper is written in English, meeting this criterion.;no;While this is a technical paper, it appears to be from the biomedical/healthcare domain rather than software engineering or programming languages.;no;The paper mentions testing with a diagnostic classifier tool, but this isn't related to programming language interoperability.;no;The paper includes empirical evaluation, but not of multilingual software systems.;no;The integration discussed is specific to clinical and genomic data, not programming languages.;no;The paper does address integration challenges, but in the context of clinical data, not programming languages.;no;The abstract does not explicitly mention support for multiple programming languages. It focuses on semantic integration of clinical and genomic data.;no;The system doesn't appear to handle multiple programming languages.;yes;The paper presents technical and empirical evidence, meeting this criterion.;no;While a technical solution (SIL) is presented, it's not for programming language integration.;Exclude;The research paper focuses on clinical data integration and semantic interoperability in healthcare, which fundamentally differs from the systematic review's criteria of programming language interaction and multilingual software systems. Despite being a technically rigorous study, the abstract fails to meet key screening requirements related to programming language collaboration, software engineering, and multilingual system development. Consequently, the paper does not align with the systematic review's specific research focus.;1.4;EC1;The research paper focuses on clinical data integration and semantic interoperability in healthcare, which fundamentally differs from the systematic review's criteria of programming language interaction and multilingual software systems. Despite being a techni…
Inter-operability and reusability: the science of annotation;Manfred Stede, Chu-Ren Huang;10.1007/s10579-011-9164-x;https://doi.org/10.1007/s10579-011-9164-x;Language Resources and Evaluation;13;2011;no;The focus is on linguistic data annotation, not programming language interoperability.;maybe;Cannot be determined from the abstract alone.;no;The abstract does not discuss interaction between different programming languages.;no;No mention of software systems built with multiple programming languages.;yes;The abstract is written in English, meeting this criterion.;no;While it appears to be from a special issue, the field seems to be linguistics/NLP rather than software engineering or programming languages.;no;"While it mentions ""methodologies of annotation,"" these are for linguistic data, not software interoperability.";maybe;"Cannot be determined from the abstract, though it mentions ""research issue.""";no;The paper appears to focus exclusively on NLP and linguistic annotation.;no;The abstract discusses technical formats and tools, but in the context of linguistic annotation, not software integration.;no;The abstract discusses linguistic data annotation but does not explicitly mention support for multiple programming languages. It appears to focus on natural language processing (NLP) rather than programming languages.;no;While it deals with linguistic data, it does not address software systems handling multiple languages.;no;The paper appears to be a special issue introduction, which may be more editorial in nature.;no;The abstract mentions technical formats and tools, but for linguistic annotation rather than software integration.;Exclude;The abstract focuses on linguistic data annotation for NLP applications, which fundamentally differs from the screening criteria's emphasis on multilingual software systems and programming language interoperability. Despite being in English, the paper fails to meet critical requirements related to software integration, programming language interaction, and technical solutions for multilingual systems. The research appears to be a linguistic study rather than a software engineering investigation.;1.4;EC1;The abstract focuses on linguistic data annotation for NLP applications, which fundamentally differs from the screening criteria's emphasis on multilingual software systems and programming language interoperability. Despite being in English, the paper fails to…
Development of an interoperable tool to facilitate spatial data integration in the context of SDI;H. Mohammadi, A. Rajabifard, I. Williamson;10.1080/13658810902881903;https://doi.org/10.1080/13658810902881903;International Journal of Geographical Information Science;49;2010;no;While interoperability is central to the paper, it's about spatial data interoperability, not programming language interoperability.;maybe;Cannot be determined from the abstract alone.;no;The paper does not address programming language interaction. It discusses data integration between different spatial data sources.;no;No evidence of analyzing systems built with multiple programming languages.;yes;The abstract is in English, meeting this criterion.;no;While the paper appears to be technical, it's focused on spatial data infrastructure rather than software engineering or programming languages.;no;The paper does present assessment methods, but for spatial data integration rather than programming language interoperability.;no;The paper appears to present a tool and methodology, but not specifically for multilingual software systems.;no;The paper focuses exclusively on spatial data integration, not software integration.;no;The paper focuses heavily on integration and interoperability, but in the context of spatial data, not programming languages.;no;The abstract does not discuss programming languages or multilingual systems. It focuses on spatial data integration.;no;The paper does not focus on software systems handling multiple languages.;yes;The paper presents technical solutions and empirical evidence, meeting this criterion in general terms.;no;While the paper presents technical solutions, they are for spatial data integration rather than multilingual software integration.;Exclude;The research paper focuses on spatial data integration and interoperability, fundamentally addressing data harmonization challenges rather than multilingual software systems or programming language interactions. Despite presenting a technical solution with assessment methods, the study does not meet the core screening criteria related to programming language interoperability, multilingual software systems, or interlanguage collaboration. Consequently, the paper falls outside the specified research domain.;1.4;EC1;The research paper focuses on spatial data integration and interoperability, fundamentally addressing data harmonization challenges rather than multilingual software systems or programming language interactions. Despite presenting a technical solution with ass…
Multi-view approaches for software and system modelling: a systematic literature review;A. Cicchetti, Federico Ciccozzi, A. Pierantonio;10.1007/s10270-018-00713-w;https://doi.org/10.1007/s10270-018-00713-w;Journal of Software and Systems Modeling;5;2019;no;The paper focuses on multi-view modeling challenges, not programming language interoperability.;maybe;Cannot be determined from the abstract alone, but as a systematic literature review, it's likely accessible.;no;The paper does not focus on interaction between components written in different programming languages. Instead, it focuses on multi-view modeling approaches.;no;No evidence of analyzing systems built with multiple programming languages.;yes;The abstract is in English, meeting this criterion.;yes;The paper appears to be in software engineering, meeting this criterion.;no;While the paper presents evaluation methods, they are for multi-view modeling approaches, not multilingual software interoperability.;no;The paper includes empirical evaluation through systematic literature review, but not of multilingual software systems.;no;The paper focuses on software modeling integration, but not in the context of multiple programming languages.;no;The paper discusses integration, but in the context of modeling views, not programming language integration.;no;"The abstract does not explicitly mention support for multiple programming languages. It discusses ""multi-view"" modeling, but this appears to be about different modeling perspectives rather than programming languages.";no;The paper does not focus on software systems handling multiple languages.;yes;The paper presents technical and empirical evidence through systematic review.;no;While technical solutions are discussed, they are for multi-view modeling, not multilingual software integration.;Exclude;The systematic literature review focuses on multi-view software modeling, which fundamentally differs from multilingual programming language integration. Despite being a rigorous software engineering study, the paper does not address key criteria related to programming language interoperability, multilingual system implementation, or technical challenges of cross-language software development. Consequently, the research falls outside the specified screening requirements for multilingual software systems.;1.4;EC1;The systematic literature review focuses on multi-view software modeling, which fundamentally differs from multilingual programming language integration. Despite being a rigorous software engineering study, the paper does not address key criteria related to pr…
TAC2011 MultiLing Pilot Overview;George Giannakopoulos, Mahmoud El-Haj, Benoit Favre, Marina Litvak, J. Steinberger, Vasudeva Varma;-;-;Text Analysis Conference;69;2011;no;The main subject of the paper is text summarization across languages, not programming language interoperability, so it does not meet the centrality of the interoperability problem criterion.;maybe;I was unable to determine the full-text accessibility of the paper from the abstract alone.;no;The paper focuses on natural language processing and text summarization, not on programming language interoperability, so it does not meet the interlanguage collaboration criterion.;no;While the paper discusses multilingual systems, these are for natural language processing, not programming language integration, so it does not meet the proof of multilingual systems criterion.;yes;The abstract is written in English, meeting the publication language criterion.;maybe;While the paper appears to be a technical conference paper, it is focused on text analysis rather than software engineering specifically, so it only partially meets the scientific field criterion.;yes;The paper describes evaluation methods (AutoSummENG, Rouge, Overall Responsiveness score), meeting the assessment methods criterion.;yes;The study includes empirical evaluation of summarization systems, meeting the empirical evidence criterion.;no;The focus of the paper is specifically on natural language processing and text summarization, not on software integration, so it does not meet the integration scope criterion.;no;The integration discussed in the paper is for natural language processing, not programming language integration, so it does not meet the integration/interoperability criterion.;yes;The paper explicitly deals with multiple languages (Arabic, Czech, English, French, Greek, Hebrew, Hindi), indicating that it addresses systems supporting multiple languages.;yes;The paper focuses on multilingual systems, but for natural language processing, not programming languages, so it only partially meets the multilingual system focus criterion.;yes;The paper presents technical and empirical evidence, meeting the research type criterion.;maybe;While the paper presents solutions for multilingual text summarization, it does not present technical solutions, frameworks, or architectures for programming language integration, so it only partially meets the technical solution criterion.;Exclude;The study focuses on multilingual text summarization across seven languages, presenting empirical research in natural language processing rather than programming language interoperability. Despite addressing multiple languages and providing technical evaluation methods, the research does not meet the core screening criteria related to software engineering and programming language integration. Consequently, the paper falls outside the specified research domain.;1.4;EC1;The study focuses on multilingual text summarization across seven languages, presenting empirical research in natural language processing rather than programming language interoperability. Despite addressing multiple languages and providing technical evaluatio…
Assessing interoperability requirements in networked enterprises: A model-based system engineering approach;Gabriel S. S. Leal, W. Guédria, H. Panetto;10.1002/INST.12174;https://doi.org/10.1002/INST.12174;-;5;2017;maybe;While interoperability is central to the paper, it's focused on enterprise-level systems rather than programming language interoperability.;maybe;Cannot be determined from the abstract alone.;no;The paper does not focus on programming language interaction. Instead, it discusses enterprise-level system interoperability.;no;No evidence of analyzing specific multilingual programming systems.;yes;The paper is written in English, meeting this criterion.;yes;The paper appears to be from a software engineering/systems engineering context, meeting this criterion.;maybe;The paper does discuss assessment approaches for interoperability, but not specifically for programming language interoperability.;no;The abstract suggests this is a theoretical/conceptual paper proposing an approach rather than presenting empirical evaluation.;maybe;The paper goes beyond NLP, but focuses on enterprise systems rather than programming language integration.;maybe;The paper strongly addresses integration and interoperability, but at the enterprise level rather than programming language level.;maybe;The abstract does not specifically address systems supporting multiple programming languages. It discusses enterprise interoperability in general terms.;no;The paper does not focus on software systems handling multiple languages.;yes;The paper appears to present technical content rather than just opinions.;maybe;While the paper proposes technical solutions, they are for enterprise interoperability rather than programming language integration.;Exclude;The abstract focuses on enterprise-level system interoperability rather than programming language interaction, failing to meet most screening criteria related to multilingual software systems. While technically sound in systems engineering, the paper does not address programming language collaboration, multilingual system implementation, or technical challenges of language integration. Consequently, the research falls outside the systematic review's specific requirements for multilingual software interoperability.;1.4;EC1;The abstract focuses on enterprise-level system interoperability rather than programming language interaction, failing to meet most screening criteria related to multilingual software systems. While technically sound in systems engineering, the paper does not …
Towards Ensuring Software Interoperability Between Deep Learning Frameworks;Youn Kyu Lee, Seong-Hee Park, Min Young Lim, Soo-Hyun Lee, Jong-Myoung Jeong;10.2478/jaiscr-2023-0016;https://doi.org/10.2478/jaiscr-2023-0016;Journal of Artificial Intelligence and Soft Computing Research;0;2023;maybe;Yes, interoperability is the main focus of the paper, but specifically for deep learning models rather than programming languages.;no;Cannot be determined from the abstract alone.;maybe;While the paper discusses interoperability, it focuses on deep learning models rather than explicitly addressing programming language interactions.;no;The abstract doesn't explicitly mention specific programming languages or multilingual systems.;yes;The abstract is in English, meeting this criterion.;yes;The paper appears to be in software engineering/programming languages, focusing on deep learning model interoperability.;yes;"Yes, the paper presents a ""systematic method for verifying interoperability"" with ""systematic verifications from multiple perspectives.""";yes;Yes, the abstract mentions a case study that confirmed their method's effectiveness.;yes;Yes, the focus is on deep learning model integration, beyond just NLP.;yes;Yes, the paper directly addresses interoperability challenges.;maybe;The abstract discusses interoperability between different deep learning frameworks, but does not explicitly mention multiple programming languages. However, deep learning frameworks often involve different programming languages.;no;The focus is on model interoperability rather than multilingual systems.;yes;Yes, presents technical and empirical evidence.;yes;Yes, presents a systematic method for verification.;Exclude;The research addresses deep learning model interoperability with a systematic verification method, but lacks explicit focus on multilingual programming systems. While demonstrating technical rigor in model integration, the study does not directly meet the screening criteria's emphasis on programming language interactions and multilingual software contexts. The paper's primary contribution centers on model conversion challenges rather than language-level software integration.;2.9;EC4;Cannot be determined from the abstract alone.
Managing Interoperability and Complexity in Health Systems;M. Bouamrane, C. Tao, I. N. Sarkar;10.3414/ME15-10-0001;https://doi.org/10.3414/ME15-10-0001;Methods of Information in Medicine;28;2015;no;While interoperability is central to the paper, it is about clinical informatics systems rather than programming language interoperability.;maybe;The full-text accessibility cannot be determined from the abstract alone.;no;The abstract does not discuss programming language interactions. It focuses on clinical informatics system integration.;no;There is no mention of specific programming languages or multilingual systems.;yes;The abstract is written in English, meeting this criterion.;no;The paper appears to be from a clinical informatics journal, which is related to but not primarily focused on software engineering.;no;"The abstract mentions ""approaches"" but does not specify assessment methods for language interoperability.";maybe;The abstract suggests some analysis but does not explicitly mention empirical evaluation.;yes;The paper goes beyond NLP, focusing on clinical informatics systems.;no;The paper does address integration challenges, but in the context of clinical informatics systems, not programming languages.;no;"The abstract does not explicitly mention multiple programming languages. It discusses ""heterogeneous electronic data repositories"" but this refers to data, not programming languages.";no;The focus is on clinical informatics systems, not multilingual software systems.;yes;The paper appears to present technical approaches and analysis.;no;While technical solutions are mentioned, they are not for programming language integration.;Exclude;The abstract focuses on clinical informatics systems and their integration challenges, which fundamentally differs from the systematic review's criteria of programming language interoperability. Despite addressing integration and technical approaches, the paper lacks specific references to multiple programming languages, their interactions, or multilingual software system challenges. Consequently, the abstract does not meet the core screening requirements for the systematic review.;1.4;EC1;The abstract focuses on clinical informatics systems and their integration challenges, which fundamentally differs from the systematic review's criteria of programming language interoperability. Despite addressing integration and technical approaches, the pape…
Novel strategies for global manufacturing systems interoperability;R. Jardim-Gonçalves, A. Grilo, K. Popplewell;10.1007/s10845-014-0948-x;https://doi.org/10.1007/s10845-014-0948-x;Journal of Intelligent Manufacturing;70;2014;no;While interoperability is central to the paper, it's about manufacturing systems rather than programming language interoperability.;maybe;Cannot be determined from the abstract alone.;no;The paper does not address interaction between different programming languages. It focuses on manufacturing system interoperability.;no;No mention of specific software systems or programming languages.;yes;The abstract is in English, meeting this criterion.;no;While this appears to be from a technical field, it's focused on manufacturing systems rather than software engineering or programming languages specifically.;no;"The abstract mentions ""empirical and technological contributions"" but not specifically for multilingual software interoperability.";no;The paper includes empirical contributions, but not related to multilingual software systems.;no;The paper goes beyond NLP, but focuses on manufacturing systems rather than software integration.;no;While the paper discusses interoperability, it's in the context of manufacturing systems, not software integration.;no;The abstract does not mention anything about multiple programming languages or language support. It focuses on manufacturing systems interoperability.;no;No evidence of focus on multilingual software systems.;yes;The paper presents technical and empirical evidence, meeting this criterion.;no;While technical solutions are presented, they're for manufacturing systems interoperability, not software language integration.;Exclude;The abstract focuses on manufacturing systems interoperability and lacks any substantive discussion of multilingual software systems or programming language integration. Despite being a technical research paper in English, it fundamentally fails to meet the core screening criteria related to software engineering, programming languages, and multilingual system challenges. The paper's scope and content are misaligned with the systematic review's specific requirements.;1.4;EC1;The abstract focuses on manufacturing systems interoperability and lacks any substantive discussion of multilingual software systems or programming language integration. Despite being a technical research paper in English, it fundamentally fails to meet the co…
Is Fragmentation a Threat to the Success of the Internet of Things?;M. Aly, Foutse Khomh, Yann-Gaël Guéhéneuc, H. Washizaki, S. Yacout;10.1109/JIOT.2018.2863180;https://doi.org/10.1109/JIOT.2018.2863180;IEEE Internet of Things Journal;39;2018;no;While interoperability is central to the paper, it's about IoT device interoperability, not programming language interoperability.;maybe;Cannot be determined from the abstract alone.;no;The paper focuses on IoT device interoperability rather than programming language interaction. This is a critical miss.;no;No explicit mention of systems built with multiple programming languages.;yes;The paper is written in English, meeting this criterion.;yes;The paper appears to be from a software engineering context, discussing systematic literature review in software engineering.;maybe;The paper uses systematic literature review methodology, but not specifically for evaluating multilingual software interoperability.;maybe;The paper presents a systematic literature review, which is empirical, but not focused on multilingual software systems.;maybe;The paper goes beyond NLP, but focuses on IoT integration rather than programming language integration.;maybe;The paper does address integration challenges, but in the context of IoT devices rather than programming languages.;maybe;"The abstract does not explicitly discuss multiple programming languages. While it mentions ""diverse technologies,"" this appears to be about IoT devices rather than programming languages.";no;The paper does not focus on software systems handling multiple languages or locales.;yes;The paper presents technical and empirical evidence through systematic review.;no;While the paper discusses frameworks and technologies, these are for IoT integration rather than multilingual software integration.;Exclude;The systematic literature review on IoT interoperability fails to meet critical screening criteria related to multilingual software systems, programming language interaction, and language-specific integration challenges. Despite being a rigorous software engineering study, the research fundamentally addresses device-level interoperability rather than the required programming language-level analysis. Consequently, the paper does not align with the specified screening requirements for multilingual software system research.;1.4;EC1;The systematic literature review on IoT interoperability fails to meet critical screening criteria related to multilingual software systems, programming language interaction, and language-specific integration challenges. Despite being a rigorous software engin…
The state of adoption and the challenges of systematic variability management in industry;T. Berger, J. Steghöfer, T. Ziadi, J. Robin, Jabier Martinez;10.1007/s10664-019-09787-6;https://doi.org/10.1007/s10664-019-09787-6;Empirical Software Engineering;77;2020;no;The paper focuses on software variability management challenges, not language interoperability issues.;maybe;Cannot be determined from the abstract alone.;no;The abstract does not discuss interaction between components written in different programming languages.;no;No mention of software systems built with multiple programming languages.;yes;The abstract is in English, meeting this criterion.;yes;The paper appears to be from a software engineering context, meeting this criterion.;no;While the paper presents a multiple-case study methodology, it's not focused on evaluating multilingual software interoperability.;no;The paper includes empirical evaluation through multiple-case studies, but not of multilingual systems.;no;The paper addresses software integration broadly, but not specifically for multilingual contexts.;no;The paper discusses integration challenges, but not in the context of multilingual software.;no;The abstract does not mention anything about multiple programming languages or language support. It focuses on software variability management.;no;The paper does not focus on software systems handling multiple languages.;yes;The paper presents technical and empirical evidence through case studies, meeting this criterion.;no;While the paper discusses variability management techniques, it's not focused on multilingual software integration.;Exclude;The research paper focuses on software variability management and product line engineering, but does not address multilingual programming or language interoperability. Despite being a rigorous empirical study in software engineering, the abstract fails to meet the majority of screening criteria related to multilingual systems and language integration. Consequently, the paper does not align with the specified research focus on multilingual software systems.;1.4;EC2;The research paper focuses on software variability management and product line engineering, but does not address multilingual programming or language interoperability. Despite being a rigorous empirical study in software engineering, the abstract fails to meet…
Classifying Interoperability Problems in Cyber-Physical Systems: Empirical Cases From OpenWrt;Joana L. F. P. Cardoso, Paul T. Grogan, Michael J. Pennock;10.1109/JSYST.2024.3426541;https://doi.org/10.1109/JSYST.2024.3426541;IEEE Systems Journal;0;2024;maybe;While interoperability is central to the paper, it is not specifically about programming language interoperability.;maybe;The full-text accessibility cannot be determined from the abstract alone.;maybe;The abstract does not discuss interaction between different programming languages. It focuses on module interoperability in general.;no;There is no explicit mention of systems built with multiple programming languages.;yes;The abstract is written in English, meeting this criterion.;yes;The paper appears to be from a software engineering context, focusing on cyber-physical systems and module reuse.;yes;The paper presents assessment methods using natural language processing and the LCIM model.;yes;The paper includes empirical evaluation of a real-world example.;yes;The paper goes beyond NLP, focusing on cyber-physical systems.;yes;The paper focuses on interoperability challenges, but not specifically in multilingual software contexts.;maybe;The abstract does not explicitly mention multiple programming languages. It focuses on cyber-physical systems and module reuse, but language aspects are not discussed.;no;There is no evidence of a focus on multilingual systems.;yes;The paper presents technical and empirical evidence.;yes;The paper presents frameworks and models for interoperability.;Exclude;The research addresses interoperability in cyber-physical systems but lacks specific focus on multilingual programming language interactions. While demonstrating strong methodological rigor and empirical evidence, the study does not meet key screening criteria related to programming language diversity and multilingual system implementation. Consequently, the paper falls short of the targeted research parameters for multilingual software system analysis.;2.7;EC1;The research addresses interoperability in cyber-physical systems but lacks specific focus on multilingual programming language interactions. While demonstrating strong methodological rigor and empirical evidence, the study does not meet key screening criteria…
A study of semantic integration across archaeological data and reports in different languages;C. Binding, D. Tudhope, A. Vlachidis;10.1177/0165551518789874;https://doi.org/10.1177/0165551518789874;Journal of information science;21;2018;no;While the paper discusses integration challenges, these are related to semantic data integration and NLP, not programming language interoperability.;maybe;Cannot be determined from abstract alone.;no;The paper does not address interaction between programming languages. It focuses on natural language processing and semantic integration.;no;No mention of programming languages or multilingual software systems.;yes;The abstract is in English.;no;While this appears to be a technical paper, it's focused on archaeological data integration rather than software engineering or programming languages.;no;The paper presents assessment methods, but for semantic integration rather than programming language interoperability.;no;The paper includes empirical evaluation, but not of multilingual software systems.;no;The paper goes beyond NLP, but in the context of archaeological data integration rather than programming languages.;no;While integration is discussed, it's focused on semantic data integration rather than programming language interoperability.;no;"The paper mentions handling ""different languages"" in the context of NLP, but this appears to be about processing natural languages rather than programming languages.";no;While the system handles multiple natural languages, it's not focused on programming language multilingualism.;yes;The paper presents technical evidence and implementation details.;no;The paper presents technical solutions, but for semantic data integration rather than programming language integration.;Exclude;The research paper focuses on semantic data integration in archaeological contexts, primarily addressing natural language processing and data integration challenges rather than programming language interoperability. Despite presenting a technically sophisticated approach to cross-language information retrieval, the study does not meet the core screening criteria related to multilingual software systems, programming language integration, or technical challenges in software engineering. Consequently, the paper falls outside the specified research domain and fails to satisfy the majority of the established screening requirements.;1.4;EC1;The research paper focuses on semantic data integration in archaeological contexts, primarily addressing natural language processing and data integration challenges rather than programming language interoperability. Despite presenting a technically sophisticat…
Translation strategies of Koha for multilingual interface management;S. Saha, S. Mandal;10.1108/lhtn-01-2022-0015;https://doi.org/10.1108/lhtn-01-2022-0015;Library Hi Tech News;1;2022;no;The focus of the paper is on translation/localization rather than technical interoperability challenges between programming languages, so it does not meet the centrality of the interoperability problem criterion.;maybe;The full-text accessibility of the paper is not mentioned in the abstract, so it is unclear whether the full text is accessible for review.;no;The paper focuses on the translation of a single system (Koha) rather than the interaction between components in different programming languages, so it does not meet the interlanguage collaboration criterion.;no;While Koha is translated into multiple languages, there is no indication that multiple programming languages are used in its implementation, so it does not meet the proof of multilingual systems criterion.;yes;The abstract is written in English, meeting the publication language criterion.;maybe;While the paper is about software, it is more focused on library management systems rather than core software engineering, so it only partially meets the scientific field criterion.;maybe;The paper mentions statistical reports and analysis of translation data, but not specifically for interoperability, so it only partially meets the assessment methods criterion.;yes;The paper includes experimental evaluation and statistical analysis of translation processes, meeting the empirical evidence criterion.;no;The focus of the paper is specifically on natural language processing and translation, rather than software integration aspects beyond just natural language processing, so it does not meet the integration scope criterion.;no;The paper focuses on translation rather than technical integration challenges, so it does not meet the integration/interoperability criterion.;yes;The paper discusses Koha software being translated into multiple languages for global accessibility, indicating that it addresses systems supporting multiple languages.;yes;The paper focuses on the translation of a single system (Koha) for different languages, rather than the integration of components written in different programming languages, so it only partially meets the multilingual system focus criterion.;yes;The paper presents technical and empirical evidence about the translation process, meeting the research type criterion.;maybe;The paper presents a technical process for translation, but not for multilingual software integration, so it only partially meets the technical solution criterion.;Exclude;The study focuses on translating library management software (Koha) into multiple languages, but does not address technical interoperability between programming languages. While demonstrating multilingual support and empirical research methods, the paper primarily explores natural language translation rather than software integration challenges across different programming languages. The research falls short of meeting key criteria related to interlanguage collaboration and technical integration of multilingual software systems.;2.5;EC1;The study focuses on translating library management software (Koha) into multiple languages, but does not address technical interoperability between programming languages. While demonstrating multilingual support and empirical research methods, the paper prima…
Earth Science Infrastructures Interoperability: The Brokering Approach;S. Nativi, M. Craglia, J. Pearlman;10.1109/JSTARS.2013.2243113;https://doi.org/10.1109/JSTARS.2013.2243113;IEEE Journal of Selected Topics in Applied Earth Observations and Remote Sensing;92;2013;maybe;While interoperability is central to the paper, it is focused on disciplinary and domain interoperability rather than programming language interoperability.;maybe;The full-text accessibility cannot be determined from the abstract alone.;maybe;The paper focuses on system interoperability, but not specifically between programming languages. It discusses disciplinary and domain service buses.;no;The abstract does not mention any specific software systems built with multiple programming languages.;yes;The abstract is written in English, meeting this criterion.;yes;The paper appears to be from a software engineering or systems integration domain, likely meeting this criterion.;maybe;The abstract mentions the Brokering approach and GI-* technology but does not explicitly discuss assessment methods for interoperability.;yes;The abstract mentions successful implementation in EuroGEOSS and GCI, suggesting some empirical evidence.;yes;The paper goes beyond NLP, focusing on general system integration.;maybe;The paper strongly focuses on integration and interoperability, but at a different level than required (disciplinary rather than programming language).;maybe;The abstract does not explicitly discuss multiple programming languages. It focuses on disciplinary and domain interoperability rather than programming language interoperability.;no;The paper does not focus on software systems handling multiple languages in the programming sense.;yes;The paper appears to present technical solutions and frameworks rather than just opinions.;maybe;The paper presents technical solutions (Brokering approach, GI-* technology) but not for programming language integration.;Exclude;The abstract discusses system interoperability across disciplinary domains, but does not address programming language integration or multilingual software systems. While the paper presents technical solutions for system integration, it fails to meet the specific screening criteria related to programming language interoperability and multilingual software challenges. The research focuses on a different level of system integration than what is required for the systematic review.;2.5;EC1;The abstract discusses system interoperability across disciplinary domains, but does not address programming language integration or multilingual software systems. While the paper presents technical solutions for system integration, it fails to meet the specif…
Semantic interoperability in health records standards: a systematic literature review;Blanda Helena de Mello, S. Rigo, C. A. da Costa, Rodrigo da Rosa Righi, B. Donida, M. Bez, Luana Carina Schunke;10.1007/s12553-022-00639-w;https://doi.org/10.1007/s12553-022-00639-w;Health technology;103;2022;no;While interoperability is central to the paper, it is about healthcare data interoperability, not programming language interoperability.;maybe;The abstract indicates the paper is published in a recognized journal (IUPESM), suggesting accessibility, though this is not explicitly confirmed.;no;The paper does not address programming language interaction. Instead, it focuses on semantic interoperability between healthcare systems.;no;There is no evidence of the paper analyzing systems built with multiple programming languages.;yes;The paper is written in English, meeting this criterion.;no;While this is a technical paper, it is primarily focused on healthcare systems rather than software engineering or programming languages specifically.;no;The paper presents a systematic literature review methodology, but not specifically for multilingual software interoperability.;no;The paper includes a systematic review of existing literature, but not empirical evaluation of multilingual software systems.;no;The paper goes beyond NLP, focusing on healthcare system integration, but not in the context of programming languages.;no;The paper does examine integration challenges, but in the context of healthcare data systems, not programming languages.;no;The abstract does not explicitly discuss multiple programming languages. It focuses on semantic interoperability in healthcare systems, but not specifically language-level interoperability.;no;The paper does not focus on software systems handling multiple programming languages.;yes;The paper presents technical evidence through a systematic review, meeting this criterion.;no;While the paper discusses solutions for interoperability, these are for healthcare data systems, not programming language integration.;Exclude;The systematic literature review focuses on healthcare data interoperability, not programming language integration, failing to meet key screening criteria related to multilingual software systems. While the paper demonstrates technical rigor and addresses integration challenges, it does not align with the specific requirements of programming language interoperability research. Consequently, the study does not qualify for inclusion based on the established screening criteria.;2.5;EC1;The systematic literature review focuses on healthcare data interoperability, not programming language integration, failing to meet key screening criteria related to multilingual software systems. While the paper demonstrates technical rigor and addresses inte…
Building the Bridge: Topic Modeling for Comparative Research;F. Lind, Jakob-Moritz Eberl, Olga Eisele, Tobias Heidenreich, Sebastian Galyga, H. Boomgaarden;10.1080/19312458.2021.1965973;https://doi.org/10.1080/19312458.2021.1965973;Communication Methods and Measures;27;2021;no;The focus of the paper is on topic modeling across human languages, not programming language interoperability.;maybe;The full-text accessibility of the paper cannot be determined from the abstract alone.;no;The paper focuses on natural language processing and topic modeling across human languages, not programming languages.;no;The multilingual aspect of the paper refers to human languages, not programming languages.;yes;The abstract is written in English, which meets the publication language criterion.;maybe;While the paper is in the field of communication research, it appears to have computational/technical elements, but may not be primarily in software engineering.;yes;The paper discusses model evaluation metrics, but for topic modeling, not programming language interoperability.;yes;The paper includes empirical evaluation of topic modeling approaches.;no;The paper is specifically focused on natural language processing and topic modeling, not software integration.;no;While the paper discusses integration, it is about human language integration, not programming language integration.;yes;The paper explicitly deals with multilingual text analysis and processing, which indicates that it addresses systems supporting multiple languages.;no;While the paper handles multiple languages, these are human languages, not programming languages.;yes;The paper presents technical and empirical evidence.;yes;The paper presents technical solutions, but for topic modeling, not programming language integration.;Exclude;The research focuses on multilingual topic modeling in communication research, specifically addressing human language processing rather than programming language interoperability. Despite presenting technical solutions and empirical evidence, the study does not meet the core screening criteria related to software engineering and programming language integration. Consequently, the paper falls outside the intended scope of multilingual software system analysis.;1.4;EC1;The research focuses on multilingual topic modeling in communication research, specifically addressing human language processing rather than programming language interoperability. Despite presenting technical solutions and empirical evidence, the study does no…
Technological e-Government Interoperability. An Analysis of IberoAmerican Countries;C. Jimenez, J. I. Criado, M. Gascó;10.1109/TLA.2011.6129711;https://doi.org/10.1109/TLA.2011.6129711;IEEE Latin America Transactions;15;2011;no;While interoperability is central to the paper, it's not specifically about programming language interaction challenges.;maybe;Cannot be determined from the abstract alone.;no;The abstract doesn't mention interaction between different programming languages. It focuses on general interoperability frameworks.;no;No explicit mention of software systems built with multiple programming languages.;yes;The abstract appears to be in English, though it references Spanish/Portuguese terms.;maybe;The paper appears to be about interoperability frameworks, but it's unclear if it's specifically from a software engineering or programming languages journal.;maybe;"The abstract mentions ""exploratory field work"" but doesn't specifically detail assessment methods for multilingual software interoperability.";maybe;The paper includes some empirical work through field research, but not specifically for multilingual software systems.;maybe;The paper appears to address broad interoperability issues, not specifically focused on NLP.;maybe;The paper does focus on interoperability, but at a framework level rather than specifically for multilingual software systems.;no;The abstract does not explicitly mention support for multiple programming languages. It discusses interoperability in a general sense, but not specifically for programming languages.;no;The paper doesn't appear to focus on software systems handling multiple languages.;yes;The paper presents technical and empirical content, not just opinions.;no;While the paper discusses technical aspects of interoperability, it's not specifically about multilingual software integration solutions.;Exclude;The abstract describes an interoperability framework study focused on administrative and organizational contexts, lacking specific focus on multilingual programming language interactions or software engineering challenges. While the paper addresses technical interoperability dimensions, it does not meet the critical screening criteria related to programming language integration, multilingual system analysis, or software engineering research. The study appears more oriented towards administrative frameworks rather than technical software interoperability solutions.;2.5;EC1;The abstract describes an interoperability framework study focused on administrative and organizational contexts, lacking specific focus on multilingual programming language interactions or software engineering challenges. While the paper addresses technical i…
TExSIS: Bilingual terminology extraction from parallel corpora using chunk-based alignment.;Lieve Macken, Els Lefever, Veronique Hoste;10.1075/TERM.19.1.01MAC;https://doi.org/10.1075/TERM.19.1.01MAC;-;71;2013;no;The main subject is terminology extraction, not programming language interoperability.;maybe;The full-text accessibility of the paper cannot be determined from the abstract alone.;no;The paper focuses on natural language processing and terminology extraction, not programming language interoperability.;no;While the system handles multiple natural languages, it doesn't discuss programming languages.;yes;The abstract is written in English, meeting the publication language criterion.;maybe;While the paper appears to be a technical paper, it's not explicitly clear if it's from a software engineering or programming languages venue.;yes;The paper presents evaluation methods including precision and recall metrics.;yes;The study includes empirical evaluation with gold standard datasets.;no;The paper focuses specifically on natural language processing and terminology extraction.;no;The integration discussed is for natural language processing, not programming language integration.;yes;The paper explicitly discusses multiple languages (French, Italian, English, Dutch) and bilingual terminology extraction, indicating that it addresses systems supporting multiple languages.;maybe;While the paper handles multiple languages, it's focused on natural language processing rather than programming languages.;yes;The paper presents technical and empirical evidence.;yes;The paper presents a technical solution (TExSIS), but for terminology extraction rather than programming language integration.;Exclude;The research paper focuses on natural language processing and terminology extraction across multiple languages, but does not address programming language interoperability or integration. While technically rigorous and presenting empirical evidence, the study falls outside the specified screening criteria related to multilingual software systems and programming language collaboration. The paper's primary domain of natural language processing fundamentally differs from the targeted research scope.;1.4;EC1;The research paper focuses on natural language processing and terminology extraction across multiple languages, but does not address programming language interoperability or integration. While technically rigorous and presenting empirical evidence, the study f…
Integrating conceptual and logical couplings for change impact analysis in software;Huzefa H. Kagdi, Malcom Gethers, D. Poshyvanyk;10.1007/s10664-012-9233-9;https://doi.org/10.1007/s10664-012-9233-9;Empirical Software Engineering;82;2012;no;The paper focuses on change impact analysis, not language interoperability challenges.;maybe;Cannot be determined from the abstract alone, but the paper appears to be from a formal academic source given the empirical evaluation.;no;The paper does not focus on interaction between components in different programming languages. It analyzes code changes and couplings within systems.;no;No evidence of analyzing systems built with multiple programming languages. The systems mentioned (Apache httpd, ArgoUML, iBatis, KOffice, jEdit) are analyzed individually.;yes;The abstract is in English, meeting this criterion.;yes;Yes, this appears to be a software engineering paper, analyzing source code and software systems.;no;While the paper presents assessment methods, they are for change impact analysis, not multilingual software interoperability.;maybe;Yes, the paper includes empirical evaluation, but not of multilingual systems.;no;The paper focuses on code analysis and change impact, not integration aspects.;no;The paper does not address language integration or interoperability challenges.;no;The abstract does not mention anything about multiple programming languages. It focuses on analyzing source code changes but doesn't specify language diversity.;no;No evidence of focus on multilingual systems.;yes;Yes, this is a technical/empirical study with clear methodology and results.;no;While the paper presents technical solutions, they are not related to multilingual software integration.;Exclude;The research paper focuses on change impact analysis in software systems, presenting an empirical study of code coupling techniques across multiple open-source systems. Despite being a rigorous technical study, the work does not address multilingual software systems, language interoperability, or integration challenges between programming languages. Consequently, the paper fails to meet the core screening criteria related to multilingual software research.;1.4;EC1;The research paper focuses on change impact analysis in software systems, presenting an empirical study of code coupling techniques across multiple open-source systems. Despite being a rigorous technical study, the work does not address multilingual software s…
Introduction to Interoperability for Heterogeneous IoT Platforms;C. Palau, G. Fortino, M. Montesinos, Pablo Giménez, G. Markarian, V. Castay, F. Fuart, W. Pawłowski, Marina Mortara, A. Bassi, Frans Gevers, G. Ibáñez-Sánchez, Ignacio Huet, G. Exarchakos;10.1007/978-3-030-82446-4_1;https://doi.org/10.1007/978-3-030-82446-4_1;Internet of Things;2;2021;no;While interoperability is central, it is not specifically about programming language interaction.;maybe;The full-text accessibility cannot be determined from the abstract alone.;no;The abstract focuses on system-level interoperability rather than programming language interaction.;no;The abstract does not mention any specific programming languages or multilingual systems.;yes;The abstract is written in English.;maybe;While the paper is IoT-related, it appears to be in a software engineering context.;maybe;The abstract mentions APIs and interfaces but does not detail specific assessment methods.;no;There is no clear indication of empirical evaluation in the abstract.;yes;The paper goes beyond NLP, focusing on IoT systems.;maybe;The paper has a strong focus on interoperability, but not specifically for multilingual software.;no;The abstract does not explicitly mention multiple programming languages, and instead focuses on IoT system interoperability in general.;no;The paper does not focus on multilingual systems.;yes;The paper presents technical solutions rather than just opinions.;maybe;The paper presents technical solutions and frameworks, but not for multilingual integration.;Exclude;The abstract describes an IoT interoperability solution that fails to meet most screening criteria related to multilingual software systems and programming language interaction. While technically sound and addressing system-level integration, the paper does not focus on multilingual programming challenges or demonstrate empirical evidence of language-specific software interoperability. Consequently, the study does not align with the systematic review's core requirements for multilingual software research.;2.5;EC1;The abstract describes an IoT interoperability solution that fails to meet most screening criteria related to multilingual software systems and programming language interaction. While technically sound and addressing system-level integration, the paper does no…
Assessing the impact of real-time machine translation on multilingual meetings in global software projects;Fabio Calefato, F. Lanubile, T. Conte, R. Prikladnicki;10.1007/s10664-015-9372-x;https://doi.org/10.1007/s10664-015-9372-x;Empirical Software Engineering;14;2015;no;The paper focuses on communication challenges in multilingual teams, not programming language interoperability.;maybe;Cannot be determined from abstract alone.;no;The paper focuses on natural language translation, not programming language interaction.;no;No evidence of analyzing systems built with multiple programming languages.;yes;The abstract is in English.;yes;The paper appears to be from software engineering, focusing on global software development.;maybe;The paper presents empirical studies to assess machine translation effectiveness, but not for programming language interoperability.;maybe;The paper includes empirical evaluation, but of machine translation in requirements meetings, not multilingual software systems.;no;The paper focuses specifically on natural language processing and communication.;no;The paper examines communication integration, but not programming language integration.;no;The paper discusses machine translation between multiple natural languages, but not programming languages.;no;While the paper deals with multilingual aspects, it's focused on natural language translation, not programming language systems.;yes;The paper presents empirical evidence and technical evaluation.;no;The paper discusses machine translation technology, but not solutions for programming language integration.;Exclude;The research primarily addresses natural language translation in software development communication, falling short of the systematic review's focus on programming language interoperability. Despite being a rigorous empirical study in software engineering, the paper does not meet key criteria related to multilingual programming systems, technical integration challenges, or programming language interactions. Consequently, the abstract does not align sufficiently with the specified screening requirements.;2.5;EC1;The research primarily addresses natural language translation in software development communication, falling short of the systematic review's focus on programming language interoperability. Despite being a rigorous empirical study in software engineering, the …
Semantic Interoperability of Electronic Health Records: Systematic Review of Alternative Approaches for Enhancing Patient Information Availability;Sari Palojoki, L. Lehtonen, Riikka Vuokko;10.2196/53535;https://doi.org/10.2196/53535;JMIR Medical Informatics;13;2024;no;While interoperability is central to the paper, it's about healthcare data interoperability, not programming language interoperability.;maybe;Cannot be determined from abstract alone, but being a systematic review published in a medical journal, it's likely accessible.;no;The paper discusses interoperability between healthcare systems, but not between programming languages.;no;No mention of programming languages or multilingual software systems.;yes;The paper is written in English.;no;While this is a scientific paper, it's from the healthcare/medical informatics field, not software engineering or programming languages.;no;The paper does present assessment methods, but for healthcare data interoperability, not programming language interoperability.;no;The paper includes empirical evaluation through a systematic review, but not of programming language interoperability.;no;The paper focuses specifically on healthcare data integration, not general software integration.;no;While the paper focuses on integration and interoperability, it's in the context of healthcare systems, not programming languages.;no;The paper focuses on semantic interoperability in healthcare systems, not programming language support.;no;The paper does not focus on software systems handling multiple programming languages.;yes;The paper presents technical and empirical evidence through a systematic review.;no;While the paper discusses solutions for healthcare data interoperability, it doesn't address programming language integration.;Exclude;The systematic review focuses on semantic interoperability in healthcare systems, fundamentally diverging from the screening criteria's emphasis on programming language integration. Despite being a rigorous scientific study, the paper fails to address multilingual software systems, programming language collaboration, or technical challenges of language interoperability. Consequently, the research does not align with the specified screening requirements for multilingual software system analysis.;1.4;EC1;The systematic review focuses on semantic interoperability in healthcare systems, fundamentally diverging from the screening criteria's emphasis on programming language integration. Despite being a rigorous scientific study, the paper fails to address multilin…
Representing interlingual meaning in lexical databases;Fausto Giunchiglia, Gábor Bella, N. C. Nair, Yang Chi, Hao Xu;10.1007/s10462-023-10427-1;https://doi.org/10.1007/s10462-023-10427-1;Artificial Intelligence Review;10;2023;no;The focus of the paper is on lexical mapping and representation issues, not programming language interoperability, so it does not meet the centrality of the interoperability problem criterion.;maybe;The full-text accessibility of the paper cannot be determined from the abstract alone.;no;The paper focuses on lexical databases and language mapping, not programming language interaction, so it does not meet the interlanguage collaboration criterion.;no;The paper discusses multilingual systems, but these are lexical databases rather than systems built with multiple programming languages, so it does not meet the proof of multilingual systems criterion.;yes;The abstract is written in English, meeting the publication language criterion.;maybe;While the paper appears to be a technical paper, it is not clearly from a software engineering or programming languages journal, so it only partially meets the scientific field criterion.;yes;The abstract mentions evaluation of strengths and limitations of lexical databases, indicating that the paper includes assessment methods or metrics for evaluating multilingual software interoperability.;yes;The paper appears to include empirical evaluation of lexical databases, meeting the empirical evidence criterion.;no;The paper focuses specifically on natural language processing and lexical databases, so it does not meet the integration scope criterion.;maybe;While the paper discusses mapping across languages, this is in the context of lexical databases rather than software integration, so it only partially meets the integration/interoperability criterion.;yes;The paper explicitly focuses on multilingual lexical databases and discusses multiple languages, indicating that it addresses systems supporting multiple languages.;yes;The paper clearly focuses on multilingual systems, meeting the multilingual system focus criterion.;yes;The paper presents technical and empirical evidence, meeting the research type criterion.;maybe;While the paper may present solutions for lexical database mapping, these are not focused on programming language integration, so it only partially meets the technical solution criterion.;Exclude;The abstract describes a study on multilingual lexical databases, focusing on language representation and mapping challenges, but does not address programming language interoperability or software system integration. While the paper demonstrates technical rigor and empirical analysis of multilingual systems, it fundamentally diverges from the screening criteria's focus on programming language interactions and software engineering challenges.;2.5;EC1;The abstract describes a study on multilingual lexical databases, focusing on language representation and mapping challenges, but does not address programming language interoperability or software system integration. While the paper demonstrates technical rigo…
Model-based approaches for interoperability of next generation enterprise information systems: state of the art and future challenges;G. Zacharewicz, S. Diallo, Y. Ducq, C. Agostinho, R. Jardim-Gonçalves, Hassan Bazoun, Zhongjie Wang, G. Doumeingts;10.1007/s10257-016-0317-8;https://doi.org/10.1007/s10257-016-0317-8;Information Systems and E-Business Management;62;2016;maybe;While interoperability is central to the paper, it is focused on EIS-level interoperability rather than programming language-level interoperability.;maybe;The full-text accessibility cannot be determined from the abstract alone.;maybe;The abstract does not specifically address programming language interactions, and instead focuses on EIS interoperability at a higher level.;no;There is no explicit mention of specific programming languages or multilingual systems in the abstract.;yes;The abstract is written in English, meeting this criterion.;yes;The paper appears to be in the software engineering domain, focusing on enterprise information systems.;maybe;"The abstract mentions ""five challenges"" but does not explicitly detail assessment methods.";maybe;The abstract suggests a conceptual framework rather than empirical evaluation.;yes;The paper addresses integration beyond NLP, focusing on enterprise systems.;yes;The paper clearly focuses on interoperability challenges, but at the EIS level rather than the programming language level.;maybe;The abstract does not explicitly mention multiple programming languages, and instead discusses enterprise information systems (EIS) interoperability in general terms.;no;There is no clear indication of a focus on multilingual systems.;yes;The paper appears to present a conceptual framework and analysis of challenges, suggesting technical content.;maybe;The paper proposes a conceptual framework, but it is unclear if it includes specific technical solutions.;Exclude;The abstract focuses on enterprise information systems interoperability at a high level, lacking specific details about multilingual programming language interactions. While addressing system integration challenges, the paper does not meet key screening criteria related to programming language interoperability, multilingual system analysis, or empirical evidence of language-specific technical solutions.;2.7;EC1;The abstract focuses on enterprise information systems interoperability at a high level, lacking specific details about multilingual programming language interactions. While addressing system integration challenges, the paper does not meet key screening criter…
A survey of methods to ease the development of highly multilingual text mining applications;Ralf Steinberger;10.1007/s10579-011-9165-9;https://doi.org/10.1007/s10579-011-9165-9;Language Resources and Evaluation;56;2011;no;The main focus of the paper is on natural language processing challenges, not programming language interoperability.;maybe;The full-text accessibility of the paper cannot be determined from the abstract alone.;no;The paper focuses on natural language processing and multilingual text analysis, not on programming language interoperability.;no;While the paper discusses multilingual systems, these are for natural language processing, not multiple programming languages.;yes;The abstract is written in English, meeting the publication language criterion.;maybe;While not explicitly stated, the technical nature and focus on software development suggests the paper is from a relevant scientific field.;maybe;The paper mentions guidelines for development, but these are for NLP systems, not programming language interoperability.;yes;The paper presents empirical evidence through the EMM system implementation.;no;The paper focuses exclusively on natural language processing integration, not on software integration aspects beyond NLP.;no;The integration discussed in the paper is for natural language processing, not programming language integration.;yes;The paper explicitly discusses systems supporting multiple languages (20-50 languages in EMM), indicating that it addresses systems supporting multiple languages rather than just a single language.;yes;The paper focuses on natural language processing multilingual systems, not on programming language multilingual systems.;yes;The paper presents technical evidence and implementation experience.;yes;The paper presents technical solutions, frameworks, or architectures for NLP systems, not for programming language integration.;Exclude;The paper addresses multilingual text processing and natural language processing systems, but does not meet the screening criteria focused on programming language interoperability. While demonstrating technical expertise in multilingual systems, the research falls outside the specific domain of interest, particularly in its lack of focus on programming language integration challenges. The study's primary contribution relates to natural language processing techniques rather than multilingual software system development.;1.4;EC1;The paper addresses multilingual text processing and natural language processing systems, but does not meet the screening criteria focused on programming language interoperability. While demonstrating technical expertise in multilingual systems, the research f…
A Systematic Review on the Data Interoperability of Application Layer Protocols in Industrial IoT;Anam Amjad, F. Azam, Muhammad Waseem Anwar, W. H. Butt;10.1109/ACCESS.2021.3094763;https://doi.org/10.1109/ACCESS.2021.3094763;IEEE Access;28;2021;no;While interoperability is central to the paper, it's about protocol interoperability, not programming language interoperability.;maybe;The full-text accessibility cannot be determined from the abstract alone, but as it's a systematic literature review, it's likely accessible.;no;The paper focuses on protocol interoperability rather than programming language interaction, which is a critical miss.;no;There is no explicit mention of systems built with multiple programming languages.;yes;The abstract is written in English, meeting this criterion.;yes;The paper appears to be in the software engineering/programming field, focusing on IoT systems and protocols.;maybe;The paper presents a systematic literature review methodology, but not specifically for programming language interoperability.;maybe;The paper reviews 34 research works, suggesting empirical content, but not specifically about multilingual software systems.;yes;The paper goes beyond NLP, focusing on IoT systems and protocols.;maybe;The paper does examine integration challenges, but at the protocol level rather than the programming language level.;no;The abstract does not explicitly discuss multiple programming languages. Instead, it focuses on IoT protocol interoperability rather than programming language interoperability.;no;The focus is on protocol interoperability rather than multilingual software systems.;yes;The paper presents technical and empirical evidence through its systematic review.;no;The paper discusses technical solutions (gateways, middleware) but for protocol interoperability, not programming language integration.;Exclude;The systematic literature review focuses on IoT protocol interoperability rather than programming language interaction, missing key criteria related to multilingual software systems. While the paper demonstrates technical rigor in examining integration challenges, it does not address the specific requirements of programming language collaboration or multilingual system development. Consequently, the research falls short of the targeted screening criteria for multilingual software interoperability.;2.5;EC1;The systematic literature review focuses on IoT protocol interoperability rather than programming language interaction, missing key criteria related to multilingual software systems. While the paper demonstrates technical rigor in examining integration challen…
Semiotics-based manufacturing systems integration in the advent of a single electronic market;R. Jardim-Gonçalves, A. Grilo, T. Hassan, A. Steiger-Garção;10.1080/0951192X.2010.490274;https://doi.org/10.1080/0951192X.2010.490274;International journal of computer integrated manufacturing (Print);3;2010;maybe;While interoperability is central to the paper, it's focused on business information systems and organizational aspects rather than programming language interoperability.;maybe;Cannot be determined from the abstract alone.;maybe;The paper discusses system interoperability, but not specifically between programming languages. It focuses on business information systems and organizational aspects.;no;No explicit mention of software systems built with multiple programming languages.;yes;The paper appears to be written in English, meeting this criterion.;maybe;While the paper discusses systems integration, it appears to be more focused on organizational semiotics and business domains rather than software engineering specifically.;maybe;"The paper mentions ""non-Technological Interoperability Metrics (nT-IM)"" but these appear to be business-focused rather than programming language-focused.";maybe;The abstract mentions evaluation at a technological level, but it's unclear if this includes empirical evaluation of programming language integration.;maybe;The paper goes beyond NLP, but focuses on business information systems rather than programming language integration.;maybe;The paper does examine interoperability, but at a business/organizational level rather than a programming language level.;maybe;The abstract does not explicitly mention support for multiple programming languages. It focuses on information systems and business domains rather than programming language interoperability.;no;The paper doesn't appear to focus on software systems handling multiple programming languages.;yes;The paper appears to present technical and empirical evidence, meeting this criterion.;maybe;While the paper presents the ATHENA framework, it's not specifically focused on programming language integration.;Exclude;The abstract focuses on organizational semiotics and business information systems, lacking specific evidence of multilingual programming language interoperability. While the paper discusses system integration and presents a framework, it does not meet the core screening criteria related to programming language collaboration and technical software integration challenges. The research appears more oriented towards business domain analysis rather than technical multilingual software system development.;2.5;EC1;The abstract focuses on organizational semiotics and business information systems, lacking specific evidence of multilingual programming language interoperability. While the paper discusses system integration and presents a framework, it does not meet the core…
The need for addressing multilingualism, ambiguity and interoperability for visual resources management across metadata platforms;Denise Russo, Abebe Rorissa;10.5210/fm.v26i1.10378;https://doi.org/10.5210/fm.v26i1.10378;First Monday;1;2020;no;While interoperability is discussed, it's in the context of metadata standards and natural languages, not programming languages.;no;Cannot be determined from abstract alone.;no;The paper does not address interaction between programming languages.;no;No mention of software systems built with multiple programming languages.;yes;The abstract is in English, meeting this criterion.;no;The paper appears to be about digital resource management and metadata standards, not software engineering or programming languages.;maybe;"The abstract mentions ""recommendations"" but doesn't clearly indicate assessment methods for interoperability.";no;No clear indication of empirical evaluation in the abstract.;no;The paper focuses specifically on visual resource metadata and natural language processing.;no;While interoperability is discussed, it's focused on metadata and natural language, not software integration.;no;The paper discusses multilingual metadata and non-Roman languages, but focuses on natural language rather than programming languages.;no;While the paper addresses multilingual aspects, it's focused on metadata and natural language rather than software systems.;maybe;The paper appears to present recommendations rather than technical or empirical evidence.;no;The paper proposes recommendations for metadata standardization, but not for software integration.;Exclude;The abstract focuses on metadata standardization for visual resources and multilingual support in natural languages, fundamentally diverging from the screening criteria's emphasis on programming language interoperability and software engineering. Despite addressing multilingual aspects, the paper lacks technical depth in software integration, programming language interactions, and empirical evidence required by the screening criteria. Consequently, the abstract fails to meet the majority of the specified research requirements.;1.4;EC4;Cannot be determined from abstract alone.
Multi-Language Software Development: Issues, Challenges, and Solutions;Haoran Yang, Yu Nong, Shaowei Wang, Haipeng Cai;10.1109/TSE.2024.3358258;https://doi.org/10.1109/TSE.2024.3358258;IEEE Transactions on Software Engineering;5;2024;yes;"The paper's main focus is on challenges in multilingual development, particularly ""ensuring interoperability,"" indicating that the main subject is a technical or empirical challenge caused by the interaction between several programming languages within the same software system.";maybe;The full-text accessibility of the paper cannot be determined from the abstract alone.;yes;"The paper specifically focuses on ""interfacing and data handling across different languages"" and ""building multilingual code,"" indicating that it addresses the interaction of components written in different programming languages within the same software system.";maybe;While the paper discusses multilingual development, it does not explicitly name specific software systems, though it analyzes 586 posts about such systems.;yes;The abstract is written in English, meeting the publication language criterion.;yes;While not explicitly stated, the analysis of Stack Overflow posts and the technical nature of the paper suggests that it is published in a conference or journal recognized in software engineering or programming languages.;yes;The study presents a systematic analysis of 586 posts with clear categorization of issues, indicating that it presents assessment methods or metrics for evaluating multilingual software interoperability.;yes;The study provides empirical evidence through analysis of Stack Overflow posts over 14 years, indicating that it includes empirical evaluation or assessment of multilingual software system implementation.;yes;The focus of the paper is on general programming language integration, not just natural language processing, indicating that it addresses software integration aspects beyond just natural language processing.;yes;"The paper has a strong focus on ""interfacing and data handling across different languages,"" indicating that it examines interoperability or integration challenges in multilingual software contexts.";yes;"The paper explicitly focuses on ""multiple languages"" in software development, indicating that it addresses systems supporting multiple languages rather than just a single language.";yes;The paper has a clear focus on multilingual software development, indicating that it focuses on software systems that handle multiple languages or locales.;yes;The paper presents technical and empirical evidence through systematic analysis, indicating that it presents technical or empirical evidence rather than just opinions or editorial content.;maybe;"While the paper mentions ""actionable insights and recommendations,"" it is not clear if specific technical solutions are presented, indicating a partial fulfillment of this criterion.";Include;A comprehensive study examining multilingual software development challenges through systematic analysis of Stack Overflow posts, revealing critical insights into interoperability, language integration, and technical complexities across programming languages. The research provides empirical evidence of developers' experiences with multilingual systems, focusing on technical challenges, solution strategies, and the broader landscape of cross-language software development. By analyzing 586 posts over 14 years, the study offers actionable recommendations for researchers and practitioners navigating multilingual software integration.;4.6;IC;"Meets IC; supported language."
Interoperability for Industrial Cyber-Physical Systems: An Approach for Legacy Systems;Omid Givehchi, Klaus Landsdorf, P. Simoens, A. Colombo;10.1109/TII.2017.2740434;https://doi.org/10.1109/TII.2017.2740434;IEEE Transactions on Industrial Informatics;144;2017;no;While interoperability is central to the paper, it's about OT-IT domain integration rather than programming language interoperability.;maybe;The full-text accessibility cannot be determined from the abstract alone.;no;The abstract focuses on interoperability between OT and IT domains, but not specifically between programming languages. This is a critical miss.;no;There is no explicit mention of multiple programming languages being used in the system.;yes;The abstract is written in English, meeting this criterion.;yes;The paper appears to be from a software engineering or industrial systems domain, likely meeting this criterion.;maybe;The abstract mentions performance evaluation of their implementation, partially meeting this criterion.;yes;"The paper includes empirical evaluation (""performance of our contributed open-source implementation is evaluated"").";yes;The paper addresses broad system integration beyond NLP, meeting this criterion.;no;The paper strongly focuses on integration and interoperability, but not specifically for multilingual software.;no;The abstract does not explicitly mention multiple programming languages. It discusses integration between OT and IT domains, but not specifically programming languages.;no;The focus is on OT-IT integration rather than multilingual software systems.;yes;The paper presents technical and empirical evidence rather than just opinions.;no;The paper presents a technical solution (interoperability layer), but not specifically for multilingual software integration.;Exclude;The abstract describes an industrial systems integration approach focusing on operational technology and information technology domains, but lacks specific discussion of multilingual programming language interoperability. While the paper presents a technical solution with empirical evidence, it does not meet the core screening criteria related to programming language integration and multilingual software systems. The research addresses system integration at a different conceptual level than what is required for the systematic review.;2.7;EC1;The abstract describes an industrial systems integration approach focusing on operational technology and information technology domains, but lacks specific discussion of multilingual programming language interoperability. While the paper presents a technical s…
Data interoperability assessment, case of messaging‐based data exchanges;Jannik Laval, N. Amokrane, B. Niang, Mustapha Derras, N. Moalla;10.1002/smr.2538;https://doi.org/10.1002/smr.2538;J. Softw. Evol. Process.;1;2023;maybe;While interoperability is central to the paper, it focuses on data interoperability rather than programming language interoperability.;maybe;The full-text accessibility cannot be determined from the abstract alone.;maybe;The paper focuses on data interoperability between systems but does not specifically address programming language interactions.;no;There is no explicit mention of systems built with multiple programming languages.;yes;The abstract is written in English, meeting this criterion.;yes;The paper appears to be from a software engineering context, discussing information systems and software analysis platforms.;yes;The paper presents assessment methods through a messaging metamodel and indicators for interoperability problems.;yes;The paper includes two case studies validating the approach.;yes;The paper addresses integration beyond NLP, focusing on messaging-based communication systems.;yes;The paper examines interoperability challenges, but at the data level rather than the programming language level.;maybe;The abstract does not explicitly mention multiple programming languages. It focuses on data interoperability between systems but does not specify language aspects.;no;There is no clear indication of a focus on multiple programming languages.;yes;The paper presents technical and empirical evidence through case studies.;yes;The paper presents a technical solution through a messaging metamodel and monitoring system.;Exclude;The research addresses data interoperability and system interactions, but does not specifically focus on programming language interactions or multilingual software systems. While the study presents a robust technical approach with empirical validation, it falls short of the screening criteria's emphasis on programming language interoperability. The paper's scope is more aligned with data exchange and system communication rather than the targeted multilingual software integration requirements.;2.7;EC1;The research addresses data interoperability and system interactions, but does not specifically focus on programming language interactions or multilingual software systems. While the study presents a robust technical approach with empirical validation, it fall…
Data Integration and Interoperability: Towards a Model-Driven and Pattern-Oriented Approach;R. Petrasch, Richard R. Petrasch;10.3390/modelling3010008;https://doi.org/10.3390/modelling3010008;Modelling;16;2022;maybe;While interoperability is central to the paper, it is about data model interoperability rather than programming language interoperability.;maybe;The full-text accessibility cannot be determined from the abstract alone.;no;The paper does not focus on programming language interaction. Instead, it focuses on data model integration between systems.;no;There is no explicit mention of systems built with multiple programming languages.;yes;The abstract is written in English, meeting this criterion.;yes;The paper appears to be from a software engineering context, discussing data integration and software systems.;maybe;The paper presents methods for data integration but not specifically for multilingual software interoperability.;maybe;The abstract mentions an example transformation but does not clearly indicate empirical evaluation.;yes;The paper goes beyond NLP, focusing on general data integration.;maybe;The paper does address integration challenges, but at the data model level rather than the programming language level.;maybe;The abstract does not explicitly mention multiple programming languages. It focuses on data integration between different systems but does not specify language aspects.;no;The paper does not focus on multilingual systems in the programming language sense.;yes;The paper presents technical solutions and approaches, meeting this criterion.;maybe;While the paper presents technical solutions, they are for data model integration rather than multilingual software integration.;Exclude;The research focuses on data model integration and interoperability, but does not address multilingual programming language interactions or systems. While technically sound and presenting a method for data transformation, the paper fails to meet the specific screening criteria related to programming language integration and multilingual software systems. The abstract demonstrates a data integration approach that is fundamentally different from the targeted research scope.;2.5;EC1;The research focuses on data model integration and interoperability, but does not address multilingual programming language interactions or systems. While technically sound and presenting a method for data transformation, the paper fails to meet the specific s…
Survey of Interoperability Challenges in the Internet of Vehicles;Paul Agbaje, A. Anjum, Arkajyoti Mitra, Emmanuel Oseghale, Gedare Bloom, Habeeb Olufowobi;10.1109/TITS.2022.3194413;https://doi.org/10.1109/TITS.2022.3194413;IEEE transactions on intelligent transportation systems (Print);53;2022;no;While interoperability is central to the paper, it's not specifically about programming language interoperability.;maybe;Cannot be determined from the abstract alone.;no;The paper does not focus on interaction between different programming languages. Instead, it discusses interoperability between different domains and devices.;no;No mention of specific programming languages or multilingual software systems.;yes;The abstract is in English, meeting this criterion.;maybe;The paper appears to be from a relevant field (IoV/IoT systems), but it's not explicitly clear if it's from a software engineering or programming languages journal.;maybe;"The abstract mentions providing ""an in-depth analysis"" and ""comprehensive survey,"" but not specifically for programming language interoperability.";no;The abstract suggests a survey/review approach rather than empirical evaluation.;yes;The paper addresses integration beyond NLP, focusing on IoT and vehicular systems.;maybe;The paper does focus on integration and interoperability, but at a system level rather than programming language level.;no;The abstract does not mention anything about multiple programming languages. It focuses on interoperability between different domains (home, grid, healthcare) but not specifically programming languages.;no;The paper does not focus on multilingual software systems in the programming language sense.;yes;The paper appears to be a technical survey/review rather than opinion-based.;no;While the paper discusses solutions, they are not specifically for programming language integration.;Exclude;The abstract focuses on Internet of Vehicles (IoV) interoperability across different domains, but does not address programming language integration or multilingual software systems. Despite discussing technical challenges and solutions, the paper fails to meet the specific screening criteria related to programming language interoperability and multilingual software integration. Consequently, the abstract does not align with the required research focus on interlanguage collaboration and technical solutions for multilingual software systems.;1.4;EC1;The abstract focuses on Internet of Vehicles (IoV) interoperability across different domains, but does not address programming language integration or multilingual software systems. Despite discussing technical challenges and solutions, the paper fails to meet…
Software integration model: An assessment tool for global software development vendors;Muhammad Ilyas, S. Khan, Habib Ullah Khan, Nasir Rashid;10.1002/smr.2540;https://doi.org/10.1002/smr.2540;J. Softw. Evol. Process.;12;2023;maybe;While integration is central to the paper, it's not specifically about programming language interoperability.;maybe;Cannot be determined from the abstract alone.;maybe;The abstract doesn't specifically address interaction between components written in different programming languages. It focuses on general software integration in GSD.;no;No explicit mention of systems built with multiple programming languages.;yes;The paper is written in English, meeting this criterion.;yes;The paper appears to be from a software engineering context, meeting this criterion.;maybe;The paper presents assessment methods through its Software Integration Model (SIM), but not specifically for multilingual interoperability.;yes;Yes, the study includes empirical evaluation through case studies and surveys.;yes;The paper appears to address software integration broadly, not limited to NLP.;maybe;The paper does address integration challenges, but not specifically in multilingual software contexts.;maybe;The abstract does not explicitly mention support for multiple programming languages. It focuses on global software development and integration in general.;maybe;The paper focuses on global software development but not specifically on multilingual systems.;yes;Yes, it presents technical and empirical evidence through systematic literature review, surveys, and case studies.;yes;Yes, it presents a technical solution (SIM) for software integration, but not specifically for multilingual integration.;Exclude;The research paper addresses global software development and integration challenges, but lacks specific focus on multilingual programming language interactions. While presenting a comprehensive software integration model with empirical evidence, the study does not meet the screening criteria's requirements for multilingual system analysis or programming language interoperability. The paper's broad approach to software integration diverges from the targeted multilingual system research parameters.;2.7;EC1;The research paper addresses global software development and integration challenges, but lacks specific focus on multilingual programming language interactions. While presenting a comprehensive software integration model with empirical evidence, the study does…
Managing linguistic obstacles in multidisciplinary, multinational, and multilingual research projects;Alison Specht, S. Stall, Jeaneth Machicao, Thibault Catry, Marc Chaumont, Romain David, R. Devillers, Rorie Edmunds, Robin Jarry, Laurence Mabile, Nobuko Miyairi, Margaret O'Brien, P. Corrêa, Solange Santos, Gérard Subsol, Lesley Wyborn;10.1371/journal.pone.0311967;https://doi.org/10.1371/journal.pone.0311967;PLoS ONE;1;2024;no;The paper focuses on terminological challenges in human collaboration, not technical interoperability between programming languages.;maybe;Cannot be determined from the abstract alone.;no;The paper does not focus on programming language interaction within software systems. Instead, it discusses human collaboration across different languages and disciplines.;no;The abstract does not mention any specific software systems built with multiple programming languages.;yes;The paper is written in English, meeting this criterion.;maybe;While the paper discusses technical aspects, it appears to be more focused on research collaboration and terminology challenges rather than software engineering specifically.;maybe;While the paper presents assessment methods, these are for evaluating human collaboration challenges, not software interoperability.;maybe;The paper does include empirical evaluation, but of human collaboration rather than software systems.;no;The paper's focus is on human collaboration and terminology challenges, not software integration.;maybe;The paper discusses integration challenges, but at the human collaboration level rather than software integration.;maybe;The paper discusses multilingual research teams, but not specifically systems supporting multiple languages. It focuses on human communication challenges rather than software systems.;no;The paper focuses on multilingual teams rather than multilingual software systems.;yes;The paper presents empirical evidence, meeting this criterion.;no;The paper presents recommendations, but for human collaboration rather than software integration.;Exclude;The abstract describes a study on multilingual research team collaboration, focusing on human communication challenges rather than software systems or programming language interoperability. Despite being an empirical research paper, it fails to meet most screening criteria related to software engineering, technical integration, and multilingual system development. The paper's primary emphasis on human collaboration terminology and research team dynamics renders it unsuitable for the systematic review's technical focus.;1.4;EC1;The abstract describes a study on multilingual research team collaboration, focusing on human communication challenges rather than software systems or programming language interoperability. Despite being an empirical research paper, it fails to meet most scree…
Integrating technical and business aspects in Software as a Service: Systematic literature review, trends, and research directions;Andrei Time, Diego A. de J. Pacheco, S. Ionescu;10.1177/02666669241287499;https://doi.org/10.1177/02666669241287499;Information Development;0;2024;no;While the paper discusses integration challenges, these are not specifically related to programming language interoperability.;maybe;Cannot be determined from the abstract alone.;no;The abstract does not discuss interaction between different programming languages. It focuses on business and technical aspects of SaaS integration in general.;no;No mention of specific software systems or programming languages.;yes;The abstract is in English, meeting this criterion.;yes;The paper appears to be from a software engineering field, focusing on SaaS integration and implementation.;no;The paper mentions a framework and conceptual model for SaaS integration, but not specifically for multilingual software interoperability.;no;The paper is a systematic review of empirical studies, but not specifically about multilingual software systems.;no;The paper addresses software integration broadly, but not specifically in the context of multilingual systems.;no;While integration is discussed, it's focused on SaaS business models and general integration challenges, not multilingual software contexts.;no;The abstract does not mention anything about multiple programming languages or language support. It focuses on SaaS integration in general.;no;No evidence of focus on multilingual systems or language handling.;yes;The paper presents technical and empirical evidence through systematic review.;no;While technical solutions are discussed, they are not related to multilingual software integration.;Exclude;The systematic review abstract focuses on SaaS integration and business models, lacking any substantive discussion of multilingual software systems or programming language interoperability. Despite meeting some general research criteria like publication language and scientific field, the paper fundamentally fails to address the core screening requirements related to multilingual software contexts. Consequently, the abstract does not align with the systematic review's specific research focus on multilingual software integration.;1.4;EC1;The systematic review abstract focuses on SaaS integration and business models, lacking any substantive discussion of multilingual software systems or programming language interoperability. Despite meeting some general research criteria like publication langua…
Design and Evaluate the Efficiency of Ethiopic Local Integrating System in Open-Source Database;W. M. Tessema, Nadire Cavus;10.1109/ACCESS.2022.3218418;https://doi.org/10.1109/ACCESS.2022.3218418;IEEE Access;3;2022;no;The interoperability challenges discussed are related to locale support, not programming language interaction.;maybe;Cannot be determined from the abstract alone.;no;The paper does not focus on interaction between different programming languages. It's about locale support within a single system.;no;The paper doesn't discuss systems built with multiple programming languages. It focuses on a single system (PostgreSQL) with Amharic locale support.;yes;The paper is written in English, meeting this criterion.;yes;The paper appears to be from a software engineering context, focusing on database systems and localization.;maybe;The paper presents assessment methods (usability testing, ISO 9241-11 attributes), but not for multilingual software interoperability.;maybe;The paper includes empirical evaluation through user testing, but not of multilingual software systems.;yes;The paper goes beyond NLP, focusing on database systems and locale support.;maybe;While integration is discussed, it's about locale integration rather than programming language interoperability.;maybe;The paper focuses on Amharic locale support, but does not explicitly address multiple programming languages. It only mentions the C programming language for implementation.;maybe;While the paper deals with multiple languages, it's about locale support rather than programming languages.;yes;The paper presents technical and empirical evidence, meeting this criterion.;maybe;The paper presents a technical solution (am_ET module), but not for multilingual software integration in terms of programming languages.;Exclude;The research primarily addresses Amharic locale support in database systems, focusing on localization challenges rather than multilingual programming language integration. While the study presents a technical solution with empirical evidence, it does not meet the core screening criteria related to programming language interoperability and multilingual software systems. The paper's scope is limited to locale-specific database implementation, falling short of the systematic review's requirements for multilingual programming language research.;2.5;EC1;The research primarily addresses Amharic locale support in database systems, focusing on localization challenges rather than multilingual programming language integration. While the study presents a technical solution with empirical evidence, it does not meet …
Computer technologies to integrate medical treatments to manage multimorbidity;D. Riaño, W. Ortega;10.1016/j.jbi.2017.09.009;https://doi.org/10.1016/j.jbi.2017.09.009;Journal of Biomedical Informatics;30;2017;no;While the paper discusses integration challenges, these are not related to programming language interoperability.;yes;The paper is published by Elsevier, which likely means the full text is accessible through university libraries.;no;The paper does not focus on the interaction between programming languages. Instead, it discusses medical knowledge representation languages.;no;There is no evidence in the paper of analyzing systems built with multiple general-purpose programming languages.;yes;The paper is written in English, which meets the publication language criterion.;maybe;While the paper is in the field of medical informatics, it appears to be a technical analysis of computer systems, potentially meeting the scientific field criterion.;maybe;"The paper mentions analysis of ""maturity, strengths, and weaknesses"" but not specifically for programming language interoperability.";maybe;The abstract suggests an analytical approach but does not explicitly mention empirical evaluation.;no;The paper focuses on medical knowledge integration, not programming language integration.;no;The integration discussed in the paper is about medical knowledge integration, not programming language integration.;no;"The abstract mentions ""several computer languages"" but in the context of medical knowledge representation, not programming languages. Therefore, the study does not address systems supporting multiple programming languages.";no;The focus of the paper is on medical knowledge representation, not programming language systems.;yes;The paper appears to present technical analysis and classification, which meets the research type criterion.;no;While the paper discusses solutions, they are for medical knowledge integration, not programming language integration.;Exclude;The abstract describes a medical informatics study focused on clinical practice guidelines and knowledge representation, which fundamentally diverges from the systematic review's criteria about programming language interoperability. Despite being in English and potentially accessible, the paper fails to address key requirements related to multilingual software systems, programming language integration, and technical challenges of language interaction. Consequently, the document does not meet the essential screening criteria for the intended research focus.;1.4;EC1;The abstract describes a medical informatics study focused on clinical practice guidelines and knowledge representation, which fundamentally diverges from the systematic review's criteria about programming language interoperability. Despite being in English an…
The advantages of an Ontology-Based Data Management approach: openness, interoperability and data quality;C. Daraio, M. Lenzerini, C. Leporelli, Paolo Naggar, A. Bonaccorsi, A. Bartolucci;10.1007/s11192-016-1913-6;https://doi.org/10.1007/s11192-016-1913-6;Scientometrics;77;2016;no;While interoperability is discussed, it is about database systems rather than programming language interaction.;maybe;The full-text accessibility cannot be determined from the abstract alone.;no;The abstract does not discuss programming language interaction. It focuses on database interoperability instead.;no;There is no mention of specific software systems using multiple programming languages.;yes;The abstract is written in English, meeting this criterion.;yes;The paper appears to be from the computer science/engineering field, likely meeting this criterion.;maybe;"The abstract mentions ""additional dimensions of data quality"" but does not specifically address programming language interoperability metrics.";maybe;"The abstract mentions ""illustrating usefulness"" but does not clearly indicate empirical evaluation.";yes;The paper does address integration beyond NLP, focusing on database systems.;no;While integration is discussed, it is focused on database systems rather than multilingual software contexts.;maybe;The abstract does not explicitly mention multiple programming languages. It discusses database interoperability but not language-level integration.;no;There is no clear indication of focus on multilingual software systems.;yes;The paper appears to present technical content rather than just opinions.;no;While technical solutions are presented, they are for database integration rather than multilingual software integration.;Exclude;The abstract describes a technical approach to database interoperability using ontology-based data management, but fails to meet most screening criteria related to multilingual programming language systems. Specifically, the paper does not address programming language interaction, multilingual software integration, or empirical evidence of language-level interoperability challenges. The research appears focused on database systems rather than the targeted multilingual software context.;2.5;EC1;The abstract describes a technical approach to database interoperability using ontology-based data management, but fails to meet most screening criteria related to multilingual programming language systems. Specifically, the paper does not address programming …
Information systems for enterprise integration, interoperability and networking: theory and applications;H. Panetto, J. Cecil;10.1080/17517575.2012.684802;https://doi.org/10.1080/17517575.2012.684802;Enterprise Information Systems;130;2013;no;While interoperability is discussed, it's at the enterprise system level rather than specifically about programming language interaction.;maybe;Cannot be determined from the abstract alone.;no;The abstract does not specifically address interaction between components written in different programming languages. It focuses on enterprise system interoperability at a higher level.;no;No explicit mention of specific software systems built with multiple programming languages.;yes;The abstract is in English, meeting this criterion.;maybe;The paper appears to be from a relevant field (enterprise information systems engineering), though it's not explicitly clear if it's from a top-tier software engineering venue.;maybe;"The abstract mentions ""applied methods and tools"" but doesn't specifically detail assessment methods for multilingual interoperability.";maybe;The abstract doesn't clearly indicate whether empirical evaluation is included.;yes;The paper addresses integration beyond NLP, focusing on enterprise systems.;maybe;The paper does address integration and interoperability, but at a business/enterprise level rather than programming language level.;maybe;The abstract does not specifically mention support for multiple programming languages. It discusses enterprise systems and interoperability in general terms.;no;The focus is on enterprise systems in general, not specifically on multilingual software systems.;no;"This appears to be an editorial piece (""In this editorial..."") rather than a technical or empirical study.";no;While the paper discusses enterprise integration, it doesn't appear to present specific technical solutions for multilingual software integration.;Exclude;The abstract focuses on enterprise system integration and interoperability at a high level, but lacks specific details about multilingual programming language interactions. While addressing broad enterprise collaboration themes, the text does not meet the systematic review's criteria for technical analysis of multilingual software systems. The editorial nature and generalist approach prevent alignment with the targeted research focus.;2.5;EC2;The abstract focuses on enterprise system integration and interoperability at a high level, but lacks specific details about multilingual programming language interactions. While addressing broad enterprise collaboration themes, the text does not meet the syst…
The Challenges of Semantic Interoperability in the Era of eScience on the Web;Maria Luiza Machado Campos, L. M. Campos, N. Barbosa;10.5771/0943-7444-2020-8-680;https://doi.org/10.5771/0943-7444-2020-8-680;Knowledge organization;1;2020;no;While interoperability is central to the paper, it appears to focus on semantic interoperability rather than programming language interoperability.;no;Cannot be determined from the abstract alone.;no;"The paper discusses interoperability between different ""languages,"" but appears to focus on semantic interoperability rather than programming language interaction.";no;The abstract doesn't explicitly mention any specific software systems built with multiple programming languages.;yes;The abstract is in English, meeting this criterion.;maybe;The paper appears to be from information science and computer science, which partially meets this criterion.;maybe;"The abstract mentions ""methodologies"" but doesn't clearly specify assessment methods for programming language interoperability.";maybe;"The paper is described as an ""exploratory study"" but doesn't clearly indicate empirical evaluation.";yes;The paper appears to focus on semantic interoperability and information science, which is broader than just NLP.;maybe;The paper does address interoperability, but at a semantic level rather than programming language level.;maybe;"The paper discusses semantic interoperability across different languages, but it's unclear if this refers to programming languages or natural languages. The mention of ""communities of speech"" suggests it might be about natural languages.";no;While the paper discusses multiple languages, it appears to focus on semantic interoperability rather than programming language systems.;yes;The paper presents a technical analysis of initiatives, meeting this criterion.;maybe;"The paper discusses ""methodologies"" and ""intermediate language"" approaches, but these appear to be semantic rather than programming language solutions.";Exclude;The abstract discusses semantic interoperability in information science, focusing on methodological approaches to language compatibility, but does not specifically address programming language integration or multilingual software systems. While the paper explores interoperability concepts, it lacks clear evidence of technical solutions for programming language interactions or empirical assessment of multilingual software implementation. The research appears more oriented towards semantic mapping and information science rather than the targeted screening criteria for programming language interoperability.;2.7;EC4;Cannot be determined from the abstract alone.
A Survey of Interoperability Challenges and Solutions for Dealing With Them in IoT Environment;S. Albouq, A. A. Sen, Nabil Almashf, Mohammad Yamin, Abdullah Alshanqiti, N. Bahbouh;10.1109/ACCESS.2022.3162219;https://doi.org/10.1109/ACCESS.2022.3162219;IEEE Access;46;2022;no;While interoperability is central to the paper, it is not specifically about programming language interaction challenges.;maybe;The full-text accessibility cannot be determined from the abstract alone.;no;The paper does not focus on the interaction between components written in different programming languages. It discusses interoperability at a higher level, particularly in smart city contexts.;no;There is no explicit mention of software systems built with multiple programming languages.;yes;The abstract is written in English, meeting this criterion.;no;While the paper appears to be about software engineering, it is focused on smart cities and general interoperability rather than programming languages specifically.;maybe;"The abstract mentions ""classification of available solutions"" and ""advantages and limitations,"" suggesting some assessment methods, but not specifically for programming language interoperability.";no;The abstract suggests a review-based approach rather than empirical evaluation.;yes;The paper addresses integration beyond NLP, focusing on smart cities and heterogeneous systems.;no;The paper strongly focuses on interoperability, but at a system level rather than programming language level.;no;The abstract does not explicitly mention support for multiple programming languages. It discusses interoperability in general terms but not specifically for programming languages.;no;The focus is on general interoperability rather than specifically multilingual software systems.;yes;The paper appears to present technical analysis and frameworks rather than just opinions.;no;"The paper proposes a ""comprehensive framework"" for dealing with interoperability, but not specifically for programming language integration.";Exclude;The abstract discusses general system interoperability in smart city contexts, but fails to meet the specific screening criteria focused on programming language interaction and multilingual software systems. While the paper presents a comprehensive review of interoperability methods, it does not address the technical challenges of integrating components written in different programming languages. Consequently, the research does not align with the targeted systematic review requirements.;2.5;EC1;The abstract discusses general system interoperability in smart city contexts, but fails to meet the specific screening criteria focused on programming language interaction and multilingual software systems. While the paper presents a comprehensive review of i…
Science Arts & Métiers (SAM);-;-;-;-;9;2019;maybe;While interoperability is central to the paper, it is focused on industrial system integration rather than programming language interoperability.;maybe;The full-text accessibility cannot be determined from the abstract alone.;maybe;The abstract does not specifically address interaction between components written in different programming languages. The focus is on industrial system integration.;no;There is no explicit mention of software systems built with multiple programming languages.;yes;The abstract is written in English, meeting this criterion.;yes;The paper appears to be from a software engineering context, focusing on system integration and interoperability.;maybe;"The abstract mentions ""qualitative evaluation"" but does not specify metrics for programming language interoperability.";maybe;The paper includes industrial use cases and evaluation, but not specifically for multilingual software systems.;yes;The paper goes beyond NLP, focusing on industrial systems integration.;maybe;The paper does address integration challenges, but not specifically in multilingual software contexts.;maybe;"The abstract does not explicitly mention multiple programming languages. It discusses ""heterogeneous systems"" but this appears to refer to different types of industrial systems rather than programming languages.";no;The paper does not focus on software systems handling multiple languages or locales.;yes;The paper presents technical solutions and empirical evidence, meeting this criterion.;maybe;While the paper presents a technical solution (interoperability architecture), it is not specifically for multilingual software integration.;Exclude;The abstract describes an industrial system integration approach that does not specifically address multilingual programming language interoperability. While the paper presents a technical solution for system integration, it lacks explicit focus on programming language interactions or multilingual software systems. Consequently, the study does not meet the core screening criteria related to multilingual software integration.;2.7;EC1;The abstract describes an industrial system integration approach that does not specifically address multilingual programming language interoperability. While the paper presents a technical solution for system integration, it lacks explicit focus on programming…
Towards a cross-domain interoperable framework for natural hazards and disaster risk reduction information;R. Tomas, M. Harrison, J. Barredo, Florian Thomas, Miguel Llorente Isidro, Manuela Pfeiffer, O. Čerba;10.1007/s11069-015-1786-7;https://doi.org/10.1007/s11069-015-1786-7;Natural Hazards;13;2015;no;While interoperability is central to the paper, it's about data interoperability in natural hazards, not programming language interoperability.;maybe;Cannot be determined from the abstract alone.;no;The paper does not address interaction between programming languages. It focuses on data interoperability in natural hazard domains.;no;No mention of software systems built with multiple programming languages.;yes;The paper is written in English, meeting this criterion.;no;While this appears to be a technical paper, it's focused on natural hazard data interoperability rather than software engineering or programming languages.;no;The paper mentions frameworks and methodologies, but for natural hazard data assessment, not software interoperability.;no;The paper appears to present frameworks and guidelines but doesn't clearly indicate empirical evaluation.;no;The paper focuses on natural hazard data integration, which is different from software integration.;no;While the paper is about integration and interoperability, it's in the context of natural hazard data, not software systems.;no;The abstract does not mention anything about supporting multiple programming languages. It discusses interoperability in the context of natural hazard data, not programming languages.;no;The paper does not focus on software systems handling multiple languages.;yes;The paper presents technical frameworks and guidelines, meeting this criterion in principle.;no;While technical solutions are presented, they're for natural hazard data interoperability, not software integration.;Exclude;The paper focuses on natural hazard data interoperability and does not address programming language interactions or multilingual software systems. Despite being a technical document about integration frameworks, it fundamentally fails to meet the screening criteria related to software engineering, programming languages, and multilingual system development. The research is centered on data management in natural hazard domains rather than software interoperability challenges.;1.4;EC1;The paper focuses on natural hazard data interoperability and does not address programming language interactions or multilingual software systems. Despite being a technical document about integration frameworks, it fundamentally fails to meet the screening cri…
Assessing Systems Integration: A Conceptual Framework and a Method;A. Vernay, F. Boons;10.1002/SRES.2221;https://doi.org/10.1002/SRES.2221;-;11;2015;no;While the paper focuses on integration, it's not specifically about programming language interoperability.;maybe;Cannot be determined from the abstract alone, but it appears to be from a Wiley journal, suggesting likely accessibility.;no;The paper does not address programming language interaction. It discusses systems integration at a conceptual level.;no;No mention of specific software systems or programming languages.;yes;The abstract is in English, meeting this criterion.;no;While this appears to be an academic paper, it seems to focus on organizational theory and systems integration in a general sense, not specifically software engineering or programming languages.;maybe;The paper does present assessment methods, but for general systems integration, not multilingual software interoperability.;no;The paper includes empirical evaluation, but not of multilingual software systems.;no;The paper appears to address integration in a general organizational context, not specifically software integration.;no;While integration is the main focus, it's not in the context of multilingual software systems.;no;The abstract does not mention anything about multiple programming languages or language support. It discusses systems integration in a general sense.;no;No evidence of focus on multilingual software systems.;yes;The paper presents technical and empirical evidence, meeting this criterion.;no;While the paper presents frameworks and methodologies, they are not for multilingual software integration.;Exclude;The abstract describes a conceptual framework for systems integration in organizational theory, lacking any specific focus on multilingual software systems or programming language interoperability. Despite presenting a research methodology and empirical approach, the paper does not address the core screening criteria related to software engineering, programming languages, or multilingual system integration. Consequently, the abstract fails to meet the majority of the specified screening requirements.;1.4;EC1;The abstract describes a conceptual framework for systems integration in organizational theory, lacking any specific focus on multilingual software systems or programming language interoperability. Despite presenting a research methodology and empirical approa…
Empirical Validation of Software Integration Practices in Global Software Development;Muhammad Ilyas, S. Khan, Nasir Rashid;10.1007/s42979-020-00175-2;https://doi.org/10.1007/s42979-020-00175-2;SN Computer Science;10;2020;maybe;While the paper focuses on software integration challenges, it does not specifically address language interoperability issues.;maybe;The full-text accessibility cannot be determined from the abstract alone.;maybe;The abstract does not specifically address interaction between components written in different programming languages.;no;There is no explicit mention of systems built with multiple programming languages.;yes;The abstract is written in English, meeting this criterion.;yes;The paper appears to be from a software engineering context, discussing software integration and GSD vendors.;maybe;The paper mentions identifying CSFs and practices through SLR and questionnaire survey, but not specifically for language interoperability.;yes;The study includes empirical evaluation through SLR and questionnaire survey.;yes;The paper appears to address general software integration, not limited to NLP.;maybe;The paper does focus on software integration, but not specifically in multilingual contexts.;maybe;The abstract does not explicitly mention multiple programming languages, and only discusses software components and integration without specifying language aspects.;no;There is no clear indication of focus on multilingual systems.;yes;The paper presents technical and empirical evidence through systematic review and survey.;maybe;The paper presents integration practices and solutions, but not specifically for multilingual integration.;Exclude;The abstract describes a software engineering study on global software development integration, but lacks specific focus on multilingual programming language interactions. While the research presents empirical evidence and technical solutions for software integration, it does not meet the core screening criteria related to multilingual systems and language interoperability. The paper's scope appears too broad and general to qualify under the specified multilingual software integration requirements.;2.7;EC1;The abstract describes a software engineering study on global software development integration, but lacks specific focus on multilingual programming language interactions. While the research presents empirical evidence and technical solutions for software inte…
A Survey of Recent Trends in Testing Concurrent Software Systems;F. A. Bianchi, Alessandro Margara, M. Pezzè;10.1109/TSE.2017.2707089;https://doi.org/10.1109/TSE.2017.2707089;IEEE Transactions on Software Engineering;48;2018;no;The paper focuses on testing challenges in concurrent systems, not language interoperability issues.;maybe;Cannot be determined from the abstract alone.;no;The abstract does not discuss interaction between components written in different programming languages. It focuses on concurrent execution flows.;no;No mention of software systems built with multiple programming languages.;yes;The abstract is in English, meeting this criterion.;yes;The paper appears to be from a software engineering field, focusing on testing concurrent systems, meeting this criterion.;no;While the paper discusses testing techniques, these are not related to multilingual software interoperability.;no;The paper appears to be a survey paper reviewing testing techniques, but not specifically focused on empirical evaluation of multilingual systems.;no;The paper addresses software integration, but not in the context of multiple programming languages.;no;The paper discusses integration of concurrent components, but not in the context of different programming languages.;no;The abstract does not mention anything about multiple programming languages or language support. It focuses on concurrent systems and testing techniques.;no;No focus on multilingual systems or language handling.;yes;The paper presents a technical survey and analysis, meeting this criterion.;no;While the paper discusses testing techniques, these are not solutions for multilingual software integration.;Exclude;The abstract describes a survey of testing techniques for concurrent software systems, focusing on technical challenges in multi-core and distributed architectures. Despite being a technical software engineering paper, it does not address multilingual software systems, language interoperability, or integration challenges across programming languages. Consequently, the paper fails to meet most of the specified screening criteria related to multilingual software systems.;1.4;EC1;The abstract describes a survey of testing techniques for concurrent software systems, focusing on technical challenges in multi-core and distributed architectures. Despite being a technical software engineering paper, it does not address multilingual software…
IATE 2;Paula Zorrilla-Agut, T. Fontenelle;10.1075/term.00034.zor;https://doi.org/10.1075/term.00034.zor;-;5;2019;maybe;While interoperability is mentioned, it is about data exchange between systems rather than programming language interoperability.;maybe;The full-text accessibility of the paper cannot be determined from the abstract alone.;no;The abstract does not discuss the interaction between different programming languages. Instead, it focuses on terminology database integration.;no;The abstract does not explicitly discuss multiple programming languages being used in the system.;yes;The abstract is written in English, meeting the publication language criterion.;maybe;While the paper discusses software engineering aspects, it is not clear if it is published in a recognized software engineering venue.;maybe;The abstract does not mention any specific assessment methods or metrics.;maybe;The abstract does not indicate whether empirical evaluation is included.;yes;The integration aspects discussed in the paper go beyond natural language processing, covering system architecture and data management.;yes;The paper explicitly focuses on interoperability and data exchange challenges.;yes;"The abstract explicitly mentions that the study addresses a ""multilingual terminology database"" and discusses data exchange across different language contexts, indicating that the study supports multiple languages.";yes;The system is explicitly described as a multilingual terminology database.;yes;The paper appears to present technical solutions and architectural changes.;yes;The paper describes technical strategies for data consumption and system modernization.;Exclude;The abstract describes a multilingual terminology database system focused on data exchange and integration, but lacks specific evidence of programming language interoperability. While the paper addresses system modernization and technical strategies, it does not meet the core screening criteria related to multilingual programming language interactions. The study's primary focus on terminology database integration rather than programming language collaboration suggests limited alignment with the systematic review's requirements.;2.7;EC1;The abstract describes a multilingual terminology database system focused on data exchange and integration, but lacks specific evidence of programming language interoperability. While the paper addresses system modernization and technical strategies, it does n…
Global Interoperability for Language Resources: Introduction to the Special Section;Nancy Ide, A. Fang, J. Webster;10.1007/s10579-012-9184-1;https://doi.org/10.1007/s10579-012-9184-1;Language Resources and Evaluation;0;2012;no;The paper does focus on interoperability challenges, but specifically for lexical and semantic databases, not programming languages.;no;Cannot be determined from the abstract alone.;no;The abstract focuses on interoperability between lexical databases, not programming languages.;no;While it discusses multilingual resources, it doesn't mention specific programming languages or software systems.;yes;The abstract is in English.;no;"The paper appears in ""Language Resources and Evaluation"" and discusses ICGL (presumably a conference), but it's not clearly focused on software engineering or programming languages.";no;The abstract doesn't mention specific assessment methods or metrics.;no;The abstract doesn't indicate whether empirical evaluation is included.;no;The paper appears to focus specifically on natural language processing and lexical resources, rather than broader software integration.;maybe;The paper does examine interoperability, but in the context of lexical databases rather than programming languages.;maybe;The abstract discusses lexical and semantic databases that handle multiple languages, suggesting support for multiple languages.;maybe;The paper does focus on multilingual resources, but in the context of lexical databases rather than software systems.;maybe;The abstract suggests this is a technical paper, but the specific type of evidence isn't clear.;maybe;The abstract suggests the paper discusses technical solutions for interoperability, but specifically for lexical databases.;Exclude;The abstract focuses on lexical and semantic database interoperability in linguistics, which fundamentally differs from software engineering and programming language integration. Despite discussing multilingual resources, the paper fails to meet critical screening criteria related to programming language collaboration, software system implementation, and technical interoperability challenges. Consequently, the research does not align with the specified screening requirements for multilingual software systems.;2.5;EC4;Cannot be determined from the abstract alone.
Global Interoperability for Language Resources: Introduction to the Special Section;Nancy Ide, A. Fang, Jonathan Webster;10.1007/s10579-012-9184-1;https://doi.org/10.1007/s10579-012-9184-1;Language Resources and Evaluation;0;2012;no;The paper does focus on interoperability challenges, but specifically for lexical and semantic databases, not programming languages.;no;Cannot be determined from the abstract alone.;no;The abstract focuses on interoperability between lexical databases, not programming languages.;no;While it discusses multilingual resources, it doesn't mention specific programming languages or software systems.;yes;The abstract is in English.;no;"The paper appears in ""Language Resources and Evaluation"" and discusses ICGL (presumably a conference), but it's not clearly focused on software engineering or programming languages.";no;The abstract doesn't mention specific assessment methods or metrics.;no;The abstract doesn't indicate whether empirical evaluation is included.;no;The paper appears to focus specifically on natural language processing and lexical resources, rather than broader software integration.;maybe;The paper does examine interoperability, but in the context of lexical databases rather than programming languages.;maybe;The abstract discusses lexical and semantic databases that handle multiple languages, suggesting support for multiple languages.;maybe;The paper does focus on multilingual resources, but in the context of lexical databases rather than software systems.;maybe;The abstract suggests this is a technical paper, but the specific type of evidence isn't clear.;maybe;The abstract suggests the paper discusses technical solutions for interoperability, but specifically for lexical databases.;Exclude;The abstract focuses on lexical and semantic database interoperability in linguistics, which fundamentally differs from software engineering and programming language integration. Despite discussing multilingual resources, the paper fails to meet critical screening criteria related to programming language collaboration, software system implementation, and technical interoperability challenges. Consequently, the research does not align with the specified screening requirements for multilingual software systems.;2.5;EC4;Cannot be determined from the abstract alone.
The Current State of Component Content Management: An Integrative Literature Review;R. Andersen, T. Batova;10.1109/TPC.2016.2516619;https://doi.org/10.1109/TPC.2016.2516619;IEEE Transactions on Professional Communication;34;2015;no;The paper focuses on content management interoperability, not programming language interoperability.;maybe;The full-text accessibility of the paper cannot be determined from the abstract alone.;no;The paper does not focus on programming language interactions. It discusses content management components, not software components.;no;There is no evidence of the paper analyzing specific software systems built with multiple programming languages.;yes;The paper is written in English, meeting this criterion.;no;The paper appears to be a literature review in content management, not specifically software engineering or programming languages.;no;The paper discusses methodologies, but they are for content management, not software interoperability.;no;The paper is a literature review and does not present new empirical evaluation of software systems.;no;The paper focuses specifically on content management integration, not broader software integration.;maybe;The paper addresses integration challenges, but in the context of content management, not multilingual software systems.;maybe;"The abstract mentions ""multilingual communication"" only briefly as an area needing more research, but the paper does not focus on systems supporting multiple languages.";maybe;"While ""multilingual communication"" is mentioned, it is not the focus of the study.";yes;The paper presents a systematic literature review, which is a valid research type.;no;The paper discusses content management solutions but not technical solutions for multilingual software integration.;Exclude;The literature review focuses on content management rather than software engineering, failing to meet most screening criteria related to multilingual software systems and programming language interoperability. While written in English and presenting a systematic research approach, the paper does not address technical challenges of software integration across programming languages. The study's primary focus on content management documentation renders it incompatible with the specified screening requirements.;1.4;EC1;The literature review focuses on content management rather than software engineering, failing to meet most screening criteria related to multilingual software systems and programming language interoperability. While written in English and presenting a systemat…
Holistic Human-Serving Digitization of Health Care Needs Integrated Automated System-Level Assessment Tools;Cindy Welzel, Fabienne Cotte, M. Wekenborg, B. Vasey, P. McCulloch, S. Gilbert;10.2196/50158;https://doi.org/10.2196/50158;Journal of Medical Internet Research;13;2023;no;While interoperability is discussed, it's about system-level integration rather than programming language interoperability.;maybe;Cannot be determined from the abstract alone.;no;The abstract does not discuss interaction between different programming languages. It focuses on system integration at a higher level.;no;No mention of specific programming languages or multilingual systems.;yes;The abstract is in English, meeting this criterion.;no;While the paper appears to be from a healthcare/medical informatics field, it's not clearly from a software engineering or programming languages journal.;maybe;The paper does discuss evaluation frameworks and assessment methods, but not specifically for programming language interoperability.;no;The paper appears to be proposing a framework rather than presenting empirical evaluation.;no;The integration discussed is about clinical systems and workflows, not programming languages.;no;The paper focuses heavily on integration and interoperability, but at a system level rather than programming language level.;no;The abstract does not mention anything about multiple programming languages or language support. It focuses on digital health tools and clinical systems integration.;no;No evidence of focus on multilingual systems in terms of programming languages.;yes;The paper appears to be presenting a technical proposal rather than just opinions.;no;While technical solutions are proposed, they're not related to programming language integration.;Exclude;The abstract focuses on digital health system integration and interoperability, but does not address programming language interactions or multilingual software systems. Despite discussing technical integration challenges, the paper fails to meet the specific screening criteria related to programming language collaboration and multilingual system development. Consequently, the abstract does not align with the required research focus on interlanguage software integration.;1.4;EC1;The abstract focuses on digital health system integration and interoperability, but does not address programming language interactions or multilingual software systems. Despite discussing technical integration challenges, the paper fails to meet the specific s…
Designing Dynamic and Collaborative Automation and Robotics Software Systems;Z. Salcic, U. Atmojo, Heejong Park, A. Chen, K. Wang;10.1109/TII.2017.2786280;https://doi.org/10.1109/TII.2017.2786280;IEEE Transactions on Industrial Informatics;18;2019;maybe;While interoperability is central to the paper, it focuses on hardware and middleware integration rather than programming language interoperability.;maybe;Cannot be determined from the abstract alone.;maybe;"While the paper discusses system integration, it doesn't specifically focus on interaction between different programming languages. It mentions ""heterogeneity of execution platforms"" but this appears to be more about hardware and middleware integration.";no;The abstract doesn't explicitly mention analysis of systems built with multiple programming languages.;yes;The abstract is written in English, meeting this criterion.;yes;The paper appears to be from a software engineering field, focusing on system integration and programming languages.;maybe;The abstract mentions demonstration on an industrial automation system but doesn't explicitly detail assessment methods for interoperability.;yes;The paper includes a demonstration of the approach on an industrial automation system, providing some empirical evidence.;yes;The paper clearly goes beyond NLP, focusing on industrial automation and robotics.;maybe;The paper strongly focuses on integration and interoperability, but at the hardware/middleware level rather than programming language level.;maybe;The abstract does not explicitly mention multiple programming languages. While it discusses integration of different systems, it focuses on SystemJ as the primary language.;no;The focus is not on multilingual systems in terms of programming languages, but rather on heterogeneous hardware systems.;yes;The paper presents technical evidence and solutions rather than just opinions.;maybe;The paper presents a technical solution (SOSJ) for integration, but not specifically for multilingual programming language integration.;Exclude;The research focuses on system integration and interoperability in industrial automation, primarily addressing hardware and middleware challenges rather than multilingual programming language interactions. While the study presents a technical solution for system integration, it does not meet the specific screening criteria related to programming language interoperability and multilingual software systems. The paper's scope and technical approach diverge from the targeted research focus on multilingual programming language integration.;2.7;EC1;The research focuses on system integration and interoperability in industrial automation, primarily addressing hardware and middleware challenges rather than multilingual programming language interactions. While the study presents a technical solution for syst…
Semantic interoperability for an integrated product development process: a systematic literature review;A. L. Szejka, O. C. Júnior, H. Panetto, E. Loures, A. Aubry;10.1080/00207543.2017.1346314;https://doi.org/10.1080/00207543.2017.1346314;International Journal of Production Research;29;2017;no;While interoperability is central to the paper, it's about manufacturing information exchange rather than programming language interaction.;maybe;The full-text accessibility of the paper cannot be determined from the abstract alone.;no;The paper focuses on semantic interoperability in manufacturing information exchange, not programming language interaction.;no;There is no evidence of the paper analyzing software systems built with multiple programming languages.;yes;The paper appears to be written in English, meeting this criterion.;no;The paper appears to be from a manufacturing/industrial engineering field rather than software engineering or programming languages.;no;The paper presents a systematic literature review methodology, but not specifically for evaluating multilingual software interoperability.;no;The paper is a literature review rather than an empirical study of software systems.;no;The paper focuses on manufacturing information exchange, which is different from the software integration scope we're looking for.;no;While the paper addresses interoperability, it's in the context of manufacturing information exchange, not software integration.;no;The abstract does not explicitly mention multiple programming languages. It discusses semantic interoperability in a manufacturing context, but not specifically about programming languages.;no;The paper doesn't focus on software systems handling multiple languages.;yes;The paper presents a systematic review methodology, which is a valid research type.;no;While the paper discusses interoperability solutions, they're not focused on software integration or programming languages.;Exclude;The systematic literature review focuses on semantic interoperability in manufacturing information exchange, fundamentally diverging from the screening criteria's emphasis on multilingual programming language integration. Despite being a rigorous research methodology, the paper fails to address key requirements such as programming language interaction, software system analysis, and technical solutions for multilingual software integration. Consequently, the study does not align with the specified screening criteria for multilingual software research.;1.4;EC1;The systematic literature review focuses on semantic interoperability in manufacturing information exchange, fundamentally diverging from the screening criteria's emphasis on multilingual programming language integration. Despite being a rigorous research meth…
Negotiating Multilingual Quality in Component Content-Management Environments;T. Batova;10.1109/TPC.2017.2747278;https://doi.org/10.1109/TPC.2017.2747278;IEEE Transactions on Professional Communication;9;2018;no;The paper focuses on content management and translation challenges, not programming language interoperability.;maybe;Cannot be determined from abstract alone.;no;The paper focuses on natural language translation and content management, not programming language interaction.;no;While it discusses multilingual systems, these are content management systems for natural languages, not programming languages.;yes;The paper is written in English.;no;The paper appears to be from technical communication field rather than software engineering or programming languages.;no;While the paper presents research methods, they are not focused on programming language interoperability assessment.;no;The paper includes empirical evaluation through a case study, but not of programming language integration.;no;The paper focuses specifically on content management and translation, which is a form of natural language processing.;no;The paper discusses integration challenges, but in the context of content management and translation, not programming languages.;no;The paper discusses multilingual content management, but focuses on natural language translation rather than programming languages.;no;While the paper focuses on multilingual systems, it's in the context of natural language translation, not programming languages.;yes;The paper presents technical and empirical evidence through a case study.;no;The paper discusses strategies for content management, but not technical solutions for programming language integration.;Exclude;The research paper focuses on multilingual content management in technical communication, primarily addressing natural language translation challenges rather than programming language interoperability. Despite being a rigorous empirical study, the work does not meet the screening criteria related to software engineering, programming language integration, or technical system interoperability. The study's scope is fundamentally misaligned with the specified research requirements.;1.4;EC1;The research paper focuses on multilingual content management in technical communication, primarily addressing natural language translation challenges rather than programming language interoperability. Despite being a rigorous empirical study, the work does no…
Language-Independent and Automated Software Composition: The FeatureHouse Experience;S. Apel, Christian Kästner, C. Lengauer;10.1109/TSE.2011.120;https://doi.org/10.1109/TSE.2011.120;IEEE Transactions on Software Engineering;124;2013;yes;The main subject of the paper is the technical challenge of composing software artifacts across different programming languages using superimposition.;maybe;The full-text accessibility cannot be determined from the abstract alone.;yes;The paper specifically focuses on the composition of software artifacts written in different programming languages.;yes;The paper explicitly names multiple general-purpose programming languages and discusses their integration.;yes;The abstract is written in English, meeting the publication language requirement.;yes;The content is clearly within the software engineering field, focusing on software composition and integration.;maybe;"The abstract mentions ""case studies"" but does not explicitly detail assessment methods or metrics.";yes;"The abstract mentions ""substantial number of case studies"" and ""rich experience with numerous languages,"" indicating the inclusion of empirical evidence.";yes;The focus is on general software integration, not just natural language processing.;yes;The paper's core focus is on integration and composition across different programming languages.;yes;The paper explicitly addresses multiple programming languages, including Java, C#, C, Haskell, Alloy, and JavaCC, indicating that it supports systems with multiple languages.;yes;The paper specifically addresses systems handling multiple programming languages.;yes;The paper presents technical solutions and empirical evidence through case studies.;yes;The paper presents the FEATUREHOUSE framework and tool chain as a technical solution for multilingual software integration.;Include;This research comprehensively addresses multilingual software integration by presenting a technical framework (FEATUREHOUSE) that enables composition across multiple programming languages including Java, C#, C, Haskell, and others. The study provides empirical evidence through case studies, demonstrating a robust approach to software interoperability that goes beyond traditional language-specific integration challenges. By offering a language-independent model and tool chain, the research systematically tackles the technical complexities of multilingual software development.;4.9;IC;"Meets IC; supported language."
Towards an information semantic interoperability in smart manufacturing systems: contributions, limitations and applications;Ramon Martinez Pereira, A. L. Szejka, O. C. Júnior;10.1080/0951192X.2021.1891571;https://doi.org/10.1080/0951192X.2021.1891571;International journal of computer integrated manufacturing (Print);14;2021;maybe;While interoperability is central to the paper, it's focused on semantic interoperability in manufacturing systems, not programming language interoperability.;maybe;Cannot be determined from the abstract alone.;maybe;The paper focuses on semantic interoperability in manufacturing systems, but not specifically between programming languages. It's about information exchange between manufacturing systems.;no;No explicit mention of software systems built with multiple programming languages.;yes;The abstract is in English, meeting this criterion.;yes;The paper appears to be from a software engineering/industrial systems context, likely meeting this criterion.;maybe;The paper mentions a classification system for analyzing articles but doesn't present specific metrics for evaluating multilingual software interoperability.;no;The paper is a literature review and doesn't present empirical evaluation of software systems.;yes;The paper goes beyond NLP, focusing on manufacturing systems integration.;maybe;The paper does address integration challenges, but in the context of manufacturing systems rather than multilingual software.;maybe;"The abstract does not explicitly mention multiple programming languages. It discusses ""heterogeneous information"" but in the context of manufacturing systems, not programming languages.";no;The focus is on manufacturing systems integration, not software systems handling multiple languages.;yes;The paper presents a systematic literature review and proposes an architecture, meeting this criterion.;maybe;The paper proposes a preliminary architecture using semantic web approach, but not specifically for multilingual software integration.;Exclude;The research focuses on semantic interoperability in manufacturing systems, not multilingual programming language integration, which fundamentally diverges from the screening criteria's requirements. While the paper addresses integration and interoperability, it lacks specific elements related to programming language interactions, multilingual software systems, and empirical evidence of language-based technical challenges. Consequently, the abstract does not meet the majority of the defined screening criteria for multilingual software research.;2.5;EC1;The research focuses on semantic interoperability in manufacturing systems, not multilingual programming language integration, which fundamentally diverges from the screening criteria's requirements. While the paper addresses integration and interoperability, …
LLM-Based Multi-Agent Systems for Software Engineering: Literature Review, Vision, and the Road Ahead;Junda He, Christoph Treude, David Lo;10.1145/3712003;https://doi.org/10.1145/3712003;ACM Transactions on Software Engineering and Methodology;19;2024;no;The paper focuses on LLM integration into multi-agent systems, not programming language interoperability.;maybe;The full-text accessibility cannot be determined from the abstract alone.;no;The abstract does not discuss interaction between components written in different programming languages. It focuses on LLMs and multi-agent systems.;no;There is no evidence of analyzing software systems built with multiple programming languages.;yes;The abstract is written in English, meeting this criterion.;yes;The paper appears to be in the software engineering field, meeting this criterion.;no;While the paper mentions case studies, these are not specifically about multilingual software interoperability.;no;The paper includes case studies, but not of multilingual software systems.;maybe;The paper goes beyond NLP, discussing software engineering applications, but not in the context of programming language integration.;no;The paper discusses integration, but of LLMs into multi-agent systems, not programming language integration.;no;The abstract does not explicitly discuss multiple programming languages. It focuses on Large Language Models (LLMs) and Multi-Agent systems, but not in the context of programming language integration.;no;The focus is on LLMs and multi-agent systems, not software systems handling multiple programming languages.;yes;The paper presents technical and empirical evidence through case studies and systematic review.;no;While technical solutions are presented, they are not for multilingual software integration.;Exclude;The research focuses on Large Language Models and multi-agent systems in software engineering, but does not address programming language interoperability or multilingual software integration. Despite being a technical paper with empirical evidence, it fails to meet key screening criteria related to language collaboration, system integration, and multilingual programming challenges. The study's scope is fundamentally different from the targeted research domain of multilingual software systems.;2.5;EC1;The research focuses on Large Language Models and multi-agent systems in software engineering, but does not address programming language interoperability or multilingual software integration. Despite being a technical paper with empirical evidence, it fails to…
Semantic issues in model-driven management of information system interoperability;F. Bénaben, Nicolas Boissel-Dallier, H. Pingaud, J. Lorré;10.1080/0951192X.2012.684712;https://doi.org/10.1080/0951192X.2012.684712;International journal of computer integrated manufacturing (Print);37;2013;maybe;While interoperability is central to the paper, it's focused on information systems and business processes rather than programming language interaction.;maybe;The full-text accessibility cannot be determined from the abstract alone.;maybe;The paper focuses on interoperability between information systems, but not specifically between programming languages. It discusses semantic issues and model transformations, but not language-level integration.;no;There is no explicit mention of specific programming languages or multilingual systems.;yes;The abstract is written in English, meeting this criterion.;yes;The paper appears to be from a software engineering context, focusing on information systems engineering.;maybe;The abstract mentions model transformations and semantic gap analysis, but not specifically for programming language interoperability.;maybe;"The abstract mentions ""past, current and future research works"" but doesn't explicitly state whether empirical evaluation is included.";yes;The paper goes beyond NLP, focusing on information, functions, and processes integration.;maybe;The paper strongly focuses on integration and interoperability, but at the information system level rather than programming language level.;maybe;The abstract does not explicitly mention multiple programming languages. It discusses interoperability between information systems, but not specifically programming languages.;maybe;The focus is on collaborative networks and information systems, not specifically multilingual systems.;yes;The paper appears to present technical evidence and approaches rather than just opinions.;maybe;The paper presents a technical solution (MISE approach) but not specifically for multilingual software integration.;Exclude;The research focuses on information system interoperability and collaborative networks, but lacks explicit discussion of multilingual programming language integration. While the study addresses technical challenges in system integration, it does not meet the specific screening criteria related to programming language interaction and multilingual software systems. The paper's scope and approach diverge from the targeted research requirements.;2.7;EC1;The research focuses on information system interoperability and collaborative networks, but lacks explicit discussion of multilingual programming language integration. While the study addresses technical challenges in system integration, it does not meet the s…
Metamorphic Testing for Software Quality Assessment: A Study of Search Engines;Z. Zhou, Shaowen Xiang, T. Chen;10.1109/TSE.2015.2478001;https://doi.org/10.1109/TSE.2015.2478001;IEEE Transactions on Software Engineering;147;2016;no;The paper focuses on testing challenges, not programming language interoperability.;maybe;Cannot be determined from abstract alone.;no;The paper does not address interaction between different programming languages. It focuses on testing search engines.;no;While multiple search engines are mentioned, there's no indication of analysis of systems built with multiple programming languages.;yes;The abstract is in English.;yes;The paper appears to be about software testing and verification, which falls within software engineering.;maybe;The paper presents assessment methods (metamorphic testing), but not for multilingual software interoperability.;maybe;The paper includes empirical evaluation, but not of multilingual software systems.;no;The paper focuses on search engines and testing, not software integration.;no;The paper does not address programming language integration challenges.;no;The abstract mentions Chinese Bing and Baidu, suggesting multiple language support, but this appears to be about search engines rather than programming languages.;no;While search engines handle multiple languages, this is not about software systems handling multiple programming languages.;yes;The paper presents technical and empirical evidence.;no;The paper presents technical solutions for testing, but not for multilingual software integration.;Exclude;The research paper focuses on metamorphic testing of search engines, primarily addressing software verification techniques rather than multilingual programming language interoperability. Despite being a technically rigorous study with empirical evidence, the work does not meet the core screening criteria related to programming language integration, multilingual system development, or language-specific software challenges. Consequently, the paper falls outside the targeted research domain for multilingual software systems.;1.4;EC1;The research paper focuses on metamorphic testing of search engines, primarily addressing software verification techniques rather than multilingual programming language interoperability. Despite being a technically rigorous study with empirical evidence, the w…
Implementing standards for the interoperability among healthcare providers in the public regionalized Healthcare Information System of the Lombardy Region;Fulvio Barbarito, F. Pinciroli, J. Mason, S. Marceglia, Luca Mazzola, S. Bonacina;10.1016/j.jbi.2012.01.006;https://doi.org/10.1016/j.jbi.2012.01.006;Journal of Biomedical Informatics;73;2012;no;While interoperability is central to the paper, it's about healthcare system integration rather than programming language interoperability.;yes;The paper is published by Elsevier, suggesting it's accessible through academic channels.;no;The paper doesn't address programming language interaction. It focuses on healthcare system interoperability through standards like HL7.;no;There is no evidence of multiple programming languages being used in the system.;yes;The paper is written in English, meeting this criterion.;no;While this is a technical paper, it's focused on healthcare information systems rather than software engineering or programming languages specifically.;maybe;The paper presents some metrics (e.g., number of prescriptions, reports) but not specifically for programming language interoperability.;yes;The paper includes empirical data about the system's implementation and usage.;no;The integration discussed is specific to healthcare systems, not programming language integration.;no;The paper does address integration challenges, but at the healthcare system level rather than programming language level.;no;The abstract does not explicitly discuss multiple programming languages. It focuses on healthcare information systems and HL7 standards, but not language-level interoperability.;no;The system handles multiple healthcare providers but not multiple programming languages.;yes;The paper presents technical and empirical evidence, meeting this criterion.;no;The paper presents technical solutions (HL7, IHE profiles) but for healthcare system integration, not programming language integration.;Exclude;The paper focuses on healthcare information system integration in Lombardy, Italy, using HL7 standards, but does not address programming language interoperability or multilingual software systems. While technically robust and empirically grounded, the research fails to meet key screening criteria related to programming language interaction and multilingual software integration. The study's primary contribution lies in healthcare system standardization rather than software engineering language challenges.;1.4;EC1;The paper focuses on healthcare information system integration in Lombardy, Italy, using HL7 standards, but does not address programming language interoperability or multilingual software systems. While technically robust and empirically grounded, the research…
A maturity model for catalogues of semantic artefacts;Óscar Corcho, Fajar J. Ekaputra, Ivan Heibi, C. Jonquet, A. Micsik, S. Peroni, Emanuele Storti;10.1038/s41597-024-03185-4;https://doi.org/10.1038/s41597-024-03185-4;Scientific Data;9;2023;no;While interoperability is central, it is about semantic artifacts rather than programming languages.;maybe;The full-text accessibility of the paper cannot be determined from the abstract alone.;no;The paper focuses on semantic interoperability but not specifically between programming languages.;no;The paper does not mention any specific software systems using multiple programming languages.;yes;The abstract is written in English.;yes;The paper appears to be from a software engineering context, focusing on semantic interoperability.;yes;The paper presents a maturity model with 12 dimensions and 43 features for assessment, but this is not specifically for the type of interoperability being looked for.;yes;The study includes assessment of 26 different catalogues, but this is not specifically for the type of interoperability being looked for.;yes;The paper goes beyond NLP, focusing on semantic artifacts and interoperability.;maybe;The paper addresses interoperability, but at a semantic level rather than a programming language level.;no;The abstract does not explicitly mention multiple programming languages, and instead focuses on semantic interoperability in general.;no;The paper does not have a clear focus on multilingual systems in terms of programming languages.;yes;The paper presents technical evidence and assessment methods.;maybe;The paper presents a maturity model as a technical solution, but not for programming language integration.;Exclude;The research presents a maturity model for semantic interoperability, but fails to meet key criteria related to multilingual programming systems. While the study offers robust assessment methods and empirical evidence, it does not address programming language integration or multilingual software challenges. Consequently, the paper does not align with the specific screening requirements for multilingual software system research.;2.5;EC1;The research presents a maturity model for semantic interoperability, but fails to meet key criteria related to multilingual programming systems. While the study offers robust assessment methods and empirical evidence, it does not address programming language …
Experimental IR Meets Multilinguality, Multimodality, and Interaction;Philipp Schaer, Mandy Neumann;10.1007/978-3-319-98932-7;https://doi.org/10.1007/978-3-319-98932-7;Lecture Notes in Computer Science;96;2018;no;The focus appears to be on information access and retrieval, not programming language interoperability.;maybe;Cannot be determined from the abstract alone.;no;The abstract does not mention anything about programming language interaction or components written in different programming languages.;no;No mention of specific software systems or programming languages.;yes;The abstract is in English.;maybe;CLEF appears to be a conference focused on information retrieval and access, which is related to but not primarily focused on software engineering or programming languages.;no;While evaluation is mentioned, it's in the context of information access, not software interoperability.;no;While evaluation is mentioned, it's not in the context of multilingual software systems.;no;The focus appears to be specifically on information access and retrieval, which is related to natural language processing.;no;No discussion of software integration or interoperability challenges.;maybe;"The abstract mentions ""multilingual"" information access, suggesting multiple languages are considered, but it's unclear if this refers to programming languages or natural languages.";no;"While ""multilingual"" is mentioned, it appears to refer to natural language processing rather than programming languages.";yes;The abstract suggests technical content rather than just opinions.;no;No mention of technical solutions for software integration.;Exclude;The abstract focuses on multilingual information access and retrieval in natural language contexts, not programming language interoperability. Despite mentioning multilingual aspects, the text fails to meet most screening criteria related to software engineering, programming language integration, and technical system challenges. The research appears to be centered on information retrieval rather than multilingual software system development.;1.4;EC1;The abstract focuses on multilingual information access and retrieval in natural language contexts, not programming language interoperability. Despite mentioning multilingual aspects, the text fails to meet most screening criteria related to software engineeri…
Enriching ontologies with multilingual information†;Elena Montiel-Ponsoda, G. A. D. Cea, Asunción Gómez-Pérez, Wim Peters;10.1017/S1351324910000082;https://doi.org/10.1017/S1351324910000082;Natural Language Engineering;48;2010;no;The interoperability challenges discussed are related to natural language and cultural adaptation, not programming language interaction.;maybe;The full-text accessibility of the paper cannot be determined from the abstract alone.;no;The paper focuses on multilingual ontologies but not specifically on programming language interoperability. It deals with natural language support rather than programming language integration.;no;While the paper discusses multilingual systems, these are in the context of natural language support rather than multiple programming languages.;yes;The abstract is written in English, meeting the publication language criterion.;yes;While not explicitly stated, the technical nature and focus on ontology development suggests this is from a recognized software engineering or computer science venue.;maybe;The paper mentions evaluation against FAO requirements, but not specifically for programming language interoperability.;yes;The paper includes evaluation of the LIR model against FAO requirements, providing empirical evidence.;no;The paper focuses specifically on natural language processing and ontology localization, rather than addressing software integration aspects beyond just natural language processing.;maybe;While the paper addresses integration challenges, these are focused on natural language and cultural aspects rather than programming language integration.;yes;The paper explicitly focuses on multilingual ontologies and language support across different linguistic communities, indicating that it addresses systems supporting multiple languages.;yes;The paper focuses on natural language support rather than programming language integration.;yes;The paper presents technical solutions and empirical evaluation, meeting the research type criterion.;yes;The paper presents the LIR model as a technical solution, but for natural language support rather than programming language integration.;Exclude;The paper addresses multilingual ontologies and natural language support, but does not meet the screening criteria focused on programming language interoperability. While technically sophisticated and presenting a novel approach to ontology localization, the research fundamentally differs from the systematic review's requirements by examining natural language integration rather than programming language interactions. Consequently, the paper falls outside the intended scope of the review.;2.5;EC1;The paper addresses multilingual ontologies and natural language support, but does not meet the screening criteria focused on programming language interoperability. While technically sophisticated and presenting a novel approach to ontology localization, the r…
Interlingual annotation of parallel text corpora: a new framework for annotation and evaluation;B. Dorr, R. Passonneau, D. Farwell, Rebecca Green, N. Habash, Stephen Helmreich, Eduard H. Hovy, Lori S. Levin, Keith J. Miller, Teruko Mitamura, Owen Rambow, Advaith Siddharthan;10.1017/S1351324910000070;https://doi.org/10.1017/S1351324910000070;Natural Language Engineering;15;2010;no;The main focus is on meaning representation and annotation for NLP tasks, not programming language interoperability.;maybe;Cannot be determined from the abstract alone.;no;The paper focuses on natural language processing and translation, not programming language interoperability.;no;While it discusses multilingual content, it doesn't address programming languages or software systems built with multiple programming languages.;yes;The abstract is in English.;maybe;While it appears to be in NLP/computational linguistics, it's not clearly focused on software engineering or programming languages.;maybe;While it mentions evaluation of interlingual NLP systems, these aren't related to programming language interoperability.;yes;The paper presents empirical work through annotated corpora.;no;The focus is specifically on NLP and translation tasks.;no;The integration discussed is about natural language processing, not software integration.;yes;"The paper explicitly deals with multiple languages, focusing on ""multiple translations of foreign-language texts.""";no;While it handles multiple languages, it's in the context of NLP, not software systems.;yes;The paper presents technical and empirical work.;no;The solutions presented are for NLP tasks, not software integration.;Exclude;The research focuses on natural language processing and translation annotation, which fundamentally differs from programming language interoperability. Despite addressing multilingual content, the study does not meet critical screening criteria related to software systems, programming language integration, or technical challenges of multilingual software development. Consequently, the paper falls outside the targeted research domain of multilingual software systems.;1.4;EC1;The research focuses on natural language processing and translation annotation, which fundamentally differs from programming language interoperability. Despite addressing multilingual content, the study does not meet critical screening criteria related to soft…
Evaluating Transferability in Multilingual Text Analyses;Justin Chun-ting Ho, Chung-hong Chan;10.5117/ccr2023.2.3.ho;https://doi.org/10.5117/ccr2023.2.3.ho;Computational Communication Research;3;2023;no;The main subject is transferability of text analysis methods across languages, not programming language interoperability.;maybe;Cannot be determined from the abstract alone.;no;The paper focuses on multilingual text analysis rather than interaction between programming languages.;no;While it discusses multilingual systems, these are for text analysis (mBERT) rather than systems built with multiple programming languages.;yes;The abstract is in English.;maybe;While it appears to be a technical paper, it's not clearly situated in software engineering or programming languages, but rather in natural language processing.;yes;The paper presents clear assessment methods (natural and synthetic data pairs, manual annotation, LIME technique).;yes;The study includes empirical evaluation using real and synthetic data.;no;The paper focuses specifically on natural language processing and text analysis.;no;The focus is on text analysis transferability rather than software integration challenges.;yes;The paper explicitly deals with multiple languages, including Indo-European languages and specific examples from UK, Basque, Hong Kong, and Taiwan.;maybe;While it focuses on multilingual systems, these are specifically for text analysis rather than general software systems.;yes;The study presents technical and empirical evidence.;yes;The paper presents technical solutions for evaluating multilingual text analysis transferability.;Exclude;The research focuses on multilingual text analysis and transferability of machine learning models across languages, primarily in the domain of natural language processing. While the study demonstrates technical rigor and empirical methodology, it does not address programming language interoperability or software systems integration. Consequently, the paper does not align with the systematic review's core screening criteria related to multilingual software engineering.;2.5;EC1;The research focuses on multilingual text analysis and transferability of machine learning models across languages, primarily in the domain of natural language processing. While the study demonstrates technical rigor and empirical methodology, it does not addr…
Data Interoperability Between Elements of the Global Ocean Observing System;D. Snowden, V. Tsontos, N. Handegard, M. Zárate, Kevin O’ Brien, K. Casey, N. Smith, H. Sagen, K. Bailey, M. Lewis, S. Arms;10.3389/fmars.2019.00442;https://doi.org/10.3389/fmars.2019.00442;Frontiers in Marine Science;18;2019;no;While interoperability is central to the paper, it is about data interoperability rather than programming language interoperability.;maybe;The full-text accessibility cannot be determined from the abstract alone.;no;The paper focuses on data interoperability rather than programming language interaction.;no;There is no mention of specific programming languages or multilingual systems in the paper.;yes;The abstract is written in English.;no;The paper appears to be focused on ocean data systems rather than software engineering or programming languages specifically.;maybe;The paper mentions reviewing use cases and making recommendations, but not specifically for programming language interoperability.;yes;The paper appears to include empirical evaluation through use case analysis.;yes;The paper goes beyond NLP, focusing on ocean data systems.;maybe;The paper addresses integration challenges, but in the context of data systems rather than programming languages.;no;The abstract does not explicitly mention multiple programming languages, and instead discusses data interoperability rather than language-specific aspects.;no;There is no evidence of a focus on multilingual software systems in the paper.;yes;The paper presents technical analysis and recommendations.;no;While the paper presents technical solutions, they are for data interoperability rather than programming language integration.;Exclude;The abstract focuses on ocean data system interoperability, which fundamentally differs from the screening criteria's emphasis on multilingual programming language interactions. Despite addressing technical integration challenges, the paper lacks specific evidence of programming language collaboration, multilingual system design, or software engineering interoperability. Consequently, the document fails to meet most of the critical screening requirements for multilingual software system research.;2.5;EC1;The abstract focuses on ocean data system interoperability, which fundamentally differs from the screening criteria's emphasis on multilingual programming language interactions. Despite addressing technical integration challenges, the paper lacks specific evid…
Globalizing Domain-Specific Languages;B. Combemale, B. Cheng, J. Jézéquel, Bernhard Rumpe;10.1007/978-3-319-26172-0;https://doi.org/10.1007/978-3-319-26172-0;Lecture Notes in Computer Science;11;2015;maybe;"The abstract suggests a focus on ""coordinated use"" of multiple DSMLs, which implies integration challenges, but the details are unclear due to the truncated nature of the abstract.";no;The full-text accessibility cannot be determined from the abstract alone.;maybe;"The abstract mentions ""coordinated use of DSMLs"", which suggests interaction between different modeling languages, but it is unclear if these are general-purpose programming languages.";no;There is no explicit mention of specific programming languages or systems in the abstract.;no;The publication language cannot be determined from the truncated abstract.;maybe;"The focus on ""software-intensive systems"" suggests the article is likely from a software engineering context, but the specific venue cannot be confirmed.";no;The assessment methods cannot be determined from the truncated abstract.;no;The empirical evidence cannot be determined from the truncated abstract.;maybe;"The focus on ""software-intensive systems"" suggests a broader scope than just NLP.";maybe;"The mention of ""coordinated use"" suggests integration challenges, but the details are unclear.";maybe;"The abstract mentions ""multiple DSMLs"" (Domain-Specific Modeling Languages), but it is unclear if these are different programming languages. There is uncertainty around whether the study addresses systems supporting multiple languages.";maybe;The focus on multiple DSMLs suggests multilingual aspects, but it is unclear if this extends to programming languages.;no;The research type cannot be determined from the truncated abstract.;maybe;The abstract suggests a technical focus, but the specific solutions cannot be confirmed due to the truncated nature of the abstract.;Exclude;The truncated abstract suggests potential exploration of multiple domain-specific modeling languages within software-intensive systems, but lacks sufficient detail to confidently assess most screening criteria. Critical information about language support, empirical evidence, and technical solutions remains unclear due to the incomplete text. Multiple aspects of multilingual software integration appear present, but definitive confirmation is impossible without the full abstract.;2.7;EC4;The full-text accessibility cannot be determined from the abstract alone.
The foundation for future education, teaching, training, learning, and performing infrastructure - The open interoperability conceptual framework approach;Ana Perišić, Ines Perišić, Marko Lazić, B. Perišić;10.1016/j.heliyon.2023.e16836;https://doi.org/10.1016/j.heliyon.2023.e16836;Heliyon;15;2023;no;While interoperability is central to the paper, it's focused on educational systems and stakeholders rather than programming language interoperability.;maybe;Cannot be determined from the abstract alone.;no;"The paper doesn't address interaction between different programming languages. The ""interoperability"" discussed is about educational stakeholders and systems.";no;No evidence of analyzing software systems built with multiple programming languages.;yes;The paper is written in English, meeting this criterion.;no;While the paper appears to be about software frameworks and systems, it's primarily focused on educational technology rather than core software engineering or programming languages.;maybe;"The abstract mentions ""comparative analysis and evaluation"" but not specifically for multilingual software interoperability.";no;The abstract suggests this is a conceptual framework rather than an empirical study.;no;The paper focuses on educational technology integration rather than software integration.;no;While integration is discussed, it's in the context of educational systems rather than multilingual software.;no;"The abstract does not explicitly discuss multiple programming languages. While it mentions ""heterogeneous"" systems, this appears to be in the context of educational stakeholders rather than programming languages.";no;No evidence of focus on software systems handling multiple languages.;maybe;The paper presents a conceptual framework, which is technical in nature, but not focused on the target domain.;no;While technical solutions are presented, they're not related to multilingual software integration.;Exclude;The abstract focuses on educational technology and stakeholder interoperability, fundamentally diverging from the screening criteria's emphasis on multilingual software systems and programming language interactions. Despite discussing integration and frameworks, the paper lacks specific evidence of multilingual software development, programming language collaboration, or technical solutions for cross-language system integration. Consequently, the document does not meet the majority of the established screening requirements.;1.4;EC1;The abstract focuses on educational technology and stakeholder interoperability, fundamentally diverging from the screening criteria's emphasis on multilingual software systems and programming language interactions. Despite discussing integration and framework…
An approach to define semantics for BPM systems interoperability;Mariela Rico, M. L. Caliusco, O. Chiotti, M. Galli;10.1080/17517575.2013.767381;https://doi.org/10.1080/17517575.2013.767381;Enterprise Information Systems;8;2015;no;While interoperability is central to the paper, it is focused on business process and semantic interoperability rather than programming language interoperability.;maybe;The full-text accessibility cannot be determined from the abstract alone.;no;The paper focuses on business process interoperability rather than programming language interoperability. It does not address the interaction of components written in different programming languages.;no;The abstract does not mention any specific software systems built with multiple programming languages.;yes;The abstract is written in English, meeting this criterion.;yes;The paper appears to be from a software engineering or information systems field, likely meeting this criterion.;maybe;The paper mentions an empirical validation through a case study, but it is not specifically focused on multilingual software interoperability assessment.;yes;The paper includes empirical validation through a case study.;yes;The paper goes beyond NLP, focusing on business process management and semantic interoperability.;maybe;The paper does address integration challenges, but at the business process level rather than the programming language level.;maybe;The abstract does not explicitly mention multiple programming languages. It focuses on business process management and semantic interoperability, but not specifically language-level interoperability.;no;The paper does not focus on software systems handling multiple programming languages.;yes;The paper presents technical and empirical evidence, meeting this criterion.;no;While the paper presents technical solutions, they are not focused on multilingual software integration.;Exclude;The research focuses on business process management and semantic interoperability, but does not address programming language-level interactions or multilingual software systems. Despite presenting a technical solution with empirical validation, the study fails to meet the core screening criteria related to programming language interoperability and multilingual software integration. Consequently, the paper does not align with the systematic review's specific requirements for multilingual software research.;2.5;EC1;The research focuses on business process management and semantic interoperability, but does not address programming language-level interactions or multilingual software systems. Despite presenting a technical solution with empirical validation, the study fails…
Multilingual Conversational Systems to Drive the Collection of Patient-Reported Outcomes and Integration into Clinical Workflows;I. Mlakar, V. Šafran, Daniel Hari, M. Rojc, Gazihan Alankus, Rafael Pérez Luna, Umut Arioz;10.3390/sym13071187;https://doi.org/10.3390/sym13071187;Symmetry;19;2021;maybe;While interoperability is mentioned as a challenge, it's about healthcare data integration rather than programming language interoperability.;maybe;The full-text accessibility of the paper cannot be determined from the abstract alone.;no;"The abstract doesn't discuss interaction between different programming languages. The ""five different languages"" refers to natural languages for user interaction.";no;While the system is multilingual, it doesn't explicitly discuss multiple programming languages being used in its implementation.;yes;The abstract is written in English, meeting the publication language criterion.;maybe;While the paper appears to be technical in nature, it's not explicitly clear if it's from a software engineering or programming languages venue.;maybe;The abstract mentions evaluation will be done, but not specifically for multilingual software interoperability.;yes;The abstract mentions a clinical study will be conducted, indicating the inclusion of empirical evidence.;yes;The integration goes beyond NLP, involving healthcare data and clinical workflows.;yes;The paper discusses integration challenges, but in the context of healthcare data rather than programming languages.;yes;"The abstract explicitly mentions support for ""five different languages"" in the system, indicating that the study addresses systems supporting multiple languages.";yes;The system handles multiple languages, but for user interaction rather than programming languages.;yes;The paper presents technical implementation and empirical evaluation, meeting the research type criterion.;yes;The paper presents a technical solution, but not for programming language integration.;Exclude;The research presents a multilingual healthcare system supporting five languages, but does not address programming language interoperability as specified in the screening criteria. While technically sophisticated and focused on integration challenges, the study's primary emphasis is on natural language support and healthcare data integration rather than multilingual software system development. Consequently, the paper does not align with the core requirements of the screening criteria.;2.5;EC1;The research presents a multilingual healthcare system supporting five languages, but does not address programming language interoperability as specified in the screening criteria. While technically sophisticated and focused on integration challenges, the stud…
ESCO: Boosting Job Matching in Europe with Semantic Interoperability;Martin le Vrang, A. Papantoniou, Erika Pauwels, Pieter Fannes, Dominique Vandensteen, J. Smedt;10.1109/MC.2014.283;https://doi.org/10.1109/MC.2014.283;Computer;52;2014;no;While interoperability is discussed, it's about semantic interoperability between natural languages, not programming languages.;maybe;Cannot be determined from the abstract alone.;no;The abstract focuses on semantic interoperability between different languages in a classification system, but not between programming languages.;no;No mention of programming languages or software systems built with multiple programming languages.;yes;The abstract is in English, meeting this criterion.;maybe;The abstract doesn't clearly indicate the publication venue or field. Cannot determine.;no;No clear mention of assessment methods or metrics.;no;No clear indication of empirical evaluation.;no;The focus appears to be specifically on natural language processing and classification.;no;While integration is discussed, it's in the context of natural language classification, not programming language integration.;no;"The abstract mentions ""multilingual"" classification, but this appears to be about natural language support rather than programming languages.";no;While the system is multilingual, it's focused on natural language support rather than programming languages.;maybe;Cannot clearly determine if this is technical/empirical research or editorial content from the abstract.;no;No clear presentation of technical solutions for programming language integration.;Exclude;The abstract describes a multilingual classification system for skills and occupations, focusing on natural language interoperability rather than programming language integration. Despite being in English, the text fails to meet most screening criteria related to multilingual software systems, programming language collaboration, and technical interoperability challenges. The content appears more aligned with semantic classification than software engineering research.;1.4;EC1;The abstract describes a multilingual classification system for skills and occupations, focusing on natural language interoperability rather than programming language integration. Despite being in English, the text fails to meet most screening criteria related…
A systemic approach for effective semantic access to cultural content;I. Kollia, V. Tzouvaras, Nasos Drosopoulos, G. Stamou;10.3233/SW-2012-0051;https://doi.org/10.3233/SW-2012-0051;Semantic Web;21;2012;no;While interoperability is central to the paper, it is about semantic interoperability between metadata schemas, not programming language interoperability.;maybe;The full-text accessibility of the paper cannot be determined from the abstract alone.;no;The paper does not address interaction between different programming languages. It focuses on metadata schema mapping and semantic interoperability in cultural heritage systems.;no;The abstract does not mention any specific software systems built with multiple programming languages.;yes;The abstract is written in English, meeting this criterion.;no;While the paper appears to be technical in nature, it is focused on cultural heritage and semantic interoperability rather than software engineering or programming languages specifically.;no;The abstract mentions an experimental study, but it is focused on metadata mapping and query answering, not programming language interoperability.;no;The paper includes an experimental study, but it is not related to multilingual software systems.;no;The paper goes beyond NLP, focusing on cultural heritage systems, but not in the context of programming language integration.;no;The paper does address integration challenges, but in the context of metadata schemas and cultural heritage systems, not programming languages.;no;The abstract does not explicitly mention support for multiple programming languages. It discusses metadata schemas and semantic interoperability, but not in the context of programming languages.;no;While the system handles multiple metadata schemas, it is not focused on programming language multilingualism.;yes;The paper presents technical and empirical evidence, meeting this criterion.;no;The paper presents technical solutions, but for metadata mapping and semantic interoperability, not programming language integration.;Exclude;The research focuses on semantic interoperability in cultural heritage systems, addressing metadata schema mapping and query answering, but does not meet the screening criteria related to programming language multilingualism or software system integration. While technically rigorous and presenting an experimental study, the paper's scope is fundamentally different from the required focus on multilingual software systems and programming language interoperability.;1.4;EC1;The research focuses on semantic interoperability in cultural heritage systems, addressing metadata schema mapping and query answering, but does not meet the screening criteria related to programming language multilingualism or software system integration. Whi…
Multilingual question answering systems for knowledge graphs - a survey;A. Perevalov, Andreas Both, A. Ngomo;10.3233/sw-243633;https://doi.org/10.3233/sw-243633;Semantic Web;5;2024;no;The interoperability challenges discussed in the paper are related to natural language processing, not programming language interaction, so it does not meet this criterion.;maybe;The abstract mentions an online appendix and appears to be from a formal publication, suggesting that the full text is likely accessible.;no;The paper does not focus on programming language interoperability, but rather on natural language support in KGQA systems, so it does not meet this criterion.;no;While the paper discusses multilingual systems, these are not about programming languages but rather natural languages, so it does not meet this criterion.;yes;The abstract is written in English, meeting the publication language criterion.;maybe;While the paper is a systematic review, it is focused on Knowledge Graph QA rather than software engineering specifically, so it only partially meets the scientific field criterion.;yes;The paper discusses evaluation metrics and methods, but for KGQA systems rather than programming language interoperability, so it only partially meets this criterion.;yes;The paper includes a systematic review of 46 publications and analysis of empirical results, meeting the empirical evidence criterion.;no;The paper focuses specifically on natural language processing and KGQA, not general software integration, so it does not meet this criterion.;maybe;While the paper addresses integration challenges, these are specific to KGQA systems and natural language processing, so it only partially meets this criterion.;yes;The paper explicitly focuses on multilingual systems (mKGQA), indicating that it addresses systems supporting multiple languages.;yes;The paper focuses on natural language support rather than programming language integration, so it only partially meets this criterion.;yes;The paper presents a systematic review with technical and empirical evidence, meeting the research type criterion.;yes;The solutions presented in the paper are for KGQA systems, not programming language integration, so it only partially meets this criterion.;Exclude;The systematic review focuses on multilingual Knowledge Graph Question Answering, primarily addressing natural language processing rather than programming language interoperability. While the study demonstrates rigorous methodology and comprehensive analysis of multilingual systems, it does not meet key screening criteria related to programming language integration and technical challenges of cross-language software development. The research is fundamentally misaligned with the core requirements of examining multilingual software system interactions.;2.5;EC1;The systematic review focuses on multilingual Knowledge Graph Question Answering, primarily addressing natural language processing rather than programming language interoperability. While the study demonstrates rigorous methodology and comprehensive analysis o…
Principles and Standards for Designing and Managing Integrable and Interoperable Transformed Health Ecosystems;B. Blobel, P. Ruotsalainen, F. Oemig, Mauro Giacomini, P. A. Sottile, Frederik Endsleff;10.3390/jpm13111579;https://doi.org/10.3390/jpm13111579;Journal of Personalized Medicine;6;2023;no;While interoperability is central to the paper, it focuses on healthcare system integration rather than programming language interoperability.;maybe;Cannot be determined from the abstract alone.;no;The paper focuses on healthcare system integration rather than programming language interoperability.;no;No evidence of discussing systems built with multiple programming languages.;yes;The paper is written in English, meeting this criterion.;no;The paper appears to be from health informatics, which is related to but not primarily focused on software engineering or programming languages.;no;"The paper mentions ""knowledge-centric"" approaches but doesn't specifically discuss metrics for programming language interoperability.";maybe;"The abstract mentions ""practical projects and solutions"" but doesn't specify empirical evaluation methods.";no;The paper focuses on healthcare integration, which is broader than NLP, but not focused on programming language integration.;no;The paper does address integration and interoperability, but in the context of healthcare systems rather than programming languages.;no;"The abstract does not explicitly discuss multiple programming languages. While it mentions ""multi-domain ecosystems,"" this refers to healthcare domains rather than programming languages.";no;The focus is on healthcare systems rather than multilingual programming systems.;yes;The paper appears to present technical content rather than just opinions.;no;While technical solutions are presented, they're for healthcare system integration rather than programming language integration.;Exclude;The abstract focuses on healthcare system integration and standards, fundamentally diverging from the systematic review's core criteria of programming language interoperability. Despite addressing technical integration, the paper lacks specific discussion of multilingual software systems, programming language interactions, or empirical evidence related to language-level interoperability. Consequently, the document does not meet the essential screening requirements for the systematic review.;1.4;EC1;The abstract focuses on healthcare system integration and standards, fundamentally diverging from the systematic review's core criteria of programming language interoperability. Despite addressing technical integration, the paper lacks specific discussion of m…
An information-theoretic, vector-space-model approach to cross-language information retrieval*;Peter A. Chew, B. Bader, Stephen Helmreich, Ahmed Abdelali, Stephen J Verzi;10.1017/S1351324910000185;https://doi.org/10.1017/S1351324910000185;Natural Language Engineering;19;2011;no;The paper's main subject is information retrieval and document clustering, not programming language interoperability.;no;Cannot be determined from the abstract alone.;no;The paper does not address interaction between different programming languages. It focuses on natural language processing and information retrieval.;no;The paper does not discuss software systems built with multiple programming languages.;yes;The abstract is in English.;no;While the paper appears to be from a computer science field, it focuses on information retrieval and computational linguistics rather than software engineering or programming languages.;no;While the paper presents evaluation methods, these are for information retrieval tasks, not programming language interoperability.;no;The paper includes empirical evaluation, but for information retrieval tasks rather than multilingual software systems.;no;The paper focuses specifically on natural language processing and information retrieval, not broader software integration.;no;The paper discusses integration of different approaches in information retrieval, but not programming language integration.;maybe;The paper discusses multilingual document clustering, indicating support for multiple languages. However, this appears to be about natural language processing rather than programming languages.;no;While the paper deals with multiple languages, it's in the context of natural language processing, not programming languages.;maybe;The paper presents technical and empirical evidence, but not for the target domain.;no;The paper presents technical solutions, but for information retrieval rather than programming language integration.;Exclude;The research focuses on information retrieval and computational linguistics, primarily addressing natural language processing across multiple human languages rather than programming language interoperability. Despite presenting technical and empirical evidence, the study does not meet the core screening criteria related to programming language integration, software engineering, or multilingual system development. Consequently, the paper falls outside the targeted research domain.;1.4;EC4;Cannot be determined from the abstract alone.
Translation, Abstraction and Integration for Effective Smart System Design;M. Lora, S. Vinco, F. Fummi;10.1109/TC.2019.2909209;https://doi.org/10.1109/TC.2019.2909209;IEEE transactions on computers;21;2019;yes;The paper's main focus is on managing heterogeneity and integrating different components, indicating that the interoperability problem is central to the study.;maybe;The full-text accessibility cannot be determined from the abstract alone.;maybe;While the paper addresses interaction between different components, it's not explicitly clear if these are different programming languages or just different modeling languages.;no;"The abstract doesn't explicitly name specific programming languages, though it mentions ""different languages"" in a broader context.";yes;The abstract is written in English, meeting the publication language requirement.;yes;The paper appears to be from a software engineering context, focusing on virtual platforms and system integration, which is relevant to the scientific field.;yes;The paper mentions analysis of design flows and system-level simulation, suggesting that it presents assessment methods or metrics for evaluating multilingual software interoperability.;yes;The paper includes two case studies to demonstrate effectiveness, providing empirical evidence.;yes;The focus is on general system integration, not just NLP, meeting the integration scope criterion.;yes;The paper is centrally focused on integration challenges in heterogeneous systems, meeting the integration/interoperability criterion.;yes;"The paper explicitly addresses systems with ""different languages"" and ""heterogeneous components"" from different vendors, indicating that it supports multiple languages.";maybe;While the paper addresses multiple languages, it's unclear if these are programming languages or modeling languages.;yes;The paper presents technical methodology and empirical evaluation, meeting the research type criterion.;yes;"The paper proposes a ""meet-in-the-middle approach"" and methodology for integration, meeting the technical solution criterion.";Include;The study addresses heterogeneous system integration with a focus on managing diverse design languages and components, presenting a technical methodology for interoperability across different modeling domains. While demonstrating strong alignment with most screening criteria, the paper exhibits uncertainty regarding the specific nature of language interactions, particularly whether it involves programming languages or modeling languages. The research provides empirical evidence through case studies and offers a comprehensive approach to system-level integration challenges.;3.5;IC;"Meets IC; supported language."
Barriers and Possibilities for Interdisciplinary Disaster Science Research: Critical Appraisal of the Literature;Blythe Johnston, John W. van de Lindt;10.1061/(asce)nh.1527-6996.0000520;https://doi.org/10.1061/(asce)nh.1527-6996.0000520;Natural Hazards Review;7;2022;no;While integration challenges are central to the paper, they're focused on data integration across disciplines rather than programming language interoperability.;maybe;Cannot be determined from the abstract alone.;no;The paper discusses integration challenges, but not specifically between programming languages. The focus is on interdisciplinary collaboration and data integration.;no;No explicit mention of software systems built with multiple programming languages.;yes;The abstract is in English, meeting this criterion.;no;While the paper appears to be about software modeling and data integration, it's not clearly situated within software engineering or programming languages journals.;maybe;The paper does present assessment methods through systematic review of 29 papers, but not specifically for programming language interoperability.;no;The paper includes empirical evaluation through systematic review, but not of multilingual software systems.;no;The paper addresses integration beyond NLP, but not in the context of programming languages.;no;Integration is a key focus, but at the data and disciplinary level rather than programming language level.;no;"The abstract does not explicitly discuss multiple programming languages. While it mentions ""different syntax,"" this appears to be in the context of data integration across disciplines rather than programming languages.";no;The paper does not focus on software systems handling multiple languages.;yes;The paper presents technical and empirical evidence through systematic review.;no;While solutions are discussed, they're not specific to programming language integration.;Exclude;The abstract focuses on interdisciplinary research collaboration and data integration challenges across disciplines, but does not address programming language interoperability or multilingual software systems. Despite discussing integration and systematic review, the paper fails to meet the core screening criteria related to programming language interaction and technical solutions for multilingual software integration. The research is fundamentally misaligned with the specified screening requirements.;1.4;EC1;The abstract focuses on interdisciplinary research collaboration and data integration challenges across disciplines, but does not address programming language interoperability or multilingual software systems. Despite discussing integration and systematic revi…
Quality interoperability within digital libraries: the DL.org perspective;N. Ferro, S. Higgins, M. Horik;-;-;-;9;2010;no;While interoperability is central to the paper, it's not about programming language interaction but rather about quality interoperability in digital libraries.;maybe;Cannot be determined from the abstract alone, but the paper appears to be from a formal research project (DL.org).;no;The abstract doesn't discuss programming language interaction. It focuses on quality interoperability in digital libraries.;no;No evidence of analyzing systems built with multiple programming languages.;yes;The abstract is in English, meeting this criterion.;yes;The paper appears to be from a software engineering context, focusing on digital libraries and interoperability.;maybe;"The paper mentions a ""Quality Interoperability Survey"" and ""Quality Core Model,"" suggesting assessment methods, but not for programming language interoperability.";maybe;The abstract suggests some empirical work through the survey, but not specifically for multilingual software systems.;no;The paper focuses on digital libraries and quality aspects, not specifically on programming language integration.;no;The paper does examine interoperability, but in the context of digital libraries rather than programming languages.;no;"The abstract does not explicitly mention multiple programming languages. It discusses ""Digital Libraries"" (DLs) and their interoperability, but not in the context of programming languages.";no;No clear indication of focus on multilingual software systems.;yes;The paper appears to present technical and empirical evidence through models and surveys.;no;The paper presents frameworks (Quality Core Model) but not for programming language integration.;Exclude;The abstract focuses on digital library interoperability and quality frameworks, which fundamentally differs from the required criteria of multilingual programming language interaction. Despite presenting technical research on interoperability, the paper lacks specific elements related to programming language integration, multilingual software systems, or empirical evidence of language-specific challenges. Consequently, the document does not meet the essential screening requirements for the systematic review.;1.4;EC1;The abstract focuses on digital library interoperability and quality frameworks, which fundamentally differs from the required criteria of multilingual programming language interaction. Despite presenting technical research on interoperability, the paper lacks…
User Experience, Functionality and Aesthetics Evaluation in an Academic Multi-Site Web Ecosystem;Andreas Giannakoulopoulos, Minas Pergantis, Aristeidis Lamprogeorgos;10.3390/fi16030092;https://doi.org/10.3390/fi16030092;Future Internet;0;2024;no;While interoperability is discussed, it is about website content management rather than programming language interoperability.;maybe;The full-text accessibility cannot be determined from the abstract alone.;no;The abstract does not mention interaction between different programming languages. It focuses on content management and website integration.;no;There is no explicit mention of multiple programming languages being used in the system.;yes;The abstract is written in English, meeting this criterion.;maybe;The paper appears to be from an academic context, but it is not explicitly clear if it is from a software engineering or programming languages journal.;maybe;The study does present assessment methods (qualitative and quantitative data, focus-group interviews), but not specifically for programming language interoperability.;yes;The study includes empirical evaluation through quantitative data and qualitative feedback.;no;The integration discussed is focused on content management and website functionality, not programming language integration.;maybe;While integration is discussed, it is at the content management level rather than programming language level.;maybe;The abstract does not explicitly mention support for multiple languages. While it discusses a multi-site ecosystem, there is no clear indication of language support.;no;The system appears to be focused on content management rather than handling multiple programming languages.;yes;The study presents technical and empirical evidence rather than just opinions.;no;While technical solutions are presented, they are not related to multilingual software integration.;Exclude;The study focuses on a multi-site web ecosystem for content management, which fundamentally differs from the required focus on programming language interoperability. Despite presenting empirical evidence and technical solutions, the research does not address interactions between different programming languages or multilingual software systems. Consequently, the paper fails to meet the core screening criteria for the systematic review.;1.4;EC1;The study focuses on a multi-site web ecosystem for content management, which fundamentally differs from the required focus on programming language interoperability. Despite presenting empirical evidence and technical solutions, the research does not address i…
An approach for the semantic interoperability of ISO EN 13606 and OpenEHR archetypes;Catalina Martínez-Costa, Marcos Menárguez Tortosa, J. Fernández-breis;10.1016/j.jbi.2010.05.013;https://doi.org/10.1016/j.jbi.2010.05.013;Journal of Biomedical Informatics;113;2010;maybe;While interoperability is central to the paper, it is about EHR standards rather than programming languages.;maybe;The full-text accessibility cannot be determined from the abstract alone.;no;The paper focuses on interoperability between EHR standards, not programming languages. This is a critical miss.;no;The paper does not discuss systems built with multiple programming languages.;yes;The abstract is written in English, meeting this criterion.;maybe;The paper appears to be from a healthcare informatics field, which may overlap with software engineering but is not primarily focused on it.;maybe;The abstract mentions testing using archetype collections, but not specifically for programming language interoperability.;yes;The paper includes empirical evaluation through testing.;yes;The paper goes beyond NLP, focusing on healthcare information systems.;maybe;The paper does examine integration challenges, but in the context of EHR standards rather than programming languages.;maybe;The abstract does not explicitly mention multiple programming languages. It discusses interoperability between two EHR standards, but not programming languages specifically.;no;The paper does not focus on systems handling multiple programming languages.;yes;The paper presents technical and empirical evidence.;yes;The paper presents a technical solution using Semantic Web and Model-driven Engineering technologies.;Exclude;The research addresses interoperability between healthcare information standards, but fails to meet key screening criteria related to programming language interaction and multilingual software systems. Despite presenting a technical solution with empirical testing, the study fundamentally diverges from the required focus on programming language collaboration and integration challenges. Consequently, the paper does not align with the specified screening requirements for multilingual software research.;2.5;EC1;The research addresses interoperability between healthcare information standards, but fails to meet key screening criteria related to programming language interaction and multilingual software systems. Despite presenting a technical solution with empirical tes…
Interoperability based on IEC 61850 standard: Systematic literature review, certification method proposal, and case study;Matheus Ayello, Yona Lopes;10.1016/j.epsr.2023.109355;https://doi.org/10.1016/j.epsr.2023.109355;Electric power systems research;10;2023;no;While interoperability is central to the paper, it is about vendor system interoperability, not programming language interoperability.;maybe;Cannot be determined from the abstract alone.;no;The paper does not address interaction between different programming languages.;no;There is no mention of multiple programming languages or their interaction.;yes;The abstract is written in English.;no;While this appears to be a technical paper, it is focused on electrical systems and automation rather than software engineering or programming languages specifically.;maybe;The paper does present assessment methods (using Wireshark, SEL event recorder), but not for programming language interoperability.;yes;The paper includes empirical evaluation through a case study.;no;The paper goes beyond NLP, but focuses on electrical systems rather than programming language integration.;no;The paper focuses on interoperability, but in the context of electrical systems, not programming languages.;no;The abstract does not discuss multiple programming languages. It focuses on interoperability between different vendors' systems, but not specifically programming languages.;no;The paper does not focus on multilingual software systems.;yes;The paper presents technical and empirical evidence through a systematic literature review and case study.;no;While the paper presents a technical solution, it is for electrical system interoperability, not programming language integration.;Exclude;The abstract describes an electrical systems interoperability study that fundamentally diverges from the screening criteria focused on multilingual programming systems. Despite presenting a rigorous technical approach with empirical evidence, the paper fails to address key requirements related to programming language integration, multilingual software systems, and language-specific interoperability challenges. Consequently, the research does not align with the systematic review's core screening requirements.;1.4;EC1;The abstract describes an electrical systems interoperability study that fundamentally diverges from the screening criteria focused on multilingual programming systems. Despite presenting a rigorous technical approach with empirical evidence, the paper fails t…
Copula-based software metrics aggregation;Maria Ulan, Welf Löwe, Morgan Ericsson, Anna Wingkvist;10.1007/s11219-021-09568-9;https://doi.org/10.1007/s11219-021-09568-9;Software quality journal;9;2021;no;The paper focuses on quality metrics and aggregation, not language interoperability.;maybe;Cannot be determined from the abstract alone.;no;The abstract shows no evidence of focusing on interaction between different programming languages.;no;No mention of software systems built with multiple programming languages.;yes;The abstract is in English, meeting this criterion.;yes;The paper appears to be from software engineering, given its focus on software quality metrics and bug prediction.;maybe;While the paper does present assessment methods, they are for quality metrics rather than multilingual software interoperability.;maybe;The paper includes empirical evaluation, but not of multilingual software systems.;no;The paper appears to focus on general software quality metrics rather than integration aspects.;no;The paper does not address interoperability challenges between programming languages.;no;The abstract does not mention anything about multiple programming languages or language support. It focuses on quality models and metrics.;no;No evidence of focus on multilingual systems.;yes;The paper presents technical and empirical evidence, meeting this criterion.;no;While the paper presents technical solutions, they are for quality metrics rather than multilingual software integration.;Exclude;The research paper focuses on software quality metrics and aggregation techniques, presenting empirical studies on bug prediction and maintainability, but does not address multilingual software systems or programming language interoperability. Despite being a technical software engineering study with empirical evidence, the abstract fails to meet critical screening criteria related to language support, interlanguage collaboration, and multilingual system integration. Consequently, the paper does not align with the specific research focus on multilingual software systems.;1.4;EC1;The research paper focuses on software quality metrics and aggregation techniques, presenting empirical studies on bug prediction and maintainability, but does not address multilingual software systems or programming language interoperability. Despite being a …
Evaluation Methodology of Interoperability for the Industrial Domain: Standardization vs. Mediation;Yuhan Chen, D. Annebicque, A. Philippot, V. Carré-Ménétrier, T. Daneau;10.3390/pr11041274;https://doi.org/10.3390/pr11041274;Processes;2;2023;maybe;While interoperability is central to the paper, it is not specifically about programming language interaction.;maybe;The full-text accessibility cannot be determined from the abstract alone.;maybe;The abstract focuses on general interoperability between different domains, not specifically between programming languages.;no;There is no explicit mention of specific programming languages or multilingual systems.;yes;The abstract is written in English, meeting this criterion.;yes;The paper appears to be from a relevant field (Industry 4.0 and interoperability), likely within the software engineering scope.;yes;The paper presents AHP (Analytic Hierarchy Process) as a decision-making methodology for evaluating interoperability approaches.;maybe;The abstract suggests an analytical approach but does not explicitly mention empirical evaluation.;yes;The paper addresses integration beyond NLP, focusing on industrial systems and data integration.;yes;The paper clearly focuses on interoperability challenges, but at a domain level rather than a programming language level.;maybe;The abstract does not explicitly mention multiple programming languages, and instead discusses interoperability in a general sense, not specifically for programming languages.;no;There is no clear indication of a focus on multilingual systems.;yes;The paper presents technical analysis and methodology rather than just opinions.;yes;The paper presents a decision-making methodology for interoperability solutions.;Exclude;The abstract addresses interoperability in industrial contexts but lacks specific focus on programming language interactions or multilingual software systems. While presenting a technical methodology for domain integration, the paper does not meet the core screening criteria related to programming language interoperability and multilingual system analysis. The research appears more oriented towards general domain-level integration rather than the targeted technical requirements.;2.7;EC1;The abstract addresses interoperability in industrial contexts but lacks specific focus on programming language interactions or multilingual software systems. While presenting a technical methodology for domain integration, the paper does not meet the core scr…
A case study research on interoperability improvement in Smart Grids: state-of-the-art and further opportunities;Johann Schütz, M. Uslar, Jürgen Meister;10.12688/OPENRESEUROPE.13313.1;https://doi.org/10.12688/OPENRESEUROPE.13313.1;Open Research Europe;5;2021;maybe;While interoperability is central to the paper, it appears to focus on general system integration rather than programming language-specific challenges.;maybe;The full-text accessibility cannot be determined from the abstract alone.;maybe;The abstract focuses on system integration but does not specifically mention programming language interaction.;no;There is no explicit mention of specific programming languages or multilingual systems.;yes;The abstract is written in English, meeting this criterion.;yes;The paper appears to be from a relevant field (Smart Grids and system integration), likely meeting this criterion.;yes;"The abstract mentions ""case studies"" and ""results are critically reflected,"" suggesting some assessment methods.";yes;The paper includes case studies and empirical evaluation.;yes;The paper addresses integration beyond NLP, focusing on Smart Grid systems.;maybe;The paper has a strong focus on integration and interoperability, but not specifically in a multilingual programming context.;maybe;The abstract does not explicitly mention multiple programming languages, and instead discusses system integration in general rather than language-level integration.;no;There is no clear indication of a focus on multilingual systems.;yes;The paper presents technical and empirical evidence through case studies.;maybe;The paper appears to present technical solutions for integration, but not specifically for multilingual programming.;Exclude;The abstract discusses system integration in Smart Grids but lacks specific focus on multilingual programming systems or programming language interoperability. While the paper demonstrates empirical research and addresses integration challenges, it does not meet key screening criteria related to multilingual software systems and programming language interactions. The research appears more oriented towards general system integration rather than the targeted multilingual programming context.;2.7;EC1;The abstract discusses system integration in Smart Grids but lacks specific focus on multilingual programming systems or programming language interoperability. While the paper demonstrates empirical research and addresses integration challenges, it does not me…
Coordinating social programmes: Analysis of scenarios and implementation approaches based on the ISSA Guidelines on ICT;Raúl Ruggia-Frick;10.1111/ISSR.12118;https://doi.org/10.1111/ISSR.12118;-;4;2016;no;While interoperability is discussed, it is in the context of social security systems integration, not programming language interoperability.;maybe;The full-text accessibility cannot be determined from the abstract alone.;no;The abstract does not mention interaction between different programming languages. The integration discussed is at a system level, not language level.;no;There is no explicit mention of software systems built with multiple programming languages.;yes;The abstract is written in English, meeting this criterion.;no;While the paper discusses ICT systems, it appears to be more focused on social security policy implementation rather than software engineering specifically.;no;"The abstract mentions ""models"" but does not specifically detail assessment methods for language interoperability.";no;"The abstract mentions ""existing scenarios"" but does not clearly indicate empirical evaluation of multilingual systems.";no;The integration discussed is focused on social security systems, not programming language integration.;no;Integration is discussed, but at a system level rather than programming language level.;no;The abstract does not explicitly mention support for multiple programming languages. It discusses system integration but not specifically language-level integration.;no;There is no clear indication of focus on multilingual software systems.;yes;The paper appears to present technical content rather than just opinions.;no;While technical solutions are mentioned, they are not specifically for multilingual software integration.;Exclude;The abstract focuses on social security system integration and policy coordination, which fundamentally differs from the required criteria of multilingual programming language interoperability. Despite discussing system integration, the text lacks specific references to programming language interactions, multilingual software systems, or technical challenges related to language-level integration. Consequently, the paper does not meet the majority of the specified screening criteria for multilingual software research.;1.4;EC1;The abstract focuses on social security system integration and policy coordination, which fundamentally differs from the required criteria of multilingual programming language interoperability. Despite discussing system integration, the text lacks specific ref…
Emergent Middleware: Tackling the Interoperability Problem;G. Blair, P. Grace;10.1109/MIC.2012.7;https://doi.org/10.1109/MIC.2012.7;IEEE Internet Computing;31;2012;maybe;Interoperability is central to the paper's focus, but it is not clear if this is specifically about programming languages, so the article partially meets the centrality of the interoperability problem criterion.;maybe;The full-text accessibility cannot be determined from the abstract alone.;maybe;"While ""interoperability"" is mentioned, it is not clear if this specifically refers to programming language interaction, so it is uncertain whether the article focuses primarily on the interaction of components written in different programming languages.";no;There is no explicit mention of specific programming languages or multilingual systems, so the article does not meet the proof of multilingual systems criterion.;yes;The abstract is written in English, so it meets the publication language criterion.;maybe;The focus on distributed systems and middleware suggests the article is published in a software engineering or programming languages conference or journal, so it likely meets the scientific field criterion.;no;There is no clear indication of assessment methods or metrics, so the article does not meet the assessment methods criterion.;no;There is no clear indication of empirical evaluation, so the article does not meet the empirical evidence criterion.;yes;The focus appears to be on general distributed systems, not just NLP, so the article meets the integration scope criterion.;yes;The article has a strong focus on interoperability challenges, so it meets the integration/interoperability criterion.;maybe;"The abstract mentions ""extreme heterogeneity"" but does not explicitly specify multiple programming languages, so it is uncertain whether the study addresses systems supporting multiple languages.";no;There is no clear indication of a focus on multilingual systems, so the article does not meet the multilingual system focus criterion.;yes;The article appears to be technical in nature, discussing middleware solutions, so it meets the research type criterion.;yes;"The article mentions ""emergent middleware"" as a solution, so it meets the technical solution criterion.";Exclude;The abstract addresses distributed systems and interoperability challenges, but lacks explicit evidence of multilingual programming language interaction. While demonstrating technical relevance to software engineering, the text fails to clearly meet several key screening criteria related to multilingual system focus and empirical assessment. The paper's broad approach to system complexity suggests potential relevance, but does not definitively satisfy the specific multilingual software integration requirements.;2.9;EC1;The abstract addresses distributed systems and interoperability challenges, but lacks explicit evidence of multilingual programming language interaction. While demonstrating technical relevance to software engineering, the text fails to clearly meet several ke…
A unified structural/terminological interoperability framework based on LexEVS: application to TRANSFoRm;J. Éthier, O. Dameron, V. Curcin, M. McGilchrist, R. Verheij, Theodoros N. Arvanitis, A. Taweel, B. Delaney, Anita Burgun-Parenthoine;10.1136/amiajnl-2012-001312;https://doi.org/10.1136/amiajnl-2012-001312;J. Am. Medical Informatics Assoc.;47;2013;maybe;While interoperability is central to the paper, it's focused on data integration rather than programming language interaction.;maybe;Cannot be determined from the abstract alone.;maybe;"The paper focuses on data integration and interoperability, but not specifically between programming languages. It discusses integration of ""heterogeneous data sources"" and ""structural and terminological aspects.""";no;The abstract doesn't mention any specific software systems built with multiple programming languages.;yes;The abstract is written in English, meeting this criterion.;yes;The paper appears to be from a biomedical informatics or software engineering context, which could qualify.;maybe;The paper mentions testing the framework in the TRANSFoRm project, but doesn't specifically detail assessment methods for programming language interoperability.;yes;The paper includes empirical evaluation through the TRANSFoRm project implementation.;yes;The paper goes beyond NLP, focusing on general data integration and interoperability.;maybe;The paper strongly focuses on integration and interoperability, but at the data level rather than programming language level.;maybe;The abstract does not explicitly mention multiple programming languages. It focuses on data integration and interoperability between heterogeneous data sources, but not specifically programming languages.;no;The paper doesn't focus on software systems handling multiple languages in the programming sense.;yes;This is a technical research paper with empirical evidence.;maybe;The paper presents a technical solution (ontology-based knowledge framework) but not for programming language integration.;Exclude;The research paper addresses data integration and interoperability in biomedical contexts, but does not focus on programming language interactions or multilingual software systems. While technically rigorous and presenting empirical evidence, the study falls short of the specific screening criteria related to programming language collaboration and integration. The paper's scope is fundamentally different from the targeted research domain of multilingual software interoperability.;2.5;EC1;The research paper addresses data integration and interoperability in biomedical contexts, but does not focus on programming language interactions or multilingual software systems. While technically rigorous and presenting empirical evidence, the study falls s…
Special issue on Current trends in research on software agents and agent-based software systems;M. Baldoni, F. Bergenti, Amal El Fallah Seghrouchni, M. Winikoff;10.1007/s10458-021-09510-0;https://doi.org/10.1007/s10458-021-09510-0;Autonomous Agents and Multi-Agent Systems;4;2021;no;"While the abstract mentions ""techniques and technologies to engineer agent-based software systems,"" it does not specifically address interoperability challenges between programming languages.";maybe;Cannot be determined from the abstract alone.;no;The abstract does not mention interaction between components written in different programming languages.;no;No explicit mention of software systems built with multiple programming languages.;yes;The abstract is in English, meeting this criterion.;maybe;The paper appears to be from a special issue on autonomous agents and multi-agent systems, which is related to software engineering, partially meeting this criterion.;no;The abstract does not mention specific assessment methods or metrics.;no;The abstract does not indicate whether empirical evaluation is included.;maybe;The focus appears to be on agent-based systems broadly, not specifically on natural language processing.;no;"While it mentions ""frameworks and infrastructures,"" it does not specifically address interoperability challenges.";no;The abstract does not explicitly mention support for multiple programming languages. It discusses agent-based systems broadly but does not specify language aspects.;no;No mention of handling multiple languages or locales.;no;The abstract suggests this is a special issue call for papers rather than a specific research study, making it unclear if it presents technical/empirical evidence.;no;"While it mentions ""techniques and technologies,"" it is not specifically about multilingual software integration.";Exclude;The abstract lacks explicit evidence of multilingual programming systems, language interoperability, or technical solutions for cross-language software integration. While discussing agent-based software systems, it fails to meet critical screening criteria related to programming language interaction and multilingual system challenges. The text appears to be a call for papers rather than a research study addressing the specified technical requirements.;1.4;EC1;The abstract lacks explicit evidence of multilingual programming systems, language interoperability, or technical solutions for cross-language software integration. While discussing agent-based software systems, it fails to meet critical screening criteria rel…
Web 2.0, Language Resources and standards to automatically build a multilingual Named Entity Lexicon;Antonio Toral, S. Ferrández, M. Monachini, R. Muñoz;10.1007/s10579-011-9148-x;https://doi.org/10.1007/s10579-011-9148-x;Language Resources and Evaluation;5;2011;maybe;While interoperability is discussed, it is about language resources and standards (ISO LMF), not programming language interoperability.;maybe;The full-text accessibility of the paper cannot be determined from the abstract alone.;no;The paper focuses on language resources and natural language processing, not programming language interoperability.;no;The paper deals with multiple languages, but it is about natural language processing, not programming languages.;yes;The abstract is written in English, meeting the publication language criterion.;maybe;While the paper is in the field of computational linguistics, it is not clearly focused on software engineering or programming languages.;yes;The paper presents evaluation methods and metrics, such as a 28.1% improvement in accuracy.;yes;The paper includes empirical evaluation of the system.;no;The paper is specifically focused on natural language processing and language resources, rather than general software engineering.;yes;The paper discusses integration and interoperability, but it is focused on language resources rather than programming languages.;yes;The paper explicitly deals with multiple languages (English, Spanish, and Italian), indicating that it addresses systems supporting multiple languages.;yes;The paper focuses on natural language processing and language resources, rather than programming languages.;yes;The paper presents technical and empirical evidence.;yes;The paper presents technical solutions for language resource integration.;Exclude;The research focuses on computational linguistics and language resource integration across multiple languages, but fundamentally diverges from the screening criteria's emphasis on programming language interoperability. While demonstrating technical rigor in multilingual system development, the study does not address software engineering or programming language interactions, rendering it misaligned with the systematic review's core requirements. The paper's strengths in natural language processing cannot compensate for its lack of relevance to the specified research domain.;2.5;EC1;The research focuses on computational linguistics and language resource integration across multiple languages, but fundamentally diverges from the screening criteria's emphasis on programming language interoperability. While demonstrating technical rigor in mu…
An efficient any language approach for the integration of phrases in document retrieval;A. Doucet, Helena Ahonen-Myka;10.1007/s10579-009-9102-3;https://doi.org/10.1007/s10579-009-9102-3;Language Resources and Evaluation;11;2010;no;The focus of the paper is on text processing and retrieval, not programming language interoperability.;no;The full-text accessibility of the paper cannot be determined from the abstract alone.;no;The paper focuses on text processing across languages, not programming language interoperability.;no;The paper does not discuss software systems built with multiple programming languages.;maybe;While not explicitly stated, the abstract is in English, suggesting the paper is likely written in English.;no;The abstract does not specify the publication venue, so the scientific field is unclear.;yes;"The paper mentions ""retrieval experiments"" as assessment methods.";yes;The paper includes empirical evaluation through retrieval experiments.;no;The paper appears to focus specifically on natural language processing and text retrieval, rather than software integration aspects beyond just natural language processing.;no;While the paper deals with multilingual content, it is not about programming language integration.;yes;The paper explicitly addresses multiple languages (Chinese, Japanese, Korean, and English), indicating that it supports systems with multiple languages.;maybe;While the paper handles multiple languages, it is focused on text processing rather than software systems.;yes;The paper presents technical and empirical evidence.;yes;The paper proposes a technique for multilingual text processing.;Exclude;The abstract describes a multilingual text processing technique focused on document retrieval across different languages, but does not address programming language interoperability or software system integration. While the study includes empirical evidence and technical solutions, it fundamentally diverges from the systematic review's core criteria of examining multilingual software systems and programming language interactions.;1.4;EC4;The full-text accessibility of the paper cannot be determined from the abstract alone.
An Analysis of Machine Learning-Based Semantic Matchmaking;Erkan Karabulut, Rute C. Sofia;10.1109/ACCESS.2023.3259360;https://doi.org/10.1109/ACCESS.2023.3259360;IEEE Access;10;2023;no;While interoperability is central to the paper, it is about device integration rather than programming language interoperability.;maybe;The full-text accessibility cannot be determined from the abstract alone.;no;The paper does not focus on the interaction between different programming languages. Instead, it focuses on semantic descriptions and matchmaking approaches.;no;There is no evidence of the paper analyzing systems built with multiple programming languages.;yes;The abstract is written in English, meeting this criterion.;yes;The paper appears to be from a relevant field (IoT and software engineering), likely meeting this criterion.;maybe;The paper does present assessment methods (accuracy, time to completion, memory usage), but not for programming language interoperability.;yes;The paper includes empirical evaluation through experiments on a testbed.;yes;The paper goes beyond NLP, focusing on IoT device integration.;maybe;While the paper addresses integration challenges, it is focused on device integration rather than programming language integration.;maybe;The abstract does not explicitly discuss multiple programming languages. Instead, it focuses on semantic descriptions and matchmaking approaches.;no;The paper does not focus on software systems handling multiple languages in the programming sense.;yes;The paper presents technical and empirical evidence.;maybe;While the paper presents technical solutions, they are not for programming language integration.;Exclude;The research paper addresses IoT device integration and semantic matchmaking, but does not meet the core screening criteria related to programming language interoperability. While the study presents empirical evidence and technical solutions, it fundamentally focuses on device integration rather than multilingual software system challenges. Consequently, the paper falls outside the targeted research scope despite its technical rigor.;2.5;EC1;The research paper addresses IoT device integration and semantic matchmaking, but does not meet the core screening criteria related to programming language interoperability. While the study presents empirical evidence and technical solutions, it fundamentally …
Special Topic Interoperability and EHR: Combining openEHR, SNOMED, IHE, and Continua as approaches to interoperability on national eHealth;D. Stanimirović, M. Bestek;10.4338/ACI-2017-01-RA-0011;https://doi.org/10.4338/ACI-2017-01-RA-0011;Applied Clinical Informatics;17;2017;no;While interoperability is central to the paper, it's focused on healthcare system interoperability rather than programming language interoperability.;maybe;The paper appears to be from a journal (Appl Clin Inform) and has a DOI, suggesting accessibility, though this would need verification.;no;The paper does not address interaction between different programming languages. Instead, it focuses on healthcare system interoperability standards (openEHR, SNOMED, IHE, Continua).;no;The abstract doesn't mention any specific software systems built with multiple programming languages.;yes;The paper is written in English, meeting this criterion.;no;The paper is published in a clinical informatics journal, which is related to but not primarily focused on software engineering or programming languages.;no;"The paper mentions ""in-depth analysis"" and ""exploratory and deductive"" research methods, but these aren't specifically for evaluating programming language interoperability.";no;The paper appears to include analysis of existing implementations, but not specifically for multilingual software systems.;no;The paper focuses on healthcare system integration, which is beyond NLP, but not on programming language integration.;no;The paper does examine interoperability challenges, but in the context of healthcare systems rather than multilingual software.;no;The abstract does not explicitly mention support for multiple programming languages. It focuses on interoperability in healthcare systems but not specifically language-level interoperability.;no;The paper doesn't focus on software systems handling multiple languages in the programming sense.;yes;The paper presents technical analysis and empirical evidence, meeting this criterion.;no;While the paper discusses technical approaches (openEHR, SNOMED, IHE, Continua), these are for healthcare system interoperability, not programming language integration.;Exclude;The research paper focuses on healthcare system interoperability standards and does not address programming language integration or multilingual software systems. Despite being a technical analysis with empirical evidence, the study fails to meet most screening criteria related to programming language collaboration and software integration. The paper's scope is fundamentally different from the targeted research domain of multilingual software systems.;1.4;EC1;The research paper focuses on healthcare system interoperability standards and does not address programming language integration or multilingual software systems. Despite being a technical analysis with empirical evidence, the study fails to meet most screenin…
Enabling semantic interoperability in multi-centric clinical trials on breast cancer;R. Alonso-Calvo, D. Pérez-Rey, S. Paraíso-Medina, B. Claerhout, P. Hennebert, A. Bucur;10.1016/j.cmpb.2015.01.003;https://doi.org/10.1016/j.cmpb.2015.01.003;Comput. Methods Programs Biomed.;15;2015;maybe;While interoperability is central to the paper, it's about data standards and semantic interoperability, not programming language interaction.;yes;The copyright notice suggests this is a published paper, likely accessible through academic channels.;no;The paper doesn't address programming language interaction. Instead, it focuses on semantic interoperability between different data standards and ontologies.;no;There is no evidence of multiple programming languages being used in the system.;yes;The paper is written in English, meeting this criterion.;maybe;While this appears to be a technical paper, it's focused on healthcare/medical informatics rather than software engineering or programming languages specifically.;maybe;The paper mentions testing and execution times, but these are for data retrieval rather than programming language interoperability.;maybe;The paper includes empirical evaluation, but not of multilingual software systems.;maybe;The integration discussed is specific to medical data and standards, not programming languages.;maybe;The paper does address integration challenges, but in the context of medical data standards rather than programming languages.;maybe;The abstract does not explicitly mention support for multiple programming languages. Instead, it focuses on semantic interoperability between different data sources and standards.;maybe;The system handles multiple data standards and ontologies, but not multiple programming languages.;yes;The paper presents technical and empirical evidence, meeting this criterion.;maybe;While the paper presents a technical solution, it's for semantic interoperability in healthcare data, not programming language integration.;Exclude;The paper focuses on semantic interoperability in medical data standards, not programming language interaction, and therefore fails to meet most screening criteria related to multilingual software systems. While technically rigorous and presenting empirical evidence, the research addresses healthcare data integration rather than programming language collaboration. Consequently, the abstract does not align with the systematic review's specific requirements for multilingual software interoperability.;1.4;EC1;The paper focuses on semantic interoperability in medical data standards, not programming language interaction, and therefore fails to meet most screening criteria related to multilingual software systems. While technically rigorous and presenting empirical ev…
A Meta-Composite Software Development Approach for Translational Research;R. Sadasivam, M. Tanik;10.1007/s10916-013-9935-6;https://doi.org/10.1007/s10916-013-9935-6;Journal of medical systems;28;2013;maybe;While the paper discusses integration challenges, it is focused on tool composition rather than programming language interoperability specifically.;maybe;The full-text accessibility cannot be determined from the abstract alone.;maybe;The abstract does not specifically address interaction between components written in different programming languages.;no;There is no explicit mention of software systems built with multiple programming languages.;yes;The abstract is written in English, meeting this criterion.;yes;The paper appears to be in the software engineering field, discussing software development approaches and system composition.;maybe;The abstract mentions usability studies, but these are not specifically focused on multilingual software interoperability.;yes;The paper includes empirical evaluation through usability studies.;yes;The integration aspects go beyond NLP, focusing on general tool composition.;maybe;The paper does address integration challenges, but at a tool composition level rather than programming language level.;maybe;"The abstract does not explicitly mention support for multiple programming languages. It discusses ""multiple, disparate tools"" but in a general sense, not specifically programming languages.";no;The paper does not focus on software systems handling multiple languages in the programming sense.;yes;The paper presents technical and empirical evidence.;yes;The paper presents a technical solution (concept-map and agent-based meta-composite software development approach).;Exclude;The research paper focuses on tool composition and integration in translational research, but does not specifically address multilingual programming language interoperability. While the study presents a technical approach to software development and includes empirical evaluation, it lacks explicit discussion of multiple programming languages or their interaction. The paper's scope and focus diverge from the detailed screening criteria related to multilingual software systems.;2.7;EC1;The research paper focuses on tool composition and integration in translational research, but does not specifically address multilingual programming language interoperability. While the study presents a technical approach to software development and includes e…
An Adaptive Semantic based Mediation System for Data Interoperability among Health Information Systems;W. A. Khan, A. Khattak, Maqbool Hussain, M. B. Amin, Muhammad Afzal, C. Nugent, Sungyoung Lee;10.1007/s10916-014-0028-y;https://doi.org/10.1007/s10916-014-0028-y;Journal of medical systems;45;2014;no;While interoperability is central to the paper, it's about healthcare data standards, not programming languages.;no;Cannot be determined from abstract alone.;no;The paper discusses interoperability between different healthcare standards (CDA and vMR), but not between programming languages.;no;No mention of multiple programming languages.;yes;The abstract is in English.;maybe;While this appears to be a technical paper, it's focused on healthcare information systems rather than software engineering or programming languages specifically.;no;The paper presents evaluation methods (90% accuracy in transformation), but for healthcare data, not programming language interoperability.;no;The paper includes empirical evaluation, but not of programming language integration.;no;The paper focuses on healthcare data integration, which is beyond NLP, but not relevant to programming language integration.;no;While the paper focuses on integration, it's specifically about healthcare data standards, not programming language integration.;no;The paper focuses on data interoperability between different healthcare standards, not programming languages.;no;The paper focuses on multiple healthcare standards, but not programming languages.;yes;The paper presents technical and empirical evidence.;no;The paper presents a technical solution (ARIEN), but for healthcare data interoperability, not programming language integration.;Exclude;The research paper focuses on healthcare data interoperability between different medical standards, presenting a technical solution for information exchange, but does not address programming language integration or multilingual software systems. Despite being a rigorous technical study with empirical evidence, the work fundamentally diverges from the screening criteria's focus on programming language collaboration and software engineering. Consequently, the paper fails to meet the majority of the specified screening requirements.;1.4;EC4;Cannot be determined from abstract alone.
Collaborative Model-Driven Software Engineering: A Classification Framework and a Research Map;Mirco Franzago, D. D. Ruscio, I. Malavolta, H. Muccini;10.1145/3180155.3182543;https://doi.org/10.1145/3180155.3182543;IEEE Transactions on Software Engineering;88;2018;no;While the paper discusses collaboration and integration, it is not specifically about programming language interoperability.;maybe;Cannot be determined from the abstract alone.;no;The paper does not focus on interaction between components in different programming languages. It focuses on collaborative model-driven engineering.;no;There is no evidence of analyzing systems built with multiple programming languages.;yes;The abstract is written in English, meeting this criterion.;yes;This appears to be a systematic mapping study in software engineering, meeting this criterion.;maybe;The paper presents a systematic mapping methodology, but not specifically for evaluating multilingual software interoperability.;maybe;The paper includes empirical evaluation through a systematic mapping study, but not of multilingual systems.;maybe;The paper goes beyond NLP, but does not address the specific integration aspects we are looking for.;maybe;While integration is discussed, it is in the context of collaborative modeling rather than programming language interoperability.;maybe;The abstract does not explicitly discuss multiple programming languages. It focuses on collaborative model-driven software engineering, but does not mention language support.;no;There is no evidence of focus on multilingual systems.;yes;This is a technical research paper with empirical evidence.;no;While technical solutions are discussed, they are not related to multilingual software integration.;Exclude;The systematic mapping study on collaborative model-driven software engineering fails to meet key screening criteria related to multilingual systems and programming language interoperability. While the paper demonstrates rigorous research methodology in software engineering, it does not address the specific focus on multilingual software integration or programming language interactions. Consequently, the study does not align with the core requirements of the systematic review.;2.5;EC1;The systematic mapping study on collaborative model-driven software engineering fails to meet key screening criteria related to multilingual systems and programming language interoperability. While the paper demonstrates rigorous research methodology in softwa…
An empirical study on the evaluation of interlinking tools on the Web of Data;Enayat Rajabi, M. Sicilia, Salvador Sánchez-Alonso;10.1177/0165551514538151;https://doi.org/10.1177/0165551514538151;Journal of information science;16;2014;no;While the paper discusses interoperability, it is about data linking rather than programming language interoperability.;maybe;The full-text accessibility cannot be determined from the abstract alone.;no;The paper does not address interaction between programming languages. It discusses data interlinking tools.;no;There is no mention of software systems built with multiple programming languages.;yes;The abstract is written in English, meeting this criterion.;no;While this appears to be a technical paper, it is focused on data linking rather than software engineering or programming languages specifically.;no;The paper does present assessment methods, but for data interlinking tools rather than programming language interoperability.;no;The paper includes empirical evaluation, but not of multilingual software systems.;no;The paper focuses on data integration, not software integration.;no;While integration is discussed, it is at the data level rather than the programming language level.;no;The abstract does not mention anything about supporting multiple programming languages. It focuses on data linking and interlinking tools instead.;no;There is no evidence of focus on multilingual software systems.;yes;The paper presents technical and empirical evidence, meeting this criterion.;no;While technical solutions are presented, they are for data interlinking rather than programming language integration.;Exclude;The abstract focuses on data interlinking tools and Linked Data, which fundamentally diverges from the screening criteria's emphasis on multilingual software systems and programming language interoperability. Despite being a technical paper with empirical evidence, the research does not address programming language interactions, software integration challenges, or multilingual system development. Consequently, the paper fails to meet the core screening requirements for the systematic review.;1.4;EC1;The abstract focuses on data interlinking tools and Linked Data, which fundamentally diverges from the screening criteria's emphasis on multilingual software systems and programming language interoperability. Despite being a technical paper with empirical evid…
Feedback Matching Framework for Semantic Interoperability of Product Data;I. Yeo, Lalit Patil, D. Dutta;10.1109/TASE.2011.2171950;https://doi.org/10.1109/TASE.2011.2171950;IEEE Transactions on Automation Science and Engineering;1;2012;no;While interoperability is central to the paper, it is about product data interoperability, not programming language interoperability.;maybe;The full-text accessibility cannot be determined from the abstract alone.;no;The paper does not focus on interaction between programming languages. Instead, it deals with semantic mapping between product data representations.;no;There is no evidence of the paper analyzing systems built with multiple programming languages.;yes;The abstract is written in English, meeting this criterion.;yes;The paper appears to be from a software engineering or related field, focusing on product data interoperability.;maybe;The paper does present assessment methods (FEMFIT framework, accuracy metrics), but for product data mapping, not programming language interoperability.;yes;The paper includes empirical evaluation comparing FEMFIT with other methods.;yes;The paper goes beyond NLP, focusing on product data integration.;maybe;The paper addresses integration challenges, but in the context of product data, not programming languages.;no;The abstract does not explicitly discuss multiple programming languages. Instead, it focuses on semantic mapping across different representations, which appear to be product data representations rather than programming languages.;no;The focus is on semantic mapping across different representations, but not specifically programming languages.;yes;The paper presents technical and empirical evidence.;maybe;The paper presents a technical solution (FEMFIT), but for product data mapping rather than programming language integration.;Exclude;The research focuses on product data interoperability and semantic mapping, which fundamentally differs from programming language integration. Despite presenting a technical solution with empirical evidence, the study does not address multilingual software systems or programming language interactions. Consequently, the paper does not meet the core screening criteria for multilingual software system research.;1.4;EC2;The research focuses on product data interoperability and semantic mapping, which fundamentally differs from programming language integration. Despite presenting a technical solution with empirical evidence, the study does not address multilingual software sys…
Assessing semantic interoperability in environmental sciences: variety of approaches and semantic artefacts;Cristina Di Muri, Martina Pulieri, Davide Raho, Alexandra N Muresan, Andrea Tarallo, Jessica Titocci, Enrica Nestola, Alberto Basset, Sabrina Mazzoni, Ilaria Rosati;10.1038/s41597-024-03669-3;https://doi.org/10.1038/s41597-024-03669-3;Scientific Data;2;2024;no;While interoperability is discussed, it is about semantic artifacts and metadata standards, not programming language interaction.;maybe;The full text accessibility cannot be determined from the abstract alone, but the paper appears to be a recent publication with a copyright notice.;no;The paper does not address programming language interaction.;no;The paper does not mention any software systems built with multiple programming languages.;yes;The paper is written in English.;no;The paper is focused on environmental sciences and semantic standards rather than software engineering or programming languages.;no;The paper presents assessment methods, but for semantic artifacts rather than programming language interoperability.;no;The study includes empirical evaluation, but not of multilingual software systems.;no;The paper focuses on semantic standards and metadata, not software integration.;no;The integration discussed in the paper is not in the context of multilingual software.;no;The abstract does not explicitly discuss multiple programming languages, and instead focuses on semantic artifacts and metadata standards.;no;The paper does not focus on multilingual software systems.;yes;The study presents technical and empirical evidence.;no;The solutions discussed in the paper are for semantic interoperability, not programming language integration.;Exclude;The research paper focuses on semantic artifacts and metadata standards in environmental sciences, fundamentally diverging from the systematic review's criteria for multilingual software systems and programming language interoperability. Despite presenting empirical research and technical solutions, the study fails to meet the core screening requirements related to software engineering, programming language interaction, and multilingual system integration. Consequently, the paper does not align with the specified research domain and would be excluded from the systematic review.;1.4;EC1;The research paper focuses on semantic artifacts and metadata standards in environmental sciences, fundamentally diverging from the systematic review's criteria for multilingual software systems and programming language interoperability. Despite presenting emp…
A unified component-based data-driven framework to support interoperability in the healthcare systems;Amir Torab-Miandoab, Taha Samad-Soltani, Ahmadreza Jodati, Fariborz Akbarzadeh, Peyman Rezaei-Hachesu;10.1016/j.heliyon.2024.e35036;https://doi.org/10.1016/j.heliyon.2024.e35036;Heliyon;5;2024;no;While interoperability is central to the paper, it's about healthcare system interoperability, not programming language interoperability.;maybe;Cannot be determined from the abstract alone.;no;The paper does not address programming language interaction. It focuses on healthcare system interoperability.;no;No mention of programming languages or multilingual systems.;yes;The abstract is in English.;maybe;While this appears to be a technical paper, it's focused on healthcare systems rather than software engineering specifically.;no;The paper presents assessment methods (Delphi method, literature review), but not for programming language interoperability.;yes;The paper includes empirical evaluation through expert validation and literature review.;no;The paper addresses integration beyond NLP, but not in the context of programming languages.;no;While the paper focuses on integration, it's not about programming language integration.;no;The abstract does not mention support for multiple programming languages. It focuses on healthcare system interoperability in general.;no;No focus on multilingual systems in the programming sense.;yes;The paper presents technical and empirical evidence.;no;While the paper presents a technical framework, it's not for programming language integration.;Exclude;The research paper focuses on healthcare system interoperability and does not address programming language interaction or multilingual software systems. Despite presenting a robust methodology and empirical evidence, the study fails to meet the core screening criteria related to programming language collaboration and technical integration challenges. Consequently, the paper does not align with the systematic review's specific requirements for multilingual software research.;1.4;EC1;The research paper focuses on healthcare system interoperability and does not address programming language interaction or multilingual software systems. Despite presenting a robust methodology and empirical evidence, the study fails to meet the core screening …
eHealth;B. Blobel, J. Zvárová;10.1055/s-0038-1625240;https://doi.org/10.1055/s-0038-1625240;Methods of Information in Medicine;64;2010;no;While interoperability is central to the paper, it focuses on healthcare system interoperability rather than programming language interaction.;maybe;The abstract indicates the paper is published in Methods of Information in Medicine, which is likely accessible through academic channels.;no;While the paper discusses interoperability, it focuses on healthcare systems and ontologies rather than programming language interaction.;no;There is no explicit mention of specific programming languages or multilingual software systems.;yes;The paper is written in English.;maybe;The paper is published in Methods of Information in Medicine, which is a recognized journal in medical informatics, but not specifically software engineering.;maybe;The abstract does not clearly indicate specific assessment methods for interoperability.;maybe;The abstract does not clearly indicate empirical evaluation.;yes;The paper goes beyond NLP, focusing on healthcare system integration.;maybe;The paper does address integration challenges, but in the context of healthcare systems rather than programming languages.;maybe;"The abstract mentions ""different knowledge representation and domain experts' languages"" but does not specifically address programming language support.";no;While the paper discusses multiple systems, it is not focused on programming language multilingualism.;yes;The paper appears to present technical content rather than just opinions.;maybe;The paper discusses architectural challenges and solutions, but for healthcare systems rather than programming language integration.;Exclude;The abstract focuses on healthcare system interoperability and ontological challenges, but does not address programming language multilingualism or software system integration across different programming languages. While the paper presents technical insights into healthcare information systems, it fails to meet the core screening criteria related to multilingual software development and programming language interaction. Consequently, the study does not align with the systematic review's specific requirements for multilingual software research.;2.5;EC1;The abstract focuses on healthcare system interoperability and ontological challenges, but does not address programming language multilingualism or software system integration across different programming languages. While the paper presents technical insights …
The GEOSS solution for enabling data interoperability and integrative research;S. Nativi, P. Mazzetti, M. Craglia, N. Pirrone;10.1007/s11356-013-2264-y;https://doi.org/10.1007/s11356-013-2264-y;Environmental science and pollution research international;18;2014;no;While interoperability is central to the paper, it's not focused on programming language interaction challenges.;maybe;Cannot be determined from the abstract alone.;no;The paper discusses interoperability, but not specifically between programming languages. It focuses on data and information sharing across systems.;no;No mention of specific programming languages or multilingual software systems.;yes;The abstract is written in English, meeting this criterion.;no;The paper appears to be from a field related to digital infrastructure and sustainability research, not specifically software engineering or programming languages.;maybe;"The paper mentions ""standards models, interfaces, and good practices"" but doesn't specifically detail assessment methods for programming language interoperability.";maybe;The paper appears to present case studies from three projects, but not specifically related to multilingual software systems.;maybe;The paper goes beyond NLP, but focuses on general system interoperability rather than programming language integration.;maybe;The paper does address integration and interoperability, but at a system and data level, not specifically for programming languages.;maybe;The abstract does not explicitly mention support for multiple programming languages. It discusses interoperability in a general sense, but not specifically for programming languages.;no;The paper doesn't focus on software systems handling multiple languages in the programming sense.;yes;The paper presents technical content and case studies, meeting this criterion.;maybe;While the paper presents technical solutions (interoperability service bus), these aren't specific to multilingual software integration.;Exclude;The abstract discusses system interoperability in sustainability research, but fails to meet most screening criteria related to multilingual programming systems. Specifically, it lacks focus on programming language interaction, does not address software engineering domains, and does not present technical solutions for multilingual software integration. The paper's scope is fundamentally different from the targeted research area.;1.4;EC1;The abstract discusses system interoperability in sustainability research, but fails to meet most screening criteria related to multilingual programming systems. Specifically, it lacks focus on programming language interaction, does not address software engine…
Legal Interoperability as a Comprehensive Concept in Transnational Law;A. Santosuosso, Alessandra Malerba;10.5235/17579961.6.1.51;https://doi.org/10.5235/17579961.6.1.51;-;11;2014;no;While interoperability is the main subject, it's discussed at a general level rather than specifically about programming language interactions.;maybe;Cannot be determined from the abstract alone.;no;The abstract does not mention anything about components written in different programming languages.;no;No specific software systems are mentioned or analyzed.;yes;The abstract is in English, meeting this criterion.;no;While it mentions ICT, it appears to be more of a general discussion of interoperability rather than specifically focused on software engineering or programming languages.;no;No assessment methods or metrics are mentioned.;no;No empirical evaluation is mentioned.;no;The abstract suggests a broad discussion of interoperability rather than specific software integration aspects.;no;The paper does discuss interoperability, but at a very general level rather than specifically in multilingual software contexts.;no;The abstract does not specifically mention support for multiple programming languages. It discusses interoperability in general ICT terms.;no;No mention of software systems handling multiple languages.;no;The abstract suggests this might be more of an overview or editorial piece rather than presenting technical or empirical evidence.;no;No technical solutions or frameworks are mentioned.;Exclude;The abstract discusses interoperability in general ICT terms but lacks specific focus on multilingual software systems, programming language interactions, or technical solutions. Most screening criteria related to software engineering, language integration, and empirical research are not met, indicating the paper does not align with the systematic review's requirements. The text appears to be a broad conceptual overview rather than a targeted technical analysis of multilingual software interoperability.;1.4;EC1;The abstract discusses interoperability in general ICT terms but lacks specific focus on multilingual software systems, programming language interactions, or technical solutions. Most screening criteria related to software engineering, language integration, an…
The Challenge of Cross-language Interoperability;D. Chisnall;10.1145/2542661.2543971;https://doi.org/10.1145/2542661.2543971;Queue;26;2013;yes;Interoperability between languages is clearly the main subject of the paper.;yes;The full-text accessibility cannot be determined from the abstract alone.;yes;The paper's primary focus is on the interaction between components in different programming languages.;maybe;While the paper mentions specific systems (COM, CORBA, JVM, CLR), it's not clear if it analyzes specific multilingual software systems.;maybe;The abstract is in English, though it's not certain about the full paper.;maybe;The content appears to be from the software engineering/programming languages domain.;no;The abstract doesn't mention specific assessment methods or metrics.;no;The abstract doesn't indicate whether empirical evaluation is included.;yes;The focus is on general programming language integration, not just NLP.;yes;The paper explicitly focuses on integration challenges.;yes;The abstract explicitly discusses interoperability between multiple programming languages, indicating that the study addresses systems supporting multiple languages.;yes;The paper clearly focuses on systems handling multiple programming languages.;maybe;While the paper discusses technical solutions, it's not clear if it presents empirical evidence.;yes;The paper discusses various technical solutions (COM, CORBA, VMs).;Include;The abstract demonstrates strong alignment with language interoperability and integration challenges across programming languages, presenting technical solutions like COM, CORBA, and virtual machines. While the paper appears to focus on multilingual software systems and their integration challenges, there are uncertainties regarding empirical evidence, specific system analysis, and full-text accessibility. The research seems to offer a comprehensive overview of language integration strategies with potential technical insights.;4;IC;"Meets IC; no EC triggered."
On the evaluation of thesaurus tools compatible with the Semantic Web;M. Martínez-González, María-Luisa Alvite-Díez;10.1177/0165551514545603;https://doi.org/10.1177/0165551514545603;Journal of information science;12;2014;no;While interoperability is discussed, it is about information exchange between thesauri, not programming language interoperability.;maybe;The full-text accessibility of the paper cannot be determined from the abstract alone.;no;The paper does not focus on the interaction between different programming languages. Instead, it discusses thesaurus tools and information interoperability.;no;There is no evidence in the abstract of the paper analyzing software systems built with multiple programming languages.;yes;The abstract is written in English, meeting this criterion.;yes;The paper appears to be from a relevant field (information systems and software engineering), though the exact publication venue is not specified.;no;"The abstract mentions an ""evaluation framework"" but for thesaurus tools, not programming language interoperability.";maybe;The abstract suggests an evaluation framework but does not explicitly mention empirical evaluation.;no;The paper focuses on thesaurus systems and information retrieval, which is related to but not the same as programming language integration.;no;While integration is discussed, it is about software tools for thesauri, not multilingual programming integration.;no;The abstract does not explicitly discuss multiple programming languages. Instead, it focuses on thesauri and information systems, not programming language support.;no;The paper does not focus on software systems handling multiple programming languages.;yes;The paper appears to present technical content rather than just opinions.;no;While technical solutions are discussed, they are for thesaurus management, not programming language integration.;Exclude;The abstract focuses on thesaurus systems and information interoperability, fundamentally diverging from the systematic review's core interest in programming language interoperability. Despite being in English and presenting technical content, the paper lacks critical elements such as multilingual programming language interaction, software system analysis, and empirical evidence related to programming language integration. Consequently, the abstract does not meet the essential screening criteria for the systematic review.;1.4;EC1;The abstract focuses on thesaurus systems and information interoperability, fundamentally diverging from the systematic review's core interest in programming language interoperability. Despite being in English and presenting technical content, the paper lacks …
System requirements-OSS components: matching and mismatch resolution practices – an empirical study;Claudia P. Ayala, A. Duc, Xavier Franch, Martin Höst, R. Conradi, D. Cruzes, M. Babar;10.1007/s10664-017-9594-1;https://doi.org/10.1007/s10664-017-9594-1;Empirical Software Engineering;14;2018;no;While the paper discusses integration challenges, these are not specifically related to programming language interoperability.;maybe;Cannot be determined from the abstract alone.;no;The paper does not address interaction between different programming languages. It focuses on OSS component integration in general.;no;No evidence of analyzing systems built with multiple programming languages.;yes;The abstract is in English, meeting this criterion.;yes;The paper appears to be from a software engineering context, focusing on requirements engineering and OSS integration.;maybe;The paper presents empirical research through interviews and analysis of 25 projects, but not specifically for multilingual software interoperability.;maybe;The paper includes strong empirical evidence through 25 interviews across multiple companies, but not focused on multilingual systems.;no;The paper addresses general software integration, not specifically NLP or multilingual aspects.;no;While integration is discussed, it's about OSS components in general, not specifically about multilingual software contexts.;no;The abstract does not mention anything about multiple programming languages or language support. It focuses on OSS component integration in general.;no;No evidence of focus on multilingual systems or locales.;yes;The paper presents empirical evidence through interviews and analysis, meeting this criterion.;no;While the paper discusses integration practices, it's not specifically about multilingual software integration.;Exclude;The research paper focuses on Open Source Software component integration and requirements engineering, but lacks specific evidence of multilingual programming language interactions or systems. Despite presenting robust empirical research through interviews across multiple companies, the study does not address the core screening criteria related to multilingual software interoperability. Consequently, the paper does not meet the essential requirements for inclusion in the systematic review.;1.4;EC1;The research paper focuses on Open Source Software component integration and requirements engineering, but lacks specific evidence of multilingual programming language interactions or systems. Despite presenting robust empirical research through interviews acr…
Evaluate Transferability in Multilingual Analysis;Justin Chun-ting Ho, Chung-hong Chan;10.5117/ccr2023.2.2.ho;https://doi.org/10.5117/ccr2023.2.2.ho;Computational Communication Research;0;2023;no;The main subject is transferability in text analysis, not programming language interoperability.;maybe;Cannot be determined from the abstract alone.;no;The paper focuses on multilingual text analysis using mBERT, not on interaction between different programming languages.;no;While it discusses multilingual analysis, it doesn't address software systems built with multiple programming languages.;yes;The abstract is in English.;maybe;While it appears to be a technical paper, it's not clearly situated in software engineering or programming languages, but rather in natural language processing.;yes;The paper presents evaluation methods for transferability, but not for programming language interoperability.;yes;The study includes empirical evaluation, but not of multilingual software systems.;no;The paper focuses specifically on natural language processing.;no;The focus is on text analysis transferability, not software integration.;yes;The paper explicitly deals with multiple languages, analyzing text across different language contexts.;maybe;While it deals with multiple languages, it's in the context of text analysis rather than software systems.;yes;The study presents technical and empirical evidence.;yes;The paper presents technical solutions, but for text analysis rather than software integration.;Exclude;The research focuses on multilingual text analysis using mBERT, primarily addressing natural language processing challenges rather than software engineering or programming language interoperability. Despite presenting technical solutions and empirical evidence, the study does not meet key screening criteria related to multilingual software systems, programming language integration, or software engineering domains. Consequently, the paper falls outside the systematic review's core research scope.;2.5;EC1;The research focuses on multilingual text analysis using mBERT, primarily addressing natural language processing challenges rather than software engineering or programming language interoperability. Despite presenting technical solutions and empirical evidence…
Experimental IR Meets Multilinguality, Multimodality, and Interaction;Hanna Suominen, Liadh Kelly, Lorraine Goeuriot, A. Névéol, Lionel Ramadier, Aude Robert, E. Kanoulas, René Spijker, Leif Azzopardi, Dan Li, Jimmy, João Palotti, Guido Zuccon;10.1007/978-3-319-65813-1;https://doi.org/10.1007/978-3-319-65813-1;Lecture Notes in Computer Science;51;2017;no;I could not determine from the abstract whether the main subject of the article is a technical or empirical challenge caused by the interaction between several programming languages within the same software system.;no;I could not determine from the abstract whether the full text of the paper is accessible for review.;no;I could not determine from the abstract whether the article focuses primarily on the interaction of components written in different programming languages within the same software system.;no;I could not determine from the abstract whether the article explicitly names and analyses a software system built with multiple general-purpose programming languages.;maybe;I noted that the abstract is in English, but this is just a conference proceedings header.;no;I noted that the CLEF conference appears to be related to natural language processing rather than software engineering.;no;I could not determine from the abstract whether the study presents assessment methods or metrics for evaluating multilingual software interoperability.;no;I could not determine from the abstract whether the study includes empirical evaluation or assessment of multilingual software system implementation.;no;"I noted that the ""Cross-Language"" focus suggests this may be focused on natural language processing rather than software integration.";no;I could not determine from the abstract whether the research examines interoperability or integration challenges in multilingual software contexts.;no;I could not determine from the abstract whether the study addresses systems supporting multiple languages.;maybe;"I noted that the ""Cross-Language"" focus suggests possible relevance, but likely in the context of natural language processing.";no;I could not determine from the abstract whether the study presents technical or empirical evidence.;no;I could not determine from the abstract whether the study presents technical solutions, frameworks, or architectures for multilingual software integration.;Exclude;The extremely brief and incomplete conference proceedings header provides insufficient information to assess most screening criteria, with strong indications that the content relates to natural language processing rather than software engineering. The lack of substantive details prevents meaningful determination of the study's alignment with multilingual software system research requirements.;1.4;EC4;I could not determine from the abstract whether the full text of the paper is accessible for review.
A new approach towards systems integration within the mechatronic engineering design process of manufacturing systems;Malte Prösser, P. Moore, X. Chen, C. Wong, Ulrich Schmidt;10.1080/0951192X.2013.785026;https://doi.org/10.1080/0951192X.2013.785026;International journal of computer integrated manufacturing (Print);11;2013;maybe;While the paper does address integration challenges, it is focused on tool integration rather than programming language interoperability specifically.;maybe;The full-text accessibility cannot be determined from the abstract alone.;maybe;The abstract does not specifically address programming language interaction. It focuses on tool integration at a higher level.;no;There is no explicit mention of specific programming languages or multilingual systems.;yes;The abstract is written in English, meeting this criterion.;yes;The paper appears to be from a software engineering/mechatronics field, likely meeting this criterion.;maybe;"The abstract mentions a ""middle-in data modelling strategy"" but does not explicitly detail assessment methods for language interoperability.";yes;The abstract mentions successful application in the automotive industry, suggesting some empirical evaluation.;yes;The paper goes beyond NLP, focusing on mechatronics and production facilities.;maybe;The paper does address integration challenges, but at a tool level rather than programming language level.;maybe;The abstract does not explicitly mention multiple programming languages. It discusses integration of software tools but not specifically language-level integration.;maybe;The focus is on tool integration rather than multilingual systems specifically.;yes;The paper presents technical evidence and solutions rather than just opinions.;maybe;The paper presents a technical solution (middle-in data modelling strategy) but not specifically for multilingual software integration.;Exclude;The abstract describes a mechatronics integration approach focused on tool-level collaboration, but lacks specific evidence of multilingual programming language interoperability. While the research presents a technical solution for software tool integration in automotive production, it does not meet the core screening criteria related to programming language interaction and multilingual system challenges.;2.7;EC1;The abstract describes a mechatronics integration approach focused on tool-level collaboration, but lacks specific evidence of multilingual programming language interoperability. While the research presents a technical solution for software tool integration in…
Enhancing factory data integration through the development of an ontology: from the reference models reuse to the semantic conversion of the legacy models;G. Modoni, M. Doukas, W. Terkaj, M. Sacco, D. Mourtzis;10.1080/0951192X.2016.1268720;https://doi.org/10.1080/0951192X.2016.1268720;International journal of computer integrated manufacturing (Print);33;2017;maybe;While interoperability is central to the paper, it is focused on data integration and semantic interoperability rather than programming language interaction.;maybe;The full-text accessibility cannot be determined from the abstract alone.;maybe;"The paper focuses on data integration and semantic interoperability, but not specifically between programming languages. It discusses ""mutually incompatible systems"" but in a general sense.";no;The abstract does not mention any specific software systems built with multiple programming languages.;yes;The abstract is written in English, meeting this criterion.;yes;The paper appears to be from a software engineering context, focusing on data integration and semantic technologies.;yes;"The paper mentions a ""systematic approach"" and includes a case study, suggesting some assessment methods.";yes;The paper includes a real case study from a mould-making company, providing empirical evidence.;yes;The paper goes beyond NLP, focusing on manufacturing data integration.;yes;The paper strongly focuses on integration and interoperability, but at the data/semantic level rather than programming language level.;maybe;The abstract does not explicitly mention multiple programming languages. It discusses data integration and semantic interoperability, but not specifically between programming languages.;no;The paper does not focus on software systems handling multiple languages in the programming sense.;yes;The paper presents technical solutions and empirical evidence through a case study.;maybe;The paper presents a technical solution for semantic integration, but not specifically for programming language integration.;Exclude;The abstract focuses on data integration and semantic interoperability in manufacturing contexts, but does not address programming language interactions or multilingual software systems. While the paper presents a technical approach with empirical evidence, it fails to meet the core screening criteria related to programming language interoperability and multilingual system development.;2.7;EC1;The abstract focuses on data integration and semantic interoperability in manufacturing contexts, but does not address programming language interactions or multilingual software systems. While the paper presents a technical approach with empirical evidence, it…
A model-driven approach to machine learning and software modeling for the IoT;Armin Moin, Moharram Challenger, A. Badii, Stephan Gunnemann;10.1007/s10270-021-00967-x;https://doi.org/10.1007/s10270-021-00967-x;Journal of Software and Systems Modeling;17;2021;no;While the paper discusses integration, it's about SE models and ML models, not programming language interoperability.;maybe;Cannot be determined from the abstract alone.;no;The abstract does not discuss interaction between different programming languages. It focuses on integrating SE and ML models.;no;No evidence of analyzing systems built with multiple programming languages.;yes;The abstract is in English, meeting this criterion.;yes;Yes, this appears to be from a software engineering conference/journal, focusing on model-driven software development.;maybe;The abstract mentions empirical user evaluation, but not specifically for multilingual interoperability.;maybe;Yes, the paper includes empirical evaluation, but not of multilingual systems.;yes;The paper goes beyond NLP, focusing on IoT and CPS systems.;no;While integration is discussed, it's not about programming language interoperability.;no;The abstract does not mention support for multiple programming languages. It focuses on model-driven development and ML integration.;no;No evidence of focus on multilingual systems.;yes;Yes, presents technical and empirical evidence.;no;While technical solutions are presented, they're not for multilingual software integration.;Exclude;The research paper focuses on model-driven software development and machine learning integration in IoT systems, but does not address multilingual programming language interoperability. Despite being a technically rigorous software engineering study with empirical validation, the work fails to meet key screening criteria related to programming language collaboration and multilingual system analysis. Consequently, the paper does not align with the systematic review's specific requirements for multilingual software systems.;1.4;EC1;The research paper focuses on model-driven software development and machine learning integration in IoT systems, but does not address multilingual programming language interoperability. Despite being a technically rigorous software engineering study with empir…
Subword-based Semantic Retrieval of Clinical and Bibliographic Documents;Daumke P, Schulz S, Müller Ml, Dzeyk W, Prinzen L, Pacheco Ej, Secco Cancian, Nohama P, Marko K;10.3414/ME9303;https://doi.org/10.3414/ME9303;Methods of Information in Medicine;15;2010;no;The main subject of the paper is semantic text indexing and retrieval, not programming language interoperability.;maybe;The full-text accessibility of the paper cannot be determined from the abstract alone.;no;The paper focuses on natural language processing and document retrieval, not programming language interoperability.;no;The paper handles multiple natural languages, but does not discuss programming languages or their interaction.;yes;The paper is written in English, as the abstract is in English.;maybe;While the paper appears to be a technical paper, it is not explicitly clear if it is published in a software engineering or programming languages venue.;yes;The paper includes empirical assessment of performance, as mentioned in the abstract.;yes;The study includes empirical evaluation across multiple use cases.;no;The focus of the paper is specifically on natural language processing and document retrieval, not on software integration aspects beyond natural language processing.;no;The integration discussed in the paper is for natural language processing, not programming language integration.;yes;"The paper addresses systems supporting multiple languages, as the abstract explicitly mentions handling ""different European languages"" and ""multilingual document collections.""";maybe;While the paper handles multiple languages, it is focused on natural language processing rather than programming languages.;yes;The paper presents technical and empirical evidence.;yes;The paper presents a technical solution for semantic indexing and retrieval.;Exclude;The abstract describes a semantic text indexing approach for multilingual document retrieval, focusing on natural language processing rather than programming language interoperability. Despite addressing multiple languages and presenting empirical evidence, the study does not meet the core screening criteria related to programming language integration and technical challenges of multilingual software systems. Consequently, the paper falls outside the intended research scope.;1.4;EC1;The abstract describes a semantic text indexing approach for multilingual document retrieval, focusing on natural language processing rather than programming language interoperability. Despite addressing multiple languages and presenting empirical evidence, th…
Multilingual audio information management system based on semantic knowledge in complex environments;K. L. D. Ipiña, N. Barroso, P. Calvo, Carmen Hernández, A. Ezeiza, Unai Susperregi, Elsa Fernández;10.1007/s00521-019-04618-7;https://doi.org/10.1007/s00521-019-04618-7;Neural computing & applications (Print);5;2020;no;The interoperability challenges discussed are related to natural language processing, not programming language interaction.;maybe;The full-text accessibility of the paper cannot be determined from the abstract alone.;no;The paper focuses on natural language processing and multilingual content, not programming language interoperability.;no;While the system handles multiple natural languages, there is no mention of multiple programming languages.;yes;The abstract is written in English, meeting the publication language requirement.;maybe;While not explicitly stated, the technical nature and focus on system architecture suggests the paper is from a relevant scientific field.;maybe;The abstract mentions testing usability, but not specifically for multilingual software interoperability.;yes;The abstract mentions successful testing with non-experienced users, indicating the inclusion of empirical evidence.;no;The paper appears to focus primarily on natural language processing and audio information management, rather than software integration aspects beyond just natural language processing.;maybe;While integration is discussed, it is focused on natural language processing rather than programming language integration.;yes;The paper explicitly addresses multiple languages (Spanish, French, and Basque), indicating that it supports systems with multiple languages.;yes;The paper focuses on natural language rather than programming language multilingualism.;yes;The paper presents technical solutions and empirical evidence, meeting the research type requirement.;yes;The paper presents a scalable architecture and various technical approaches, meeting the technical solution requirement.;Exclude;The abstract describes a multilingual audio information management system focused on natural language processing across Spanish, French, and Basque, but does not address programming language interoperability. While technically sophisticated and empirically tested, the research falls outside the systematic review's core criteria of examining interactions between different programming languages within software systems. The paper's primary focus on natural language processing and audio management disqualifies it from meeting the key screening requirements.;2.5;EC1;The abstract describes a multilingual audio information management system focused on natural language processing across Spanish, French, and Basque, but does not address programming language interoperability. While technically sophisticated and empirically tes…
Semantic Normalization and Query Abstraction Based on SNOMED-CT and HL7: Supporting Multicentric Clinical Trials;S. Paraíso-Medina, D. Pérez-Rey, A. Bucur, B. Claerhout, R. Alonso-Calvo;10.1109/JBHI.2014.2357025;https://doi.org/10.1109/JBHI.2014.2357025;IEEE journal of biomedical and health informatics;18;2015;no;While interoperability is central to the paper, it's about clinical data interoperability, not programming language interoperability.;maybe;Cannot be determined from the abstract alone.;no;The paper doesn't address interaction between different programming languages. It focuses on semantic interoperability of clinical data.;no;No evidence of analyzing systems built with multiple programming languages.;yes;The abstract is written in English, meeting this criterion.;no;The paper appears to be from a biomedical/health informatics field, not specifically software engineering or programming languages.;maybe;The paper does present assessment methods, but for clinical data integration, not programming language interoperability.;maybe;The paper includes empirical evaluation, but for clinical data integration.;no;The paper focuses on clinical data integration, which is different from the intended scope.;no;The paper addresses integration challenges, but in the context of clinical data, not programming languages.;no;The abstract does not explicitly mention support for multiple programming languages. It focuses on semantic interoperability in clinical data, not programming languages.;no;The paper doesn't focus on software systems handling multiple programming languages.;yes;The paper presents technical and empirical evidence, meeting this criterion.;no;While the paper presents technical solutions, they're for clinical data integration, not programming language integration.;Exclude;The abstract describes a biomedical informatics study focused on clinical data integration, which fundamentally diverges from the systematic review's criteria of programming language interoperability. Despite presenting technical solutions and empirical evidence, the paper lacks any substantive discussion of multilingual software systems, programming language interactions, or software engineering challenges. Consequently, the abstract fails to meet the core screening requirements for the intended research domain.;1.4;EC1;The abstract describes a biomedical informatics study focused on clinical data integration, which fundamentally diverges from the systematic review's criteria of programming language interoperability. Despite presenting technical solutions and empirical eviden…
The Representational Challenge of Integration and Interoperability in Transformed Health Ecosystems;Bernd Blobel, F. Oemig, P. Ruotsalainen, Mathias Brochhausen, Kevin W. Sexton, Mauro Giacomini;10.3390/jpm15010004;https://doi.org/10.3390/jpm15010004;Journal of Personalized Medicine;0;2024;maybe;While interoperability is central to the paper, it focuses on domain-specific interoperability rather than programming language interoperability.;maybe;Cannot be determined from the abstract alone.;maybe;The paper discusses interoperability, but between different domains and ontologies rather than programming languages specifically.;no;No explicit mention of software systems built with multiple programming languages.;yes;The paper is written in English, meeting this criterion.;maybe;The paper appears to be from health informatics and standards development, which is related to but not primarily focused on software engineering.;maybe;The paper mentions formal representation and standards-based solutions but does not specifically address assessment methods for programming language interoperability.;maybe;"The abstract mentions ""examples of practical deployment"" but does not clearly indicate empirical evaluation of multilingual software systems.";yes;The paper goes well beyond NLP, focusing on health informatics and ecosystem integration.;maybe;The paper strongly focuses on integration and interoperability, but at a domain/ontology level rather than programming language level.;maybe;The abstract discusses interoperability between different domains and systems but does not explicitly mention multiple programming languages. It focuses more on domain-specific languages and ontologies.;maybe;The focus is on domain-specific integration rather than multilingual programming systems.;yes;The paper presents technical solutions and frameworks, meeting this criterion.;maybe;The paper presents technical solutions (ISO 23903 Interoperability and Integration Reference Architecture) but not specifically for programming language integration.;Exclude;The research primarily addresses domain-specific interoperability in health informatics, focusing on ontological and ecosystem integration rather than programming language interactions. While the study presents technical solutions and frameworks for system integration, it does not meet the specific screening criteria related to multilingual software systems and programming language interoperability. The paper's scope and technical approach diverge from the targeted research focus on multilingual software engineering.;2.7;EC1;The research primarily addresses domain-specific interoperability in health informatics, focusing on ontological and ecosystem integration rather than programming language interactions. While the study presents technical solutions and frameworks for system int…
Crosslingual and Multilingual Construction of Syntax-Based Vector Space Models;Jason Utt, Sebastian Padó;10.1162/tacl_a_00180;https://doi.org/10.1162/tacl_a_00180;Transactions of the Association for Computational Linguistics;14;2014;no;The main subject is cross-lingual semantic modeling, not programming language interoperability.;maybe;-;no;The paper focuses on cross-lingual semantic models rather than programming language interoperability.;no;The paper doesn't discuss software systems built with multiple programming languages.;yes;The abstract is in English.;maybe;While this appears to be a technical paper, it seems to focus more on natural language processing than software engineering specifically.;yes;The paper mentions evaluation on lexical semantic benchmarks.;yes;The paper includes empirical evaluation of their methods.;no;The paper focuses specifically on natural language processing and semantic modeling.;no;While it discusses cross-lingual approaches, this is in the context of natural language processing, not software integration.;yes;The paper explicitly deals with multiple languages, including English, German, and Croatian.;no;While it handles multiple languages, it's in the context of natural language processing rather than software systems.;yes;The paper presents technical and empirical evidence.;yes;The paper presents technical solutions, but for cross-lingual semantic modeling rather than software integration.;Exclude;The research focuses on cross-lingual semantic modeling in natural language processing, primarily addressing linguistic challenges rather than software engineering or programming language interoperability. Despite handling multiple languages and presenting technical solutions, the study does not meet key screening criteria related to multilingual software systems, programming language integration, or software engineering research. Consequently, the paper falls outside the systematic review's targeted scope.;1.4;EC1;The research focuses on cross-lingual semantic modeling in natural language processing, primarily addressing linguistic challenges rather than software engineering or programming language interoperability. Despite handling multiple languages and presenting tec…
Towards a model-driven approach for multiexperience AI-based user interfaces;Elena Planas, Gwendal Daniel, Marco Brambilla, Jordi Cabot;10.1007/s10270-021-00904-y;https://doi.org/10.1007/s10270-021-00904-y;Journal of Software and Systems Modeling;22;2021;no;While the paper discusses integration challenges, these are related to user interfaces rather than programming language interoperability.;maybe;The full-text accessibility cannot be determined from the abstract alone.;no;The paper does not focus on collaboration between different programming languages. Instead, it discusses collaboration between different types of user interfaces.;no;There is no evidence of the paper analyzing systems built with multiple programming languages.;yes;The abstract is written in English, meeting this criterion.;yes;The paper appears to be from a software engineering context, discussing software systems and modeling languages.;maybe;The abstract mentions model-driven techniques but does not explicitly discuss assessment methods for language interoperability.;maybe;The abstract does not clearly indicate whether empirical evaluation is included.;no;The paper focuses on user interface integration rather than programming language integration.;no;The paper does address integration challenges, but specifically for user interfaces rather than programming languages.;no;The abstract does not explicitly discuss multiple programming languages. Instead, it focuses on different types of user interfaces (GUI, CUI) rather than programming languages.;no;The paper does not focus on systems handling multiple programming languages.;yes;The paper appears to present technical solutions and frameworks, meeting this criterion.;no;While the paper presents technical solutions (DSL, model-driven techniques), these are for user interface integration rather than programming language integration.;Exclude;The research focuses on user interface integration techniques rather than multilingual programming language systems, failing to meet key screening criteria related to programming language interoperability. Despite presenting technical solutions for interface collaboration, the study does not address the specific challenges of integrating multiple programming languages within a software system. Consequently, the paper does not align with the core requirements of multilingual software system research.;2.5;EC1;The research focuses on user interface integration techniques rather than multilingual programming language systems, failing to meet key screening criteria related to programming language interoperability. Despite presenting technical solutions for interface c…
A systematic mapping study of semantic technologies in multi-omics data integration;Giovanni Maria De Filippis, Domenico Amalfitano, Cristiano Russo, C. Tommasino, A. M. Rinaldi;10.1016/j.jbi.2025.104809;https://doi.org/10.1016/j.jbi.2025.104809;Journal of Biomedical Informatics;1;2025;no;While the paper discusses integration challenges, these are related to biological data integration, not programming language interoperability.;maybe;"Cannot be determined from the abstract alone, but the mention of ""high-impact journals"" suggests it's likely accessible.";no;The paper does not address programming language interaction. It focuses on data integration across different omics domains.;no;No evidence of analyzing software systems built with multiple programming languages.;yes;The abstract is in English, meeting this criterion.;no;While this is a scientific paper, it appears to be from the bioinformatics/omics field rather than software engineering or programming languages.;no;The paper does present assessment methods, but for multi-omics data integration, not programming language interoperability.;no;The paper includes empirical evaluation, but not of multilingual software systems.;no;The integration discussed is specific to biological data, not software integration.;no;While integration is discussed, it's in the context of biological data, not software integration.;no;"The abstract does not discuss multiple programming languages. It focuses on multi-omics data integration, which is a different type of ""multi-language"" concept.";no;The focus is on multi-omics data, not multilingual software systems.;yes;The paper presents technical and empirical evidence, meeting this criterion.;no;While technical solutions are presented, they are for biological data integration, not programming language integration.;Exclude;The abstract focuses on multi-omics data integration in bioinformatics, which fundamentally differs from multilingual software systems and programming language interoperability. Despite being a rigorous scientific study, the paper fails to meet the majority of screening criteria related to software engineering, programming language interaction, and multilingual system development. The research is centered on biological data integration rather than technical challenges of software language collaboration.;1.4;EC1;The abstract focuses on multi-omics data integration in bioinformatics, which fundamentally differs from multilingual software systems and programming language interoperability. Despite being a rigorous scientific study, the paper fails to meet the majority of…
Empirical studies in software and systems traceability;Patrick Mäder, Rocco Oliveto, Andrian Marcus;10.1007/s10664-017-9509-1;https://doi.org/10.1007/s10664-017-9509-1;Empirical Software Engineering;11;2017;no;The paper focuses on traceability challenges, not language interoperability issues.;maybe;Cannot be determined from the abstract alone, but being a special issue paper suggests it's likely accessible.;no;The paper does not address interaction between components in different programming languages. It focuses on traceability in software development.;no;No mention of systems built with multiple programming languages.;yes;The paper appears to be in English, meeting this criterion.;yes;The paper appears to be from a software engineering journal (based on the DOI and content), meeting this criterion.;no;While the paper discusses evaluation methods, they are for traceability, not language interoperability.;no;The paper includes empirical evaluation, but for traceability systems, not multilingual systems.;no;The paper addresses software integration, but not in the context of multiple programming languages.;no;The paper discusses integration in terms of continuous integration and delivery, but not language interoperability.;no;The abstract does not mention anything about multiple programming languages or language support. It focuses on software traceability.;no;No evidence of focus on multilingual systems.;yes;The paper presents technical and empirical evidence, meeting this criterion.;no;While the paper presents technical solutions (Eiffel framework), they are for traceability, not language integration.;Exclude;The paper focuses on software traceability and does not address multilingual software systems or language interoperability, failing key screening criteria related to language support and interlanguage collaboration. Despite being a rigorous software engineering study with empirical evidence, the research does not meet the specific requirements for multilingual system analysis. Consequently, the paper would not be suitable for inclusion in a review targeting multilingual software integration challenges.;1.4;EC1;The paper focuses on software traceability and does not address multilingual software systems or language interoperability, failing key screening criteria related to language support and interlanguage collaboration. Despite being a rigorous software engineerin…
Development of fast neurotransmitter synapses: General principle and recent progress;W. Lu, Yelin Chen;10.1016/j.brainresbull.2016.11.009;https://doi.org/10.1016/j.brainresbull.2016.11.009;Brain Research Bulletin;3;2017;no;The interoperability challenge is about natural language searching, not programming language interaction.;maybe;Cannot be determined from the abstract alone.;no;The paper doesn't focus on programming language interactions, but rather on natural language searching across different human languages.;no;While it describes a multilingual system, it's not about programming languages but rather about natural language searching.;yes;The abstract is in English.;maybe;While it appears to be a technical paper, it's focused on ecological data systems rather than software engineering specifically.;maybe;The abstract mentions testing a prototype system, but not specifically for programming language interoperability.;yes;The paper includes empirical evaluation through prototype testing.;no;The integration is specifically about natural language processing and searching.;maybe;While it addresses integration challenges, these are for natural language searching rather than programming language integration.;yes;The paper explicitly addresses multilingual support, focusing on searching across different languages.;no;While it focuses on multilingual systems, it's about natural language support rather than programming language integration.;yes;Presents technical and empirical evidence.;maybe;Presents a technical solution, but for natural language searching rather than programming language integration.;Exclude;The study addresses multilingual data searching in ecological research, focusing on natural language translation and search capabilities across different languages. While technically sophisticated, the research does not meet key screening criteria related to programming language interoperability, software engineering, or multilingual system integration. The paper's primary focus on ecological data searching diverges significantly from the systematic review's targeted research domain.;2.5;EC1;The study addresses multilingual data searching in ecological research, focusing on natural language translation and search capabilities across different languages. While technically sophisticated, the research does not meet key screening criteria related to p…
Selecting Relevant Documents for Multilingual Content Analysis:: An Evaluation of Keyword and Semantic Similarity Search Approaches;Sean Palicki, Stefanie Walter, Wouter van Atteveldt, Alice Beazer, Isaac Bravo;10.5117/ccr2023.2.5.pali;https://doi.org/10.5117/ccr2023.2.5.pali;Computational Communication Research;0;2023;no;The main subject is machine translation for document retrieval, not programming language interoperability.;maybe;Cannot be determined from the abstract alone.;no;The paper focuses on document retrieval and analysis across languages, not on programming language interoperability.;no;While it deals with multilingual content, it doesn't discuss software systems built with multiple programming languages.;yes;The abstract is in English.;maybe;While it appears to be a research paper, it's not clearly from a software engineering or programming languages venue. It seems more focused on communication research and machine translation.;yes;The paper presents evaluation methods for comparing different search strategies, but not for programming language interoperability.;yes;The study includes empirical evaluation, but not of multilingual software systems.;no;The focus is specifically on natural language processing and document retrieval.;no;The integration discussed is about document retrieval across languages, not software integration.;yes;The paper explicitly deals with multiple languages, specifically analyzing European Parliament debates in different languages.;no;While it handles multiple languages, it's focused on document analysis rather than software systems.;yes;The study presents technical and empirical evidence.;no;The solutions presented are for document retrieval, not software integration.;Exclude;The research paper focuses on multilingual document retrieval and machine translation in communication research, but does not address programming language interoperability or software system integration. Despite handling multiple languages and presenting empirical evidence, the study fails to meet critical screening criteria related to software engineering and multilingual system development. Consequently, the paper does not align with the systematic review's core requirements for inclusion.;1.4;EC1;The research paper focuses on multilingual document retrieval and machine translation in communication research, but does not address programming language interoperability or software system integration. Despite handling multiple languages and presenting empir…
Integration scenarios of virtual worlds in learning management systems using the MULTIS approach;Leonel Morgado, H. Paredes, Benjamim Fonseca, P. Martins, Álvaro Almeida, Andreas Vilela, Bruno-Miguel Pires, Márcio Cardoso, Filipe Peixinho, Arnaldo Santos;10.1007/s00779-017-1063-8;https://doi.org/10.1007/s00779-017-1063-8;Personal and Ubiquitous Computing;4;2017;maybe;While the paper does address interoperability, it's between different systems (LMS and virtual worlds) rather than between programming languages.;maybe;The full-text accessibility cannot be determined from the abstract alone.;no;The abstract does not discuss interaction between different programming languages. It focuses on integration between different systems (LMS and virtual worlds).;no;There is no evidence of multiple programming languages being used in the system.;yes;The abstract is written in English, meeting this criterion.;yes;The paper appears to be from a software engineering context (VEAI conference), meeting this criterion.;maybe;"The abstract mentions ""analysis of integration requirements"" but does not specifically detail assessment methods for language interoperability.";yes;The abstract mentions implementation and testing, suggesting some empirical evaluation.;yes;The integration discussed goes beyond NLP, focusing on LMS and virtual world integration.;maybe;The paper does focus on integration challenges, but not specifically for multilingual software contexts.;maybe;The abstract does not explicitly mention support for multiple programming languages. It discusses integration between LMS and virtual worlds, but not language-level integration.;no;The system does not appear to focus on handling multiple programming languages.;yes;The paper presents technical evidence and implementation details, meeting this criterion.;maybe;While the paper presents a technical solution (MULTIS architecture), it's not focused on multilingual software integration.;Exclude;The research focuses on integrating learning management systems with virtual worlds, but does not address multilingual programming language interoperability. Despite presenting a technical solution for system integration, the study lacks evidence of multiple programming languages or language-level integration challenges. Consequently, the paper does not meet the core screening criteria related to multilingual software systems.;2.5;EC1;The research focuses on integrating learning management systems with virtual worlds, but does not address multilingual programming language interoperability. Despite presenting a technical solution for system integration, the study lacks evidence of multiple p…
Advancing Static Code Analysis With Language-Agnostic Component Identification;Micah Schiewe, Jacob Curtis, Vincent Bushong, T. Cerný;10.1109/ACCESS.2022.3160485;https://doi.org/10.1109/ACCESS.2022.3160485;IEEE Access;23;2022;maybe;While the paper addresses challenges in analyzing multilingual systems, it focuses more on analysis than direct interoperability challenges.;maybe;Cannot be determined from the abstract alone.;yes;The paper focuses on analyzing systems with components written in different programming languages (Java and C++ microservices).;yes;"The paper explicitly mentions analyzing ""two large, heterogeneous, cloud-native system benchmarks (Java and C++ microservices).""";yes;The abstract is written in English.;yes;The content is clearly related to software engineering and programming languages.;yes;"The paper presents a novel approach using ""language-agnostic abstract-syntax tree"" and ""generalized component parsers.""";yes;The paper includes a case study with two large system benchmarks.;yes;The paper addresses general software integration and analysis, not just NLP.;maybe;While the paper deals with multilingual systems, it focuses more on analysis than integration challenges.;yes;"The paper explicitly addresses systems supporting multiple programming languages, mentioning ""plethora of languages"" and specifically discussing Java and C++ microservices.";yes;The paper clearly focuses on systems handling multiple programming languages.;yes;The paper presents technical evidence and a novel approach.;yes;The paper presents a technical solution using language-agnostic abstract-syntax trees.;Include;The research presents a comprehensive approach to analyzing multilingual software systems, focusing on a novel method for handling heterogeneous programming languages through language-agnostic abstract syntax trees. By addressing challenges in code analysis across different programming environments, the study demonstrates technical solutions for understanding complex software systems with multiple language components. The work includes empirical evidence through case studies involving Java and C++ microservices, providing a robust framework for understanding multilingual software integration.;4.3;IC;"Meets IC; supported language."
Trends in entertainment, home automation and e-health: Toward cross-domain integration;A. Aragues, I. Martínez, P. D. Valle, Pilar Munoz, J. Escayola, J. D. Trigo;10.1109/MCOM.2012.6211501;https://doi.org/10.1109/MCOM.2012.6211501;IEEE Communications Magazine;25;2012;maybe;While interoperability is central to the paper, it is focused on domain-level rather than programming language-level challenges.;maybe;The full-text accessibility cannot be determined from the abstract alone.;maybe;The abstract focuses on domain-level interoperability rather than programming language-level collaboration.;no;There is no explicit mention of systems built with multiple programming languages.;yes;The abstract is written in English, meeting this criterion.;yes;The paper appears to be from a relevant field (likely computer science/consumer networking), though the specific venue is not mentioned.;maybe;"The abstract mentions ""analyzes their key points"" but does not specifically detail assessment methods for language interoperability.";maybe;The abstract suggests analysis of technological proposals but does not explicitly mention empirical evaluation.;yes;The paper goes beyond NLP, focusing on various domains, meeting this criterion.;maybe;The paper does examine interoperability challenges, but at a domain level rather than programming language level.;maybe;The abstract does not explicitly mention multiple programming languages. It discusses interoperability between different domains (entertainment, home automation, e-Health) but not language-level interoperability.;maybe;The focus is on domain-level rather than programming language-level multilingual systems.;yes;The paper appears to present technical analysis rather than just opinions.;yes;The paper discusses architectural approaches to cross-domain integration.;Exclude;The abstract discusses domain-level interoperability across entertainment, home automation, and e-Health environments, but lacks specific focus on programming language-level multilingual systems. While technically relevant, the paper does not meet the core screening criteria related to programming language interaction, multilingual software integration, or empirical assessment of language interoperability challenges.;2.5;EC1;The abstract discusses domain-level interoperability across entertainment, home automation, and e-Health environments, but lacks specific focus on programming language-level multilingual systems. While technically relevant, the paper does not meet the core scr…
Experimental IR Meets Multilinguality, Multimodality, and Interaction;Norbert Fuhr, Paulo Quaresma, Teresa Gonçalves, Birger Larsen, K. Balog, Craig Macdonald, L. Cappellato, Nicola Ferro;10.1007/978-3-319-44564-9;https://doi.org/10.1007/978-3-319-44564-9;Lecture Notes in Computer Science;19;2016;no;There is no indication of focus on programming language interoperability challenges.;maybe;As conference proceedings, these papers are likely accessible through academic databases, but this is not confirmed.;no;There is no indication that the papers focus on programming language interaction.;no;There is no mention of software systems built with multiple programming languages.;maybe;While the conference was held in France, the proceedings are likely in English, but this is not explicitly stated.;no;CLEF appears to be focused on Cross-Language Evaluation Forum, which suggests it's related to natural language processing rather than software engineering or programming languages.;no;While it's a conference about evaluation, there is no specific mention of multilingual software interoperability assessment.;no;While it's a conference with papers, we can't determine if they contain empirical evaluation of multilingual software systems.;no;The focus appears to be on natural language processing rather than broader software integration.;no;There is no clear indication of focus on software integration challenges.;no;The abstract does not indicate whether the systems discussed support multiple languages.;no;"While ""Cross-Language"" is in the title, this appears to refer to natural language processing rather than programming languages.";maybe;The papers are refereed proceedings, suggesting technical content, but we can't determine the specific nature.;no;There is no indication of technical solutions for multilingual software integration.;Exclude;The conference proceedings appear focused on natural language processing rather than programming language interoperability, with no clear evidence of addressing multilingual software system challenges. Critical screening criteria related to programming language integration, technical solutions, and empirical assessment of multilingual systems are not met based on the limited abstract information. The document seems misaligned with the specified research focus on software engineering and programming language interactions.;1.4;EC1;The conference proceedings appear focused on natural language processing rather than programming language interoperability, with no clear evidence of addressing multilingual software system challenges. Critical screening criteria related to programming languag…
Integration of software tools for integrative modeling of biomolecular systems.;Matthew Hancock, Thomas O. Peulen, Ben M. Webb, B. Poon, J. S. Fraser, P. Adams, A. Sali;10.1016/j.jsb.2022.107841;https://doi.org/10.1016/j.jsb.2022.107841;Journal of Structural Biology;16;2022;maybe;While interoperability is central to the paper, it's about software package integration rather than programming language interoperability.;yes;The paper is published by Elsevier, suggesting it's accessible through academic channels.;maybe;The abstract does not specifically address programming language interaction. It discusses software integration at a higher level.;no;There is no explicit mention of multiple programming languages being used in the same system.;yes;The paper is written in English, meeting this criterion.;yes;The paper appears to be from a scientific computing/software engineering domain, meeting this criterion.;maybe;"The abstract mentions ""software standards"" but does not clearly indicate assessment methods for language interoperability.";yes;The paper discusses practical integration attempts and their outcomes, suggesting some empirical content.;yes;The integration discussed goes beyond NLP, focusing on scientific modeling software.;maybe;The paper strongly focuses on integration challenges, but not specifically for multilingual software.;maybe;The abstract does not explicitly discuss multiple programming languages. It focuses on software integration but not specifically language-level integration.;maybe;The focus is on software integration, but not specifically multilingual systems.;yes;The paper presents technical analysis and empirical evidence of integration attempts.;maybe;The paper presents technical solutions for software integration, but not specifically for multilingual integration.;Exclude;The research addresses software integration challenges but lacks specific focus on multilingual programming language interactions, falling short of the required screening criteria. While the paper demonstrates technical depth in software interoperability, it does not explicitly explore programming language-level integration or multilingual system development. Consequently, the abstract does not sufficiently meet the established screening requirements for multilingual software research.;2.7;EC1;The research addresses software integration challenges but lacks specific focus on multilingual programming language interactions, falling short of the required screening criteria. While the paper demonstrates technical depth in software interoperability, it d…
Exploring Low-Carbon Futures: A Web Service Approach to Linking Diverse Climate-Energy-Economy Models;Getachew F. Belete, A. Voinov, I. Arto, K. Dhavala, T. Bulavskaya, Leila Niamir, S. Moghayer, T. Filatova;10.3390/EN12152880;https://doi.org/10.3390/EN12152880;Energies;13;2019;maybe;While interoperability is discussed, it is not the main focus - the paper is primarily about climate modeling integration.;maybe;Cannot be determined from the abstract alone.;maybe;The paper does discuss integration of components written in different programming languages, but this is secondary to the main focus on climate modeling.;maybe;The abstract mentions specific models (GCAM, EXIOMOD, BENCH) and discusses their integration, but does not explicitly name the programming languages used.;yes;The abstract is written in English.;no;The paper is focused on climate modeling rather than software engineering or programming languages specifically.;maybe;"The abstract mentions ""pre-integration assessment"" but does not detail specific metrics for evaluating interoperability.";yes;The paper appears to present a practical implementation and case study, though details are limited in the abstract.;yes;The integration goes well beyond NLP, focusing on climate modeling and energy systems.;yes;The paper explicitly focuses on integration challenges between different models.;maybe;The abstract mentions models written in different programming languages, but does not explicitly discuss language support systems.;no;While the system handles multiple models, it is not specifically focused on language or locale handling.;yes;The paper presents technical evidence and implementation details.;yes;The paper presents a technical solution (web platform) for model integration.;Exclude;The abstract describes a climate modeling integration platform that partially addresses multilingual system challenges, but its primary focus is on environmental modeling rather than software engineering. While the paper demonstrates technical integration of different models and discusses interoperability, it does not centrally address programming language integration as its main research objective. The study presents a web platform for model integration but falls short of meeting most systematic review criteria for multilingual software systems.;2.9;EC1;The abstract describes a climate modeling integration platform that partially addresses multilingual system challenges, but its primary focus is on environmental modeling rather than software engineering. While the paper demonstrates technical integration of d…
A method to select a successful interoperability solution through a simulation approach;F. Galasso, Y. Ducq, M. Lauras, Didier Gourc, M. Camara;10.1007/s10845-014-0889-4;https://doi.org/10.1007/s10845-014-0889-4;Journal of Intelligent Manufacturing;16;2014;maybe;While interoperability is central to the paper, it is focused on business process interoperability rather than programming language interoperability.;maybe;The full-text accessibility of the paper cannot be determined from the abstract alone.;no;The abstract focuses on business process interoperability rather than programming language interaction, which is a critical miss for this criterion.;no;There is no mention of specific programming languages or multilingual systems in the abstract.;yes;The abstract is written in English, meeting this criterion.;yes;The paper appears to be from a software engineering or enterprise systems domain, likely meeting this criterion.;maybe;The paper does present assessment methods (three-step approach including modeling, evaluation, and simulation), but not specifically for language interoperability.;yes;The paper includes an application case from the French aerospace sector, providing empirical evidence.;yes;The paper goes beyond NLP, focusing on business process integration.;maybe;The paper addresses interoperability, but at a business process level rather than programming language level.;maybe;The abstract does not explicitly mention multiple programming languages, and instead discusses interoperability in general terms rather than specifically language-level interoperability.;no;There is no evidence of a focus on multilingual systems in the programming sense.;yes;The paper presents technical and empirical evidence.;maybe;The paper presents a technical solution, but for business process interoperability rather than programming language integration.;Exclude;The abstract addresses business process interoperability in enterprise systems, but lacks specific focus on programming language interactions or multilingual software systems. While presenting a structured approach to interoperability with empirical evidence, the paper does not meet the critical screening criteria related to programming language integration and multilingual system challenges.;2.5;EC1;The abstract addresses business process interoperability in enterprise systems, but lacks specific focus on programming language interactions or multilingual software systems. While presenting a structured approach to interoperability with empirical evidence, …
Integrating Fairness in the Software Design Process: An Interview Study With HCI and ML Experts;Seamus Ryan, Camille Nadal, Gavin Doherty;10.1109/ACCESS.2023.3260639;https://doi.org/10.1109/ACCESS.2023.3260639;IEEE Access;8;2023;no;The paper focuses on fairness challenges in AI systems, not interoperability between programming languages.;maybe;Cannot be determined from the abstract alone.;no;The paper discusses collaboration between HCI and ML specialists, but not between different programming languages.;no;No mention of software systems built with multiple programming languages.;yes;The abstract is in English, meeting this criterion.;maybe;The paper appears to be from a relevant field (machine learning and HCI), but it's not specifically focused on software engineering or programming languages.;no;While the paper discusses evaluation techniques, these are for fairness in ML, not for multilingual software interoperability.;no;The paper includes empirical evidence through interviews with 18 experts, but not about multilingual software systems.;no;The paper focuses on fairness in AI systems, not software integration.;no;The paper discusses integration between HCI and ML perspectives, but not programming language interoperability.;no;The abstract does not mention anything about systems supporting multiple programming languages. It focuses on fairness in machine learning systems.;no;No focus on software systems handling multiple languages.;yes;The paper presents empirical evidence through interviews, meeting this criterion.;no;While the paper proposes approaches, they are for fairness in AI, not for multilingual software integration.;Exclude;The research paper focuses on fairness in machine learning and human-computer interaction, fundamentally diverging from the systematic review's criteria for multilingual software systems. Despite being a rigorous empirical study, the abstract fails to address key requirements such as programming language interoperability, multilingual system design, and technical challenges of language integration. Consequently, the paper does not align with the specified screening criteria for multilingual software research.;1.4;EC1;The research paper focuses on fairness in machine learning and human-computer interaction, fundamentally diverging from the systematic review's criteria for multilingual software systems. Despite being a rigorous empirical study, the abstract fails to address …
Using Systems Architecture Views to Assess Integration Readiness Levels;Gabriel T. Jesus, M. F. C. Júnior;10.1109/TEM.2020.3035492;https://doi.org/10.1109/TEM.2020.3035492;IEEE transactions on engineering management;13;2020;no;While the paper discusses integration challenges, these are not specifically related to programming language interoperability.;maybe;Cannot be determined from the abstract alone.;no;The paper does not address interaction between different programming languages. It focuses on general systems integration and technology readiness levels.;no;No mention of software systems built with multiple programming languages.;yes;The abstract is in English, meeting this criterion.;maybe;The paper appears to be from a systems engineering field, which is related but not specifically focused on software engineering or programming languages.;maybe;The paper does present assessment methods (IRL scale), but not for multilingual software interoperability.;yes;Yes, the paper includes empirical evaluation through a case study of the China-Brazil Earth Resources Satellite program.;no;The paper addresses general systems integration, not specifically software integration.;maybe;The paper discusses integration challenges, but at a general systems level rather than specifically for multilingual software.;no;The abstract does not mention anything about multiple programming languages or language support. It focuses on systems integration in general.;no;No evidence of focus on multilingual systems.;yes;Yes, the paper presents technical and empirical evidence through design science methodology.;no;While the paper presents technical solutions, they are not related to multilingual software integration.;Exclude;The research focuses on systems integration and technology readiness levels, but lacks specific emphasis on multilingual software systems or programming language interoperability. Despite presenting empirical evidence and technical solutions, the study does not address the core screening criteria related to multilingual software integration. Consequently, the paper does not meet the primary requirements for inclusion in the targeted research domain.;1.4;EC1;The research focuses on systems integration and technology readiness levels, but lacks specific emphasis on multilingual software systems or programming language interoperability. Despite presenting empirical evidence and technical solutions, the study does no…
INTERO: An Interoperability Model for Large Systems;Romina Spalazzese, Patrizio Pelliccione, Ulrik Eklund;10.1109/MS.2017.265100723;https://doi.org/10.1109/MS.2017.265100723;IEEE Software;5;2020;maybe;The paper is centrally focused on interoperability, but not specifically for programming languages.;maybe;The full-text accessibility of the paper cannot be determined from the abstract alone.;maybe;The abstract does not specifically mention programming language interaction, so it is uncertain whether the article focuses on the interaction of components written in different programming languages.;no;The abstract does not explicitly name and analyze a software system built with multiple general-purpose programming languages.;yes;The abstract is written in English, so the paper meets the publication language criterion.;maybe;The focus on software systems suggests the paper is likely published in a software engineering or programming languages context.;yes;The abstract mentions analyzing problems and evaluating improvements, suggesting assessment methods are included.;maybe;The abstract suggests some form of evaluation, but does not explicitly mention empirical evidence.;yes;The focus appears to be on general software systems, not just NLP.;yes;The paper is explicitly focused on interoperability challenges.;maybe;The abstract does not explicitly mention multiple programming languages, so it is uncertain whether the study addresses systems supporting multiple languages.;no;The abstract does not explicitly mention multilingual systems.;yes;The paper presents a model and evaluation approach, suggesting technical content.;yes;The INTERO model appears to be a technical solution for interoperability.;Exclude;The abstract presents a general interoperability model for software systems, but lacks specific evidence of multilingual programming language interaction. While meeting some technical and methodological criteria, the text fails to demonstrate clear focus on programming language interoperability or multilingual system challenges. Critical screening requirements related to language-specific integration remain unaddressed.;2.9;EC1;The abstract presents a general interoperability model for software systems, but lacks specific evidence of multilingual programming language interaction. While meeting some technical and methodological criteria, the text fails to demonstrate clear focus on pr…
INTER-Meth: A Methodological Approach for the Integration of Heterogeneous IoT Systems;G. Fortino, Raffaele Gravina, W. Russo, Claudio Savaglio, K. Wasielewska, M. Ganzha, M. Paprzycki, W. Pawłowski, Paweł Szmeja, Rafał Tkaczyk;10.1007/978-3-030-82446-4_7;https://doi.org/10.1007/978-3-030-82446-4_7;Internet of Things;0;2021;maybe;While interoperability is central to the paper, it's focused on IoT platform integration rather than programming language interoperability.;maybe;Cannot be determined from the abstract alone.;maybe;The abstract does not specifically address programming language interaction. It focuses on platform and system integration rather than language-level interoperability.;no;No explicit mention of systems built with multiple programming languages.;yes;The abstract is written in English, meeting this criterion.;yes;The paper appears to be from a technical field (IoT and software engineering), likely meeting this criterion.;maybe;The paper mentions INTER-CASE tool and methodology, but these appear focused on platform integration rather than language interoperability assessment.;yes;The paper includes a practical case study (INTER-Health pilot), meeting this criterion.;yes;The paper goes beyond NLP, focusing on IoT platform integration.;maybe;Strong focus on integration and interoperability, but at the platform level rather than language level.;maybe;The abstract does not explicitly mention multiple programming languages. It discusses heterogeneity in IoT systems but not specifically language heterogeneity.;no;No clear indication of focus on multilingual systems.;yes;Presents technical methodology and empirical evidence, meeting this criterion.;maybe;Presents technical solutions (INTER-METH methodology), but not specifically for language integration.;Exclude;The research focuses on IoT platform integration methodology, presenting a technical approach to interoperability challenges, but does not specifically address multilingual programming language interactions. While the study demonstrates strong technical rigor and empirical evidence, it falls short of the screening criteria's requirements for language-level integration and multilingual system analysis. The paper's scope is broader, examining system-level interoperability rather than the targeted programming language collaboration.;2.7;EC1;The research focuses on IoT platform integration methodology, presenting a technical approach to interoperability challenges, but does not specifically address multilingual programming language interactions. While the study demonstrates strong technical rigor …
The Complexity Problem in Future Multisensor Navigation and Positioning Systems: A Modular Solution;P. Groves;10.1017/S0373463313000696;https://doi.org/10.1017/S0373463313000696;Journal of navigation;32;2013;no;While the paper discusses integration challenges, these are related to sensor systems and navigation technologies, not programming language interoperability.;maybe;Cannot be determined from the abstract alone.;no;The abstract does not discuss programming language interaction. It focuses on sensor integration and navigation systems.;no;No mention of programming languages or multilingual software systems.;yes;The abstract is in English, meeting this criterion.;maybe;The paper appears to be from a technical field (navigation systems), but it's unclear if it's specifically from software engineering or programming languages.;no;"The abstract mentions ""assessments of requirements"" but these are for navigation systems, not software interoperability.";maybe;"The abstract mentions ""feasibility analysis"" but doesn't clearly indicate empirical evaluation.";no;The paper focuses on navigation systems integration, not software integration.;no;While integration is discussed, it's about sensor integration rather than programming language integration.;no;"The abstract does not mention anything about multiple programming languages. It discusses ""multisensor"" systems but this refers to navigation sensors, not programming languages.";no;No evidence of focus on multilingual software systems.;yes;The paper appears to present technical analysis, meeting this criterion.;no;While technical solutions are discussed, they're for navigation system integration, not programming language integration.;Exclude;The abstract focuses on navigation and positioning system integration, which fundamentally differs from the screening criteria's requirements for multilingual software systems and programming language interoperability. Despite discussing technical integration challenges, the paper lacks any substantive connection to programming language interactions, multilingual software development, or software engineering research. Consequently, the document fails to meet the majority of the specified screening criteria.;1.4;EC1;The abstract focuses on navigation and positioning system integration, which fundamentally differs from the screening criteria's requirements for multilingual software systems and programming language interoperability. Despite discussing technical integration …
Composing multiple variability artifacts to assemble coherent workflows;M. Acher, P. Collet, A. Gaignard, Philippe Lahire, J. Montagnat, R. France;10.1007/s11219-011-9170-7;https://doi.org/10.1007/s11219-011-9170-7;Software quality journal;39;2011;maybe;While the paper discusses interoperability, it's focused on service composition rather than programming language interoperability.;maybe;Cannot be determined from the abstract alone.;no;The abstract does not discuss interaction between different programming languages. It focuses on service composition and workflow management.;no;No explicit mention of systems built with multiple programming languages.;yes;The abstract is written in English, meeting this criterion.;yes;The paper appears to be from software engineering, discussing software product lines and service-oriented architectures.;maybe;"The abstract mentions ""experimental validations"" but not specifically for language interoperability.";yes;The paper includes experimental validation using medical imaging pipelines.;yes;The paper addresses software integration beyond NLP, focusing on scientific workflows.;maybe;The paper does address integration challenges, but at the service level rather than programming language level.;maybe;The abstract does not explicitly mention multiple programming languages. It discusses service-oriented architectures and workflow composition, but not language-specific aspects.;no;No evidence of focus on multiple programming languages or locales.;yes;The paper presents technical evidence and solutions.;maybe;The paper presents technical solutions for workflow composition, but not specifically for multilingual software integration.;Exclude;The research paper focuses on service-oriented architectures and workflow composition, but lacks explicit discussion of multilingual programming language integration or interoperability. While the study presents technical solutions and empirical validation in software engineering, it does not meet the specific screening criteria related to programming language collaboration and multilingual system challenges. The abstract demonstrates a sophisticated approach to workflow management, but diverges from the targeted research focus on language-level software integration.;2.5;EC1;The research paper focuses on service-oriented architectures and workflow composition, but lacks explicit discussion of multilingual programming language integration or interoperability. While the study presents technical solutions and empirical validation in …
Performing Multilingual Analysis With Linguistic Inquiry and Word Count 2015 (LIWC2015). An Equivalence Study of Four Languages;D. Dudău, F. Sava;10.3389/fpsyg.2021.570568;https://doi.org/10.3389/fpsyg.2021.570568;Frontiers in Psychology;28;2021;no;The focus of the study is on linguistic analysis tools, not programming language interoperability.;maybe;The full-text accessibility of the paper cannot be determined from the abstract alone.;no;The study focuses on natural language processing and text analysis, not on programming language interoperability.;no;The study discusses multilingual analysis, but does not address systems built with multiple programming languages.;yes;The abstract is written in English, meeting the publication language criterion.;maybe;While the study appears to be technical, it is not clearly situated in the software engineering or programming languages field, but rather in computational linguistics.;yes;The study uses supervised learning, Pearson's correlations, and intraclass correlation coefficients as assessment methods.;yes;The study includes empirical evaluation using a large corpus of parallel texts.;no;The study is specifically focused on natural language processing and text analysis, not on software integration aspects beyond just natural language processing.;no;The integration discussed in the study is about linguistic analysis, not programming language integration.;yes;The study explicitly deals with multiple languages (English, Dutch, Brazilian Portuguese, and Romanian), indicating that it addresses systems supporting multiple languages.;maybe;While the study handles multiple languages, it is focused on natural language processing rather than programming language systems.;yes;The study presents technical and empirical evidence.;no;The solution presented in the study is for linguistic analysis, not programming language integration.;Exclude;The study focuses on linguistic analysis across multiple languages using computational techniques, but does not address programming language interoperability or software system integration. While methodologically rigorous and multilingual in nature, the research falls outside the specified screening criteria related to programming language systems and technical interoperability challenges.;1.4;EC1;The study focuses on linguistic analysis across multiple languages using computational techniques, but does not address programming language interoperability or software system integration. While methodologically rigorous and multilingual in nature, the resear…
Complexity Theory: A New Paradigm for Software Integration;G. Hurlburt;10.1109/MITP.2012.87;https://doi.org/10.1109/MITP.2012.87;IT Professional;5;2013;no;While the abstract discusses integration challenges, it does not specifically address programming language interoperability issues, so the centrality of the interoperability problem is not clear.;maybe;The full-text accessibility cannot be determined from the abstract alone.;no;There is no mention of interaction between different programming languages in the abstract, so the focus appears to be on general software integration testing rather than interlanguage collaboration.;no;The abstract does not mention any specific software systems or multiple programming languages, so there is no proof of multilingual systems.;yes;The abstract is written in English, so this criterion is met.;yes;The abstract discusses software integration testing, which falls within the software engineering field, so this criterion is likely met.;no;The abstract mentions testing approaches but not specifically for multilingual software interoperability, so the assessment methods are not clear.;no;The abstract suggests a theoretical approach using complexity theory but does not explicitly mention empirical evaluation, so the empirical evidence is not clear.;no;The integration discussed in the abstract appears to be about general software components, not specifically NLP, so the integration scope is not clear.;no;The integration discussed in the abstract appears to be about general software components rather than multilingual contexts, so the integration/interoperability aspect is not clear.;no;The abstract does not mention anything about multiple programming languages or language support, so there is no evidence that the study addresses systems supporting multiple languages.;no;There is no evidence in the abstract that the study focuses on software systems that handle multiple languages or locales, so the multilingual system focus is not clear.;yes;The paper appears to present technical content rather than just opinions, so the research type is likely met.;no;While the paper discusses approaches to integration testing, it does not specifically address multilingual software integration, so the technical solution is not clear.;Exclude;The abstract discusses software integration testing using complexity theory, but lacks specific focus on multilingual programming language interoperability. Despite addressing software engineering concepts, the text fails to meet most screening criteria related to multilingual systems, language collaboration, and technical solutions for cross-language integration. Consequently, the abstract does not align with the detailed requirements for multilingual software system research.;2.5;EC1;The abstract discusses software integration testing using complexity theory, but lacks specific focus on multilingual programming language interoperability. Despite addressing software engineering concepts, the text fails to meet most screening criteria relate…
A formal ontology for industrial maintenance;Mohamed-Hedi Karray, B. Chebel-Morello, N. Zerhouni;10.3233/AO-2012-0112;https://doi.org/10.3233/AO-2012-0112;Appl. Ontology;46;2012;maybe;While interoperability is central to the paper, it is focused on semantic interoperability between maintenance applications rather than programming language interoperability.;maybe;The full-text accessibility cannot be determined from the abstract alone.;maybe;The abstract focuses on semantic interoperability between applications, but does not specifically address programming language interactions.;no;There is no explicit mention of systems built with multiple programming languages.;yes;The abstract is written in English, meeting this criterion.;yes;The paper appears to be from a software engineering or information systems domain, likely meeting this criterion.;maybe;"The abstract mentions ""tests"" to evaluate the ontology, partially meeting this criterion.";yes;The abstract mentions tests and evaluation, meeting this criterion.;yes;The paper addresses integration beyond NLP, focusing on maintenance systems.;maybe;The paper strongly focuses on integration and interoperability, but at the application level rather than language level.;maybe;The abstract does not explicitly mention multiple programming languages. It discusses semantic interoperability between applications, but not specifically language-level interoperability.;no;The paper does not focus on multilingual systems in the programming sense.;yes;The paper presents technical evidence and evaluation, meeting this criterion.;maybe;The paper presents a technical solution (ontology) for integration, but not specifically for multilingual programming language integration.;Exclude;The abstract describes a semantic interoperability solution for maintenance systems, but lacks specific focus on multilingual programming language integration. While the paper addresses integration challenges and presents a technical solution, it does not meet the core screening criteria related to programming language interactions and multilingual system development. The research primarily addresses application-level semantic interoperability rather than language-level integration.;2.7;EC1;The abstract describes a semantic interoperability solution for maintenance systems, but lacks specific focus on multilingual programming language integration. While the paper addresses integration challenges and presents a technical solution, it does not meet…
Interoperability of telemonitoring data in digital health solutions: a scoping review;Diogo Martins, Simon Lewerenz, Anderson Carmo, Henrique Martins;10.3389/fdgth.2025.1502260;https://doi.org/10.3389/fdgth.2025.1502260;Frontiers Digit. Health;0;2025;no;While interoperability is central to the paper, it's about healthcare system interoperability, not programming language interoperability.;maybe;While not explicitly stated, as a peer-reviewed study, it's likely accessible through academic databases.;no;The paper doesn't address programming language interaction. It focuses on healthcare system interoperability.;no;There is no evidence of analyzing systems built with multiple programming languages.;yes;The paper is written in English, meeting this criterion.;no;The paper appears to be from a healthcare/medical informatics field rather than software engineering or programming languages.;no;The paper discusses assessment of interoperability, but not specifically for programming language integration.;yes;The paper includes empirical evaluation through a systematic review of 25 studies.;no;The paper focuses on healthcare system integration, not software integration.;no;The paper does examine interoperability challenges, but in healthcare systems rather than multilingual software contexts.;no;The abstract does not explicitly discuss multiple programming languages. Instead, it focuses on healthcare system interoperability rather than programming language interoperability.;no;The paper doesn't focus on software systems handling multiple languages.;yes;The paper presents technical and empirical evidence through a systematic review.;no;While technical solutions are discussed (HL7 FHIR, ISO/IEEE 11073), they're for healthcare system integration, not programming language integration.;Exclude;The systematic review focuses on healthcare system interoperability rather than programming language integration, fundamentally misaligning with the screening criteria for multilingual software systems. Despite being a rigorous academic study, the paper fails to address key requirements such as programming language interaction, multilingual system analysis, and technical solutions for language interoperability. Consequently, the research does not meet the essential screening criteria for the intended review.;1.4;EC1;The systematic review focuses on healthcare system interoperability rather than programming language integration, fundamentally misaligning with the screening criteria for multilingual software systems. Despite being a rigorous academic study, the paper fails …
Neural language models for the multilingual, transcultural, and multimodal Semantic Web;Dagmar Gromann;10.3233/sw-190373;https://doi.org/10.3233/sw-190373;Semantic Web;5;2020;no;The interoperability discussed is about linguistic and semantic web data, not programming language interoperability.;maybe;Cannot be determined from the abstract alone.;no;The paper focuses on natural language processing and semantic web technologies rather than programming language interoperability.;no;While it discusses multilingual systems, it's in the context of natural language processing rather than programming languages.;yes;The abstract is in English.;maybe;While it appears to be in the field of semantic web and NLP, it's not clearly focused on software engineering or programming languages.;maybe;"The abstract mentions ""challenges and opportunities"" but doesn't explicitly discuss assessment methods.";maybe;The abstract doesn't explicitly mention empirical evaluation.;no;The paper appears to focus primarily on natural language processing and semantic web integration.;maybe;While it discusses integration, it's focused on linguistic and semantic web integration rather than programming language integration.;yes;"The paper explicitly focuses on multilingual support, discussing ""truly multilingual Semantic Web"" and ""multilingual, transcultural, and multimodal information access.""";yes;But in the context of natural language processing rather than programming languages.;yes;The paper appears to present technical analysis and vision rather than just opinions.;maybe;While it discusses technical approaches, they're focused on NLP and semantic web rather than programming language integration.;Exclude;The abstract focuses on multilingual semantic web technologies and natural language processing, but does not address programming language interoperability or software engineering challenges. While the paper discusses multilingual systems, it fails to meet key screening criteria related to programming language integration, technical solutions, and empirical evidence in software engineering contexts. The research appears more aligned with linguistic and semantic web technologies rather than the systematic review's specific requirements.;2.5;EC1;The abstract focuses on multilingual semantic web technologies and natural language processing, but does not address programming language interoperability or software engineering challenges. While the paper discusses multilingual systems, it fails to meet key …
A Comprehensive Evaluation of Embedding Models and LLMs for IR and QA Across English and Italian;Ermelinda Oro, Francesco Maria Granata, M. Ruffolo;10.3390/bdcc9050141;https://doi.org/10.3390/bdcc9050141;Big Data and Cognitive Computing;0;2025;no;The main subject is performance evaluation of language models across languages, not programming language interoperability challenges.;maybe;Cannot be determined from the abstract alone.;no;The paper focuses on language models and embeddings for natural language processing, not on programming language interoperability.;no;While it discusses multilingual systems, these are language models for natural language processing, not software systems built with multiple programming languages.;yes;The abstract is in English.;maybe;While it's clearly a technical paper, it appears to be more focused on natural language processing and information retrieval rather than software engineering specifically.;yes;The paper presents clear assessment methods and metrics (nDCG@10 scores, answer relevance, factual groundedness).;yes;The study includes extensive empirical evaluation.;no;The paper focuses exclusively on natural language processing and information retrieval.;no;The integration discussed is about language models and embeddings, not software system integration.;yes;The paper explicitly addresses multiple languages (English and Italian) in its analysis.;maybe;While it focuses on multilingual systems, these are language models rather than software systems handling multiple programming languages.;yes;The study presents technical and empirical evidence.;yes;The paper presents technical solutions and frameworks, but for language models rather than programming language integration.;Exclude;The study focuses on multilingual language models and information retrieval techniques, primarily examining English and Italian language processing, but does not address programming language interoperability or software system integration. While the research presents robust empirical evidence and technical solutions, it fundamentally diverges from the systematic review's core criteria of examining multilingual software systems built with different programming languages. Consequently, the paper does not meet the essential screening requirements for the intended research focus.;1.4;EC1;The study focuses on multilingual language models and information retrieval techniques, primarily examining English and Italian language processing, but does not address programming language interoperability or software system integration. While the research p…
Applying Bidirectional Transformations to the Design of Interoperable EMR Systems;J. Weber, J. Ho;10.1007/s41666-019-00065-0;https://doi.org/10.1007/s41666-019-00065-0;Journal of Healthcare Informatics Research;3;2020;maybe;While interoperability is central to the paper, it is not specifically about programming language interactions.;yes;The copyright notice suggests the paper is from Springer Nature, which typically has accessible publications through academic channels.;maybe;The abstract does not explicitly discuss programming language interactions, focusing instead on system interoperability in general.;no;The abstract does not mention specific programming languages or multilingual systems.;yes;The abstract is written in English, meeting this criterion.;yes;The paper appears to be from a software engineering or health informatics context, likely meeting this criterion.;maybe;"The abstract mentions ""empirical studies"" but does not provide details on specific assessment methods.";maybe;"The abstract mentions ""empirical studies"" but does not provide details.";yes;The paper addresses integration beyond NLP, focusing on health information systems and engineering data models.;yes;The paper clearly focuses on interoperability challenges.;maybe;"The abstract does not explicitly mention multiple programming languages, only discussing ""heterogeneous health information systems"" without specifying language aspects.";maybe;The focus is on system interoperability, but not specifically multilingual systems.;yes;The paper appears to present empirical evidence rather than just opinions.;maybe;The abstract suggests the paper discusses solutions for interoperability, but cuts off before revealing details.;Exclude;The abstract discusses system interoperability in healthcare and engineering contexts, but lacks explicit focus on multilingual programming language interactions. While addressing integration challenges and empirical studies, the text does not clearly demonstrate alignment with specific screening criteria related to programming language interoperability. The research appears more broadly concerned with system-level data exchange rather than language-specific technical challenges.;2.8;EC1;The abstract discusses system interoperability in healthcare and engineering contexts, but lacks explicit focus on multilingual programming language interactions. While addressing integration challenges and empirical studies, the text does not clearly demonstr…
AI regulation: maintaining interoperability through value-sensitive standardisation;Ana Paula Gonzalez Torres, Timo Ali-Vehmas;10.1007/s10676-025-09832-7;https://doi.org/10.1007/s10676-025-09832-7;Ethics and Information Technology;0;2025;no;While interoperability is discussed, it's in the context of AI systems across regulatory contexts, not programming language interaction.;maybe;Cannot be determined from the abstract alone.;no;The paper does not address interaction between programming languages.;no;No mention of software systems built with multiple programming languages.;yes;The abstract is in English.;maybe;While the paper discusses AI and standards, it appears to be more focused on regulatory frameworks rather than software engineering specifically.;no;The paper mentions comparing values across regulatory frameworks, but not specifically for multilingual software interoperability.;no;The paper appears to present an analysis of regulatory frameworks, but not empirical evaluation of software systems.;no;The paper focuses on regulatory frameworks and values, not software integration.;no;While interoperability is discussed, it's not in the context of multilingual software systems.;no;The abstract does not discuss systems supporting multiple programming languages. It focuses on AI regulatory frameworks and values.;no;No focus on software systems handling multiple languages.;maybe;The paper presents technical analysis and proposals, but not in the required domain.;no;"While the paper proposes a ""value-sensitive AI standardisation approach,"" it's not focused on multilingual software integration.";Exclude;The abstract focuses on AI regulatory frameworks and values, fundamentally misaligning with the screening criteria for multilingual software systems and programming language interaction. Despite being in English and presenting a technical analysis, the paper fails to address key requirements such as software integration, multilingual system focus, and empirical evidence of programming language interoperability. Consequently, the paper does not meet the essential screening criteria for inclusion in the systematic review.;1.4;EC1;The abstract focuses on AI regulatory frameworks and values, fundamentally misaligning with the screening criteria for multilingual software systems and programming language interaction. Despite being in English and presenting a technical analysis, the paper f…
Using tool integration for improving traceability management testing processes: An automotive industrial experience;Domenico Amalfitano, V. D. Simone, Raffaele Rodolfo Maietta, Stefano Scala, A. Fasolino;10.1002/smr.2171;https://doi.org/10.1002/smr.2171;J. Softw. Evol. Process.;10;2019;no;While the paper discusses integration challenges, these are not related to programming language interoperability but rather tool integration for traceability.;maybe;Cannot be determined from the abstract alone.;no;The abstract does not discuss interaction between different programming languages. It focuses on tool integration for traceability management.;no;No mention of multiple programming languages or multilingual systems.;yes;The abstract is in English, meeting this criterion.;yes;The paper appears to be from software engineering, discussing software processes and architecture.;maybe;The paper mentions validation through a case study, but not specifically for multilingual software interoperability.;yes;Yes, the paper includes an industrial case study and validation.;no;The integration discussed is about traceability management tools, not programming languages.;no;While integration is discussed, it's about tool integration rather than programming language interoperability.;no;The abstract does not mention anything about multiple programming languages or language support. It focuses on traceability management and tool integration.;no;No evidence of focus on multilingual systems.;yes;Yes, presents technical and empirical evidence.;no;While a technical solution is presented, it's not related to multilingual software integration.;Exclude;The abstract describes a software engineering study on traceability management, but lacks any focus on multilingual programming languages or their interoperability. Despite being a rigorous technical paper with empirical evidence, it fundamentally does not address the core screening criteria related to multilingual software systems. Consequently, the paper does not meet the essential requirements for inclusion in the systematic review.;1.4;EC1;The abstract describes a software engineering study on traceability management, but lacks any focus on multilingual programming languages or their interoperability. Despite being a rigorous technical paper with empirical evidence, it fundamentally does not add…
TERMINTEGRAL: Una plataforma para la construcción de bases terminológicas y ontologías;Teresa Cabré, Gráfico;10.52034/lanstts.v3i.115;https://doi.org/10.52034/lanstts.v3i.115;Linguistica Anverpiensia New Series ? Themes in Translation Studies;1;2021;no;The focus is on terminology processing and ontology construction, not programming language interoperability.;maybe;The full-text accessibility cannot be determined from the abstract alone.;no;The abstract does not discuss interaction between different programming languages. It focuses on linguistic terminology processing.;no;While the abstract mentions a platform (TERMINTEGRAL), it does not discuss multiple programming languages being used in its construction.;yes;The abstract is written in English, meeting this criterion.;maybe;While the paper is likely from a linguistics or computer science field, it is not clearly from software engineering or programming languages specifically.;no;The abstract does not mention specific assessment methods for interoperability.;no;The abstract does not clearly indicate empirical evaluation.;no;The focus is specifically on natural language processing and terminology, which is explicitly excluded by this criterion.;no;While the paper discusses integration of tools, it is not about programming language interoperability.;maybe;"The abstract mentions a ""multimodular platform"" but does not explicitly discuss multiple programming languages. The focus is on linguistic terminology rather than programming languages.";maybe;While the paper deals with multiple languages, it is in the context of linguistic terminology rather than programming languages.;yes;The paper appears to present technical content rather than just opinions.;no;While the paper presents a technical solution, it is not for multilingual software integration in the programming sense.;Exclude;The abstract describes a linguistic terminology processing platform focused on natural language processing, which fundamentally diverges from the screening criteria's emphasis on programming language interoperability. Critical requirements related to multilingual software systems, programming language interaction, and technical interoperability challenges are not met, rendering the paper outside the intended research scope. The study's concentration on linguistic terminology and ontology construction disqualifies it from the specified screening criteria.;1.4;EC1;The abstract describes a linguistic terminology processing platform focused on natural language processing, which fundamentally diverges from the screening criteria's emphasis on programming language interoperability. Critical requirements related to multiling…
Collaborative multilingual knowledge management based on controlled natural language;K. Kaljurand, Tobias Kuhn, Laura Canedo;10.3233/SW-140152;https://doi.org/10.3233/SW-140152;Semantic Web;11;2015;no;The main subject is about natural language translation and controlled natural language interfaces, not programming language interoperability.;maybe;Cannot be determined from the abstract alone.;no;The paper focuses on natural language translation and controlled natural language, not programming language interoperability.;no;While the system is multilingual, it's not about multiple programming languages, but rather about natural language translation.;yes;The abstract is in English.;yes;While not explicitly stated, the content suggests this is from a software engineering or programming languages conference/journal given the technical nature of the work.;yes;The paper includes user evaluation and assessment methods.;yes;The paper includes empirical evaluation through user studies.;no;The focus is specifically on natural language processing and translation.;maybe;While it discusses integration, it's focused on natural language integration rather than programming language integration.;yes;"The paper explicitly addresses multiple languages, discussing a multilingual wiki system that supports ""language fragments of a number of other natural languages.""";yes;But again, this is about natural language multilingualism, not programming language multilingualism.;yes;The paper presents technical and empirical evidence.;yes;But the solution is for natural language translation, not programming language integration.;Exclude;The research addresses multilingual systems, but focuses on natural language translation rather than programming language interoperability, which diverges from the core screening criteria. While the study presents a sophisticated multilingual wiki system with empirical evidence, its technical approach centers on controlled natural language interfaces and translation mechanisms, not the integration of different programming languages. Consequently, the paper does not align with the specific requirements for multilingual software system research.;1.4;EC1;The research addresses multilingual systems, but focuses on natural language translation rather than programming language interoperability, which diverges from the core screening criteria. While the study presents a sophisticated multilingual wiki system with …
Rare Diseases in Hospital Information Systems—An Interoperable Methodology for Distributed Data Quality Assessments;Kais Tahar, Tamara Martin, Yongli Mou, Raphael Verbuecheln, H. Graessner, D. Krefting;10.1055/a-2006-1018;https://doi.org/10.1055/a-2006-1018;Methods of Information in Medicine;8;2022;no;While interoperability is discussed, it's about data interoperability between healthcare systems, not programming language interoperability.;maybe;Cannot be determined from the abstract alone.;no;The paper does not address interaction between different programming languages. It focuses on data quality across different health information systems.;no;No evidence of analyzing systems built with multiple programming languages.;yes;The paper is written in English, meeting this criterion.;no;While this appears to be a technical paper, it's focused on healthcare informatics rather than software engineering or programming languages specifically.;maybe;The paper does present assessment methods, but for data quality rather than programming language interoperability.;maybe;The paper includes empirical evaluation, but not of multilingual software systems.;no;The paper focuses on healthcare data integration, which is different from the intended scope.;no;While integration is discussed, it's focused on healthcare data integration rather than programming language integration.;no;The abstract does not mention multiple programming languages. It focuses on data quality across different health information systems, but not programming language interoperability.;no;The paper does not focus on software systems handling multiple programming languages.;yes;The paper presents technical and empirical evidence, meeting this criterion.;no;While technical solutions are presented, they're for healthcare data quality rather than programming language integration.;Exclude;The research paper focuses on healthcare data quality and interoperability, fundamentally diverging from the screening criteria's emphasis on multilingual programming language systems. Despite presenting a rigorous technical methodology, the study fails to address key requirements such as programming language interaction, multilingual system analysis, and software integration across different programming languages. Consequently, the paper does not align with the core screening criteria for multilingual software system research.;1.4;EC1;The research paper focuses on healthcare data quality and interoperability, fundamentally diverging from the screening criteria's emphasis on multilingual programming language systems. Despite presenting a rigorous technical methodology, the study fails to add…
INTER-Layer: A Layered Approach for IoT Platform Interoperability;Andreu Belsa, A. Fornés-Leal, Clara I. Valero, Eneko Olivares, Jara Suárez de Puga, F. Boronat, F. Fuart;10.1007/978-3-030-82446-4_4;https://doi.org/10.1007/978-3-030-82446-4_4;Internet of Things;0;2021;no;While interoperability is central to the paper, it is focused on IoT platform interoperability rather than programming language interoperability.;maybe;The full-text accessibility cannot be determined from the abstract alone.;no;The abstract does not discuss programming language interaction. It focuses on IoT platform interoperability at a different level.;no;There is no explicit mention of multiple programming languages or analysis of such systems.;yes;The abstract is written in English, meeting this criterion.;yes;The paper appears to be from a software engineering/technical domain, likely meeting this criterion.;maybe;The abstract mentions design and implementation activities but does not specifically detail assessment methods for language interoperability.;maybe;The abstract mentions implementation but does not clearly indicate empirical evaluation.;yes;The paper goes beyond NLP, focusing on IoT platform integration.;maybe;The paper does address integration challenges, but at the IoT platform level rather than the programming language level.;maybe;The abstract does not explicitly mention multiple programming languages. It focuses on IoT platform interoperability but not specifically language-level interoperability.;no;The focus is on IoT platform interoperability, not multilingual software systems.;yes;The paper appears to present technical work rather than just opinions.;maybe;While technical solutions are presented, they are not focused on programming language integration.;Exclude;The abstract describes an IoT platform interoperability study that does not meet the screening criteria focused on multilingual programming language interactions. Despite being a technical paper about integration, it lacks specific discussion of programming language interoperability, multiple language systems, or empirical evidence related to language-level challenges. The research addresses platform-level integration but falls short of the required multilingual software system focus.;2.5;EC1;The abstract describes an IoT platform interoperability study that does not meet the screening criteria focused on multilingual programming language interactions. Despite being a technical paper about integration, it lacks specific discussion of programming la…
Cross border semantic interoperability for learning health systems: The EHR4CR semantic resources and services;C. Daniel, David Ouagne, Éric Sadou, N. Paris, S. Hussain, M. Jaulent, D. Kalra;10.1002/lrh2.10014;https://doi.org/10.1002/lrh2.10014;Learning Health Systems;13;2016;no;While interoperability is central to the paper, it is focused on semantic interoperability between EHR systems rather than programming language interoperability.;maybe;The full-text accessibility cannot be determined from the abstract alone.;no;The paper does not focus on programming language interaction. Instead, it addresses semantic interoperability between EHR systems.;no;There is no explicit mention of multiple programming languages being used in the systems discussed.;yes;The abstract is written in English, meeting this criterion.;yes;The paper appears to be from a healthcare informatics or software engineering domain, which could be relevant.;maybe;The abstract mentions evaluation of the platform, but not specifically for programming language interoperability.;yes;The paper includes empirical evaluation across 11 EHR systems from 5 countries.;yes;The paper goes beyond NLP, focusing on healthcare data integration.;maybe;The paper does address integration challenges, but at the semantic/data level rather than programming language level.;no;The abstract does not explicitly mention multiple programming languages. It focuses on semantic interoperability between EHR systems, but not specifically programming languages.;no;While the paper deals with cross-border systems, it is not focused on programming language multilingualism.;yes;The paper presents technical and empirical evidence.;yes;The paper presents a framework for semantic interoperability.;Exclude;The abstract addresses semantic interoperability in healthcare data systems across multiple countries, but does not focus on programming language interactions or multilingual software development. While the research presents a technical framework and empirical evidence, it fails to meet the specific screening criteria related to programming language interoperability and multilingual software systems. The paper's scope is fundamentally different from the targeted research domain.;2.5;EC1;The abstract addresses semantic interoperability in healthcare data systems across multiple countries, but does not focus on programming language interactions or multilingual software development. While the research presents a technical framework and empirical…
Sociotechnical Factors Affecting Interoperability of Digital Humanities;Rui Liu, Dana Mckay, G. Buchanan;10.1002/pra2.1022;https://doi.org/10.1002/pra2.1022;Proceedings of the Association for Information Science and Technology;0;2024;no;While interoperability is central to the paper, it's about data and platform interoperability in Digital Humanities, not programming language interoperability.;maybe;The full-text accessibility cannot be determined from the abstract alone.;no;The abstract doesn't discuss programming language interaction. It focuses on data interoperability between different digital collections and platforms.;no;There is no mention of specific software systems or programming languages.;yes;The abstract is written in English, meeting this criterion.;no;While this appears to be an academic paper, it's focused on Digital Humanities rather than software engineering or programming languages specifically.;no;The abstract mentions studying sociotechnical factors but doesn't specifically detail assessment methods for programming language interoperability.;maybe;The abstract suggests a study of factors affecting interoperability but doesn't explicitly mention empirical evaluation methods.;no;The paper appears to focus on digital humanities collections and platforms, not specifically on programming language integration.;no;While interoperability is a key focus, it's not specifically about programming language integration.;no;"The abstract does not explicitly mention multiple programming languages. It discusses ""diverse digital collections"" but this appears to be about content rather than programming languages.";no;There is no clear indication of focus on multilingual software systems.;no;The paper appears to be a research study rather than just opinion, but focuses on sociotechnical factors rather than technical solutions.;no;The abstract suggests the paper focuses on analyzing challenges rather than presenting technical solutions.;Exclude;The abstract focuses on Digital Humanities interoperability challenges, primarily addressing sociotechnical factors in digital collections and platforms, rather than programming language integration. Despite discussing interoperability, the paper does not meet the screening criteria related to multilingual software systems, programming language interaction, or technical solutions for language integration. The research appears to be outside the scope of the specified screening requirements.;1.4;EC1;The abstract focuses on Digital Humanities interoperability challenges, primarily addressing sociotechnical factors in digital collections and platforms, rather than programming language integration. Despite discussing interoperability, the paper does not meet…
An industrial assessment for a multimodel framework;X. Larrucea, Izaskun Santamaría;10.1002/smr.1669;https://doi.org/10.1002/smr.1669;J. Softw. Evol. Process.;6;2014;no;While the paper discusses integration challenges, these are related to quality reference models, not programming language interoperability.;maybe;Cannot be determined from the abstract alone, but the copyright notice suggests it's from a Wiley publication, likely accessible through academic channels.;no;The paper does not address interaction between programming languages. It focuses on integrating quality reference models.;no;No evidence of analyzing systems built with multiple programming languages.;yes;The abstract is in English, meeting this criterion.;yes;The paper appears to be in software engineering (SPI - Software Process Improvement), meeting this criterion.;no;The paper mentions statistical data from industrial assessments, but these are not related to programming language interoperability.;no;The paper includes empirical evaluation (47 SPI initiatives), but not of multilingual software systems.;no;The integration discussed is about quality reference models, not software integration.;no;While integration is discussed, it's about quality reference models, not programming language integration.;no;"The abstract does not mention anything about multiple programming languages. It discusses ""multimodel"" environments, but this appears to refer to quality reference models, not programming languages.";no;No evidence of focus on multilingual software systems.;yes;The paper presents empirical evidence through industrial assessments, meeting this criterion.;no;While the paper presents a framework, it's for integrating quality reference models, not programming language integration.;Exclude;The abstract describes a software process improvement study focused on integrating quality reference models, which fundamentally differs from the systematic review's focus on multilingual programming language interoperability. Despite presenting empirical evidence and being in an appropriate scientific field, the paper does not address programming language integration, multilingual software systems, or technical challenges of language interaction. Consequently, the abstract fails to meet the core screening criteria for the systematic review.;1.4;EC1;The abstract describes a software process improvement study focused on integrating quality reference models, which fundamentally differs from the systematic review's focus on multilingual programming language interoperability. Despite presenting empirical evid…
A Systematic Identification of Formal and Semi-Formal Languages and Techniques for Software-Intensive Systems-of-Systems Requirements Modeling;C. Lana, Milena Guessi, P. Antonino, Dieter Rombach, E. Nakagawa;10.1109/JSYST.2018.2874061;https://doi.org/10.1109/JSYST.2018.2874061;IEEE Systems Journal;11;2019;no;While the paper discusses systems-of-systems collaboration, it's not specifically about programming language interoperability.;maybe;Cannot be determined from the abstract alone.;no;The paper does not focus on interaction between components written in different programming languages.;no;No mention of specific software systems built with multiple programming languages.;yes;The abstract is in English.;yes;The paper appears to be from a software engineering field, focusing on systems-of-systems and requirements modeling.;maybe;The paper discusses requirements modeling approaches and verification, but not specifically for multilingual software interoperability.;maybe;The paper presents a systematic mapping study, but not specifically of multilingual software systems.;yes;The paper goes beyond NLP, focusing on systems-of-systems integration.;maybe;While the paper discusses system integration, it's at a requirements modeling level rather than programming language integration.;no;The abstract does not explicitly discuss multiple programming languages. It focuses on formal and semi-formal modeling approaches rather than programming languages.;no;The paper does not focus on software systems handling multiple languages.;yes;The paper presents technical evidence through a systematic mapping study.;no;While the paper discusses modeling approaches, they're not specifically for multilingual software integration.;Exclude;The systematic review criteria focus on multilingual software systems and programming language interoperability, which this paper does not address. While the study is a technical software engineering research about systems-of-systems, it fails to meet key screening requirements related to language integration, multilingual systems, and programming language collaboration. The paper's focus on requirements modeling and formal approaches diverges significantly from the targeted research domain.;2.5;EC1;The systematic review criteria focus on multilingual software systems and programming language interoperability, which this paper does not address. While the study is a technical software engineering research about systems-of-systems, it fails to meet key scre…
Tabdoc Approach: An Information Fusion Method to Implement Semantic Interoperability Between IoT Devices and Users;Shuo Yang, Ran Wei;10.1109/JIOT.2018.2871274;https://doi.org/10.1109/JIOT.2018.2871274;IEEE Internet of Things Journal;11;2019;maybe;While interoperability is central to the paper, it's focused on device-user interaction rather than programming language interaction.;maybe;The full-text accessibility cannot be determined from the abstract alone.;maybe;The paper focuses on device-user interaction and semantic interoperability, but not specifically between programming languages.;no;There is no explicit mention of multiple programming languages or analysis of such systems.;yes;The abstract is written in English, meeting this criterion.;yes;The paper appears to be from a relevant field (IoT and software engineering), likely meeting this criterion.;yes;"The abstract mentions ""experimental results"" and ""performance improvements,"" suggesting assessment methods are present.";yes;"The paper includes empirical evaluation (""experimental results"").";yes;The paper goes beyond NLP, focusing on IoT device interaction.;maybe;The paper clearly addresses interoperability, but not specifically in a multilingual programming context.;maybe;The abstract does not explicitly mention multiple programming languages. It focuses on IoT device interoperability, but not specifically language-level interoperability.;no;The focus is on device-user interaction rather than multilingual programming systems.;yes;The paper presents technical solutions and empirical evidence, meeting this criterion.;maybe;The paper presents a technical framework (Tabdoc approach), but not specifically for multilingual software integration.;Exclude;The research addresses IoT device-user interaction and semantic interoperability, but does not focus on multilingual programming language integration. While the study presents a technical framework with empirical evidence, it fails to meet key screening criteria related to programming language interaction and multilingual system development. The paper's scope and technical approach diverge from the specific requirements of multilingual software system research.;2.7;EC1;The research addresses IoT device-user interaction and semantic interoperability, but does not focus on multilingual programming language integration. While the study presents a technical framework with empirical evidence, it fails to meet key screening criter…
Deep web integration with VisQI;Thomas Kabisch, Eduard Constantin Dragut, Clement T. Yu, U. Leser;10.14778/1920841.1921053;https://doi.org/10.14778/1920841.1921053;Proceedings of the VLDB Endowment;35;2010;no;While the paper does address integration challenges, these are focused on web interfaces rather than programming language interoperability.;maybe;The full-text accessibility cannot be determined from the abstract alone.;no;The abstract does not discuss interaction between different programming languages. It focuses on web interface integration.;no;There is no mention of multiple programming languages or their interaction.;yes;The abstract is written in English, meeting this criterion.;yes;The paper appears to be from a software engineering or computer science field, likely meeting this criterion.;no;"The abstract mentions a ""full-fledged evaluation system,"" but this is for web interface integration, not programming language interoperability.";no;The paper includes evaluation, but not of multilingual software systems.;no;The integration discussed is specific to web interfaces, not programming languages.;no;While integration is discussed, it's not in the context of programming languages.;no;The abstract does not explicitly mention support for multiple programming languages. It focuses on web query interfaces and their integration.;no;There is no evidence of focus on multilingual software systems.;yes;The paper presents technical solutions and empirical evidence, meeting this criterion.;no;While technical solutions are presented, they're not for multilingual software integration.;Exclude;The research paper focuses on web interface integration through VisQI, presenting a technical solution for transforming and matching web query interfaces. Despite being a technical study with empirical evaluation, the work does not address multilingual programming language systems or interoperability challenges between different programming languages. Consequently, the paper fails to meet the core screening criteria related to multilingual software integration.;1.4;EC1;The research paper focuses on web interface integration through VisQI, presenting a technical solution for transforming and matching web query interfaces. Despite being a technical study with empirical evaluation, the work does not address multilingual program…
An integration engineering framework for machine learning in healthcare;A. Assadi, P. Laussen, Andrew J. Goodwin, S. Goodfellow, Will Dixon, R. Greer, A. Jegatheeswaran, Devin Singh, M. Mccradden, Sara N. Gallant, A. Goldenberg, D. Eytan, M. Mazwi;10.3389/fdgth.2022.932411;https://doi.org/10.3389/fdgth.2022.932411;Frontiers in Digital Health;13;2022;no;While the paper discusses integration challenges, these are not specifically related to programming language interoperability.;maybe;Cannot be determined from the abstract alone.;no;The abstract does not discuss interaction between components written in different programming languages.;no;No mention of software systems built with multiple programming languages.;yes;The paper is written in English, meeting this criterion.;yes;The paper appears to be from a software engineering context, discussing systems engineering and software development practices.;no;The paper presents a framework for integration, but not specifically for multilingual software interoperability.;maybe;The abstract suggests a framework development but doesn't explicitly mention empirical evaluation.;no;The integration discussed is focused on healthcare systems and Machine Learning models, not programming language integration.;no;The paper does discuss integration challenges, but in the context of Machine Learning models in healthcare systems, not programming language integration.;no;The abstract does not mention anything about supporting multiple programming languages. It focuses on Machine Learning integration in healthcare.;no;The paper does not focus on software systems handling multiple languages.;yes;The paper presents a technical framework and approach, meeting this criterion.;no;While the paper presents a technical solution, it's not for multilingual software integration.;Exclude;The systematic review criteria focus on multilingual programming language integration, which this paper does not address. Despite being a technically sound software engineering study about Machine Learning model integration in healthcare, the abstract fails to meet key screening requirements related to programming language interoperability and multilingual systems. Consequently, the paper falls outside the intended research scope.;1.4;EC1;The systematic review criteria focus on multilingual programming language integration, which this paper does not address. Despite being a technically sound software engineering study about Machine Learning model integration in healthcare, the abstract fails to…
Building multi-domain conversational systems from single domain resources;D. Griol, Jose M. Molina;10.1016/j.neucom.2017.01.112;https://doi.org/10.1016/j.neucom.2017.01.112;Neurocomputing;5;2018;no;While the paper discusses integration challenges, these are related to natural language domains rather than programming language interoperability.;maybe;Cannot be determined from the abstract alone.;no;The paper does not focus on interaction between components written in different programming languages. Instead, it focuses on natural language interaction domains.;no;The abstract doesn't mention any specific software systems built with multiple programming languages.;yes;The abstract is in English, meeting this criterion.;maybe;While the paper appears to be technical, it's not clearly from a software engineering or programming languages journal/conference.;maybe;The abstract mentions evaluation of the proposed architecture, but not specifically for programming language interoperability.;maybe;The paper includes empirical evaluation, but for natural language interaction rather than multilingual programming.;no;The paper focuses specifically on natural language processing and conversational systems, which is actually outside the desired scope.;maybe;The paper does address integration challenges, but in the context of natural language domains rather than programming languages.;maybe;The abstract discusses multi-domain conversational systems but does not explicitly mention support for multiple programming languages. It focuses on natural language interaction.;no;While the system handles multiple domains, it's not focused on programming language multilingualism.;yes;The paper presents technical evidence and evaluation, meeting this criterion.;no;The paper presents an architecture, but for natural language interaction rather than programming language integration.;Exclude;The research focuses on natural language processing and conversational systems, fundamentally diverging from the systematic review's core interest in programming language interoperability. Despite presenting a technical solution with empirical evidence, the study lacks critical elements such as multiple programming language interaction, software system multilingualism, and programming language integration challenges. Consequently, the paper does not align with the specified screening criteria for multilingual software systems research.;1.4;EC1;The research focuses on natural language processing and conversational systems, fundamentally diverging from the systematic review's core interest in programming language interoperability. Despite presenting a technical solution with empirical evidence, the st…
Quantitative analysis of manual annotation of clinical text samples;José Antonio Miñarro-Giménez, R. Cornet, M. Jaulent, H. Dewenter, S. Thun, K. Gøeg, D. Karlsson, S. Schulz;10.1016/j.ijmedinf.2018.12.011;https://doi.org/10.1016/j.ijmedinf.2018.12.011;Int. J. Medical Informatics;27;2019;no;The interoperability discussed is about medical terminology, not programming language interaction.;maybe;The full-text accessibility of the paper cannot be determined from the abstract alone.;no;The paper focuses on semantic interoperability of medical terminology systems, not programming language interaction.;no;The paper discusses multilingual systems, but these are medical terminology systems, not programming language systems.;yes;The abstract is written in English, meeting the publication language criterion.;maybe;While the paper is technical in nature, it is focused on healthcare/medical terminology rather than software engineering specifically.;yes;The paper presents quantitative analysis methods including concept coverage, term coverage, and inter-annotator agreement analysis.;yes;The study includes empirical evaluation through annotation experiments.;no;The integration is specifically about medical terminology systems, not general software integration.;yes;The integration discussed is focused on medical terminology integration rather than programming language integration.;yes;The paper explicitly deals with multiple languages (English, Swedish, French, Dutch, German, and Finnish), indicating that it addresses systems supporting multiple languages.;yes;The paper focuses on medical terminology systems handling multiple languages.;yes;The paper presents technical and empirical evidence.;maybe;The paper presents solutions for medical terminology integration, but not for programming language integration.;Exclude;The research focuses on medical terminology semantic interoperability across multiple European languages, presenting a quantitative analysis of SNOMED CT's potential for cross-language medical information systems. While the study demonstrates rigorous empirical methods and multilingual system analysis, it does not address programming language integration or software engineering challenges. The paper's primary contribution lies in medical terminology standardization rather than technical software interoperability.;2.5;EC1;The research focuses on medical terminology semantic interoperability across multiple European languages, presenting a quantitative analysis of SNOMED CT's potential for cross-language medical information systems. While the study demonstrates rigorous empirica…
Foreign Language Teaching and Learning in a Multimedia Environment;L. Kornum;10.1558/CJ.V10I3.65-76;https://doi.org/10.1558/CJ.V10I3.65-76;CALICO journal;12;2013;no;While integration is discussed, it's about educational software and multimedia, not programming language interoperability.;maybe;Cannot be determined from abstract alone.;no;The abstract discusses integration of different software types, but not specifically programming languages.;no;No mention of specific software systems built with multiple programming languages.;yes;The abstract is in English.;no;While it discusses software, it appears to be from an educational/linguistic perspective rather than software engineering.;no;"The abstract mentions ""evaluations"" but these appear to be about educational outcomes rather than software interoperability metrics.";no;The paper includes case studies and evaluations, but not of multilingual software systems.;no;The focus is specifically on language learning and educational integration, not general software integration.;no;While integration is discussed, it's about educational software and multimedia integration, not programming language interoperability.;no;"The abstract mentions ""language classroom"" but appears to focus on teaching languages rather than software supporting multiple programming languages.";no;While it deals with languages, it's about teaching languages rather than software systems handling multiple programming languages.;maybe;The paper presents case studies and evaluations, so it does include empirical evidence, but not of the relevant type.;no;The paper discusses integration approaches, but for educational software rather than programming language integration.;Exclude;The abstract describes an educational software integration project focused on language learning, which fundamentally differs from multilingual programming language interoperability research. Despite discussing software integration, the paper fails to meet critical screening criteria related to programming language systems, technical interoperability challenges, and software engineering methodologies. Consequently, the study does not align with the systematic review's core requirements for multilingual software system research.;1.4;EC1;The abstract describes an educational software integration project focused on language learning, which fundamentally differs from multilingual programming language interoperability research. Despite discussing software integration, the paper fails to meet crit…
Can multilinguality improve Biomedical Word Sense Disambiguation?;A. Fernandez, Juan Martínez-Romo, Lourdes Araujo;10.1016/j.jbi.2016.10.020;https://doi.org/10.1016/j.jbi.2016.10.020;Journal of Biomedical Informatics;9;2016;no;The main subject is word sense disambiguation in biomedical text processing, not programming language interoperability.;maybe;The paper is published by Elsevier, suggesting that the full text is likely accessible through institutional access.;no;The paper focuses on natural language processing and word sense disambiguation, not on programming language interoperability.;no;The multilingual aspect refers to natural languages, not programming languages.;yes;The abstract is written in English, meeting the publication language criterion.;maybe;While the paper is in a scientific field, it appears to be more focused on NLP/biomedicine rather than software engineering specifically.;yes;The paper presents evaluation methods and metrics, such as a 7% improvement comparison.;yes;The study includes empirical evaluation with specific performance metrics.;no;The focus is specifically on natural language processing in biomedicine, not on software integration aspects beyond NLP.;no;While the paper deals with multilingual resources, it's not about software integration between programming languages.;yes;The paper explicitly deals with multilingual resources and compares them with monolingual approaches, indicating that it addresses systems supporting multiple languages.;no;While the paper handles multiple languages, it's in the context of natural language processing, not programming languages.;yes;The paper presents technical and empirical evidence.;yes;The paper presents a technical solution using co-occurrence graphs, but not for programming language integration.;Exclude;The research focuses on natural language processing in biomedical contexts, specifically addressing word sense disambiguation across multiple human languages, which fundamentally differs from the screening criteria's focus on programming language interoperability. Despite presenting a rigorous empirical study with clear methodological approaches, the paper does not meet the core requirements related to software engineering, multilingual programming systems, or technical integration challenges between programming languages.;1.4;EC1;The research focuses on natural language processing in biomedical contexts, specifically addressing word sense disambiguation across multiple human languages, which fundamentally differs from the screening criteria's focus on programming language interoperabil…
Introduction to the special issue;L. Pretorius, C. Soria;10.1007/s10579-017-9405-8;https://doi.org/10.1007/s10579-017-9405-8;Language Resources and Evaluation;0;2017;no;While it discusses challenges, these are related to natural language resources, not programming language interoperability.;maybe;Cannot be determined from the abstract alone.;no;The paper discusses collaboration, but in the context of natural language resources, not programming languages.;no;No mention of software systems built with multiple programming languages.;yes;The abstract is written in English.;no;While the paper appears to be about language technology, it's not clearly focused on software engineering or programming languages.;no;No clear mention of assessment methods for software interoperability.;no;The abstract doesn't indicate any empirical evaluation of software systems.;no;The paper appears to focus exclusively on natural language processing and resources.;no;While integration is discussed, it's in the context of language resources, not software integration.;no;The paper discusses under-resourced languages and language diversity, but focuses on natural language support rather than programming languages.;no;While it focuses on multiple languages, it's about natural languages rather than programming languages.;no;The paper appears to be discussing challenges and approaches, but not specifically technical or empirical evidence about software systems.;no;No clear technical solutions for software integration are presented.;Exclude;The abstract focuses on natural language resources and under-resourced languages, primarily addressing linguistic diversity and technological challenges in language technology. Despite discussing collaboration and resource development, the text does not meet the screening criteria related to programming language interoperability, software engineering, or multilingual software systems. Consequently, the paper falls outside the specified research domain.;1.4;EC1;The abstract focuses on natural language resources and under-resourced languages, primarily addressing linguistic diversity and technological challenges in language technology. Despite discussing collaboration and resource development, the text does not meet t…
Parallel corpora make sense: Bypassing the knowledge acquisition bottleneck for Word Sense Disambiguation;Els Lefever, Veronique Hoste;10.1075/IJCL.19.3.02LEF;https://doi.org/10.1075/IJCL.19.3.02LEF;-;5;2014;no;The main subject is WSD, not programming language interoperability.;maybe;The full-text accessibility of the paper cannot be determined from the abstract alone.;no;The paper focuses on natural language processing (WSD) rather than interaction between programming languages.;no;While the system handles multiple natural languages, it doesn't discuss programming languages or their interaction.;yes;The abstract is written in English, meeting the publication language requirement.;maybe;While not explicitly stated, the technical nature and focus on WSD suggests this is from a relevant computer science conference or journal.;yes;The abstract mentions experimental results and evaluation methods.;yes;The paper includes experimental results and evaluation.;no;The paper focuses exclusively on natural language processing (WSD).;no;The integration discussed is for natural language processing, not programming languages.;yes;The paper explicitly addresses multiple languages (English, French, Dutch, Italian, Spanish, and German), indicating that it supports systems with multiple languages.;no;While it handles multiple languages, it's focused on natural language processing rather than programming languages.;yes;The paper presents technical and empirical evidence.;yes;The paper presents a technical framework, but for NLP rather than programming language integration.;Exclude;The research focuses on Word Sense Disambiguation in natural language processing, addressing multiple languages but not programming language interoperability. Despite presenting a technical solution with empirical evidence, the study does not meet the core screening criteria related to programming language integration and multilingual software systems. Consequently, the paper falls outside the systematic review's scope.;1.4;EC1;The research focuses on Word Sense Disambiguation in natural language processing, addressing multiple languages but not programming language interoperability. Despite presenting a technical solution with empirical evidence, the study does not meet the core scr…
Universal Access in Human-Computer Interaction. Multimodality and Assistive Environments;M. Antona, C. Stephanidis;10.1007/978-3-030-23563-5;https://doi.org/10.1007/978-3-030-23563-5;Lecture Notes in Computer Science;7;2019;no;The abstract does not focus on programming language interoperability challenges.;maybe;Cannot be determined from the abstract alone.;no;No mention of interaction between different programming languages.;no;No explicit mention of software systems built with multiple programming languages.;yes;The abstract is in English, meeting this criterion.;yes;The proceedings appear to be from UAHCI (Universal Access in Human-Computer Interaction), which is a recognized conference in software engineering and human-computer interaction.;maybe;"While it mentions ""empirical research,"" it's not specifically about multilingual software interoperability assessment.";maybe;The abstract mentions empirical research but not specifically about multilingual software systems.;no;The focus appears to be on universal access in interactive software generally, not specifically about multilingual integration.;no;No specific mention of interoperability challenges.;maybe;"The abstract does not explicitly mention support for multiple programming languages. It discusses ""universal access"" but in a general sense.";no;No clear indication of focus on multilingual systems.;yes;The abstract indicates technical and empirical research, meeting this criterion.;no;While it mentions research on interactive software, it doesn't specifically address technical solutions for multilingual integration.;Exclude;The abstract focuses on universal access in human-computer interaction but lacks specific details about multilingual programming language systems or their interoperability. While the publication meets some basic criteria like being in English and from a recognized scientific field, it fails to address key requirements related to programming language integration and technical challenges of multilingual software development.;2.5;EC1;The abstract focuses on universal access in human-computer interaction but lacks specific details about multilingual programming language systems or their interoperability. While the publication meets some basic criteria like being in English and from a recogn…
Rapidly developing NLP applications for content curation;J. Moreno-Schneider, Malte Ostendorff, Konstantin Schulz, Karolina Zaczynska, Florian Kintzel, Georg Rehm;10.1007/s10579-024-09774-4;https://doi.org/10.1007/s10579-024-09774-4;Language Resources and Evaluation;0;2024;no;While interoperability is discussed, it is focused on NLP services rather than programming language interoperability.;no;The full-text accessibility cannot be determined from the abstract alone.;no;The abstract does not explicitly discuss interaction between different programming languages. It focuses on NLP services integration.;no;There is no explicit mention of multiple programming languages being used in the system.;yes;The abstract is written in English, meeting this criterion.;yes;The paper appears to be from a software engineering context, focusing on system integration and workflow management.;maybe;"The abstract mentions ""challenges in interoperability"" but does not clearly present assessment methods.";maybe;The paper describes implemented prototypes, suggesting some empirical evaluation.;no;The paper appears to focus primarily on NLP and content curation, which may be too narrow in scope.;maybe;The paper focuses heavily on integration challenges, but specifically for NLP services rather than programming languages.;maybe;"The abstract discusses ""various language processing tools"" but it is unclear if this refers to natural languages or programming languages. The reasoning is that the abstract does not explicitly state whether the systems support multiple languages.";maybe;It is unclear if the system handles multiple natural languages or just processes language-related content.;yes;The paper presents technical solutions and implemented prototypes.;yes;The paper presents technical solutions including a workflow manager and system architecture.;Exclude;The abstract primarily discusses NLP service integration and content curation, falling short of the screening criteria's focus on multilingual programming language interoperability. While the paper presents technical solutions and workflow management, it lacks explicit evidence of multiple programming languages or comprehensive language system integration. The research appears more aligned with natural language processing services rather than the specified multilingual software system requirements.;2.7;EC4;The full-text accessibility cannot be determined from the abstract alone.
An Empirical Study on Crosslingual Transfer in Probabilistic Topic Models;Shudong Hao, Michael J. Paul;10.1162/coli_a_00369;https://doi.org/10.1162/coli_a_00369;International Conference on Computational Logic;7;2018;no;The main subject of the paper is knowledge transfer in topic modeling, not programming language interoperability.;no;The full-text accessibility of the paper cannot be determined from the abstract alone.;no;The paper focuses on multilingual topic modeling in natural language processing, not on programming language interoperability.;no;While the paper discusses multilingual systems, these are in the context of natural language processing, not programming languages.;maybe;While not explicitly stated, the abstract is in English and appears to be from an English publication, suggesting the paper is likely written in English.;maybe;The paper appears to be more focused on natural language processing rather than software engineering or programming languages.;yes;"The paper mentions ""a broad set of experiments"" and empirical insights, indicating that it presents assessment methods or metrics for evaluating multilingual software interoperability.";yes;The paper includes empirical evaluation across ten languages, indicating that it includes empirical evaluation or assessment of multilingual software system implementation.;no;The paper appears to focus exclusively on natural language processing integration, not addressing software integration aspects beyond just natural language processing.;no;The integration discussed in the paper is for natural language processing, not programming language integration.;yes;The paper explicitly deals with multilingual topic models and crosslingual tasks, indicating that it addresses systems supporting multiple languages.;yes;The paper focuses on multilingual systems, but in the context of natural language processing, not programming languages.;yes;The paper presents technical and empirical evidence, rather than just opinions or editorial content.;yes;The paper presents technical solutions, frameworks, or architectures, but for topic modeling, not programming language integration.;Exclude;The abstract describes a multilingual topic modeling study focused on natural language processing, which fundamentally differs from programming language interoperability research. Despite presenting empirical evidence and addressing multilingual systems, the paper fails to meet critical screening criteria related to programming language integration and software engineering. Consequently, the study does not align with the systematic review's core requirements for multilingual software systems.;2.5;EC4;The full-text accessibility of the paper cannot be determined from the abstract alone.
A Model-Based Systems Architecting and Integration Approach Using Interlevel and Intralevel Dependency Matrix;Shatad Purohit, A. Madni;10.1109/JSYST.2021.3077351;https://doi.org/10.1109/JSYST.2021.3077351;IEEE Systems Journal;10;2022;no;While the paper discusses integration challenges, these are not specifically related to programming language interoperability.;maybe;Cannot be determined from the abstract alone.;no;The paper does not address interaction between components written in different programming languages. It focuses on general system architecture decomposition and integration.;no;No mention of specific software systems using multiple programming languages.;yes;The abstract is in English, meeting this criterion.;yes;The paper appears to be from a software engineering/systems engineering field, meeting this criterion.;maybe;The paper does present assessment methods (I2DM methodology, stochastic optimization, pattern recognition), but not for multilingual software interoperability.;maybe;The paper appears to present technical methods but doesn't explicitly mention empirical evaluation.;maybe;The paper addresses integration beyond NLP, but not in the context of multilingual programming.;maybe;The paper discusses integration challenges, but at a general system architecture level, not specifically for multilingual software.;no;The abstract does not mention anything about multiple programming languages or language support. It focuses on system architecture decomposition and integration in general.;no;No evidence of focus on multilingual systems.;yes;The paper presents technical evidence and methodology, meeting this criterion.;no;While the paper presents technical solutions, they are not for multilingual software integration.;Exclude;The abstract describes a systems engineering methodology for architectural decomposition, but lacks any focus on multilingual programming or language interoperability. Despite presenting technical solutions for system integration, the paper does not address key criteria related to multilingual software systems, programming language interactions, or language-specific integration challenges. Consequently, the abstract fails to meet the majority of the specified screening requirements for multilingual software research.;1.4;EC1;The abstract describes a systems engineering methodology for architectural decomposition, but lacks any focus on multilingual programming or language interoperability. Despite presenting technical solutions for system integration, the paper does not address ke…
Multilingual Information Access on the Web;S. Montalvo, Raquel Martínez-Unanue, Víctor Fresno-Fernández, Rafael Capilla;10.1109/MC.2015.203;https://doi.org/10.1109/MC.2015.203;Computer;5;2015;no;The challenges mentioned in the abstract relate to named entity identification, classification, and retrieval, not programming language interoperability.;no;The full-text accessibility of the paper cannot be determined from the abstract alone.;no;There is no mention of programming language interaction in the abstract. The focus appears to be on natural language processing and named entity recognition.;no;The abstract does not mention any specific software systems or programming languages.;yes;The abstract appears to be written in English, so the paper is likely written in English.;no;The focus of the paper appears to be on information retrieval and natural language processing rather than software engineering or programming languages.;no;The abstract does not explicitly discuss assessment methods for interoperability.;maybe;The abstract does not provide enough information to determine if the study includes empirical evaluation or assessment of multilingual software system implementation.;no;The paper appears to focus specifically on natural language processing, not broader software integration.;no;The focus of the paper appears to be on natural language processing integration, not programming language integration.;maybe;"The abstract mentions ""multilingual knowledge sources"", suggesting that the study addresses systems supporting multiple languages, but it is unclear if this refers to programming languages or natural languages.";no;While the paper addresses multilingual content, it is focused on natural language processing rather than multilingual software systems.;maybe;The abstract does not provide enough information to determine the research type, though it appears to be technical research.;no;The abstract does not indicate any technical solutions, frameworks, or architectures for multilingual software integration.;Exclude;The abstract focuses on named entity recognition in multilingual knowledge sources, primarily addressing natural language processing challenges rather than software engineering or programming language interoperability. Critical screening criteria related to multilingual software systems, programming language integration, and technical solutions are not met, indicating the paper does not align with the specified research focus.;1.4;EC4;The full-text accessibility of the paper cannot be determined from the abstract alone.
Interoperability: A Key to the Future;Nikolina Renieri, Dimitrios Serpanos, Dimitrios Serpanos;10.1109/MC.2025.3547072;https://doi.org/10.1109/MC.2025.3547072;Computer;0;2025;maybe;While interoperability is central to the paper, it appears to focus on general organizational/process interoperability rather than specifically programming language interoperability.;maybe;The full-text accessibility cannot be determined from the abstract alone.;maybe;The abstract discusses interoperability broadly but does not specifically mention programming languages or their interaction.;no;The abstract does not explicitly mention specific programming languages or multilingual systems.;yes;The abstract is written in English, meeting this criterion.;maybe;The abstract discusses interoperability in a technical context, suggesting it is from a relevant scientific field, but this is not explicitly confirmed.;maybe;"The abstract mentions ""correctness"" but does not detail specific assessment methods.";maybe;The abstract does not provide information about whether the study includes empirical evaluation or assessment.;maybe;The paper appears to address broad organizational/process integration rather than focusing on natural language processing.;yes;The paper clearly focuses on interoperability challenges.;maybe;"The abstract mentions a ""multilayer approach"" but does not specifically address multiple programming languages, so it is unclear if the study addresses systems supporting multiple languages.";no;The abstract does not specifically address multilingual systems.;maybe;The abstract suggests a technical approach but does not clearly indicate if it presents empirical evidence.;maybe;"The abstract mentions a ""renewed, multilayer approach"" but does not detail specific technical solutions.";Exclude;The abstract discusses interoperability in a broad organizational context, lacking specific focus on programming language interactions or multilingual software systems. Critical screening criteria related to technical language interoperability are not met, with the text appearing more aligned with general process integration rather than the targeted research domain. Consequently, the abstract does not sufficiently address the required technical and multilingual system specifications.;2.5;EC1;The abstract discusses interoperability in a broad organizational context, lacking specific focus on programming language interactions or multilingual software systems. Critical screening criteria related to technical language interoperability are not met, wit…
Multidisciplinary Interoperability for Earth Observations: Some Architectural Issues;P. Mazzetti, S. Nativi;10.1109/JSTARS.2012.2190721;https://doi.org/10.1109/JSTARS.2012.2190721;IEEE Journal of Selected Topics in Applied Earth Observations and Remote Sensing;7;2012;no;While interoperability is central to the paper, it is focused on disciplinary information sharing rather than programming language interaction.;maybe;The full-text accessibility cannot be determined from the abstract alone.;no;"The abstract does not discuss programming language interaction. The ""interoperability"" mentioned refers to disciplinary information sharing.";no;There is no mention of specific software systems using multiple programming languages.;yes;The abstract is written in English, meeting this criterion.;yes;The paper appears to be from a relevant field (IT and software infrastructure), though the specific venue is not mentioned.;maybe;"The abstract mentions ""IT solutions"" but does not specifically detail assessment methods.";maybe;The abstract does not clearly indicate whether empirical evaluation is included.;yes;The paper goes beyond NLP, focusing on Earth Observation systems.;no;The paper does address integration challenges, but not in the context of programming languages.;no;"The abstract does not explicitly mention multiple programming languages. It discusses ""multidisciplinary"" information sharing, but this appears to refer to scientific disciplines rather than programming languages.";no;The focus is on multidisciplinary systems rather than multilingual programming systems.;yes;The paper appears to present technical solutions rather than just opinions.;no;The paper does present technical solutions, but for disciplinary interoperability rather than programming language integration.;Exclude;The abstract discusses Earth Observation infrastructure and multidisciplinary information sharing, but lacks specific focus on programming language interoperability or multilingual software systems. While the paper addresses integration challenges, it does not meet the systematic review's criteria for examining interactions between different programming languages within software systems. The research appears to be oriented towards disciplinary information sharing rather than technical language integration.;2.5;EC1;The abstract discusses Earth Observation infrastructure and multidisciplinary information sharing, but lacks specific focus on programming language interoperability or multilingual software systems. While the paper addresses integration challenges, it does not…
The external and data loose coupling for the integration of software units: a systematic mapping study;Juan Antonio Ruiz Ceniceros, J. Aguilar, Roberto Espinosa, Carolina Tripp Barba;10.7717/peerj-cs.796;https://doi.org/10.7717/peerj-cs.796;PeerJ Computer Science;1;2021;maybe;While the paper focuses on integration challenges, it is not specifically about programming language interoperability.;maybe;The full-text accessibility cannot be determined from the abstract alone.;maybe;The abstract does not specifically mention interaction between different programming languages, and instead focuses on general software integration.;no;There is no explicit mention of systems built with multiple programming languages.;yes;The abstract is written in English, meeting this criterion.;yes;The paper appears to be in the software engineering field, as it discusses software integration and uses systematic mapping methodology in software engineering.;maybe;The paper uses systematic mapping methodology, but it is not clear if it presents specific metrics for multilingual interoperability.;maybe;The paper is a systematic mapping study, which suggests some empirical content, but it is not clear if it includes direct empirical evaluation.;yes;The paper appears to address general software integration beyond natural language processing.;maybe;The paper does examine integration challenges, but not specifically in multilingual contexts.;maybe;The abstract does not explicitly mention multiple programming languages, and instead discusses software integration in general rather than language-level integration.;no;There is no clear indication of a focus on multilingual systems.;yes;The paper presents a systematic mapping study, which is a structured research methodology.;maybe;The paper appears to focus on organizing existing evidence rather than presenting specific technical solutions.;Exclude;The systematic mapping study addresses software integration broadly but lacks specific focus on multilingual programming language interoperability. While the research is methodologically sound and within software engineering, it does not meet the detailed criteria for multilingual system analysis, particularly regarding explicit examination of programming language interactions. The abstract suggests a general software integration approach rather than a targeted exploration of multilingual software challenges.;2.7;EC1;The systematic mapping study addresses software integration broadly but lacks specific focus on multilingual programming language interoperability. While the research is methodologically sound and within software engineering, it does not meet the detailed crit…
Semi-automated schema integration with SASMINT;O. Unal, H. Afsarmanesh;10.1007/s10115-009-0217-z;https://doi.org/10.1007/s10115-009-0217-z;Knowledge and Information Systems;19;2010;no;While the paper does address interoperability, it's focused on database schema interoperability rather than programming language interoperability.;maybe;Cannot be determined from the abstract alone.;no;The paper does not focus on interaction between components written in different programming languages. Instead, it focuses on database schema integration.;no;The paper does not discuss software systems built with multiple programming languages.;yes;The abstract is in English, meeting this criterion.;yes;The paper appears to be from a software engineering or computer science field, likely meeting this criterion.;no;The paper mentions experimental evaluation, but for database schema matching rather than programming language interoperability.;no;The paper includes experimental evaluation, but not of multilingual software systems.;no;The paper focuses specifically on database schema integration, which is narrower than the desired scope.;no;While the paper does address integration challenges, these are specific to database schemas rather than multilingual software systems.;no;The paper focuses on schema matching and integration across databases, but does not explicitly address multiple programming languages. It does mention using NLP techniques, but this is for schema matching, not programming language integration.;no;The paper does not focus on software systems handling multiple languages or locales.;yes;The paper presents technical and empirical evidence, meeting this criterion.;no;While the paper presents technical solutions, they are for database schema integration rather than multilingual software integration.;Exclude;The research paper focuses on database schema integration and interoperability, fundamentally diverging from the systematic review's core requirements of multilingual software systems. Despite presenting technical solutions and empirical evidence, the study fails to address key criteria related to programming language interaction, multilingual system design, and cross-language software integration. Consequently, the paper does not align with the systematic review's primary objectives.;1.4;EC1;The research paper focuses on database schema integration and interoperability, fundamentally diverging from the systematic review's core requirements of multilingual software systems. Despite presenting technical solutions and empirical evidence, the study fa…
Corpus-based terminological evaluation of ontologies;M. Rospocher, Sara Tonelli, L. Serafini, E. Pianta;10.3233/AO-2012-0114;https://doi.org/10.3233/AO-2012-0114;Appl. Ontology;22;2012;no;The paper focuses on ontology evaluation rather than programming language interoperability challenges.;maybe;The abstract mentions the framework is available online, suggesting accessibility, though this is not definitively clear.;no;There is no mention of interaction between components written in different programming languages.;no;The abstract does not discuss any software systems built with multiple programming languages.;yes;The abstract is written in English, meeting this criterion.;no;While the paper appears to be technical, it seems more focused on ontology evaluation and natural language processing rather than software engineering or programming languages specifically.;no;While the paper presents evaluation metrics, these are for ontology coverage rather than software interoperability.;no;The paper includes empirical evaluation, but not of multilingual software systems.;no;The paper appears focused on natural language processing and ontology evaluation, not software integration.;no;The paper does not address software integration challenges between programming languages.;no;The abstract does not explicitly mention support for multiple programming languages. It discusses corpus-based evaluation but does not indicate multilingual programming aspects.;no;While the paper deals with text corpora, it does not focus on software systems handling multiple languages.;yes;The paper presents technical and empirical evidence, meeting this criterion.;no;The paper presents a technical solution, but for ontology evaluation rather than multilingual software integration.;Exclude;The research paper focuses on ontology evaluation and natural language processing, fundamentally diverging from the systematic review's core criteria of multilingual software systems and programming language interoperability. Despite presenting a technical solution with empirical evidence, the study lacks substantive alignment with the required screening criteria related to software integration, language collaboration, and multilingual system development. Consequently, the paper does not meet the essential requirements for inclusion in the systematic review.;1.4;EC1;The research paper focuses on ontology evaluation and natural language processing, fundamentally diverging from the systematic review's core criteria of multilingual software systems and programming language interoperability. Despite presenting a technical sol…
Meemi: A simple method for post-processing and integrating cross-lingual word embeddings;Yerai Doval, José Camacho-Collados, Luis Espinosa-Anke, S. Schockaert;10.1017/S1351324921000280;https://doi.org/10.1017/S1351324921000280;Natural Language Engineering;1;2020;no;The interoperability discussed is between natural languages, not programming languages.;maybe;The full-text accessibility of the paper cannot be determined from the abstract alone.;no;The paper focuses on natural language processing and word embeddings, not on programming language interoperability.;no;While the paper deals with multiple languages, it's about natural language processing, not programming languages.;yes;The abstract is written in English, meeting the publication language requirement.;yes;The paper appears to be a technical paper in Natural Language Processing, which is a recognized field within software engineering.;yes;The paper presents evaluation methods for cross-lingual embeddings, but not for programming language interoperability.;yes;The paper includes empirical evaluation, but for natural language processing tasks.;no;The paper focuses exclusively on natural language processing integration.;no;The integration discussed is for natural language processing, not software integration.;yes;The paper explicitly deals with multilingual word embeddings and cross-lingual spaces, indicating that it addresses systems supporting multiple languages.;no;While the paper handles multiple languages, it's specifically for natural language processing, not general software systems.;yes;The paper presents technical and empirical evidence.;yes;The paper presents technical solutions, but for natural language processing, not programming language integration.;Exclude;The research focuses exclusively on natural language processing and word embeddings, failing to address programming language interoperability or software integration between different programming languages. Despite presenting technical solutions and empirical evidence, the study does not meet critical screening criteria related to multilingual software systems and programming language collaboration. Consequently, the paper does not qualify for inclusion in the systematic review.;1.4;EC1;The research focuses exclusively on natural language processing and word embeddings, failing to address programming language interoperability or software integration between different programming languages. Despite presenting technical solutions and empirical …
Automatic Multilingual Stopwords Identification from Very Small Corpora;S. Ferilli;10.3390/electronics10172169;https://doi.org/10.3390/electronics10172169;Electronics;12;2021;no;The main subject is stopword identification, not programming language interoperability.;maybe;Cannot be determined from the abstract alone.;no;The paper focuses on NLP and stopwords, not on programming language interoperability.;no;While it handles multiple languages, it's in the context of NLP resources, not programming languages.;yes;The abstract is written in English.;maybe;While it appears to be a technical paper, it's focused on NLP rather than software engineering or programming languages specifically.;yes;The paper presents evaluation methods and metrics (Precision, Recall), but for NLP tasks, not software interoperability.;yes;The paper includes extensive experiments, but again, for NLP tasks.;no;The paper is specifically focused on NLP tasks (stopword identification).;no;The paper doesn't address programming language integration challenges.;yes;"The paper explicitly addresses multiple languages, mentioning ""different languages"" and ""local languages and jargons.""";maybe;While it handles multiple languages, it's in the context of NLP resources, not software systems.;yes;The paper presents technical and empirical evidence.;yes;The paper presents technical solutions, but for NLP tasks, not software integration.;Exclude;The paper focuses on Natural Language Processing techniques for stopword identification across multiple languages, but does not address programming language interoperability or software system integration. While technically rigorous and multilingual in scope, the research fails to meet key screening criteria related to programming language collaboration and software system challenges. Consequently, the paper does not align with the systematic review's core objectives of examining multilingual software integration.;1.4;EC1;The paper focuses on Natural Language Processing techniques for stopword identification across multiple languages, but does not address programming language interoperability or software system integration. While technically rigorous and multilingual in scope, …
Interdisciplinary engineering of cyber-physical production systems: highlighting the benefits of a combined interdisciplinary modelling approach on the basis of an industrial case;B. Vogel‐Heuser, M. Böhm, Felix Brodeck, Katharina G. Kugler, Sabine Maasen, Dorothea Pantförder, M. Zou, J. Buchholz, H. Bauer, Felix Brandl, U. Lindemann;10.1017/dsj.2020.2;https://doi.org/10.1017/dsj.2020.2;Design Science;27;2020;no;While the paper discusses integration challenges, these are not related to programming language interoperability.;maybe;Cannot be determined from the abstract alone.;no;The paper discusses cross-disciplinary collaboration, but not specifically about programming languages. It focuses on technical and organizational models.;no;No mention of software systems built with multiple programming languages.;yes;The abstract is in English, meeting this criterion.;no;While the paper appears to be from an engineering field, it's not clearly focused on software engineering or programming languages.;no;The paper mentions using coupled technical models for assessment, but not specifically for multilingual software interoperability.;no;The paper includes an industrial use case, but not related to multilingual software systems.;no;The integration discussed is broader than NLP, but not focused on software integration.;no;The paper does address integration challenges, but in the context of manufacturing systems and organizational models, not software language integration.;no;The abstract does not mention anything about multiple programming languages or language support. It focuses on technical and organizational models in manufacturing systems.;no;No focus on software systems handling multiple languages.;yes;The paper presents technical and empirical evidence, meeting this criterion.;no;While technical solutions are presented, they are not related to multilingual software integration.;Exclude;The abstract focuses on manufacturing systems and organizational collaboration, lacking any substantive discussion of multilingual software systems or programming language interoperability. Despite presenting technical and empirical evidence, the paper fails to meet the majority of screening criteria related to software language integration and multilingual system challenges. Consequently, the research does not align with the specified screening requirements for multilingual software system analysis.;1.4;EC1;The abstract focuses on manufacturing systems and organizational collaboration, lacking any substantive discussion of multilingual software systems or programming language interoperability. Despite presenting technical and empirical evidence, the paper fails t…
Cross-lingual semantic annotation of biomedical literature: experiments in Spanish and English;Naiara Pérez, Pablo Accuosto, À. Bravo, Montse Cuadros, E. Martínez-García, Horacio Saggion, German Rigau;10.1093/bioinformatics/btz853;https://doi.org/10.1093/bioinformatics/btz853;Bioinform.;15;2019;no;The main subject of the paper is semantic annotation of biomedical texts, not programming language interoperability.;maybe;The paper appears to be from Bioinformatics, a reputable journal, and mentions supplementary information available online, suggesting that the full text is likely accessible.;no;The paper focuses on natural language processing and machine translation, not programming language interoperability.;no;The paper discusses multilingual systems, but these are for natural language processing, not programming languages.;yes;The abstract is written in English, meeting the publication language criterion.;maybe;While the paper is in the field of bioinformatics, it is not primarily focused on software engineering or programming languages.;yes;The paper presents evaluation methods for their approaches, but not for programming language interoperability.;yes;The paper includes empirical evaluation, but for NLP tasks rather than programming language integration.;no;The paper focuses specifically on natural language processing and machine translation, not on software integration aspects beyond NLP.;no;The integration discussed in the paper is for natural language processing, not programming language integration.;yes;The paper explicitly deals with multiple languages (Spanish and English) in biomedical text processing, indicating that it addresses systems supporting multiple languages.;yes;The paper focuses on multilingual systems, but for natural language processing, not programming languages.;yes;The paper presents technical and empirical evidence.;yes;The paper presents technical solutions, but for NLP tasks, not programming language integration.;Exclude;The research focuses on natural language processing and machine translation in biomedical texts, specifically addressing Spanish and English language challenges. While demonstrating multilingual capabilities and empirical methodology, the study does not meet key screening criteria related to programming language interoperability. The paper's technical approach and solutions are centered on NLP tasks rather than software engineering integration challenges.;1.4;EC1;The research focuses on natural language processing and machine translation in biomedical texts, specifically addressing Spanish and English language challenges. While demonstrating multilingual capabilities and empirical methodology, the study does not meet k…
Grounding End-to-End Pre-trained architectures for Semantic Role Labeling in multiple languages;C. D. Hromei, D. Croce, Roberto Basili;10.3233/IA-230012;https://doi.org/10.3233/IA-230012;Intelligenza Artificiale;0;2023;no;The main focus is on natural language processing and human-robot interaction, not programming language interoperability.;maybe;The full-text accessibility of the paper cannot be determined from the abstract alone.;no;The paper focuses on natural language processing and human-robot interaction, not on programming language interoperability.;no;While the system handles multiple natural languages, it doesn't discuss multiple programming languages.;yes;The abstract is written in English, meeting the publication language criterion.;maybe;While not explicitly stated, the technical nature and focus on software architecture suggests the paper is published in a relevant scientific field.;yes;The abstract mentions experimental results and accuracy metrics, indicating the study presents assessment methods or metrics.;yes;The paper includes experimental results and comparisons, providing empirical evidence.;no;The paper appears to focus primarily on natural language processing and human-robot interaction, rather than addressing software integration aspects beyond just natural language processing.;maybe;While the paper discusses integration, it's focused on natural language integration rather than programming language interoperability.;yes;The paper explicitly discusses multilingual applications and language-specific processing chains, indicating that it addresses systems supporting multiple languages.;maybe;While the paper handles multiple languages, it's focused on natural languages rather than programming languages.;yes;The paper presents technical and empirical evidence, rather than just opinions or editorial content.;yes;The paper presents a transformer-based architecture, but not for programming language integration.;Exclude;The research focuses on natural language processing and human-robot interaction, primarily addressing multilingual capabilities in natural languages rather than programming language interoperability. Despite presenting a sophisticated transformer-based architecture with experimental results, the study does not meet the core screening criteria related to programming language integration and multilingual software systems. Consequently, the paper falls outside the targeted research scope.;2.5;EC1;The research focuses on natural language processing and human-robot interaction, primarily addressing multilingual capabilities in natural languages rather than programming language interoperability. Despite presenting a sophisticated transformer-based archite…
Testing Conformance and Interoperability of eHealth Applications;Tuncay Namli, A. Dogac;10.3414/ME09-02-0022;https://doi.org/10.3414/ME09-02-0022;Methods of Information in Medicine;18;2010;no;While interoperability is central to the paper, it is about eHealth standards (HL7, IHE) rather than programming language interoperability.;maybe;The full-text accessibility cannot be determined from the abstract alone.;no;The paper does not focus on programming language interaction. Instead, it discusses interoperability between eHealth systems and standards.;no;There is no evidence of multiple programming languages being used in the same system.;yes;The abstract is written in English, meeting this criterion.;yes;The paper appears to be from a software engineering/healthcare informatics context, likely meeting this criterion.;maybe;The paper does present assessment methods, but for eHealth standards rather than programming language interoperability.;maybe;The paper includes case studies and empirical evaluation, but not of multilingual software systems.;yes;The paper goes beyond NLP, focusing on eHealth system integration.;maybe;The paper strongly focuses on integration and interoperability, but in the context of eHealth standards rather than programming languages.;maybe;The abstract does not explicitly discuss multiple programming languages. Instead, it focuses on eHealth messaging standards and interoperability testing.;no;The paper does not focus on software systems handling multiple languages.;yes;The paper presents technical and empirical evidence, meeting this criterion.;maybe;The paper presents a technical solution (TestBATN framework), but for eHealth standards rather than programming language integration.;Exclude;The research paper focuses on eHealth standards and interoperability testing, but does not address multilingual programming language systems or interlanguage collaboration. While the study presents a technical framework for testing healthcare messaging standards, it fails to meet the core screening criteria related to programming language integration and multilingual software systems. The paper's scope is fundamentally different from the targeted research domain of multilingual software interoperability.;2.5;EC1;The research paper focuses on eHealth standards and interoperability testing, but does not address multilingual programming language systems or interlanguage collaboration. While the study presents a technical framework for testing healthcare messaging standar…
Assessing the Real Impact of Open-Source Components in Software Systems;Andy Molin, Andrei Mario Riviš, Radu Marinescu;10.1109/ACCESS.2023.3322362;https://doi.org/10.1109/ACCESS.2023.3322362;IEEE Access;0;2023;no;While the paper discusses integration challenges, it is not specifically about language interoperability.;maybe;The full-text accessibility cannot be determined from the abstract alone, but given the paper is about GitHub projects, it is likely accessible.;no;The abstract does not specifically address the interaction between components in different programming languages.;no;There is no explicit mention of systems built with multiple programming languages.;yes;The abstract is written in English, meeting this criterion.;yes;The paper appears to be in the software engineering field, focusing on software composition analysis.;yes;The paper presents assessment methods through their meta-model and analysis tool.;yes;The study includes empirical evaluation of 200 GitHub projects.;yes;The study addresses software integration beyond natural language processing.;maybe;The paper examines integration challenges, but not specifically in multilingual contexts.;maybe;The abstract does not explicitly mention multiple programming languages, and instead focuses on open-source libraries and their integration without specifying language diversity.;no;There is no clear indication of a focus on multilingual systems.;yes;The paper presents technical and empirical evidence.;yes;The paper presents technical solutions through their meta-model and analysis tool.;Exclude;The research focuses on software composition analysis and open-source library integration, but lacks explicit evidence of multilingual programming language interoperability. While the study presents technical solutions and empirical evidence across 200 GitHub projects, it does not directly address the core screening criteria related to multilingual software systems. Consequently, the paper does not comprehensively meet the specified requirements for multilingual software integration research.;2.7;EC1;The research focuses on software composition analysis and open-source library integration, but lacks explicit evidence of multilingual programming language interoperability. While the study presents technical solutions and empirical evidence across 200 GitHub …
SEAL: Integrating Program Analysis and Repository Mining;Florian Sattler, Sebastian Böhm, Philipp Dominik Schubert, Norbert Siegmund, S. Apel;10.1145/3585008;https://doi.org/10.1145/3585008;ACM Transactions on Software Engineering and Methodology;7;2023;no;The paper focuses on combining program analysis with repository mining, not language interoperability.;maybe;Cannot be determined from the abstract alone.;no;The abstract does not discuss interaction between components written in different programming languages.;no;No mention of software systems built with multiple programming languages.;yes;The abstract is in English, meeting this criterion.;yes;The paper appears to be from a software engineering context, meeting this criterion.;no;While the paper presents assessment methods, they are not related to multilingual software interoperability.;no;The paper includes empirical evaluation, but not of multilingual systems.;no;The paper addresses software integration, but not in the context of multiple programming languages.;no;The paper discusses integration, but between program analysis and repository mining, not between programming languages.;no;The abstract does not mention anything about supporting multiple programming languages. It focuses on program analysis and repository mining in general.;no;No focus on multilingual systems is evident.;yes;The paper presents technical evidence, meeting this criterion.;no;While the paper presents a technical solution (SEAL), it's not for multilingual software integration.;Exclude;The research paper focuses on software engineering techniques combining program analysis and repository mining, but does not address multilingual software systems or programming language interoperability. Despite being a technically sound software engineering study, it fails to meet critical screening criteria related to language integration, multilingual system analysis, and cross-language collaboration. The paper's scope is fundamentally misaligned with the systematic review's requirements for multilingual software research.;1.4;EC1;The research paper focuses on software engineering techniques combining program analysis and repository mining, but does not address multilingual software systems or programming language interoperability. Despite being a technically sound software engineering …
Cyber-Physical Systems: a multi-criteria assessment for Internet-of-Things (IoT) systems;Edgar M. Silva, R. Jardim-Gonçalves;10.1080/17517575.2019.1698060;https://doi.org/10.1080/17517575.2019.1698060;Enterprise Information Systems;14;2019;maybe;The paper does address interoperability, but it is more focused on device selection and decision-making rather than language interaction challenges.;no;The full-text accessibility cannot be determined from the abstract alone.;maybe;"While the paper mentions ""different software languages,"" it is not clear if it focuses on the interaction between components written in different programming languages within the same software system.";no;The abstract does not explicitly name or analyze specific multilingual software systems.;yes;The abstract is written in English, meeting this criterion.;yes;The paper appears to be in the scientific field of software engineering, focusing on cyber-physical systems and embedded systems.;yes;"The paper mentions ""multi-criteria decision problem"" and ""formal descriptions,"" suggesting assessment methods are present.";maybe;The abstract does not clearly indicate whether empirical evaluation is included.;yes;The paper goes beyond NLP, focusing on cyber-physical systems and embedded systems.;yes;The paper explicitly addresses interoperability with standards.;maybe;"The abstract mentions ""different software languages"" but it is not explicitly clear if the study addresses systems supporting multiple languages rather than just a single language.";maybe;"While ""different software languages"" are mentioned, it is not clear if the focus is on multilingual systems.";yes;The paper appears to present technical evidence through a model-driven approach.;yes;The paper presents a framework for interoperability.;Exclude;The abstract discusses a framework for device selection in cyber-physical systems, touching on interoperability and multiple software languages, but lacks clear evidence of focusing on multilingual software integration. While the paper addresses technical aspects of system design and decision-making, it does not definitively demonstrate a primary focus on multilingual software system challenges or interactions. The research appears more oriented towards device selection and standards rather than deep exploration of programming language interoperability.;2.9;EC4;The full-text accessibility cannot be determined from the abstract alone.
From Monolingualism to Multilingualism: Deep Learning-Enhanced Multilingual Text Semantic Communication System;Guangyao Cheng, Zhengchuan Chen, Rui She, Min Liu, Tony Q. S. Quek;10.1109/LCOMM.2025.3565692;https://doi.org/10.1109/LCOMM.2025.3565692;IEEE Communications Letters;0;2025;no;The interoperability challenges discussed are for natural language processing, not programming language interaction.;maybe;-;no;The paper focuses on natural language processing and multilingual text communication, not programming language interoperability.;no;While the paper discusses multilingual systems, these are for natural language processing, not programming languages.;maybe;The abstract is in English, suggesting the paper is also written in English.;maybe;While not explicitly stated, the technical nature and focus on communication systems suggests the paper is from a relevant scientific field.;yes;The paper presents the MBLEU score for evaluation.;yes;The abstract mentions experimental results, indicating the paper includes empirical evaluation.;no;The paper appears to focus exclusively on natural language processing integration, not software integration aspects beyond just natural language processing.;maybe;While the paper addresses integration challenges, these are for natural language processing, not programming languages.;yes;The paper explicitly addresses multilingual contexts and proposes a Multilingual Text Semantic Communication System (MTSC), indicating that it supports systems with multiple languages.;yes;The paper focuses on multilingual systems, but for natural language processing, not programming languages.;yes;The paper presents technical solutions and empirical evidence.;yes;The paper presents two technical approaches (centralized and federated learning) for multilingual software integration.;Exclude;The research addresses multilingual text semantic communication systems, but fails to meet critical screening criteria related to programming language interoperability. While presenting technical solutions and empirical evidence for natural language processing, the study does not focus on software systems integrating multiple programming languages. Consequently, the paper does not align with the systematic review's core requirements for multilingual software integration.;1.4;EC1;The research addresses multilingual text semantic communication systems, but fails to meet critical screening criteria related to programming language interoperability. While presenting technical solutions and empirical evidence for natural language processing…
On the Move to Meaningful Internet Systems: OTM 2015 Workshops;I. Ciuciu, H. Panetto, C. Debruyne, A. Aubry, Peter Bollen, R. Valencia-García, A. Mishra, A. Fensel, F. Ferri;10.1007/978-3-319-26138-6;https://doi.org/10.1007/978-3-319-26138-6;Lecture Notes in Computer Science;12;2015;maybe;"I noted that while ""Enterprise Integration, Interoperability, and Networking"" is mentioned, they could not determine if it specifically addresses programming language interoperability.";no;I could not determine from the abstract whether the full text of the paper is accessible for review.;no;I could not determine from the abstract whether the article focuses primarily on the interaction of components written in different programming languages within the same software system.;no;I could not determine from the abstract whether the article explicitly names and analyses a software system built with multiple general-purpose programming languages.;maybe;I noted that the abstract is written in English, but this is just a proceedings volume description, not a research paper.;maybe;I stated that the workshops appear to be related to enterprise integration and interoperability, which could be relevant to software engineering.;no;I could not determine from the abstract whether the study presents assessment methods or metrics for evaluating multilingual software interoperability.;no;I could not determine from the abstract whether the study includes empirical evaluation or assessment of multilingual software system implementation.;no;I could not determine from the abstract whether the study addresses software integration aspects beyond just natural language processing.;maybe;I stated that the workshop title suggests integration and interoperability are covered, but they could not confirm the specific focus.;no;I could not determine from the abstract whether the study addresses systems supporting multiple languages.;no;I could not determine from the abstract whether the study focuses on software systems that handle multiple languages or locales.;no;I could not determine from the abstract whether the study presents technical or empirical evidence.;no;I could not determine from the abstract whether the study presents technical solutions, frameworks, or architectures for multilingual software integration.;Exclude;The extremely brief proceedings volume description provides insufficient information to assess most screening criteria related to multilingual software systems and programming language interoperability. While the workshop titles suggest potential relevance to enterprise integration and networking, the lack of substantive details prevents meaningful determination of the research's alignment with the specified requirements. Consequently, the abstract fails to demonstrate clear evidence of meeting the comprehensive screening criteria.;1.4;EC4;I could not determine from the abstract whether the full text of the paper is accessible for review.
On the formal definition of the systems’ interoperability capability: an anthropomorphic approach;Milan Zdravković, Fernando Luís-Ferreira, R. Jardim-Gonçalves, M. Trajanovic;10.1080/17517575.2015.1057236;https://doi.org/10.1080/17517575.2015.1057236;Enterprise Information Systems;10;2017;maybe;While interoperability is central to the paper, it's not specifically about programming language interaction challenges.;maybe;The full-text accessibility cannot be determined from the abstract alone.;maybe;The abstract focuses on general system interoperability rather than specifically programming language interaction. It discusses IoT and system communication but not programming language integration.;no;There is no explicit mention of software systems built with multiple programming languages.;yes;The abstract is written in English, meeting this criterion.;yes;The paper appears to be from a software engineering or systems engineering domain, likely meeting this criterion.;maybe;The abstract mentions analyzing processes and defining capabilities but doesn't clearly present specific assessment methods for multilingual software interoperability.;maybe;The abstract suggests a theoretical/philosophical approach rather than empirical evaluation.;yes;The paper appears to address integration beyond NLP, focusing on general system interoperability.;maybe;The paper does focus on interoperability, but at a general systems level rather than specifically for multilingual software contexts.;maybe;The abstract does not explicitly mention support for multiple programming languages. It discusses interoperability in general terms but not specifically for programming languages.;maybe;The focus is on general system interoperability rather than specifically multilingual software systems.;maybe;The paper appears to present theoretical evidence rather than technical or empirical evidence.;maybe;While the paper discusses interoperability capabilities, it doesn't appear to present specific technical solutions for multilingual software integration.;Exclude;The abstract presents a theoretical exploration of system interoperability that lacks specific focus on multilingual programming language integration, failing to meet most screening criteria related to technical software engineering challenges. While discussing general system communication and interoperability, the text does not address programming language interactions, empirical evidence, or technical solutions for multilingual software systems. The philosophical approach and broad systems perspective diverge significantly from the targeted research requirements.;2.7;EC1;The abstract presents a theoretical exploration of system interoperability that lacks specific focus on multilingual programming language integration, failing to meet most screening criteria related to technical software engineering challenges. While discussin…
Contextual word embeddings for tabular data search and integration;José Pilaluisa, D. Tomás, Borja Navarro-Colorado, J. Mazón;10.1007/s00521-022-08066-8;https://doi.org/10.1007/s00521-022-08066-8;Neural computing & applications (Print);2;2022;no;The paper focuses on data integration challenges, but not specifically related to programming language interoperability.;maybe;Cannot be determined from the abstract alone.;no;The paper does not address interaction between components written in different programming languages.;no;No evidence of analyzing systems built with multiple programming languages.;yes;The abstract is in English, meeting this criterion.;maybe;The paper appears to be from a relevant field (data integration and retrieval), but it's not explicitly clear if it's from a software engineering or programming languages journal.;no;While the paper presents assessment methods, they are for data integration rather than programming language interoperability.;no;The paper includes empirical evaluation, but not of multilingual software systems.;no;The paper focuses on data integration, which is beyond NLP, but not in the context of programming languages.;no;The paper does address integration challenges, but for tabular data rather than programming languages.;no;The abstract does not mention support for multiple programming languages. It focuses on tabular data integration using word embeddings.;no;The paper does not focus on software systems handling multiple languages.;yes;The paper presents technical and empirical evidence, meeting this criterion.;no;While the paper presents technical solutions, they are for data integration rather than programming language integration.;Exclude;The research paper focuses on tabular data integration using word embeddings, which fundamentally diverges from the systematic review's criteria of programming language interoperability and multilingual software systems. Despite presenting technical and empirical research in English, the study fails to address key screening requirements related to programming language interaction, multilingual system design, and software integration challenges. Consequently, the paper does not align with the core objectives of the systematic review.;1.4;EC1;The research paper focuses on tabular data integration using word embeddings, which fundamentally diverges from the systematic review's criteria of programming language interoperability and multilingual software systems. Despite presenting technical and empiri…
Software infrastructure and data pipelines established for technical interoperability within a cross-border cooperation for the flora of the Bohemian Forest;P. Novotný, S. Seifert, Martin Rohn, W. Diewald, M. Štech, D. Triebel;10.3897/BDJ.10.e87254;https://doi.org/10.3897/BDJ.10.e87254;Biodiversity Data Journal;4;2022;no;While interoperability is central to the paper, it's about data interoperability between countries' databases, not programming language interoperability.;maybe;Cannot be determined from the abstract alone.;no;The paper doesn't address programming language interaction. It focuses on data interoperability between different countries' databases.;no;No evidence of multiple programming languages being used in a software system.;yes;The abstract is in English, meeting this criterion.;no;While this appears to be a technical paper, it's focused on biodiversity data sharing rather than software engineering or programming languages.;no;"The paper mentions a ""step-by-step approach"" but doesn't specifically detail assessment methods for programming language interoperability.";no;The paper appears to present a technical solution but not specifically for multilingual software systems.;no;The integration discussed is specific to biodiversity data sharing, not software integration.;no;While the paper does address integration challenges, they are specific to biodiversity data sharing, not programming language integration.;no;The abstract does not explicitly mention multiple programming languages. It discusses data sharing between countries but not language support in the programming sense.;no;The paper doesn't focus on software systems handling multiple languages in the programming sense.;no;The paper presents technical evidence, but not in the domain of interest.;no;While a technical solution is presented, it's for biodiversity data sharing rather than programming language integration.;Exclude;The abstract describes a biodiversity data sharing solution between the Czech Republic and Bavaria, focusing on cross-border plant occurrence data integration. Despite being a technical paper, it does not address programming language interoperability or multilingual software systems, thus failing to meet the majority of the specified screening criteria. The research is fundamentally about data sharing in biodiversity contexts, not software engineering or programming language interactions.;1.4;EC1;The abstract describes a biodiversity data sharing solution between the Czech Republic and Bavaria, focusing on cross-border plant occurrence data integration. Despite being a technical paper, it does not address programming language interoperability or multil…
T3L: Translate-and-Test Transfer Learning for Cross-Lingual Text Classification;Inigo Jauregi Unanue, Gholamreza Haffari, M. Piccardi;10.1162/tacl_a_00593;https://doi.org/10.1162/tacl_a_00593;Transactions of the Association for Computational Linguistics;10;2023;no;The main challenge is cross-lingual text classification, not programming language interoperability.;maybe;Cannot be determined from the abstract alone.;no;The paper focuses on natural language processing and translation, not on programming language interoperability.;no;While the system handles multiple languages, it's in the context of natural language processing, not programming languages.;yes;The abstract is in English.;yes;While not explicitly stated, the technical nature and focus on machine learning/language models suggests this is from a relevant field.;yes;"The paper mentions ""extensive experiments"" and evaluation metrics.";yes;The paper includes empirical evaluation across three datasets.;no;The paper focuses specifically on natural language processing and text classification.;no;The integration discussed is between translation and classification systems, not programming language integration.;yes;The paper explicitly deals with multiple languages, focusing on cross-lingual text classification.;no;While the system handles multiple languages, it's in the context of natural language processing, not programming language systems.;yes;The paper presents technical and empirical evidence.;yes;The paper presents a technical solution, but not for programming language integration.;Exclude;The research focuses on cross-lingual text classification in natural language processing, which fundamentally differs from the screening criteria's emphasis on programming language interoperability. Despite presenting a sophisticated technical solution with empirical evidence, the paper does not address multilingual software systems or programming language integration challenges. Consequently, the study does not meet the core screening requirements for multilingual software research.;1.4;EC1;The research focuses on cross-lingual text classification in natural language processing, which fundamentally differs from the screening criteria's emphasis on programming language interoperability. Despite presenting a sophisticated technical solution with em…
BIM Methodology in Structural Design: A Practical Case of Collaboration, Coordination, and Integration;A. Sampaio, Paulo Sequeira, Augusto Gomes, A. Sánchez-Lite;10.3390/buildings13010031;https://doi.org/10.3390/buildings13010031;Buildings;14;2022;no;While interoperability is central to the paper, it is about BIM system integration rather than programming language integration.;maybe;The full-text accessibility cannot be determined from the abstract alone.;no;The paper focuses on interoperability between BIM systems (Revit and Robot), but not between programming languages.;no;There is no evidence of multiple programming languages being used.;yes;The abstract is written in English.;maybe;While the paper is related to software engineering, it is more focused on construction engineering and BIM systems.;maybe;The paper does present evaluation methods for interoperability, but not for programming language integration.;yes;The paper includes a case study with empirical evaluation.;no;The integration discussed is specific to BIM systems, not programming languages.;maybe;The paper strongly focuses on integration and interoperability, but at the application level rather than the programming language level.;no;The abstract does not mention multiple programming languages, and instead discusses BIM systems but not language-level integration.;no;There is no evidence of handling multiple programming languages.;yes;The paper presents technical and empirical evidence.;no;While technical solutions are presented, they are not related to programming language integration.;Exclude;The abstract describes a Building Information Modelling (BIM) study focused on system interoperability, but fails to meet most screening criteria related to multilingual programming language integration. While the paper presents empirical research and technical solutions, it does not address programming language collaboration or multilingual system development. The research is primarily centered on BIM system integration in construction engineering, which diverges significantly from the specified screening requirements.;2.5;EC1;The abstract describes a Building Information Modelling (BIM) study focused on system interoperability, but fails to meet most screening criteria related to multilingual programming language integration. While the paper presents empirical research and technica…
Chapter 16: Text Mining for Translational Bioinformatics;K. B. Cohen, Lawrence Hunter;10.1371/journal.pcbi.1003044;https://doi.org/10.1371/journal.pcbi.1003044;PLoS Comput. Biol.;18;2013;no;The paper focuses on text mining challenges, not programming language interoperability.;maybe;Cannot be determined from the abstract alone.;no;The paper focuses on natural language processing and text mining, not collaboration between programming languages.;no;No mention of software systems built with multiple programming languages.;yes;The abstract is written in English.;no;The paper appears to be from a biomedical informatics field, not specifically software engineering or programming languages.;no;While the paper mentions evaluation methods, these are for text mining applications, not programming language interoperability.;no;The paper appears to discuss evaluation methods, but not for multilingual software systems.;no;The paper is specifically focused on natural language processing and text mining.;no;The paper discusses integration, but in the context of text mining and biomedical research, not programming language integration.;no;The abstract discusses text mining for multiple languages in biomedical contexts, but does not explicitly address systems supporting multiple programming languages.;no;While the paper deals with multiple languages, it's in the context of natural language processing, not programming languages.;yes;The paper appears to present technical content rather than just opinions.;no;The paper discusses technical approaches (rule-based and machine-learning-based), but for text mining, not programming language integration.;Exclude;The abstract focuses on text mining in biomedical contexts, primarily addressing natural language processing challenges rather than programming language interoperability. Despite being a technical paper in English, it fails to meet most screening criteria related to multilingual software systems, programming language integration, and technical solutions for cross-language collaboration. The research is fundamentally misaligned with the specified screening requirements for multilingual software engineering.;1.4;EC1;The abstract focuses on text mining in biomedical contexts, primarily addressing natural language processing challenges rather than programming language interoperability. Despite being a technical paper in English, it fails to meet most screening criteria rela…
Intelligent Transportation System Protocol Interoperability Evaluation;Jonas Vogt, Hans D. Schotten, H. Wieker;10.1109/ojits.2025.3531549;https://doi.org/10.1109/ojits.2025.3531549;IEEE Open Journal of Intelligent Transportation Systems;0;2025;no;While interoperability is central, it is about protocol interoperability rather than programming language interoperability.;maybe;The full-text accessibility cannot be determined from the abstract alone.;no;The paper focuses on protocol interoperability rather than programming language interaction.;no;There is no mention of specific programming languages or multilingual systems in the paper.;yes;The abstract is written in English.;maybe;While the paper is related to software systems, it appears to focus on transportation systems and protocols rather than software engineering specifically.;maybe;The paper presents a six-step evaluation method (ITS-PIE), but for protocol rather than language interoperability.;maybe;"The abstract mentions ""two illustrative examples"" but does not clearly indicate empirical evaluation.";yes;The paper goes beyond NLP, focusing on transportation systems.;maybe;The paper does address integration challenges, but at the protocol level rather than the language level.;no;The abstract does not explicitly mention multiple programming languages, and instead discusses protocol interoperability rather than language-level interoperability.;no;There is no evidence of a focus on multilingual systems.;yes;The paper presents a technical evaluation method with examples.;no;While the paper presents a technical solution (ITS-PIE), it is not for multilingual software integration.;Exclude;The research focuses on protocol interoperability in transportation systems, primarily addressing technical challenges of connecting disparate ecosystems through a six-step evaluation method. Despite presenting a structured approach to integration, the study does not meet key screening criteria related to multilingual programming language interaction or software system interoperability. The paper's scope is narrowly defined within transportation protocol analysis rather than broader multilingual software engineering contexts.;2.5;EC1;The research focuses on protocol interoperability in transportation systems, primarily addressing technical challenges of connecting disparate ecosystems through a six-step evaluation method. Despite presenting a structured approach to integration, the study d…
Software Processes and Methodologies Modeling Language SPMML, A Holistic Solution for Software Engineering;Sandro Bolanos Castro Javier, R. González Crespo, Victor Hugo Medina;10.1109/TLA.2014.6868888;https://doi.org/10.1109/TLA.2014.6868888;IEEE Latin America Transactions;9;2014;no;While the paper discusses integration, it is focused on methodology integration rather than programming language interoperability.;maybe;The full-text accessibility cannot be determined from the abstract alone.;no;The abstract does not mention interaction between components written in different programming languages.;no;The abstract does not mention any specific software systems built with multiple programming languages.;yes;The abstract is written in English, meeting this criterion.;yes;The paper appears to be about software engineering, meeting this criterion.;maybe;The abstract mentions case studies, but these appear to be about methodology modeling rather than language interoperability assessment.;maybe;The paper includes case studies, but they are not focused on multilingual software systems.;no;The paper appears to focus on software process modeling rather than programming language integration.;maybe;While integration is discussed, it is focused on methodology integration rather than programming language interoperability.;maybe;The abstract does not explicitly mention support for multiple programming languages. It focuses on modeling software processes and methodologies, not language support.;no;The paper does not focus on software systems handling multiple languages.;yes;The paper presents technical content and case studies, meeting this criterion.;no;While the paper presents a technical solution (SPMML), it is not focused on multilingual software integration.;Exclude;The research focuses on software process modeling methodology rather than multilingual software systems, failing to meet key screening criteria related to programming language interoperability. While the paper presents a technical solution and includes case studies, it does not address the core requirements of multilingual software integration or programming language collaboration. The study's scope is limited to methodology modeling, which diverges significantly from the specified screening criteria.;2.5;EC1;The research focuses on software process modeling methodology rather than multilingual software systems, failing to meet key screening criteria related to programming language interoperability. While the paper presents a technical solution and includes case st…
Towards a recipe for language decomposition: quality assessment of language product lines;W. Cazzola, L. Favalli;10.1007/s10664-021-10074-6;https://doi.org/10.1007/s10664-021-10074-6;Empirical Software Engineering;7;2022;no;The paper focuses on language decomposition and design methodology, not interoperability between programming languages.;maybe;Cannot be determined from abstract alone.;no;The paper does not focus on interaction between components written in different programming languages. Instead, it focuses on the engineering of programming languages themselves.;no;The paper does not analyze software systems built with multiple programming languages.;yes;The abstract is in English.;yes;The paper appears to be from a software engineering context, focusing on programming language engineering.;no;While the paper presents metrics, these are for evaluating language decomposition quality, not multilingual software interoperability.;no;The paper includes empirical evaluation of 26 LPLs, but not of multilingual software systems.;no;The paper focuses on programming language engineering, not software integration.;no;The paper does not address software integration challenges between different programming languages.;no;The paper focuses on language workbenches and language product lines (LPLs), but these are about programming language implementation rather than supporting multiple languages in a software system.;no;The paper does not focus on software systems handling multiple languages.;yes;The paper presents technical and empirical evidence.;no;While the paper presents technical solutions, they are for language workbenches and LPLs, not for multilingual software integration.;Exclude;The research paper focuses on programming language engineering and language workbenches, but does not address multilingual software systems or interoperability between different programming languages. While technically rigorous and presenting empirical evidence, the study fails to meet most screening criteria related to multilingual software integration and collaboration. The paper's scope is primarily about language decomposition methodology rather than cross-language software system challenges.;1.4;EC1;The research paper focuses on programming language engineering and language workbenches, but does not address multilingual software systems or interoperability between different programming languages. While technically rigorous and presenting empirical evidenc…
Polyglot Software Development: Wait, What?;Gunter Mussbacher, Benoît Combemale, Jörg Kienzle, Lola Burgueño, Antonio García-Domínguez, J. Jézéquel, Gwendal Jouneaux, D. Khelladi, Sébastien Mosser, Corinne Pulgar, H. Sahraoui, Maximilian Schiedermeier, T. van der Storm;10.1109/MS.2023.3347875;https://doi.org/10.1109/MS.2023.3347875;IEEE Software;3;2024;maybe;The abstract focuses on defining and characterizing polyglot development, but does not specifically mention interoperability challenges.;yes;The abstract does not provide any information about the full-text accessibility of the paper.;maybe;"The focus on ""polyglot software development"" in the abstract suggests the study is about the interaction of components written in different programming languages, but this is not explicitly confirmed.";no;The abstract does not mention any specific programming languages or software systems.;maybe;The abstract appears to be written in English, suggesting the paper is likely published in English.;maybe;The technical nature of the content in the abstract suggests the paper is published in a software engineering or programming languages context, but the specific venue is not confirmed.;maybe;"The abstract mentions a ""feature model"" which suggests some form of assessment, but the details are unclear.";no;The abstract does not indicate any empirical evaluation or assessment.;yes;The focus on general polyglot development, not just natural language processing, suggests the study addresses software integration aspects beyond just NLP.;maybe;While polyglot development implies integration, the abstract does not explicitly discuss interoperability challenges.;maybe;"The abstract mentions ""polyglot software development"" which implies the study addresses systems supporting multiple programming languages, but it does not explicitly confirm this.";maybe;The focus on polyglot development suggests the study is about software systems that handle multiple programming languages, but it is not entirely clear if this is the case.;yes;The abstract suggests the paper presents technical content with a conceptual model and feature model, rather than just opinions or editorial content.;maybe;"The abstract mentions a ""conceptual model"" and ""feature model"" but does not clearly indicate the presentation of technical solutions, frameworks, or architectures for multilingual software integration.";Include;The abstract addresses polyglot software development with a conceptual model, suggesting potential relevance to multilingual programming language interactions. However, significant uncertainties exist regarding specific programming languages, empirical evidence, and detailed technical solutions, leaving many screening criteria only partially or uncertainly met. The brief nature of the abstract limits definitive assessment of its alignment with the comprehensive screening requirements.;3.5;IC;"Meets IC; no EC triggered."
“I wish I could use any language as it comes to mind”: User experience in digital platforms in the context of multilingual personal information management;Lilach Alon, Maja Krtalić;10.1002/asi.24964;https://doi.org/10.1002/asi.24964;J. Assoc. Inf. Sci. Technol.;2;2024;no;The paper focuses on user experience challenges, not technical interoperability between programming languages.;maybe;Cannot be determined from the abstract alone.;no;The paper does not address interaction between programming languages. It focuses on user experience with multilingual content.;no;No evidence of analyzing software systems built with multiple programming languages.;yes;The abstract is in English, meeting this criterion.;no;The paper appears to be from human-computer interaction or user experience research, not specifically software engineering or programming languages.;no;While the study includes assessment methods, they are focused on user experience rather than software interoperability.;no;The study includes empirical evaluation (16 participants), but not of multilingual software systems.;no;The paper focuses specifically on natural language processing and multilingual content management.;no;The paper discusses integration challenges, but in the context of user interface and content, not programming language integration.;no;The paper discusses multilingual personal information management, but focuses on user experience rather than systems supporting multiple languages. It does not clearly meet this criterion.;no;While the paper addresses multilingual systems, it's from a user experience perspective rather than a technical implementation perspective.;no;The study presents empirical evidence, but not of the type relevant to this review.;no;The paper does not present technical solutions for software integration.;Exclude;The study focuses on multilingual user experience in personal information management, which fundamentally diverges from the technical requirements of software engineering and programming language interoperability. Despite being an empirical research paper, it lacks critical elements such as technical solutions, programming language integration, and software system analysis. Consequently, the paper does not meet the core screening criteria for a systematic review of multilingual software systems.;1.4;EC1;The study focuses on multilingual user experience in personal information management, which fundamentally diverges from the technical requirements of software engineering and programming language interoperability. Despite being an empirical research paper, it …
Learning Managent Systems and Face-to-Face Teaching in Bilingual Modality (Libras/Portuguese);D. Saito, V. Ulbricht;10.1109/TLA.2012.6362362;https://doi.org/10.1109/TLA.2012.6362362;IEEE Latin America Transactions;8;2012;no;While interoperability is mentioned, it's in the context of accessibility and educational features, not programming language interaction.;maybe;Cannot be determined from abstract alone.;no;The paper does not address interaction between programming languages.;no;While it discusses LMS systems, it doesn't analyze systems built with multiple programming languages.;yes;The paper appears to be in English, though with some Portuguese terms.;no;While it's about educational technology, it's not specifically focused on software engineering or programming languages.;no;The paper mentions analysis of accessibility guidelines and interoperability standards, but not specifically for programming language interoperability.;no;The paper appears to present an empirical study, but not of multilingual software systems in the programming sense.;no;The paper focuses specifically on natural language processing and educational technology.;no;While integration is discussed, it's focused on educational features and accessibility rather than programming language integration.;no;The paper discusses bilingual education (Libras/Portuguese) but focuses on natural language support rather than programming languages.;no;While it focuses on multilingual systems, it's in the context of natural languages (Libras/Portuguese) rather than programming languages.;no;The paper presents technical and empirical evidence, but not in the relevant domain.;no;The paper discusses technical solutions, but for educational accessibility rather than programming language integration.;Exclude;The study focuses on bilingual educational technology for deaf students, specifically examining Learning Management Systems in Libras and Portuguese, but does not address programming language interoperability or multilingual software systems. Despite presenting a technical analysis of accessibility and educational technology, the research falls outside the systematic review's criteria for multilingual programming language integration. The paper's scope is fundamentally different from the targeted research domain.;1.4;EC1;The study focuses on bilingual educational technology for deaf students, specifically examining Learning Management Systems in Libras and Portuguese, but does not address programming language interoperability or multilingual software systems. Despite presentin…
LIF at TAC MultiLing: Towards a Truly Language Independent Summarizer;Firas Hmida, Benoit Favre;-;-;Text Analysis Conference;11;2011;no;The focus is on language-independent text summarization, not programming language interoperability.;maybe;Cannot determine from abstract alone.;no;The paper focuses on natural language processing and multilingual text summarization, not on programming language interoperability.;no;While it discusses multilingual text processing, it doesn't mention multiple programming languages.;yes;The abstract is in English.;maybe;Appears to be from TAC (Text Analysis Conference), which is relevant to software engineering and programming languages.;maybe;Mentions evaluation of results, but not specifically for multilingual software interoperability.;yes;Includes empirical evaluation of the system's performance.;no;The integration discussed is specifically about natural language processing.;no;Focuses on natural language processing integration, not programming language integration.;yes;"The paper explicitly addresses multilingual support, mentioning ""Multilingual pilot track"" and a ""language-independent approach.""";yes;But focuses on natural language multilingualism, not programming language multilingualism.;yes;Presents technical and empirical evidence.;yes;But for natural language processing, not programming language integration.;Exclude;The abstract describes a multilingual text summarization system focused on natural language processing, which fundamentally differs from the screening criteria's emphasis on programming language interoperability. Despite addressing multilingual aspects, the research does not explore integration or challenges between different programming languages, rendering it incompatible with the specified screening requirements. The technical solution and empirical evidence presented are specific to text processing rather than software system integration across programming languages.;1.4;EC1;The abstract describes a multilingual text summarization system focused on natural language processing, which fundamentally differs from the screening criteria's emphasis on programming language interoperability. Despite addressing multilingual aspects, the re…
Multilinguality and LLOD: A survey across linguistic description levels;Dagmar Gromann, Elena-Simona Apostol, Christian Chiarcos, Marco Cremaschi, Jorge Gracia, Katerina Gkirtzou, Chaya Liebeskind, Liudmila Mockienė, Michael Rosner, Ineke Schuurman, Gilles Sérasset, Purificação Silvano, Blerina Spahiu, Ciprian-Octavian Truică, A. Utka, Giedrė Valūnaitė Oleškevičienė;10.3233/sw-243591;https://doi.org/10.3233/sw-243591;Semantic Web;4;2024;no;The interoperability discussed is about linguistic data, not programming language interaction.;maybe;Cannot be determined from the abstract alone.;no;The paper focuses on linguistic resources and data, not programming language interoperability.;no;While it discusses multilingual resources, it doesn't address programming languages or software systems built with multiple programming languages.;yes;The abstract is in English.;maybe;While it appears to be a technical survey, it's focused on linguistic resources rather than software engineering specifically.;maybe;"While it mentions ""identifying open challenges and gaps,"" it's not specifically about software interoperability assessment.";maybe;"The abstract mentions a ""comprehensive survey"" but doesn't specify empirical evaluation methods.";no;The paper focuses specifically on natural language processing and linguistic resources.;no;The integration discussed is about linguistic data, not software components.;yes;The paper explicitly focuses on multilingual support and linguistic resources across different languages.;no;While it addresses multilingual aspects, it's focused on linguistic resources rather than software systems.;yes;It's a technical survey with analysis of challenges and gaps.;maybe;"It proposes an ""ideal ecosystem"" but for linguistic data rather than software integration.";Exclude;The abstract describes a linguistic resource survey focused on multilingual data integration, which fundamentally diverges from the screening criteria's emphasis on programming language interoperability and software engineering challenges. Despite addressing multilingual aspects, the paper lacks critical elements such as programming language interaction, software system implementation, and technical solutions for multilingual software integration. Consequently, the abstract does not meet the systematic review's core requirements for inclusion.;1.4;EC1;The abstract describes a linguistic resource survey focused on multilingual data integration, which fundamentally diverges from the screening criteria's emphasis on programming language interoperability and software engineering challenges. Despite addressing m…
Paving the way for enriched metadata of linguistic linked data;Maria Pia di Buono, Hugo Gonçalo Oliveira, V. Mititelu, Blerina Spahiu, Gennaro Nolano;10.3233/sw-222994;https://doi.org/10.3233/sw-222994;Semantic Web;4;2022;no;While interoperability is discussed, it's about linguistic resources and metadata, not programming language interoperability.;maybe;Cannot be determined from the abstract alone.;no;The paper does not address interaction between different programming languages. It focuses on linguistic resources and metadata standards.;no;The paper does not discuss software systems built with multiple programming languages.;yes;The abstract is in English, meeting this criterion.;maybe;The paper appears to be from a relevant field (Natural Language Processing), but may not specifically focus on software engineering or programming languages.;maybe;"The paper mentions ""quantitative and qualitative analysis"" but for linguistic resources, not programming language interoperability.";maybe;The paper includes empirical evaluation, but of linguistic resources rather than multilingual software systems.;no;The paper appears to focus exclusively on natural language processing resources.;no;While interoperability is discussed, it's specifically about linguistic resources, not multilingual software systems.;no;The paper focuses on linguistic resources and metadata, but does not explicitly address systems supporting multiple programming languages. It is about natural language processing resources.;no;While the paper deals with multiple languages, it's in the context of linguistic resources, not software systems handling multiple languages.;yes;The paper presents technical and empirical evidence, meeting this criterion.;no;The paper presents technical solutions, but for linguistic resource metadata, not multilingual software integration.;Exclude;The research focuses on linguistic resource metadata and interoperability within natural language processing, which fundamentally differs from multilingual software system requirements. Despite presenting technical solutions and empirical analysis, the study does not address programming language interaction or multilingual software integration. Consequently, the paper fails to meet the core screening criteria for multilingual software system research.;1.4;EC1;The research focuses on linguistic resource metadata and interoperability within natural language processing, which fundamentally differs from multilingual software system requirements. Despite presenting technical solutions and empirical analysis, the study d…
A fuzzy rule-based system to assess e-government technical interoperability maturity level;A. Corrêa, A. Mota, L. Mota, P. L. Corrêa;10.1108/TG-08-2013-0028;https://doi.org/10.1108/TG-08-2013-0028;-;12;2014;maybe;While interoperability is central to the paper, it is not specifically about programming language interaction.;maybe;The full-text accessibility cannot be determined from the abstract alone.;maybe;The abstract does not specifically address interaction between different programming languages. It focuses on technical interoperability in a broader sense.;no;There is no explicit mention of systems built with multiple programming languages.;yes;The abstract is written in English, meeting this criterion.;yes;The paper appears to be from a software engineering or technical systems domain, likely meeting this criterion.;yes;The paper presents assessment methods through the NEBULOSUS system and fuzzy logic approach.;yes;The abstract mentions validation of the system, suggesting some empirical evaluation.;yes;The paper appears to address technical interoperability broadly, not limited to NLP.;yes;The paper focuses on interoperability, but not specifically in multilingual software contexts.;maybe;The abstract does not explicitly mention support for multiple programming languages. It focuses on technical interoperability in a general sense.;no;There is no clear indication of focus on multiple languages or locales.;yes;The paper presents technical evidence and a concrete system.;yes;The paper presents a technical solution (NEBULOSUS system).;Exclude;The abstract describes a technical interoperability assessment system that lacks specific focus on multilingual programming language interactions. While the research presents a technical solution with assessment methods, it does not meet key screening criteria related to programming language collaboration and multilingual software systems. The study appears more broadly concerned with technical interoperability rather than the targeted research domain.;2.7;EC1;The abstract describes a technical interoperability assessment system that lacks specific focus on multilingual programming language interactions. While the research presents a technical solution with assessment methods, it does not meet key screening criteria…
Linking discourse-level information and the induction of bilingual discourse connective lexicons;Sibel Özer, Murathan Kurfali, Deniz Zeyrek, Amália Mendes, Giedrė Valūnaitė Oleškevičienė;10.3233/sw-223011;https://doi.org/10.3233/sw-223011;Semantic Web;6;2022;no;The main subject is linguistic discourse analysis, not technical challenges of programming language interaction.;maybe;Cannot be determined from the abstract alone.;no;The paper focuses on linguistic discourse analysis, not programming language interaction.;no;While the paper deals with multiple languages, it's in the context of linguistic analysis, not programming languages.;yes;The abstract is written in English.;no;This appears to be a linguistics or natural language processing paper, not software engineering or programming languages.;maybe;While the paper mentions accuracy verification methods, these are for linguistic analysis, not software interoperability.;yes;The paper includes empirical evaluation, but for linguistic analysis rather than software systems.;no;The paper focuses specifically on natural language processing and discourse analysis.;no;The integration discussed is linguistic, not software-based.;yes;The paper explicitly deals with multiple languages, specifically mentioning seven different languages in the TED-Multilingual Discourse Bank.;no;While the paper deals with multiple languages, it's not about software systems handling languages.;yes;The paper presents technical and empirical evidence, but in linguistics rather than software engineering.;no;The solutions presented are for linguistic analysis, not software integration.;Exclude;The research focuses on linguistic discourse analysis across multiple languages, primarily examining linguistic structures and annotation methods rather than software engineering or programming language interactions. Despite addressing multilingual contexts, the study does not meet the screening criteria related to software systems, programming language interoperability, or technical integration challenges. The paper's scope is firmly rooted in linguistics and natural language processing, diverging significantly from the required technical and software engineering domains.;1.4;EC1;The research focuses on linguistic discourse analysis across multiple languages, primarily examining linguistic structures and annotation methods rather than software engineering or programming language interactions. Despite addressing multilingual contexts, t…
Interoperability of health data using FHIR Mapping Language: transforming HL7 CDA to FHIR with reusable visual components;Igor Bossenko, Rainer Randmaa, Gunnar Piho, Peeter Ross;10.3389/fdgth.2024.1480600;https://doi.org/10.3389/fdgth.2024.1480600;Frontiers Digit. Health;2;2024;maybe;While interoperability is central to the paper, it's focused on data format interoperability rather than programming language interoperability.;maybe;Cannot be determined from the abstract alone.;no;The paper does not focus on interaction between components written in different programming languages. Instead, it addresses data format interoperability (CDA to FHIR).;no;No evidence of multiple programming languages being used in the system.;yes;The paper is written in English, meeting this criterion.;yes;The paper appears to be from a software engineering context, focusing on healthcare information systems and data transformation tools.;maybe;The paper mentions evaluation by ENHIS domain experts, but these are focused on data transformation rather than programming language interoperability.;yes;Yes, the paper includes empirical evaluation through domain expert testing.;yes;The paper goes beyond NLP, focusing on healthcare data integration.;maybe;The paper does address integration challenges, but specifically for healthcare data formats rather than programming languages.;maybe;The abstract does not explicitly mention multiple programming languages. Instead, it focuses on data format interoperability rather than programming language interoperability.;no;The paper doesn't focus on software systems handling multiple programming languages.;yes;Yes, it presents technical solutions and empirical evidence.;maybe;While it presents technical solutions, these are for data format interoperability rather than programming language integration.;Exclude;The research paper addresses healthcare data interoperability through data format transformation, but does not meet the systematic review's criteria for programming language interoperability. While technically robust and empirically validated, the study focuses on data format conversion between CDA and FHIR rather than interactions between different programming languages. Consequently, the paper falls outside the specific scope of multilingual software system research.;2.5;EC1;The research paper addresses healthcare data interoperability through data format transformation, but does not meet the systematic review's criteria for programming language interoperability. While technically robust and empirically validated, the study focuse…
Towards automatic evaluation of the Quality-in-Use in context-aware software systems;Sergio Salomón, Rafael Duque, J. L. Montaña, Luis Tenés;10.1007/s12652-021-03693-w;https://doi.org/10.1007/s12652-021-03693-w;Journal of Ambient Intelligence and Humanized Computing;7;2022;no;The paper focuses on quality evaluation of context-aware systems, not programming language interoperability.;maybe;Cannot be determined from the abstract alone.;no;The paper does not address interaction between components written in different programming languages.;no;No mention of software systems built with multiple programming languages.;yes;The abstract is in English, meeting this criterion.;yes;The paper appears to be from a software engineering context, discussing software systems and quality evaluation.;no;While the paper presents assessment methods, they are for quality-in-use evaluation, not multilingual software interoperability.;maybe;The paper includes empirical evaluation through a case study, but not related to multilingual software systems.;no;The paper goes beyond NLP, but doesn't address multilingual software integration.;no;The paper discusses integration, but in the context of context-aware systems, not multilingual software integration.;no;The abstract does not mention anything about supporting multiple programming languages. It focuses on context-aware systems and quality evaluation.;no;The paper does not focus on software systems handling multiple languages.;yes;The paper presents technical and empirical evidence, meeting this criterion.;no;While the paper presents a technical solution (FAQuiS), it's not for multilingual software integration.;Exclude;The research paper focuses on context-aware systems and quality evaluation, fundamentally misaligning with the screening criteria for multilingual software systems and programming language interoperability. Despite meeting some general research quality standards, the study fails to address critical requirements such as language support, interlanguage collaboration, and multilingual system integration. Consequently, the paper does not qualify for inclusion based on the specified screening criteria.;1.4;EC1;The research paper focuses on context-aware systems and quality evaluation, fundamentally misaligning with the screening criteria for multilingual software systems and programming language interoperability. Despite meeting some general research quality standar…
BabelRTS: Polyglot Regression Test Selection;Gabriele Maurina, Walter Cazzola, Sudipto Ghosh;10.1109/TSE.2025.3554403;https://doi.org/10.1109/TSE.2025.3554403;IEEE Transactions on Software Engineering;0;2025;yes;The main subject is the technical challenge of regression test selection across multiple programming languages.;maybe;Cannot be determined from abstract alone, but given the technical nature and empirical evaluation, likely accessible through academic channels.;yes;The paper directly addresses interaction between components in different programming languages, specifically focusing on inter-language dependencies.;yes;The paper explicitly analyzes 142 open-source systems, including both monoglot and polyglot systems.;maybe;While not explicitly stated, the abstract is in English and appears to be from an academic publication.;yes;The paper appears to be from software engineering, focusing on regression test selection and programming languages.;yes;The paper presents evaluation methods, comparing performance with state-of-the-art approaches and analyzing test selection across different language combinations.;yes;The study includes extensive empirical evaluation on 142 systems, analyzing over 2 billion LOC.;yes;The study goes beyond NLP, focusing on general programming language integration and test selection.;yes;The research directly examines interoperability challenges in multilingual software contexts, particularly regarding test selection.;yes;The paper explicitly focuses on multilingual systems, supporting 12 languages and 5 language combinations.;yes;The study explicitly focuses on polyglot software systems.;yes;The paper presents technical solutions and empirical evidence, not just opinions.;yes;The paper presents BabelRTS, a technical solution for multilingual software integration.;Include;This research presents a comprehensive technical solution for multilingual software systems, addressing critical challenges in regression test selection across multiple programming languages. The study offers empirical evidence through extensive analysis of 142 open-source systems, demonstrating a novel approach to handling inter-language dependencies and test selection. By supporting 12 languages and 5 language combinations, the research provides a robust framework for understanding and managing polyglot software integration.;4.9;IC;"Meets IC; no EC triggered."
Technical issues in test process assessment and their current handling in TestSPICE;Tomas Schweigert, Andreas Nehfort;10.1002/smr.1585;https://doi.org/10.1002/smr.1585;J. Softw. Evol. Process.;1;2014;no;"The abstract mentions ""technical issues"" but not specifically related to programming language interoperability.";maybe;The copyright notice suggests this is from Wiley, which is typically accessible through academic libraries, but this isn't explicitly confirmed.;no;There is no mention of interaction between different programming languages.;no;The abstract does not discuss any specific software systems or programming languages.;yes;The abstract is written in English, so this criterion is met.;yes;The paper appears to be about software testing and process models (TestSPICE), which falls within the software engineering field.;no;While the paper discusses process assessment models, these are not specifically related to multilingual software interoperability.;no;The abstract suggests this is more of a descriptive paper about TestSPICE rather than an empirical study.;no;There is no evidence of addressing software integration aspects.;no;The abstract does not address software integration or interoperability challenges.;no;The abstract does not mention anything about multiple languages or language support, so there is no evidence that the study addresses systems supporting multiple languages.;no;There is no evidence of focus on multilingual systems.;yes;The paper appears to be technical in nature, discussing process models and technical issues.;no;While technical solutions are discussed, they are not related to multilingual software integration.;Exclude;The abstract fails to meet critical screening criteria related to multilingual software systems, programming language interoperability, and integration challenges. Despite being a technical paper in software engineering, it lacks evidence of addressing multilingual system interactions, language support, or empirical assessment of cross-language software integration. The paper's focus on testing processes and assessment models diverges significantly from the required research scope.;1.4;EC1;The abstract fails to meet critical screening criteria related to multilingual software systems, programming language interoperability, and integration challenges. Despite being a technical paper in software engineering, it lacks evidence of addressing multili…
Experiences using Tedeso: an extensible and interoperable model-based testing platform;R. S. Filho, W. Hasling, Christof J. Budnik, Monica McKenna;10.1007/s10515-012-0118-3;https://doi.org/10.1007/s10515-012-0118-3;International Conference on Automated Software Engineering;3;2013;no;While interoperability is discussed, it is about testing tools integration rather than programming language interoperability.;maybe;The full-text accessibility cannot be determined from the abstract alone.;no;The abstract does not focus on interaction between different programming languages. Instead, it discusses integration of testing tools into development environments.;no;There is no explicit mention of systems built with multiple programming languages.;yes;The abstract is written in English, meeting this criterion.;yes;The paper appears to be from a software engineering context, discussing testing platforms and software quality assurance.;no;The paper mentions evaluation of the platform's adoption but does not specifically address multilingual software interoperability assessment.;no;The paper includes empirical evidence of adoption in SIEMENS, but not specifically for multilingual systems.;yes;The integration discussed goes beyond NLP, focusing on testing tools and service-oriented architecture.;no;While integration is a key focus, it is not specifically about multilingual software contexts.;no;The abstract does not explicitly mention support for multiple programming languages. While it discusses integration and interoperability, it is in the context of testing tools rather than programming languages.;no;There is no clear indication of focus on multilingual systems.;yes;The paper presents technical evidence and implementation details.;no;While technical solutions are presented, they are not specifically for multilingual software integration.;Exclude;The abstract describes a software testing platform focused on tool integration and service-oriented architecture, but lacks explicit evidence of multilingual programming language support or interoperability. While the paper addresses technical integration challenges, it does not meet the specific screening criteria related to multilingual software systems or programming language interactions. The research appears more oriented towards testing tool adoption than multilingual software engineering challenges.;2.5;EC1;The abstract describes a software testing platform focused on tool integration and service-oriented architecture, but lacks explicit evidence of multilingual programming language support or interoperability. While the paper addresses technical integration chal…
Adaptive Language Translation in Multinational Info Service Platforms;Raami Riadhusin, R. Radhakrishnan, Delecta Jenifer Rajendren, Ibragimov Ulmas Rakhmanovich, N. D. Lal, Utkarsh Anand;10.51983/ijiss-2025.ijiss.15.2.17;https://doi.org/10.51983/ijiss-2025.ijiss.15.2.17;Indian Journal of Information Sources and Services;0;2025;no;While interoperability is mentioned, it's in the context of natural language translation, not programming language interaction.;maybe;Cannot be determined from abstract alone.;no;The paper does not address interaction between different programming languages. Instead, it focuses on natural language translation.;no;No mention of programming languages or multilingual software systems in the programming sense.;yes;The abstract is in English.;maybe;While it appears to be a technical paper, it's focused on NLP and translation rather than software engineering or programming languages specifically.;no;"The abstract mentions ""performance assessments"" but these are for translation quality, not software interoperability.";no;The paper appears to include empirical evaluation, but for translation systems rather than multilingual software systems.;no;The paper focuses exclusively on natural language processing and translation.;no;While integration is discussed, it's focused on natural language processing integration, not programming language integration.;no;The paper discusses multilingual support, but focuses on natural language translation rather than programming languages.;no;While the system is multilingual, it's focused on natural language translation rather than programming languages.;yes;The paper presents technical evidence and implementation details.;no;The paper presents technical solutions, but for natural language translation rather than programming language integration.;Exclude;The systematic review criteria focus on multilingual programming language systems, but this paper exclusively addresses natural language translation using NLP and AI techniques. Despite being a technically rigorous study, the research fundamentally diverges from the required focus on programming language interoperability and software engineering. Consequently, the paper fails to meet the majority of the critical screening criteria.;1.4;EC1;The systematic review criteria focus on multilingual programming language systems, but this paper exclusively addresses natural language translation using NLP and AI techniques. Despite being a technically rigorous study, the research fundamentally diverges fr…
Special issue SOCO 2015: Recent advancements in soft computing and its application in industrial and environmental problems;Álvaro Herrero, Bruno Baruque, Héctor Quintián-Pardo, E. Corchado;10.1016/j.neucom.2017.06.075;https://doi.org/10.1016/j.neucom.2017.06.075;Neurocomputing;0;2018;no;While the paper does address integration challenges, these are between different conversational systems rather than programming languages.;maybe;Cannot be determined from the abstract alone.;no;The abstract doesn't discuss interaction between different programming languages. It focuses on integrating different conversational systems.;no;No evidence of multiple programming languages being used in the system.;yes;The abstract is in English, meeting this criterion.;yes;The paper appears to be from a relevant field (conversational systems, human-machine interaction), likely within software engineering or computer science.;maybe;The abstract mentions evaluation of the proposed architecture, but not specifically for multilingual software interoperability.;yes;"Yes, the paper includes empirical evaluation (""We have evaluated our proposal combining three systems"").";no;The integration discussed is specifically about natural language processing and conversational systems.;maybe;The paper does address integration challenges, but in the context of conversational systems rather than programming languages.;maybe;The abstract discusses multi-domain conversational systems but does not explicitly mention support for multiple spoken languages. It focuses on different functional domains rather than linguistic domains.;no;The focus is on multi-domain conversational systems, not multilingual systems in the programming sense.;yes;Yes, presents technical evidence and evaluation.;maybe;Yes, presents an architecture for integration, but not for multilingual software integration.;Exclude;The research focuses on multi-domain conversational systems within natural language processing, which fundamentally differs from the screening criteria's emphasis on multilingual programming language integration. Despite presenting a technical solution with empirical evidence, the study does not address programming language interoperability or multilingual software systems as defined by the screening requirements. Consequently, the paper does not meet the core screening criteria for multilingual software research.;2.5;EC1;The research focuses on multi-domain conversational systems within natural language processing, which fundamentally differs from the screening criteria's emphasis on multilingual programming language integration. Despite presenting a technical solution with em…
Third-Party Software's Trust Quagmire;J. Voas, G. Hurlburt;10.1109/MC.2015.372;https://doi.org/10.1109/MC.2015.372;Computer;3;2015;maybe;While interoperability is mentioned, it is discussed in a general software integration context rather than specifically about programming language interaction.;maybe;The full-text accessibility cannot be determined from the abstract alone.;no;The abstract does not specifically mention interaction between different programming languages.;no;The abstract does not explicitly mention any specific software systems or programming languages.;yes;The abstract is written in English, meeting this criterion.;yes;The abstract appears to be from a software engineering context, discussing software integration and supply chain concerns.;maybe;The abstract mentions assessment and evaluation but does not provide specific methods or metrics.;maybe;The abstract does not indicate whether empirical evaluation is included.;yes;The paper appears to address general software integration beyond NLP.;yes;The paper clearly focuses on integration and interoperability challenges.;maybe;The abstract does not explicitly mention multiple programming languages, only discussing third-party software integration in general.;no;There is no clear indication of a focus on multilingual systems.;yes;The abstract suggests a technical analysis of software integration challenges.;maybe;The abstract suggests the paper will address solutions for software integration, but not specifically for multilingual integration.;Exclude;The abstract discusses software integration and interoperability challenges but lacks specific focus on multilingual programming language interactions. While addressing general software integration concerns, the text does not explicitly demonstrate criteria related to programming language interoperability, multilingual system analysis, or technical solutions for language-specific integration challenges.;2.7;EC1;The abstract discusses software integration and interoperability challenges but lacks specific focus on multilingual programming language interactions. While addressing general software integration concerns, the text does not explicitly demonstrate criteria re…
Greasing the wheels for comparative communication research: Supervised text classification for multilingual corpora;F. Lind, Tobias Heidenreich, Christoph Kralj, H. Boomgaarden;10.5117/ccr2021.3.001.lind;https://doi.org/10.5117/ccr2021.3.001.lind;Computational Communication Research;8;2021;no;The main challenge is about multilingual text classification, not programming language interoperability.;no;The full-text accessibility of the paper cannot be determined from the abstract alone.;no;The paper focuses on natural language processing and text classification, not on programming language interoperability.;no;While the paper deals with multiple languages, it's about natural languages, not programming languages.;maybe;While not explicitly stated, the abstract is in English and appears to be from an English publication, suggesting the paper is likely written in English.;maybe;While the paper involves machine learning and text processing, it's not clearly focused on software engineering or programming languages.;yes;The paper presents evaluation methods for multilingual text classification.;yes;The study includes empirical evaluation of their approach.;no;The focus is specifically on natural language processing and text classification, not software integration.;no;The integration discussed is about natural language processing, not software integration.;yes;The paper explicitly deals with multilingual text classification across seven languages, indicating that it addresses systems supporting multiple languages.;no;While the paper handles multiple languages, it's focused on natural language processing rather than software systems.;yes;The study presents technical and empirical evidence.;yes;The paper presents technical solutions for multilingual text classification.;Exclude;The research focuses on multilingual text classification using machine learning, but does not address programming language interoperability or software engineering challenges. While the study presents technical solutions and empirical evidence for natural language processing across seven languages, it fails to meet the core screening criteria related to programming language integration and software system collaboration. Consequently, the paper does not align with the specified research focus on multilingual software systems.;1.4;EC4;The full-text accessibility of the paper cannot be determined from the abstract alone.
Multisource spatial data integration for use cases applications;F. Noardo;10.1111/tgis.12987;https://doi.org/10.1111/tgis.12987;Trans. GIS;6;2022;no;While interoperability is discussed, it is about data integration rather than programming language interoperability.;maybe;The full-text accessibility cannot be determined from the abstract alone.;no;The paper does not address programming language interaction, and instead focuses on data integration across different data sources.;no;The paper does not mention programming languages or multilingual software systems.;yes;The abstract is written in English.;no;The paper appears to be focused on geospatial data integration rather than software engineering or programming languages.;no;The paper mentions validation and testing, but not specifically for programming language interoperability.;no;The paper includes a case study, but not for programming language integration.;no;The paper focuses on geospatial data integration, which is different from the target scope.;no;The integration focus is on data integration rather than programming language integration.;no;The abstract does not mention multiple programming languages, and instead focuses on data integration across different data sources, not programming languages.;no;The paper does not focus on multilingual software systems.;yes;The paper presents technical evidence and methodology.;no;The technical solution presented is for data integration rather than programming language integration.;Exclude;The abstract describes a geospatial data integration methodology that fundamentally differs from the required focus on multilingual software systems and programming language interoperability. Despite presenting a technical approach to data integration, the paper fails to meet critical screening criteria related to programming language interaction, multilingual system analysis, and software engineering research. Consequently, the abstract does not align with the systematic review's core requirements.;1.4;EC1;The abstract describes a geospatial data integration methodology that fundamentally differs from the required focus on multilingual software systems and programming language interoperability. Despite presenting a technical approach to data integration, the pap…
Empirical studies in software and systems traceability;Patrick Mäder, Rocco Olivetto, Andrian Marcus;10.1007/s10664-017-9509-1;https://doi.org/10.1007/s10664-017-9509-1;Empirical Software Engineering;0;2017;no;The paper focuses on traceability challenges, not language interoperability issues.;maybe;Cannot be determined from the abstract alone, but being a special issue paper suggests it's likely accessible.;no;The paper does not address interaction between components in different programming languages. It focuses on traceability in software development.;no;No mention of systems built with multiple programming languages.;yes;The paper appears to be in English, meeting this criterion.;yes;The paper appears to be from a software engineering journal (based on the DOI and content), meeting this criterion.;no;While the paper discusses evaluation methods, they are for traceability, not language interoperability.;no;The paper includes empirical evaluation, but for traceability systems, not multilingual systems.;no;The paper addresses software integration, but not in the context of multiple programming languages.;no;The paper discusses integration in terms of continuous integration and delivery, but not language interoperability.;no;The abstract does not mention anything about multiple programming languages or language support. It focuses on software traceability.;no;No evidence of focus on multilingual systems.;yes;The paper presents technical and empirical evidence, meeting this criterion.;no;While the paper presents technical solutions (Eiffel framework), they are for traceability, not language integration.;Exclude;The paper focuses on software traceability and does not address multilingual software systems or language interoperability, failing key screening criteria related to language support and interlanguage collaboration. Despite being a rigorous software engineering study with empirical evidence, the research does not meet the specific requirements for multilingual system analysis. Consequently, the paper would not be suitable for inclusion in a review targeting multilingual software integration challenges.;1.4;EC1;The paper focuses on software traceability and does not address multilingual software systems or language interoperability, failing key screening criteria related to language support and interlanguage collaboration. Despite being a rigorous software engineerin…
Assessing and piloting interoperability for population health research;F. Estupiñán-Romero, J. González-García, E. Bernal-Delgado;10.1093/eurpub/ckaa165.270;https://doi.org/10.1093/eurpub/ckaa165.270;-;0;2020;no;While interoperability is central to the paper, it is focused on health data interoperability rather than programming language interoperability.;maybe;The full-text accessibility cannot be determined from the abstract alone.;no;The paper does not address interaction between different programming languages, and instead focuses on data interoperability between different health systems.;no;The paper does not mention specific programming languages or multilingual software systems.;yes;The abstract is written in English, meeting this criterion.;no;The paper appears to be focused on health research infrastructure rather than software engineering or programming languages specifically.;no;The paper mentions developing and deploying scripts for data extraction and analysis, but not specifically for evaluating programming language interoperability.;no;The paper includes case studies and implementation evidence, but not for multilingual software systems.;no;The paper goes beyond NLP, but focuses on health data integration rather than programming language integration.;no;The paper addresses integration challenges, but in the context of health data systems rather than multilingual software.;no;The abstract does not explicitly mention multiple programming languages, and the focus is on health data interoperability rather than programming language interaction.;no;The paper does not focus on software systems handling multiple programming languages.;yes;The paper presents technical and empirical evidence, meeting this criterion.;no;The technical solutions presented in the paper are for health data interoperability rather than multilingual software integration.;Exclude;The research paper focuses on health data interoperability across national systems, presenting a federated research network architecture with technical solutions for data integration. Despite being a technically rigorous study, it does not address multilingual software systems, programming language interactions, or software engineering challenges related to language interoperability. Consequently, the paper fails to meet most of the specified screening criteria for multilingual software research.;1.4;EC1;The research paper focuses on health data interoperability across national systems, presenting a federated research network architecture with technical solutions for data integration. Despite being a technically rigorous study, it does not address multilingual…
Bridging the gaps: interoperability for language engineering architectures using GrAF;Nancy Ide, Keith Suderman;10.1007/s10579-011-9175-7;https://doi.org/10.1007/s10579-011-9175-7;Language Resources and Evaluation;3;2012;yes;Yes, interoperability is the main focus of the paper, specifically between different annotation frameworks.;no;Cannot be determined from the abstract alone.;maybe;The paper focuses on interoperability between different systems (GATE, UIMA, GrAF) but does not explicitly mention different programming languages.;no;The abstract does not explicitly mention multiple programming languages, though it discusses different systems.;yes;The abstract is in English, meeting this criterion.;yes;The paper appears to be from a software engineering or programming languages context, focusing on interoperability frameworks.;yes;"The abstract mentions ""round-trip rendering"" as a method of assessment.";yes;The paper appears to present empirical evaluation through the round-trip rendering tests.;yes;Yes, the paper goes beyond NLP, focusing on general annotation frameworks.;yes;Yes, this is the primary focus of the paper.;maybe;The abstract discusses interoperability between different annotation systems but does not explicitly mention multiple programming languages. However, it does deal with different data formats and systems.;maybe;The focus is on interoperability between different systems, but not specifically on multilingual programming languages.;yes;Yes, presents technical evidence and empirical evaluation.;yes;Yes, presents technical solutions for interoperability between different frameworks.;Exclude;The abstract describes an interoperability study between annotation frameworks, but lacks explicit focus on multiple programming languages. While demonstrating technical rigor in system integration, the research does not directly address multilingual software system challenges as defined by the screening criteria. Consequently, the paper only partially meets the required screening parameters.;2.9;EC4;Cannot be determined from the abstract alone.
An approach for semantic interoperability in autonomic distributed intelligent systems;Kamaleddin Yaghoobirafi, Ali Farahani;10.1002/smr.2436;https://doi.org/10.1002/smr.2436;J. Softw. Evol. Process.;3;2022;maybe;While interoperability is central to the paper, it's focused on semantic interoperability between agents rather than programming language interoperability.;maybe;Cannot be determined from the abstract alone.;maybe;The paper focuses on semantic interoperability between agents, but not specifically between components written in different programming languages.;no;No explicit mention of systems built with multiple programming languages.;yes;The abstract is written in English, meeting this criterion.;yes;The paper appears to be from a software engineering or distributed systems conference/journal, meeting this criterion.;yes;"The paper mentions using ""three well-known metrics from the ontological assessment area"" and evaluates against an existing autonomic ontology.";yes;The paper includes empirical evaluation using the NASA-ANTS project case study.;yes;The paper goes beyond NLP, focusing on distributed intelligent systems and autonomic computing.;yes;The paper focuses on interoperability, but at the semantic/agent level rather than programming language level.;maybe;The abstract does not explicitly mention multiple programming languages. It focuses on semantic interoperability in distributed systems, but not specifically language-level interoperability.;no;No clear focus on systems handling multiple programming languages.;yes;The paper presents technical solutions and empirical evidence.;yes;The paper presents technical solutions through AutonoML language and semantic approaches.;Exclude;The research addresses semantic interoperability in distributed intelligent systems, presenting a technical solution through AutonoML language, but does not focus on multilingual programming language systems. While the study demonstrates empirical evidence and assessment methods, it lacks explicit discussion of multiple programming languages or their integration challenges. The paper's scope is more aligned with agent-level semantic interoperability rather than programming language-level collaboration.;2.7;EC1;The research addresses semantic interoperability in distributed intelligent systems, presenting a technical solution through AutonoML language, but does not focus on multilingual programming language systems. While the study demonstrates empirical evidence and…
Integración de Paradigmas de Traducción Automática (IMTraP);Marta R. Costa-jussà;-;-;-;0;2016;no;The interoperability challenges discussed are about natural language translation paradigms, not programming language interaction.;maybe;- No reasoning provided.;no;The paper focuses on natural language translation, not programming language interoperability.;no;The paper discusses multilingual systems, but these are for natural language translation, not programming languages.;yes;The abstract is provided in both Spanish and English, indicating that the paper is written in English or French.;maybe;While the paper involves computer science and software engineering, it is primarily focused on machine translation rather than programming languages.;maybe;The paper mentions addressing challenges like unknown words and semantic ambiguities, but these are for natural language translation.;maybe;- No reasoning provided.;no;The paper focuses exclusively on natural language processing and machine translation.;maybe;The paper discusses integration of rule-based and statistical translation paradigms, but not programming language integration.;yes;The paper explicitly addresses multiple languages (Chinese, Spanish, English) and their combinations, indicating that it supports systems with multiple languages.;yes;The paper focuses on multilingual systems, but for natural languages, not programming languages.;yes;The paper appears to present technical research rather than just opinions.;yes;The paper presents technical solutions, but for machine translation, not programming language integration.;Exclude;The research focuses on machine translation across multiple natural languages, specifically Chinese, Spanish, and English, but does not address programming language interoperability. While the study demonstrates technical sophistication in natural language processing, it fails to meet the screening criteria related to multilingual software systems and programming language integration. The paper's primary contribution lies in linguistic translation paradigms rather than software engineering challenges.;1.4;EC1;The research focuses on machine translation across multiple natural languages, specifically Chinese, Spanish, and English, but does not address programming language interoperability. While the study demonstrates technical sophistication in natural language pro…
A DSL-based Approach to Product Derivation for Software Product Line;Nesrine Lahiani, Djamel Bennouar;10.18267/j.aip.90;https://doi.org/10.18267/j.aip.90;Acta Informatica Pragensia;1;2016;no;The paper focuses on product derivation and model transformations, not language interoperability challenges.;maybe;Cannot be determined from the abstract alone.;no;The abstract does not discuss interaction between components written in different programming languages.;no;No mention of software systems built with multiple programming languages.;yes;The abstract is in English, meeting this criterion.;yes;The paper appears to be from a software engineering context, meeting this criterion.;no;While the paper mentions evaluation, it's not specifically about multilingual software interoperability.;no;The abstract mentions implementation and evaluation, but not specifically for multilingual systems.;no;The paper appears to focus on general software product line engineering, not specifically NLP.;no;The paper discusses integration, but not in the context of multilingual software.;no;The abstract does not mention anything about multiple programming languages or language support. It focuses on product derivation and model-driven engineering.;no;No indication of focus on multilingual systems.;yes;The paper presents technical work and implementation, meeting this criterion.;no;While the paper presents technical solutions, they are not related to multilingual software integration.;Exclude;The abstract focuses on software product line engineering and model-driven engineering, lacking any substantive discussion of multilingual programming or language interoperability. Despite meeting some general research criteria, the paper fundamentally fails to address the core screening requirements related to multilingual software systems and their integration challenges. Consequently, the study does not align with the systematic review's specific focus on multilingual software interoperability.;1.4;EC2;The abstract focuses on software product line engineering and model-driven engineering, lacking any substantive discussion of multilingual programming or language interoperability. Despite meeting some general research criteria, the paper fundamentally fails t…
An Integrated Management System for Composed Applications Deployed by Different Deployment Automation Technologies;Lukas Harzenetter, Uwe Breitenbücher, Tobias Binz, F. Leymann;10.1007/s42979-023-01810-4;https://doi.org/10.1007/s42979-023-01810-4;SN Computer Science;1;2023;maybe;While the paper discusses interoperability challenges, these are between deployment technologies rather than programming languages.;maybe;Cannot be determined from the abstract alone.;maybe;The abstract does not discuss interaction between components written in different programming languages. It focuses on different deployment technologies instead.;no;No explicit mention of software systems built with multiple programming languages.;yes;The abstract is written in English, meeting this criterion.;yes;The paper appears to be from a software engineering field, focusing on deployment automation and management workflows.;maybe;The abstract mentions a case study and prototype, but not specifically for evaluating multilingual interoperability.;yes;Yes, the paper includes a case study and prototype implementation.;yes;The paper goes beyond NLP, focusing on deployment automation and management.;maybe;The paper does address integration challenges, but at the deployment technology level rather than programming language level.;maybe;The abstract does not explicitly mention multiple programming languages. It discusses different deployment technologies but not programming languages specifically.;no;No evidence of focus on multilingual systems in terms of programming languages.;yes;Yes, presents technical evidence through prototype and case study.;maybe;Yes, presents technical solutions for integration, but not specifically for multilingual software integration.;Exclude;The research addresses deployment automation technologies and management workflows, but lacks explicit focus on multilingual programming language systems. While technically robust and presenting empirical evidence through a case study and prototype, the paper does not meet the core screening criteria related to programming language interoperability and multilingual software integration. The study's primary emphasis remains on deployment technology challenges rather than programming language interactions.;2.7;EC1;The research addresses deployment automation technologies and management workflows, but lacks explicit focus on multilingual programming language systems. While technically robust and presenting empirical evidence through a case study and prototype, the paper …
A Formal Approach to Support Interoperability in Scientific Meta-workflows;J. Arshad, G. Terstyánszky, Tamás Kiss, N. Weingarten, G. Taffoni;10.1007/s10723-016-9383-x;https://doi.org/10.1007/s10723-016-9383-x;Journal of Grid Computing;4;2016;maybe;While interoperability is central to the paper, it is about workflow system interoperability, not programming language interoperability.;maybe;The full-text accessibility cannot be determined from the abstract alone.;maybe;The abstract does not specifically address programming language interaction, and instead focuses on workflow system interoperability rather than programming language interoperability.;no;There is no explicit mention of systems built with multiple programming languages.;yes;The abstract is written in English, meeting this criterion.;yes;The paper appears to be from a software engineering/computing domain, focusing on workflow systems and interoperability.;maybe;The paper mentions formalization of interoperability approaches but does not specifically address assessment methods for language interoperability.;yes;The abstract mentions a case study from Astrophysics, indicating some empirical evaluation.;yes;The paper goes beyond NLP, focusing on scientific workflows and meta-workflows.;maybe;The paper examines interoperability challenges, but at the workflow system level rather than the programming language level.;maybe;The abstract does not explicitly mention multiple programming languages, and instead discusses workflow systems without addressing language-specific aspects.;maybe;The focus is on workflow systems rather than multilingual software systems.;yes;The paper presents technical and formal approaches, meeting this criterion.;maybe;The paper presents technical solutions for workflow interoperability, but not specifically for programming language integration.;Exclude;The abstract describes a technical approach to workflow system interoperability, but lacks explicit focus on programming language integration or multilingual software systems. While the research presents a rigorous methodology for workflow collaboration across different scientific domains, it does not directly address the specific screening criteria related to programming language interaction and multilingual software development.;2.7;EC1;The abstract describes a technical approach to workflow system interoperability, but lacks explicit focus on programming language integration or multilingual software systems. While the research presents a rigorous methodology for workflow collaboration across…
Globalizing Modeling Languages;B. Combemale, Julien Deantoni, Benoit Baudry, Robert B. France, J. Jézéquel, Jeffrey G. Gray;-;-;Computer;0;2014;maybe;The paper does focus on interoperability challenges, but specifically for DSMLs rather than general-purpose programming languages.;maybe;Cannot be determined from the abstract alone.;no;While the paper discusses language coordination, it focuses on DSMLs rather than general-purpose programming languages.;no;The abstract does not mention specific software systems built with multiple programming languages.;yes;The abstract is written in English.;yes;The paper appears to be from the software engineering domain, focusing on modeling languages.;no;The abstract does not explicitly mention assessment methods or metrics.;maybe;The abstract does not indicate whether empirical evaluation is included.;yes;The paper goes beyond NLP, focusing on software and systems modeling.;maybe;The paper clearly addresses integration challenges, but again for DSMLs rather than programming languages.;maybe;The paper discusses domain-specific modeling languages (DSMLs) and their coordination, but does not explicitly address multiple general-purpose programming languages.;no;While the paper discusses multiple languages, these are DSMLs rather than general-purpose programming languages.;yes;The paper appears to present technical research rather than just opinions.;yes;The paper appears to present technical solutions for coordinating DSMLs.;Exclude;The research focuses on domain-specific modeling languages (DSMLs) and their coordination, which diverges from the screening criteria's emphasis on general-purpose programming language interoperability. While the paper addresses integration challenges and presents technical solutions, it lacks specific evidence of multilingual software systems and does not directly examine programming language interactions. Consequently, the abstract does not comprehensively meet the established screening requirements.;2.7;EC1;The research focuses on domain-specific modeling languages (DSMLs) and their coordination, which diverges from the screening criteria's emphasis on general-purpose programming language interoperability. While the paper addresses integration challenges and pres…
A Framework for the Multi-Dimensional Assessment of Interoperability for Open Data Ecosystems Development;Mohsan Ali, Georgios Papageorgiou, Abdul Aziz, E. Loukis, Y. Charalabidis, C. Alexopoulos, Francisco Javier López Pellicer;10.1177/15701255241297172;https://doi.org/10.1177/15701255241297172;Inf. Polity;0;2024;no;While interoperability is central to the paper, it's about data portal interoperability, not programming language interoperability.;maybe;Cannot be determined from the abstract alone.;no;The paper does not address interaction between components written in different programming languages. It focuses on data portal interoperability.;no;The abstract does not mention any specific software systems built with multiple programming languages.;yes;The paper is written in English, meeting this criterion.;no;While the paper appears to be from a relevant field (information systems/interoperability), it's not specifically focused on software engineering or programming languages.;maybe;The paper presents assessment methods (TSLO framework), but for data portal interoperability, not programming language interoperability.;maybe;The study includes empirical evaluation through framework application and interviews, but not related to multilingual software systems.;no;The paper focuses on data portal integration, which is different from the multilingual software integration we're looking for.;no;The paper does examine interoperability, but in the context of government data portals, not multilingual software systems.;no;The abstract does not discuss systems supporting multiple programming languages. It focuses on government data portals and their interoperability.;no;The paper does not focus on software systems handling multiple languages or locales.;yes;The study presents technical and empirical evidence, meeting this criterion.;no;While the paper presents a technical framework (TSLO), it's for data portal interoperability, not multilingual software integration.;Exclude;The research paper focuses on government data portal interoperability, which fundamentally differs from multilingual software systems and programming language interactions. Despite presenting a robust framework for assessing data portal integration, the study fails to meet critical screening criteria related to multilingual software systems, programming language interoperability, and technical solutions for cross-language software integration. Consequently, the paper does not align with the specific research requirements for multilingual software system analysis.;1.4;EC1;The research paper focuses on government data portal interoperability, which fundamentally differs from multilingual software systems and programming language interactions. Despite presenting a robust framework for assessing data portal integration, the study …
Exploring the interaction of design variability and stochastic operational uncertainties in software-intensive systems through the lens of modeling;Javier Cámara;10.1007/s10270-024-01226-5;https://doi.org/10.1007/s10270-024-01226-5;Journal of Software and Systems Modeling;0;2024;no;The paper focuses on design variability and operational uncertainties, not language interoperability challenges.;maybe;Cannot be determined from the abstract alone.;no;The abstract does not discuss interaction between components written in different programming languages. It focuses on design variability and probabilistic modeling.;no;No mention of specific software systems or programming languages.;yes;The abstract is in English, meeting this criterion.;yes;The paper appears to be from a software engineering context, discussing software-intensive systems and modeling approaches.;no;While the paper presents assessment methods, they are for evaluating design variability and probabilistic properties, not language interoperability.;no;The paper includes four case studies, but they don't appear to be related to multilingual software systems.;no;The paper addresses software integration broadly, but not specifically for multilingual contexts.;no;The paper discusses system integration in a general sense but not specifically for multilingual software contexts.;no;The abstract does not mention anything about multiple programming languages or language support. It focuses on design variability and operational uncertainties in general software systems.;no;No evidence of focus on multilingual systems or language handling.;yes;The paper presents technical and empirical evidence, meeting this criterion.;no;While the paper presents technical solutions, they are not related to multilingual software integration.;Exclude;The abstract describes a software engineering research paper focused on design variability and probabilistic modeling, which fundamentally lacks any discussion of multilingual software systems or language interoperability. Despite meeting some general scientific criteria, the paper fails to address the core screening requirements related to multilingual software integration and language collaboration. Consequently, the abstract does not align with the systematic review's specific focus on multilingual software systems.;1.4;EC1;The abstract describes a software engineering research paper focused on design variability and probabilistic modeling, which fundamentally lacks any discussion of multilingual software systems or language interoperability. Despite meeting some general scientif…
Multi-version interactive assessment through the integration of GeoGebra with Moodle;Saleem Hamady, Khaleel W. Mershad, Bilal Jabakhanji;10.3389/feduc.2024.1466128;https://doi.org/10.3389/feduc.2024.1466128;Frontiers in Education;1;2024;no;While the paper discusses integration, it's not about programming language interoperability.;maybe;Cannot be determined from the abstract alone.;no;The paper does not focus on interaction between different programming languages. It describes integration between two specific tools (GeoGebra and Moodle).;no;No evidence of analyzing systems built with multiple programming languages.;yes;The abstract is in English.;no;While this appears to be an educational technology paper, it's not clearly focused on software engineering or programming languages.;no;The paper does present assessment methods, but not for multilingual software interoperability.;no;The paper includes empirical evaluation, but not of multilingual software systems.;no;The integration discussed is specific to educational tools, not general software integration.;no;While integration is discussed, it's not about multilingual software contexts.;no;The abstract does not mention support for multiple languages. It focuses on integrating GeoGebra and Moodle, but not language support.;no;No evidence of focus on multilingual systems.;yes;The paper presents technical and empirical evidence.;no;While technical solutions are presented, they're not for multilingual software integration.;Exclude;The research paper focuses on educational technology integration between GeoGebra and Moodle, presenting a technical solution for interactive assessment, but fundamentally fails to meet the screening criteria related to multilingual software systems and programming language interoperability. Despite being a well-structured technical study with empirical evidence, the paper's scope and content are entirely misaligned with the specified research focus on multilingual software integration.;1.4;EC1;The research paper focuses on educational technology integration between GeoGebra and Moodle, presenting a technical solution for interactive assessment, but fundamentally fails to meet the screening criteria related to multilingual software systems and progra…
Agape: A Syntactic-Based Analysis Method for Automatic API Connection Points Discovery in Systems-of-Information Systems;Marcos Borges, Lincoln S. Rocha, P. Maia, Rodrigo Pereira dos Santos;10.1109/JSYST.2024.3465391;https://doi.org/10.1109/JSYST.2024.3465391;IEEE Systems Journal;0;2024;maybe;While interoperability is central, it is not specifically about programming language interaction.;maybe;The full-text accessibility cannot be determined from the abstract alone.;no;The paper focuses on API interoperability but does not specifically address different programming languages.;no;There is no explicit mention of systems built with multiple programming languages.;yes;The abstract is written in English.;yes;The paper appears to be from the software engineering field, focusing on systems-of-information systems engineering.;yes;The paper presents evaluation methods including controlled experiments and developer interviews.;yes;The paper includes empirical evaluation through experiments and interviews.;yes;The paper addresses general system integration beyond NLP.;maybe;The paper focuses on interoperability challenges, but not specifically for multilingual systems.;no;The abstract does not explicitly mention multiple programming languages, and instead focuses on API interoperability in general.;no;There is no evidence of a focus on multilingual systems.;yes;The paper presents technical and empirical evidence.;yes;The paper presents the AgapeTool and method for integration.;Exclude;The research presents a technical approach to API interoperability with strong empirical methods, but lacks specific focus on multilingual programming language systems. While demonstrating rigorous scientific methodology and addressing system integration challenges, the study does not meet key criteria related to programming language interaction and multilingual system design. Consequently, the paper falls short of the targeted screening requirements for multilingual software research.;2.7;EC1;The research presents a technical approach to API interoperability with strong empirical methods, but lacks specific focus on multilingual programming language systems. While demonstrating rigorous scientific methodology and addressing system integration chall…
Lost in interpretation: Making sense of equivocalities and tensions in approaches to interoperability;R. Sloot, Johannes Voordijk, Leentje Volker;10.1177/02683962241295785;https://doi.org/10.1177/02683962241295785;Journal of Information and Technology;0;2024;no;While interoperability is central to the paper, it is not specifically about programming language interaction challenges.;maybe;The full-text accessibility of the paper cannot be determined from the abstract alone.;no;The abstract does not specifically address interaction between different programming languages, and instead focuses on general interoperability challenges.;no;The abstract does not explicitly mention any specific multilingual software systems or programming languages.;yes;The abstract is written in English, meeting this criterion.;yes;The paper appears to be from a relevant field, discussing software and IT systems, likely meeting this criterion.;maybe;The paper presents a case study methodology, but it is focused on organizational challenges rather than technical interoperability metrics.;yes;The paper includes empirical evaluation through a three-year longitudinal case study.;yes;The paper appears to address integration beyond NLP, focusing on organizational and technical aspects.;maybe;The paper does examine interoperability challenges, but at an organizational level rather than technical language integration.;maybe;The abstract does not explicitly mention multiple programming languages, and instead discusses interoperability in general terms without specifying language aspects.;no;The paper does not specifically focus on multilingual systems or language handling.;yes;The paper presents empirical evidence through a case study.;maybe;While the paper discusses approaches to interoperability, it focuses more on organizational challenges than technical solutions.;Exclude;The abstract discusses organizational interoperability challenges but lacks specific focus on multilingual programming language interactions, failing to meet key screening criteria related to language integration and technical language collaboration. While the study presents a rigorous empirical approach to understanding interoperability, it does not address the core requirements of examining multilingual software system challenges or programming language interactions.;2.7;EC1;The abstract discusses organizational interoperability challenges but lacks specific focus on multilingual programming language interactions, failing to meet key screening criteria related to language integration and technical language collaboration. While the…
Model based component development and analysis with ComMA;I. Kurtev, Jozef Hooman, Mathijs Schuts, Daan van der Munnik;10.1016/j.scico.2023.103067;https://doi.org/10.1016/j.scico.2023.103067;Science of Computer Programming;2;2023;maybe;While the paper addresses integration issues, it's not specifically about programming language interoperability.;maybe;Cannot be determined from the abstract alone.;maybe;The abstract does not specifically address interaction between different programming languages. It focuses on component interfaces in general.;no;No explicit mention of systems built with multiple programming languages.;yes;The abstract is written in English, meeting this criterion.;yes;The paper appears to be from a software engineering context, discussing model-based engineering and component interfaces.;maybe;The paper mentions analysis and engineering tasks, but not specifically for multilingual interoperability.;yes;Yes, the paper includes industrial experience and application.;yes;Yes, the paper addresses general software integration beyond NLP.;maybe;The paper does address integration challenges, but at a component interface level rather than language level.;maybe;The abstract does not explicitly mention multiple programming languages. It discusses component interfaces and DSLs, but not specifically multilingual support.;no;No evidence of focus on multilingual systems.;yes;Yes, presents technical evidence and industrial application.;maybe;Yes, presents a technical framework (ComMA), but not specifically for multilingual integration.;Exclude;The abstract describes a software engineering framework for component interfaces, but lacks explicit focus on multilingual systems or programming language interoperability. While the paper addresses integration challenges and presents a technical solution, it does not meet the specific screening criteria related to multilingual software systems. The research appears to be a general software engineering study rather than a targeted investigation of language integration challenges.;2.7;EC1;The abstract describes a software engineering framework for component interfaces, but lacks explicit focus on multilingual systems or programming language interoperability. While the paper addresses integration challenges and presents a technical solution, it …
Applying Neutrosophic Iadov Technique for assessing an MDD-based approach to support software design;Nemury Silega, G. F. C. Aguilar, I. A. M. Alcivar, K. M. F. Colombo;10.54216/ijns.190207;https://doi.org/10.54216/ijns.190207;International journal of neutrosophic science;1;2022;no;The paper focuses on architectural design and MDA approaches, not on language interoperability challenges.;maybe;Cannot be determined from the abstract alone.;no;The abstract does not discuss interaction between components written in different programming languages.;no;No mention of software systems built with multiple programming languages.;yes;The abstract is in English, meeting this criterion.;yes;The paper appears to be from a software engineering context, discussing architectural design and MDA approaches, meeting this criterion.;no;While the paper does present assessment methods (Iadov neutrosophic technique), these are not related to multilingual software interoperability.;no;The paper includes empirical evaluation, but not of multilingual software systems.;no;The paper focuses on architectural design and MDA approaches, not specifically on integration aspects.;no;The paper does not address interoperability challenges in multilingual software contexts.;no;The abstract does not mention anything about multiple languages or language support. It focuses on architectural design and MDA approaches.;no;No evidence of focus on multilingual systems.;yes;The paper presents technical and empirical evidence, meeting this criterion.;no;While the paper presents technical solutions, they are not related to multilingual software integration.;Exclude;The abstract focuses on software architectural design and MDA approaches, but lacks any substantive discussion of multilingual systems, language interoperability, or cross-language software integration. Despite meeting some general research criteria like being in English and presenting empirical evidence, the paper fundamentally does not address the core screening requirements related to multilingual software systems. Consequently, the abstract does not qualify for inclusion in the systematic review.;1.4;EC1;The abstract focuses on software architectural design and MDA approaches, but lacks any substantive discussion of multilingual systems, language interoperability, or cross-language software integration. Despite meeting some general research criteria like being…
Proceedings of the 15th Annual Meeting of the Forum for Information Retrieval Evaluation;-;10.1145/3632754;https://doi.org/10.1145/3632754;Fire;1;2023;no;Cannot be determined from the abstract.;no;Cannot be determined from the abstract alone.;no;No clear indication of programming language interaction.;no;No mention of specific software systems or programming languages.;yes;The abstract is in French, which meets this criterion as French is an accepted language.;no;Cannot be determined from the limited abstract content.;no;No clear mention of assessment methods.;no;Cannot be determined from the abstract.;maybe;"The mention of ""documents and queries"" suggests it might be about information retrieval, but this is too vague to confirm.";no;Cannot be determined from the abstract.;maybe;The abstract is too short and incomplete to determine if it addresses multiple languages. The French text suggests it might be about document representation, but this is unclear.;no;Cannot be determined from the abstract.;no;"The abstract mentions ""approaches"" but is too incomplete to determine the type of research.";no;"The abstract mentions ""approaches"" but is too incomplete to determine if they are technical solutions.";Exclude;The incomplete French abstract provides insufficient information to confidently assess its alignment with the multilingual software interoperability screening criteria. Critical details about programming language interaction, system implementation, and research methodology are absent, rendering a comprehensive evaluation impossible. The text appears to focus on document representation approaches, which diverges from the core research interests of multilingual software systems.;1.4;EC4;Cannot be determined from the abstract alone.
Technical perspective: Entity matching with Magellan;W. Tan;10.1145/3405464;https://doi.org/10.1145/3405464;Communications of the ACM;1;2020;no;While the paper discusses interoperability, it is focused on data integration rather than programming language interoperability.;maybe;The abstract provides a website link, suggesting accessibility, though this is not definitively confirmed.;no;The abstract does not discuss interaction between components written in different programming languages.;no;There is no explicit mention of systems built with multiple programming languages.;yes;The abstract is written in English, meeting this criterion.;maybe;The paper appears to be from a data management research context, which is related to software engineering, partially meeting this criterion.;no;The abstract mentions evaluation methods for entity matching, but not specifically for multilingual software interoperability.;maybe;The abstract mentions real-world applications and production use, indicating empirical evidence.;no;The paper focuses on data integration and entity matching, not specifically on programming language integration.;no;The paper discusses integration challenges, but in the context of data integration rather than programming language integration.;no;The abstract does not explicitly discuss multiple programming languages, and while it mentions Python (PyMatcher), it does not indicate support for multiple programming languages.;no;The paper does not focus on software systems handling multiple languages.;yes;The paper presents technical solutions and empirical evidence, meeting this criterion.;no;While technical solutions are presented, they are not focused on multilingual software integration.;Exclude;The abstract describes a data integration tool focused on entity matching, but lacks substantive evidence of multilingual programming language interoperability. While technically sophisticated and empirically grounded, the research does not address the core screening criteria related to programming language integration and multilingual system challenges. The paper's primary focus on data management and entity matching diverges significantly from the required multilingual software system research parameters.;2.5;EC1;The abstract describes a data integration tool focused on entity matching, but lacks substantive evidence of multilingual programming language interoperability. While technically sophisticated and empirically grounded, the research does not address the core sc…
Enhancing nursing care through technology and standardized nursing language: The TEC-MED multilingual platform.;Ana-María Porcel Gálvez, M. Lima-Serrano, R. Allande-Cussó, Maria-Giulia Costanzo-Talarico, María-Dolores Mateos García, Mercedes Bueno-Ferrán, E. Fernández-García, Fabio D’Agostino, José Manuel Romero-Sánchez;10.1111/2047-3095.12493;https://doi.org/10.1111/2047-3095.12493;International Journal of Nursing Terminologies and Classifications;1;2024;no;The interoperability mentioned relates to semantic interoperability of nursing data, not programming language interaction, so it does not meet the centrality of the interoperability problem criterion.;maybe;The full-text accessibility of the paper cannot be determined from the abstract alone.;no;The abstract does not mention interaction between different programming languages, and the multilingual support appears to be for user interface only, so it does not meet the interlanguage collaboration criterion.;no;While the system is multilingual, there is no mention of multiple programming languages being used in its construction, so it does not meet the proof of multilingual systems criterion.;yes;The abstract is written in English, meeting the publication language criterion.;maybe;While the paper appears to be technical, it is focused on healthcare/nursing rather than software engineering specifically, so it only partially meets the scientific field criterion.;yes;The study includes usability testing and evaluation methods, meeting the assessment methods criterion.;yes;The study includes pilot testing and evaluation, meeting the empirical evidence criterion.;yes;The integration goes beyond NLP, involving clinical decision support and assessment modules, meeting the integration scope criterion.;maybe;While integration is discussed, it is focused on nursing taxonomies and data integration rather than programming language interoperability, so it only partially meets the integration/interoperability criterion.;yes;The platform explicitly supports six languages (English, Spanish, French, Italian, Greek, and Arabic), indicating that the study addresses systems supporting multiple languages.;yes;The system explicitly handles multiple languages, meeting the multilingual system focus criterion.;yes;The paper presents technical and empirical evidence, meeting the research type criterion.;yes;The paper presents a technical solution for a multilingual healthcare platform, meeting the technical solution criterion.;Exclude;The study presents a multilingual healthcare platform supporting six languages, but does not address programming language interoperability or technical challenges of multilingual software integration. While demonstrating technical sophistication in healthcare informatics, the research falls short of the systematic review's core criteria focused on programming language interactions and software engineering challenges.;2.5;EC1;The study presents a multilingual healthcare platform supporting six languages, but does not address programming language interoperability or technical challenges of multilingual software integration. While demonstrating technical sophistication in healthcare …
INTER-IoT Architecture for Platform Interoperability;A. Bassi, M. Llorente, M. Montesinos, Raffaele Gravina;10.1007/978-3-030-82446-4_3;https://doi.org/10.1007/978-3-030-82446-4_3;Internet of Things;0;2021;maybe;While interoperability is central to the paper, it is about platform-level rather than programming language-level interoperability.;maybe;The full-text accessibility cannot be determined from the abstract alone.;no;The abstract does not specifically address programming language interaction, and instead focuses on platform-level interoperability.;no;There is no explicit mention of multiple programming languages or specific systems.;yes;The abstract is written in English.;yes;The paper appears to be from a software engineering context, focusing on IoT platforms and interoperability.;maybe;The abstract mentions modeling and reference architecture but does not explicitly discuss assessment methods.;maybe;"The abstract mentions ""significant results"" but does not clearly indicate empirical evaluation.";yes;The focus is on IoT platform integration, not NLP.;maybe;The paper has a strong focus on interoperability, but at the platform level rather than the programming language level.;no;The abstract does not explicitly mention multiple programming languages, and instead focuses on IoT platform interoperability in general.;no;There is no clear indication of handling multiple languages or locales.;yes;The paper presents technical solutions and frameworks.;yes;The paper presents technical solutions (Reference Model, Reference Architecture, interoperability system).;Exclude;The abstract addresses IoT platform interoperability but lacks specific focus on programming language interactions, failing to meet key screening criteria related to multilingual software systems. While technically robust in discussing platform-level integration, the research does not demonstrate the required depth of programming language interoperability analysis. Consequently, the paper does not align sufficiently with the targeted screening requirements.;2.7;EC1;The abstract addresses IoT platform interoperability but lacks specific focus on programming language interactions, failing to meet key screening criteria related to multilingual software systems. While technically robust in discussing platform-level integrati…
Semi-Automatic Building and Learning of a Multilingual Ontology;Fatma Ben Mesmia, Malek Mouhoub;10.1145/3615864;https://doi.org/10.1145/3615864;ACM Trans. Asian Low Resour. Lang. Inf. Process.;0;2023;no;The main focus of the paper is on ontology building and natural language processing, not programming language interoperability.;maybe;The full-text accessibility of the paper cannot be determined from the abstract alone.;no;The paper focuses on natural language processing and ontology building rather than programming language interoperability.;no;While the system handles multiple natural languages, it doesn't discuss programming language integration.;yes;The abstract is written in English, meeting the publication language criterion.;maybe;While the paper appears to be a technical paper, it's not explicitly clear if it's from a software engineering or programming languages venue.;yes;The paper mentions performance metrics, though not specifically for programming language interoperability.;yes;The paper includes empirical evaluation through performance metrics.;no;The paper focuses specifically on natural language processing and ontology building, rather than addressing software integration aspects beyond just natural language processing.;no;The integration discussed in the paper is about natural language data, not programming language integration.;yes;The paper explicitly deals with multiple languages (Arabic, English, French) in its ontology system, indicating that it addresses systems supporting multiple languages.;no;While the system is multilingual, it's focused on natural language processing rather than programming language integration.;yes;The paper presents technical and empirical evidence.;yes;The paper presents a technical solution, but for natural language processing rather than programming language integration.;Exclude;The research focuses on multilingual ontology building using natural language processing techniques, primarily addressing Arabic, English, and French language integration through Wikipedia corpus analysis. Despite presenting a sophisticated technical methodology with performance metrics, the study does not meet key screening criteria related to programming language interoperability and software system integration. Consequently, the paper falls outside the systematic review's specific scope of examining multilingual programming language interactions.;1.4;EC1;The research focuses on multilingual ontology building using natural language processing techniques, primarily addressing Arabic, English, and French language integration through Wikipedia corpus analysis. Despite presenting a sophisticated technical methodolo…
The Standard Problem;Enrico W. Coiera;10.48550/arXiv.2304.09114;https://doi.org/10.48550/arXiv.2304.09114;J. Am. Medical Informatics Assoc.;0;2023;maybe;While interoperability is a central theme, it's discussed in terms of standards and conformance rather than programming language interaction.;maybe;Cannot be determined from the abstract alone.;maybe;The paper discusses interoperability but not specifically between programming languages. It focuses on standards and conformance in a more general sense.;no;No explicit mention of specific programming languages or multilingual systems.;yes;The abstract is in English, meeting this criterion.;maybe;The paper appears to be about standards and interoperability in a technical context, which could be relevant to software engineering, but it's not explicitly clear.;maybe;The paper does present assessment methods (signal detection theory, technomarkers) but not specifically for programming language interoperability.;maybe;The paper appears to be primarily theoretical/conceptual rather than empirical.;yes;The paper addresses integration broadly, beyond just NLP.;maybe;The paper strongly addresses interoperability, but at a theoretical/standards level rather than specifically for programming languages.;maybe;"The abstract discusses standards and interoperability in general terms but does not specifically address multiple programming languages. It mentions ""heterogeneous agents"" but this is too vague to confirm language support.";no;No clear focus on multilingual systems.;yes;The paper presents technical frameworks and analysis, meeting this criterion.;maybe;The paper presents technical solutions (conformance strategies, adaptors) but not specifically for multilingual software integration.;Exclude;The abstract presents a theoretical framework about standards and interoperability that lacks specific focus on multilingual programming systems or language interactions. While the paper discusses technical concepts of integration and conformance, it does not meet the core screening criteria related to programming language interoperability. The research appears to be a broader exploration of standards and system interactions rather than a targeted study of multilingual software systems.;2.7;EC1;The abstract presents a theoretical framework about standards and interoperability that lacks specific focus on multilingual programming systems or language interactions. While the paper discusses technical concepts of integration and conformance, it does not …
Assessing tool chain interoperability in cyber-physical systems : A systematic review;Didem Gürdür, Jad El-khoury, F. Asplund, Martin Törngren;-;-;-;0;2017;maybe;"The abstract mentions challenges in integration (""it remains challenging to co..."") but cuts off before specifying the nature of these challenges.";no;The full-text accessibility cannot be determined from the abstract alone.;maybe;"The abstract mentions ""artefacts from several engineering disciplines"" but does not specifically address programming language interaction.";no;There is no explicit mention of specific programming languages or multilingual systems in the abstract.;no;The publication language cannot be determined from the truncated abstract.;maybe;The focus on cyber-physical systems suggests this is likely from a relevant field, but it cannot be confirmed without the full abstract.;no;The assessment methods cannot be determined from the truncated abstract.;no;The empirical evidence cannot be determined from the truncated abstract.;maybe;The focus on cyber-physical systems suggests a broader scope than just NLP, but the details cannot be confirmed.;maybe;The abstract appears to focus on integration challenges between different engineering disciplines, but the specific nature is unclear.;maybe;"The abstract mentions ""several engineering disciplines"" but does not explicitly discuss multiple programming languages, so it is unclear whether the study addresses systems supporting multiple languages.";no;There is no clear indication of a focus on multilingual systems in the abstract.;no;The research type cannot be determined from the truncated abstract.;no;The technical solution cannot be determined from the truncated abstract.;Exclude;The truncated abstract suggests potential exploration of integration challenges across engineering disciplines, but lacks sufficient detail to confidently assess multilingual software system criteria. Critical screening requirements remain unverified due to the incomplete text, preventing a definitive determination of the study's alignment with the specified research parameters.;2.7;EC4;The full-text accessibility cannot be determined from the abstract alone.
Mixture-of-Languages Routing for Multilingual Dialogues;Jiahuan Pei, Guojun Yan, M. de Rijke, Pengjie Ren;10.1145/3676956;https://doi.org/10.1145/3676956;ACM Trans. Inf. Syst.;0;2024;no;The interoperability discussed is between natural languages, not programming languages.;maybe;-;no;The paper focuses on natural language processing and dialogue systems, not on programming language interoperability.;no;While the paper discusses multilingual systems, these are natural language systems, not systems built with multiple programming languages.;maybe;The abstract is in English, suggesting the paper is also written in English.;maybe;While not explicitly stated, the technical nature and focus on dialogue systems suggests the paper is from a relevant scientific field.;yes;The paper presents assessment methods including similarity metrics and performance evaluation.;yes;The paper includes empirical evaluation of the proposed framework.;no;The paper focuses exclusively on natural language processing and dialogue systems.;maybe;While the paper addresses integration, it's specifically for natural language processing, not programming language integration.;yes;The paper explicitly focuses on multilingual dialogue systems and discusses handling multiple languages, indicating that it addresses systems supporting multiple languages.;yes;The paper focuses on natural language multilingualism, not programming language multilingualism.;yes;The paper presents technical and empirical evidence.;yes;The paper presents a technical framework for multilingual dialogue systems.;Exclude;The research focuses on multilingual dialogue systems in natural language processing, which fundamentally differs from the systematic review's requirements for programming language interoperability. Despite presenting a sophisticated technical framework with empirical evidence, the study fails to meet critical screening criteria related to programming language integration and multilingual software systems. Consequently, the paper does not align with the core objectives of the systematic review.;1.4;EC1;The research focuses on multilingual dialogue systems in natural language processing, which fundamentally differs from the systematic review's requirements for programming language interoperability. Despite presenting a sophisticated technical framework with e…
EVALUATING ORGANIZATIONAL CHARACTERISTICS COMPLEMENTARY WITH ENTERPRISE SOFTWARE PRODUCTS;T. Hovelja, O. Vasilecas, D. Kalibatienė, R. Rupnik;10.3846/jbem.2020.12443;https://doi.org/10.3846/jbem.2020.12443;Journal of Business and Economic Management;0;2020;no;The paper focuses on organizational characteristics and software deployment, not programming language interoperability.;maybe;Cannot be determined from the abstract alone.;no;The abstract does not discuss interaction between components written in different programming languages.;no;No mention of software systems built with multiple programming languages.;yes;The abstract is in English, meeting this criterion.;yes;The paper appears to be from a software engineering or management field, likely meeting this criterion.;no;While the paper presents assessment methods, they are for organizational fit, not multilingual software interoperability.;no;The paper includes empirical evaluation (comparison of two groups of enterprises), but not related to multilingual software systems.;no;The paper focuses on enterprise software deployment broadly, not specifically on integration challenges.;no;The paper discusses software deployment but not specifically interoperability between different programming languages.;no;The abstract does not mention anything about systems supporting multiple languages. It focuses on enterprise software deployment and management.;no;No evidence of focus on multilingual software systems.;yes;The paper presents empirical evidence and technical analysis, meeting this criterion.;no;While the paper presents a model, it's for organizational fit assessment, not for multilingual software integration.;Exclude;The research paper focuses on enterprise software deployment and organizational characteristics, fundamentally diverging from the systematic review's requirements for multilingual software systems and programming language interoperability. Despite being a rigorous empirical study in software engineering, the abstract lacks any substantive discussion of language integration, multilingual systems, or technical challenges related to programming language interactions. Consequently, the paper fails to meet the majority of the specified screening criteria.;1.4;EC1;The research paper focuses on enterprise software deployment and organizational characteristics, fundamentally diverging from the systematic review's requirements for multilingual software systems and programming language interoperability. Despite being a rigo…
Experiences using Tedeso: an extensible and interoperable model-based testing platform;Roberto Silveira Silva Filho, W. Hasling, Christof J. Budnik, Monica McKenna;10.1007/s10515-012-0118-3;https://doi.org/10.1007/s10515-012-0118-3;International Conference on Automated Software Engineering;0;2013;no;While interoperability is discussed, it is about testing tools integration rather than programming language interoperability.;maybe;The full-text accessibility cannot be determined from the abstract alone.;no;The abstract does not focus on interaction between different programming languages. Instead, it discusses integration of testing tools into development environments.;no;There is no explicit mention of systems built with multiple programming languages.;yes;The abstract is written in English, meeting this criterion.;yes;The paper appears to be from a software engineering context, discussing testing platforms and software quality assurance.;no;The paper mentions evaluation of the platform's adoption but does not specifically address multilingual software interoperability assessment.;no;The paper includes empirical evidence of adoption in SIEMENS, but not specifically for multilingual systems.;yes;The integration discussed goes beyond NLP, focusing on testing tools and service-oriented architecture.;no;While integration is a key focus, it is not specifically about multilingual software contexts.;no;The abstract does not explicitly mention support for multiple programming languages. While it discusses integration and interoperability, it is in the context of testing tools rather than programming languages.;no;There is no clear indication of focus on multilingual systems.;yes;The paper presents technical evidence and implementation details.;no;While technical solutions are presented, they are not specifically for multilingual software integration.;Exclude;The abstract describes a software testing platform focused on tool integration and service-oriented architecture, but lacks explicit evidence of multilingual programming language support or interoperability. While the paper addresses technical integration challenges, it does not meet the specific screening criteria related to multilingual software systems or programming language interactions. The research appears more oriented towards testing tool adoption than multilingual software engineering challenges.;2.5;EC1;The abstract describes a software testing platform focused on tool integration and service-oriented architecture, but lacks explicit evidence of multilingual programming language support or interoperability. While the paper addresses technical integration chal…
Worldwide Language Service Infrastructure;Yohei Murakami, Donghui Lin;10.1007/978-3-319-31468-6;https://doi.org/10.1007/978-3-319-31468-6;Lecture Notes in Computer Science;0;2015;no;The abstract does not provide enough information to determine if the main subject of the article is a technical or empirical challenge caused by the interaction between several programming languages within the same software system.;no;The full text accessibility cannot be determined from the abstract alone.;no;The abstract does not provide enough information to determine if the article focuses primarily on the interaction of components written in different programming languages within the same software system.;no;The abstract does not provide enough information to determine if the article explicitly names and analyzes a software system built with multiple general-purpose programming languages.;yes;The abstract is written in English, meeting this criterion.;no;The abstract indicates this is from a workshop (WLSI 2015), but it is unclear if it is recognized in the software engineering or programming languages field.;no;The abstract does not provide enough information to determine if the study presents assessment methods or metrics for evaluating multilingual software interoperability.;no;The abstract does not provide enough information to determine if the study includes empirical evaluation or assessment of multilingual software system implementation.;no;The abstract does not provide enough information to determine if the study addresses software integration aspects beyond just natural language processing.;maybe;"The term ""infrastructure"" in the title suggests some form of integration, but the details are lacking in the abstract.";maybe;"The title mentions ""Worldwide Language Service Infrastructure"" which suggests the study may address systems supporting multiple languages, but it is unclear if this refers to programming languages or natural languages.";maybe;The title suggests a focus on language services, but it is unclear if this refers to programming languages or natural languages.;no;The abstract does not provide enough information to determine if the study presents technical or empirical evidence, or if it is just opinions or editorial content.;no;The abstract does not provide enough information to determine if the study presents technical solutions, frameworks, or architectures for multilingual software integration.;Exclude;The extremely brief abstract provides insufficient information to confidently assess most screening criteria, with significant uncertainty surrounding whether the work addresses programming language interoperability or natural language processing. Critical details about technical scope, research methodology, and specific language integration challenges are absent, rendering a comprehensive evaluation impossible. The limited context suggests potential relevance to language infrastructure, but lacks concrete evidence to definitively meet the established screening requirements.;1.4;EC4;The full text accessibility cannot be determined from the abstract alone.
The FEMTI guidelines for contextual MT evaluation: principles and resources;Paula Estrella, Andrei Popescu-Belis, M. King;10.52034/LANSTTS.V0I8.244;https://doi.org/10.52034/LANSTTS.V0I8.244;Linguistica Anverpiensia New Series ? Themes in Translation Studies;0;2021;no;The paper focuses on evaluation metrics for machine translation, not programming language interoperability.;maybe;Cannot be determined from the abstract alone.;no;The paper does not address interaction between different programming languages. It focuses on machine translation evaluation.;no;While the paper discusses multilingual systems, these are natural language translation systems, not systems built with multiple programming languages.;yes;The abstract is in English, so this criterion is met.;yes;The paper appears to be from a software engineering context, discussing evaluation frameworks and standards (ISO/IEC).;no;The paper does present assessment methods and metrics, but for machine translation evaluation, not programming language interoperability.;no;The abstract mentions testing in evaluation exercises, but this is for machine translation evaluation.;no;The paper focuses specifically on natural language processing (machine translation).;no;The paper does not address programming language integration challenges.;maybe;The paper focuses on machine translation systems, which inherently support multiple languages. However, this is about natural language translation, not programming languages.;no;While the paper deals with multilingual systems, these are natural language translation systems, not programming language systems.;no;The paper presents technical evidence and frameworks, but not for the target domain.;no;The paper presents technical solutions, but for machine translation evaluation, not programming language integration.;Exclude;The research focuses on machine translation evaluation metrics and frameworks, primarily addressing natural language translation rather than programming language interoperability. Despite being a technically rigorous study in software engineering, the paper fails to meet most screening criteria related to multilingual programming language systems. Consequently, the abstract does not align with the specific research requirements for programming language integration and interoperability.;1.4;EC1;The research focuses on machine translation evaluation metrics and frameworks, primarily addressing natural language translation rather than programming language interoperability. Despite being a technically rigorous study in software engineering, the paper fa…
Advancing Multivariate Time Series Similarity Assessment: An Integrated Computational Approach;F. Tonle, Henri E. Z. Tonnang, Milliam Maxime Zekeng Ndadji, M. Tchendji, Armand Nzeukou, K. Senagi, S. Niassy;10.1109/ACCESS.2025.3584712;https://doi.org/10.1109/ACCESS.2025.3584712;IEEE Access;0;2024;no;The paper focuses on time series data analysis challenges, not programming language interoperability.;maybe;The abstract mentions it's an open-source Python library, suggesting accessibility, but this isn't explicitly confirmed for the paper itself.;no;The paper does not address interaction between components written in different programming languages.;no;No evidence of analyzing systems built with multiple programming languages.;yes;The abstract is in English, meeting this criterion.;no;While this appears to be a technical paper, it's focused on data mining and time series analysis rather than software engineering or programming languages specifically.;no;While the paper presents assessment methods, they are for time series similarity, not multilingual software interoperability.;no;The paper includes empirical evaluation, but not of multilingual software systems.;no;The paper focuses on time series analysis, not software integration.;no;The integration discussed is about time series data analysis, not software integration across languages.;no;The abstract does not mention anything about supporting multiple programming languages. It focuses on time series data analysis.;no;The paper does not focus on software systems handling multiple languages.;yes;The paper presents technical and empirical evidence, meeting this criterion.;no;While the paper presents a technical solution (MTASA), it's not for multilingual software integration.;Exclude;The research paper focuses on time series data analysis and does not address multilingual software systems or programming language interoperability. Despite being a technical paper with empirical evidence, it fails to meet the core screening criteria related to software integration across different programming languages. The study's primary domain of data mining and time series analysis diverges significantly from the targeted research scope.;1.4;EC1;The research paper focuses on time series data analysis and does not address multilingual software systems or programming language interoperability. Despite being a technical paper with empirical evidence, it fails to meet the core screening criteria related t…
Implementation and validation of the C3-Cloud system: a new generation for integrated care tool developed with and for multimorbid patients;Delores Verdoy;10.5334/ijic.icic20445;https://doi.org/10.5334/ijic.icic20445;International Journal of Integrated Care;0;2021;maybe;While interoperability is discussed, it is about healthcare system integration, not programming language interoperability.;maybe;The full-text accessibility cannot be determined from the abstract alone.;no;The abstract does not discuss programming language interactions, and instead focuses on healthcare system integration.;no;There is no mention of multiple programming languages or their interaction in the abstract.;yes;The abstract is written in English, meeting this criterion.;maybe;The paper appears to be focused on healthcare systems rather than software engineering specifically.;maybe;"The abstract mentions evaluation of ""technology acceptance and cost-effectiveness"" but not specifically for multilingual software interoperability.";maybe;The study includes empirical evaluation, but not of multilingual software systems.;maybe;The integration discussed is healthcare-focused, not programming language integration.;maybe;The integration discussed is focused on healthcare system integration rather than programming language integration.;maybe;The abstract does not explicitly mention support for multiple languages, and while it is a European project, there is no clear indication of multilingual support.;no;There is no clear focus on multilingual software systems.;yes;The study presents technical and empirical evidence, meeting this criterion.;maybe;While technical solutions are presented, they are not related to multilingual software integration.;Exclude;The abstract describes a healthcare system integration project that does not address multilingual programming language interactions or software interoperability. Despite discussing technical integration, the paper fails to meet the screening criteria focused on multilingual software systems, programming language collaboration, and technical challenges of language integration. The research is fundamentally about healthcare technology rather than software engineering language interactions.;1.4;EC1;The abstract describes a healthcare system integration project that does not address multilingual programming language interactions or software interoperability. Despite discussing technical integration, the paper fails to meet the screening criteria focused o…
FARFADET: contribution to consistency management in multi-physical systems engineering;Mathias Kleiner, Lionel Roucoules;10.1080/0951192x.2025.2461024;https://doi.org/10.1080/0951192x.2025.2461024;International journal of computer integrated manufacturing (Print);0;2025;no;While interoperability is discussed, it's about tool integration and data consistency rather than programming language interoperability.;maybe;"The abstract mentions a ""freely available"" framework, suggesting accessibility, but this isn't definitive for the paper itself.";no;The paper doesn't focus on interaction between different programming languages. Instead, it discusses integration of different modeling approaches and tools.;no;No explicit mention of systems built with multiple programming languages.;yes;The abstract is in English, meeting this criterion.;yes;The paper appears to be from a software engineering context, focusing on systems engineering and modeling.;maybe;The paper presents an algorithm for computing optimal operation sequences, but this isn't specifically for evaluating multilingual software interoperability.;maybe;The paper includes a case study, but it's focused on design processes rather than multilingual software implementation.;yes;The paper goes beyond NLP, focusing on multi-physical systems engineering.;maybe;The paper does address integration challenges, but not in the context of multilingual software systems.;maybe;"The abstract does not explicitly mention multiple programming languages. It discusses ""multi-paradigm modelling"" but this appears to be about different modeling approaches rather than programming languages.";no;The paper doesn't focus on software systems handling multiple languages in the programming sense.;yes;The paper presents technical solutions and empirical evidence through a case study.;no;While technical solutions are presented, they're not for multilingual software integration.;Exclude;The research paper addresses systems engineering and tool integration, but does not meet the specific screening criteria for multilingual software systems. While technically robust, the study focuses on multi-paradigm modeling and data consistency rather than programming language interoperability, thus falling short of the required research focus. The paper's approach to integration and interoperability differs fundamentally from the systematic review's targeted multilingual software context.;2.5;EC1;The research paper addresses systems engineering and tool integration, but does not meet the specific screening criteria for multilingual software systems. While technically robust, the study focuses on multi-paradigm modeling and data consistency rather than …
Establishing interoperability between EMF and MSDKVS: an M3-level-bridge to transform metamodels and models;Florian Cesal, Dominik Bork;10.1007/s10270-024-01169-x;https://doi.org/10.1007/s10270-024-01169-x;Journal of Software and Systems Modeling;0;2024;maybe;While interoperability is central to the paper, it is focused on metamodel/platform interoperability rather than programming language interoperability.;maybe;"Cannot be determined from the abstract alone, but the mention of ""well-documented and publicly available"" platforms suggests this might be accessible.";maybe;While the paper deals with platform interoperability, it does not explicitly focus on components written in different programming languages. The focus is more on metamodel transformation.;no;The paper does not explicitly discuss systems built with multiple programming languages. It focuses on platform interoperability at the metamodel level.;yes;The abstract is in English, meeting this criterion.;yes;The paper appears to be from software engineering, specifically model-driven software engineering (MDSE), meeting this criterion.;yes;The paper mentions quantitative and qualitative evaluation of transformation validity, executability, and expressiveness.;yes;The paper includes empirical evaluation through transformation of metamodels and models.;yes;The paper goes beyond NLP, focusing on software engineering and metamodeling.;yes;The paper strongly focuses on integration challenges, but at the metamodel level rather than programming language level.;maybe;The paper focuses on interoperability between two platforms (EMF and MSDKVS) but does not explicitly address multiple programming languages. However, it does deal with different platforms that support different programming languages.;no;The paper does not focus on systems handling multiple languages or locales.;yes;The paper presents technical and empirical evidence.;yes;The paper presents a technical solution (M3-level-bridge) for integration.;Exclude;The research addresses metamodeling platform interoperability through a technical bridge between EMF and MSDKVS, presenting empirical evidence and assessment methods. While the study demonstrates strong technical merit in software engineering, it does not primarily focus on multilingual programming systems or interlanguage collaboration. The paper's scope is more narrowly defined around model transformation and platform integration rather than comprehensive multilingual software challenges.;2.9;EC1;The research addresses metamodeling platform interoperability through a technical bridge between EMF and MSDKVS, presenting empirical evidence and assessment methods. While the study demonstrates strong technical merit in software engineering, it does not prim…
A novel way of extracting full-fledged terminologies from multilingual texts;Dagmar Gromann, Barbara Heinisch, Lennart Wachowiak, Christian Lang;10.1515/lex-2023-0011;https://doi.org/10.1515/lex-2023-0011;Lexicographica;0;2023;no;The paper focuses on terminology relations and extraction, not programming language interoperability.;maybe;Cannot be determined from the abstract alone.;no;The paper does not address interaction between programming languages. It focuses on terminology and natural language processing.;no;No mention of software systems built with multiple programming languages.;yes;The abstract is in English.;no;While this appears to be a technical paper, it seems to focus on terminology science and natural language processing rather than software engineering or programming languages.;no;"While the paper mentions ""recent neural methods,"" these are for terminology extraction, not software interoperability assessment.";no;The paper appears to present technical solutions, but not for multilingual software systems.;no;The paper focuses specifically on natural language processing and terminology.;no;The integration discussed is about terminology concepts, not software systems.;maybe;"The abstract mentions ""across domains and languages"" suggesting multiple language support, but this appears to be about processing terminology rather than programming languages.";no;While the paper deals with multiple languages, it's in the context of terminology processing, not software systems.;maybe;The paper presents technical research, but not in the relevant domain.;no;The technical solutions presented are for terminology extraction, not software integration.;Exclude;The research focuses on terminology science and natural language processing, primarily addressing linguistic terminology extraction across domains and languages. Despite involving multiple languages, the study does not meet the screening criteria related to software engineering, programming language interoperability, or multilingual software systems. Consequently, the paper falls outside the specified research domain and fails to satisfy the majority of the screening requirements.;1.4;EC1;The research focuses on terminology science and natural language processing, primarily addressing linguistic terminology extraction across domains and languages. Despite involving multiple languages, the study does not meet the screening criteria related to so…
ICSSP 2015–Special Issue Introduction;Dietmar Pfahl, M. Kuhrmann, Reda Bendraou, R. Turner;10.1002/smr.1786;https://doi.org/10.1002/smr.1786;J. Softw. Evol. Process.;0;2016;maybe;"While interoperability is mentioned (""enhanced interoperability""), it's not specifically about programming language interoperability.";maybe;As this appears to be from a conference proceedings (ICSSP 2015), it's likely accessible through academic channels, though this isn't explicitly confirmed in the abstract.;no;The abstract does not focus on interaction between components written in different programming languages. It discusses broader system integration and development processes.;no;No explicit mention of software systems built with multiple programming languages.;yes;The paper is written in English, meeting this criterion.;yes;Yes, this is from ICSSP, which is a recognized conference in software engineering.;no;The abstract doesn't present specific assessment methods for multilingual software interoperability.;maybe;"The abstract mentions ""concrete experiences"" but doesn't specifically detail empirical evaluation of multilingual systems.";maybe;The paper appears to address broad system integration beyond NLP, but not specifically about programming language integration.;maybe;While integration is discussed, it's at a high level about business processes and system development rather than technical interoperability between programming languages.;maybe;"The abstract does not explicitly discuss systems supporting multiple programming languages. While it mentions ""hybrid development approaches,"" this appears to be about development methodologies rather than programming languages.";no;No clear focus on software systems handling multiple languages.;yes;The paper appears to be research-focused rather than just opinion-based.;no;While the paper discusses system development approaches, it doesn't appear to present technical solutions for multilingual software integration.;Exclude;The abstract discusses software development processes and system integration at a high level, but lacks specific focus on multilingual programming systems and their technical challenges. While meeting some basic criteria like publication language and scientific field, the text fails to address critical requirements related to programming language interoperability, technical solutions, and empirical evidence of multilingual software systems. The paper appears more oriented towards broad system development methodologies rather than the targeted research on multilingual programming integration.;2.5;EC1;The abstract discusses software development processes and system integration at a high level, but lacks specific focus on multilingual programming systems and their technical challenges. While meeting some basic criteria like publication language and scientifi…
Interoperable organisations in crisis: Supporting data surveillance during Indonesia's COVID-19 pandemic;Danang Kurniawan, Dyah Mutiarin, Achmad Nurmandi, Eko Priyo Purnomo;10.1177/02666669251327350;https://doi.org/10.1177/02666669251327350;Information Development;0;2025;no;While interoperability is central to the paper, it focuses on organizational interoperability rather than programming language interoperability.;maybe;Cannot be determined from the abstract alone.;no;The paper does not address interaction between components written in different programming languages.;no;No evidence of analyzing software systems built with multiple programming languages.;yes;The paper is written in English, meeting this criterion.;no;While the paper discusses data integration and software systems, it appears to be more focused on organizational interoperability and public health rather than software engineering specifically.;maybe;The paper presents assessment methods (QDSA approach, Nvivo software), but these are for organizational interoperability, not programming language interoperability.;maybe;The study includes empirical evaluation, but not of multilingual software systems.;no;The integration discussed is focused on organizational data sharing, not software integration.;no;While integration is discussed, it's at the organizational level rather than the programming language level.;no;The abstract does not explicitly discuss systems supporting multiple programming languages. Instead, it focuses on data integration between organizations.;no;The paper does not focus on software systems handling multiple languages.;yes;The study presents technical and empirical evidence, meeting this criterion.;no;While technical solutions are mentioned (TC-All Record 19 application), they are not focused on multilingual software integration.;Exclude;The research primarily addresses organizational data integration for COVID-19 tracking in Indonesia, focusing on governmental interoperability rather than multilingual programming language interactions. Despite presenting empirical research methods, the study does not meet the core screening criteria related to software engineering, programming language integration, or multilingual system development. Consequently, the paper falls outside the intended scope of the systematic review.;1.4;EC1;The research primarily addresses organizational data integration for COVID-19 tracking in Indonesia, focusing on governmental interoperability rather than multilingual programming language interactions. Despite presenting empirical research methods, the study …
Global interoperability and linked data in libraries: ICCU international committment;R. Caffo;10.4403/JLIS.IT-8726;https://doi.org/10.4403/JLIS.IT-8726;-;1;2013;no;While interoperability is mentioned, it's in the context of cultural metadata sharing, not programming language interaction.;maybe;Cannot be determined from the abstract alone.;no;The abstract does not discuss interaction between programming languages. It focuses on cultural metadata and multilingual content.;no;No mention of software systems built with multiple programming languages.;yes;The abstract is in English.;no;This appears to be from a cultural heritage/digital humanities conference rather than software engineering or programming languages.;no;No clear assessment methods or metrics are presented.;no;No empirical evaluation is mentioned.;no;The focus is specifically on cultural heritage and metadata integration, not broader software integration.;no;While integration is discussed, it's about cultural content integration rather than software integration.;maybe;"The abstract mentions ""multilingualism"" and ""multilingual metadata,"" suggesting support for multiple languages. However, this appears to be about metadata rather than programming languages.";no;While multilingualism is mentioned, it's in the context of cultural content rather than software systems.;no;The abstract suggests this is more of a project description or overview rather than a technical or empirical study.;no;No specific technical solutions for software integration are presented.;Exclude;The document focuses on cultural heritage digitization and metadata sharing, primarily addressing multilingual content integration in a digital humanities context rather than software engineering or programming language interoperability. Despite mentioning multilingual aspects, the text fails to meet the core screening criteria related to software systems, programming languages, and technical interoperability challenges. Consequently, the document does not align with the specified research focus on multilingual software systems.;1.4;EC1;The document focuses on cultural heritage digitization and metadata sharing, primarily addressing multilingual content integration in a digital humanities context rather than software engineering or programming language interoperability. Despite mentioning mul…
Research data infrastructures in environmental sciences—Challenges and implementation approaches focusing on the integration of software components;Christin Henzen, Arne Rümmler, Heiko Figgemeier, Michael Wagner, Lars Bernard, Ralph Müller-pfefferkorn;10.1111/tgis.13131;https://doi.org/10.1111/tgis.13131;Trans. GIS;0;2024;no;While the paper discusses software components and their integration, it's not specifically about programming language interoperability.;maybe;Cannot be determined from the abstract alone.;no;The abstract does not mention interaction between different programming languages. It focuses on data management and software components in general.;no;No mention of specific programming languages or multilingual systems.;yes;The abstract is in English, meeting this criterion.;yes;The paper appears to be from a software engineering context, discussing software architectures and components, meeting this criterion.;no;The abstract mentions testing approaches but not specifically for multilingual software interoperability.;maybe;The abstract mentions implementation and testing, suggesting some empirical evaluation.;yes;The paper addresses software integration beyond NLP, focusing on research data infrastructures.;no;The paper does discuss integration challenges, but not in the context of multilingual software.;no;The abstract does not mention anything about supporting multiple programming languages. It focuses on research data infrastructures in environmental sciences.;no;No indication of focus on multilingual systems.;yes;The paper presents technical evidence and implementation, meeting this criterion.;no;While technical solutions are presented, they're not specifically for multilingual software integration.;Exclude;The research paper focuses on software architectures for research data infrastructures in environmental sciences, but lacks specific evidence of multilingual programming language interaction or interoperability. Despite meeting some general scientific criteria, the abstract does not address the core requirements of multilingual software system analysis, rendering it unsuitable for the systematic review. The study's primary emphasis on data management and research infrastructure diverges significantly from the targeted research focus.;1.4;EC1;The research paper focuses on software architectures for research data infrastructures in environmental sciences, but lacks specific evidence of multilingual programming language interaction or interoperability. Despite meeting some general scientific criteria…
Distributed Applications and Interoperable Systems;J. Dowling, François Taïani;10.1007/978-3-642-38541-4;https://doi.org/10.1007/978-3-642-38541-4;Lecture Notes in Computer Science;0;2013;no;While the conference focuses on interoperability, there is no indication that it specifically addresses programming language interoperability.;maybe;As conference proceedings, the full text is likely accessible through academic channels, but this is not explicitly stated in the abstract.;no;The abstract does not mention anything about programming language interaction or collaboration.;no;The abstract does not mention any specific software systems or programming languages.;yes;The abstract is written in English, which meets this criterion.;yes;The conference (DAIS) focuses on distributed applications and interoperable systems, which is relevant to the software engineering field.;no;The abstract does not provide any information about assessment methods.;no;The abstract does not provide any information about empirical evaluation.;no;The abstract does not provide enough information to determine the integration scope.;maybe;The conference title suggests a focus on interoperability, but not specifically for multilingual software.;no;The abstract does not mention anything about language support or multilingual systems, so there is no reasoning provided for this criterion.;no;The abstract does not mention any multilingual systems.;maybe;As conference proceedings, the content likely contains technical research, but this is not explicitly stated in the abstract.;no;The abstract does not provide any information about specific technical solutions, frameworks, or architectures.;Exclude;The extremely brief conference proceedings abstract provides insufficient information to confidently assess most screening criteria related to multilingual software systems and programming language interoperability. While the conference topic suggests potential relevance to software engineering, the lack of specific details prevents meaningful determination of alignment with the detailed screening requirements.;2.5;EC1;The extremely brief conference proceedings abstract provides insufficient information to confidently assess most screening criteria related to multilingual software systems and programming language interoperability. While the conference topic suggests potentia…
Multiword Discourse Markers Across Languages: A Linguistic and Computational Perspective;Elena-Simona Apostol, Ciprian-Octavian Truică, Mariana Damova, Purificação Silvano, G. Oleškevičienė, Chaya Liebeskind, D. Trajanov, A. Bączkowska, Emma Angela Montecchiari, Christian Chiarcos;10.1111/ijal.12755;https://doi.org/10.1111/ijal.12755;International Journal of Applied Linguistics;0;2025;no;The interoperability discussed in the paper is about linguistic taxonomies, not programming language interaction, so it does not meet the centrality of the interoperability problem criterion.;maybe;The full-text accessibility of the paper cannot be determined from the abstract alone.;no;The paper focuses on linguistic discourse markers, not programming language interaction, so it does not meet the interlanguage collaboration criterion.;no;While the paper discusses multiple languages, it is about natural language processing, not programming languages, so it does not meet the proof of multilingual systems criterion.;yes;The abstract is written in English, meeting the publication language criterion.;maybe;While the paper appears to be a technical paper, it is not clearly from a software engineering or programming languages journal, so it only partially meets the scientific field criterion.;yes;The paper mentions prediction models and annotation approaches, but these are for linguistic analysis, not software integration, so it meets the assessment methods criterion.;yes;The paper presents empirical work through corpus analysis and prediction models, meeting the empirical evidence criterion.;no;The paper is entirely focused on natural language processing, so it does not meet the integration scope criterion.;no;The integration discussed in the paper is about linguistic discourse markers, not software integration, so it does not meet the integration/interoperability criterion.;yes;The paper explicitly deals with multiple languages (10 languages mentioned), indicating that it addresses systems supporting multiple languages.;no;While the paper handles multiple languages, it is focused on linguistic analysis rather than software systems, so it does not meet the multilingual system focus criterion.;yes;The paper presents technical and empirical evidence, meeting the research type criterion.;no;The technical solutions presented in the paper are for linguistic analysis, not software integration, so it does not meet the technical solution criterion.;Exclude;The research focuses on linguistic discourse markers across multiple languages, presenting a corpus analysis and prediction models for natural language processing. Despite addressing multiple languages, the study does not meet key screening criteria related to programming language interoperability, software integration, or technical solutions for multilingual software systems. The paper's primary domain is linguistic analysis rather than software engineering or programming language interaction.;1.4;EC1;The research focuses on linguistic discourse markers across multiple languages, presenting a corpus analysis and prediction models for natural language processing. Despite addressing multiple languages, the study does not meet key screening criteria related to…
Semantic Interoperability of Multi-Agent Systems in Autonomous Maritime Domains;Marko Rosic, D. Sumic, L. Maleš;10.3390/electronics14132630;https://doi.org/10.3390/electronics14132630;Electronics;0;2025;no;While interoperability is central to the paper, it is about semantic interoperability between systems, not programming language interaction.;maybe;The full-text accessibility cannot be determined from the abstract alone.;no;The abstract does not discuss programming language interaction. It focuses on semantic interoperability between systems in general.;no;There is no mention of specific programming languages or multilingual systems.;yes;The abstract is written in English, meeting this criterion.;maybe;While the paper appears to be technical, it is focused on maritime systems rather than software engineering specifically.;maybe;"The abstract mentions ""technological frameworks"" but does not specifically detail assessment methods.";maybe;The abstract does not clearly indicate whether empirical evaluation is included.;yes;The paper goes beyond NLP, focusing on maritime systems integration.;maybe;The paper does focus on interoperability, but at a system level rather than programming language level.;maybe;"The abstract does not explicitly mention multiple programming languages. It discusses ""heterogeneous maritime environments"" but this refers to system diversity rather than programming languages.";no;The focus is on system integration, not specifically multilingual systems.;yes;The paper appears to present technical content rather than just opinions.;maybe;"The paper mentions ""technological frameworks"" but not specifically for multilingual software integration.";Exclude;The abstract focuses on maritime system interoperability and semantic integration, but lacks specific discussion of multilingual programming language interactions. Despite addressing system-level integration challenges, the paper does not meet the core screening criteria related to programming language collaboration and multilingual software systems. Consequently, the abstract does not align with the required research focus on interlanguage software integration.;2.5;EC1;The abstract focuses on maritime system interoperability and semantic integration, but lacks specific discussion of multilingual programming language interactions. Despite addressing system-level integration challenges, the paper does not meet the core screeni…
Distributed Applications and Interoperable Systems;K. M. Göschka, Seif Haridi;10.1007/978-3-642-30823-9;https://doi.org/10.1007/978-3-642-30823-9;Lecture Notes in Computer Science;0;2012;maybe;"While the conference title includes ""interoperable systems"", there is no specific focus on the technical or empirical challenges caused by the interaction between several programming languages within the same software system.";no;The full-text accessibility of the paper cannot be determined from the abstract alone.;no;The abstract does not mention anything about the interaction of components written in different programming languages within the same software system.;no;The abstract does not mention any specific software systems built with multiple general-purpose programming languages.;yes;The abstract is written in English, which meets the publication language requirement.;yes;The conference (DAIS) appears to be related to distributed applications and interoperable systems, which is relevant to the software engineering field.;no;The assessment methods or metrics for evaluating multilingual software interoperability cannot be determined from the abstract.;no;The abstract does not provide any information about empirical evaluation or assessment of multilingual software system implementation.;no;The abstract does not provide any information about the scope of software integration aspects beyond just natural language processing.;maybe;The conference title suggests a focus on interoperability, but the level of detail is unclear.;no;The abstract does not mention anything about language support or multilingual systems, so there is no reasoning provided for this criterion.;no;The abstract does not mention any focus on software systems that handle multiple languages or locales.;no;The research type (technical or empirical evidence) cannot be determined from the abstract.;no;The abstract does not provide any information about technical solutions, frameworks, or architectures for multilingual software integration.;Exclude;The conference proceedings title provides insufficient detail to confidently assess most screening criteria related to multilingual software systems and programming language interoperability. While the conference topic suggests potential relevance to distributed applications and interoperable systems, the extreme brevity of the abstract prevents meaningful determination of alignment with specific research requirements. Consequently, the paper appears unlikely to meet the comprehensive screening criteria for multilingual software system research.;1.4;EC4;The full-text accessibility of the paper cannot be determined from the abstract alone.
Ontologies models cohesiveness: a first assessment of integration;Mercedes Vitturini, P. Fillottrani;-;-;-;0;2012;no;While the paper addresses integration challenges, it's focused on ontology mapping rather than programming language interoperability.;maybe;Cannot be determined from the abstract alone.;no;The paper focuses on ontology integration rather than programming language interaction.;no;No mention of specific programming languages or multilingual systems.;yes;The abstract is in English, meeting this criterion.;maybe;The paper appears to be from a relevant field (GIS and ontology integration), but it's not clearly focused on software engineering or programming languages.;maybe;"The abstract mentions analyzing ""degree of cohesion"" and ""quality resulting from integration,"" suggesting some assessment methods.";maybe;The abstract suggests some analysis but doesn't explicitly mention empirical evaluation.;yes;The paper goes beyond NLP, focusing on GIS systems and ontology integration.;maybe;The paper does address integration challenges, but at the ontology level rather than programming language level.;maybe;The abstract discusses multiple ontologies but does not explicitly mention programming languages. It focuses on semantic integration rather than language support.;no;The focus is on multiple ontologies rather than multilingual software systems.;yes;The paper appears to present technical evidence rather than just opinions.;maybe;"The paper presents a ""novel technique"" for analyzing ontology integration.";Exclude;The abstract describes an ontology integration technique for GIS environments, focusing on semantic mapping between different systems. Despite addressing integration challenges, the paper does not meet the screening criteria related to multilingual programming language systems, as it primarily discusses ontology-level integration rather than programming language interoperability. Consequently, the research falls outside the targeted scope of multilingual software system analysis.;2.5;EC1;The abstract describes an ontology integration technique for GIS environments, focusing on semantic mapping between different systems. Despite addressing integration challenges, the paper does not meet the screening criteria related to multilingual programming…
Linked Heritage: a collaborative terminology management platform for a network of multilingual thesauri and controlled vocabularies;Marie-Veronique Leroi;10.4403/JLIS.IT-5471;https://doi.org/10.4403/JLIS.IT-5471;-;2;2013;no;The focus is on terminology management interoperability, not programming language interoperability.;no;Cannot be determined from the abstract alone.;no;The abstract does not discuss interaction between programming languages. It focuses on terminology management across different domains.;no;While it mentions a Terminology Management Platform, it's not about programming languages.;yes;The abstract is in English.;no;The paper appears to be from a cultural heritage/terminology management domain rather than software engineering or programming languages.;no;No clear mention of assessment methods for interoperability.;no;No clear mention of empirical evaluation.;no;The focus is specifically on terminology management, which is a form of natural language processing.;no;While it discusses integration, it's about terminology integration rather than programming language integration.;maybe;"The abstract mentions ""multilingualism"" and ""multilingual terminologies,"" suggesting support for multiple languages. However, this appears to be about terminology management rather than programming languages.";maybe;While it handles multiple languages, it's about terminology management rather than programming languages.;maybe;The abstract suggests this is a technical implementation, but the focus is not on programming language integration.;no;It presents a technical solution (TMP), but not for programming language integration.;Exclude;The abstract focuses on terminology management in cultural heritage contexts, dealing with multilingual terminologies but not addressing programming language interoperability. Despite mentioning multilingual aspects, the paper does not meet the core screening criteria related to software engineering, programming language integration, or technical challenges of multilingual software systems. The research appears to be centered on natural language processing and terminology management rather than the specified technical domain.;1.4;EC4;Cannot be determined from the abstract alone.
Systems Interoperability Evaluation through Formalisation of Semantic Relationships;E. Yahia, A. Aubry, H. Panetto;10.1002/INST.201114411;https://doi.org/10.1002/INST.201114411;-;0;2011;maybe;While interoperability is central to the paper, it is not specifically about programming language interaction.;maybe;The full-text accessibility cannot be determined from the abstract alone.;no;The abstract does not specifically address programming language interaction. It focuses on enterprise system interoperability at a higher level.;no;There is no explicit mention of specific programming languages or multilingual systems.;yes;The abstract is written in English, meeting this criterion.;yes;The paper appears to be from a relevant field (enterprise systems and interoperability), likely meeting this criterion.;maybe;The abstract does not clearly indicate specific assessment methods for interoperability.;maybe;The abstract does not indicate whether empirical evaluation is included.;yes;The paper addresses integration beyond NLP, focusing on enterprise systems.;yes;The paper strongly focuses on interoperability, but at the enterprise system level rather than the programming language level.;maybe;The abstract discusses system interoperability but does not specifically mention multiple programming languages. It focuses on enterprise systems and information exchange in general.;no;The focus is on enterprise system interoperability rather than multilingual software systems.;yes;The abstract suggests a technical analysis of interoperability challenges.;maybe;The abstract mentions that ICT and standards can contribute to solving interoperability barriers, but does not detail specific technical solutions.;Exclude;The abstract addresses enterprise system interoperability at a conceptual level, focusing on information exchange and collaboration between organizations, but lacks specific details about programming language interactions. While the paper discusses technical interoperability challenges, it does not meet the screening criteria's requirements for multilingual software system analysis or programming language integration. The research appears to be more broadly concerned with enterprise system integration rather than the targeted technical interoperability of programming languages.;2.7;EC1;The abstract addresses enterprise system interoperability at a conceptual level, focusing on information exchange and collaboration between organizations, but lacks specific details about programming language interactions. While the paper discusses technical i…
A METHOD FOR FORMALIZING REQUIREMENTS INTEROPERATION IN COMPLEX SYSTEMS ENGINEERING;A. L. Szejka, A. Aubry, H. Panetto, O. C. Júnior, E. Loures;10.1002/INST.12058;https://doi.org/10.1002/INST.12058;-;2;2015;maybe;"While interoperability is mentioned (""semantically interoperable""), it is in the context of system requirements, not programming languages.";maybe;The full-text accessibility cannot be determined from the abstract alone.;no;The abstract does not specifically address the interaction between components in different programming languages.;no;There is no explicit mention of software systems built with multiple programming languages.;yes;The abstract is written in English, meeting this criterion.;yes;The paper appears to be in the software engineering or systems engineering field, meeting this criterion.;maybe;The abstract mentions formal modeling and verification, but not specifically for multilingual software interoperability.;maybe;"The abstract mentions this is an ""ongoing research project"" but does not indicate whether empirical evaluation has been conducted.";no;The focus appears to be on system requirements modeling, not specifically software integration.;maybe;The interoperability discussed is focused on system requirements rather than programming language integration.;maybe;"The abstract does not explicitly mention multiple programming languages, only discussing ""semantically interoperable"" requirements without specifying language support.";no;There is no clear indication of a focus on multilingual systems.;yes;The paper presents a technical approach (formal modeling), meeting this criterion.;maybe;While a technical solution is presented, it is for requirements modeling rather than multilingual software integration.;Exclude;The research project focuses on system requirements modeling and semantic interoperability, but lacks explicit evidence of multilingual software system integration or programming language collaboration. While the study presents a technical approach to requirements engineering, it does not meet the specific screening criteria related to multilingual software systems or interlanguage programming challenges.;2.5;EC1;The research project focuses on system requirements modeling and semantic interoperability, but lacks explicit evidence of multilingual software system integration or programming language collaboration. While the study presents a technical approach to requirem…
Etude des mécanismes d’interopérabilité des systèmes d’information basés sur les services Web sémantiques;Karima Mecheri, Mahmoud Boufaida, L. Souici-Meslati, D. Meslati;-;-;-;0;2017;maybe;While interoperability is central to the paper, it focuses on semantic interoperability between web services rather than programming language interoperability.;maybe;Cannot be determined from the abstract alone.;no;The paper does not focus on interaction between components written in different programming languages. Instead, it focuses on semantic interoperability between web services.;no;The paper does not explicitly discuss or analyze systems built with multiple general-purpose programming languages.;yes;The paper is written in both French and English (bilingual abstract), meeting this criterion.;yes;The paper appears to be from a software engineering or computer science venue, focusing on service-oriented architectures and web services.;maybe;The paper mentions a case study for validation, but doesn't specifically detail assessment methods for multilingual software interoperability.;maybe;The paper includes a case study for validation, but not specifically for multilingual software systems.;yes;The paper goes beyond NLP, focusing on general web service integration and semantic interoperability.;maybe;The paper strongly addresses integration and interoperability, but in the context of web services and semantic interoperability, not programming language integration.;maybe;The paper focuses on semantic interoperability between web services, but does not explicitly address multiple programming languages. It discusses semantic heterogeneities but not in the context of programming languages.;no;The paper does not focus on software systems handling multiple languages or locales in the programming sense.;yes;The paper presents technical evidence and solutions, not just opinions.;maybe;The paper presents technical solutions and architectures, but for semantic web service interoperability rather than multilingual software integration.;Exclude;The research paper addresses semantic interoperability in web services, presenting a service-oriented architecture with three layers, but does not focus on multilingual programming language integration. While the study offers technical solutions for web service interoperability, it fails to meet key screening criteria related to programming language interaction and multilingual software systems. The paper's scope is primarily centered on semantic web service integration rather than the specific requirements of multilingual software development.;2.5;EC1;The research paper addresses semantic interoperability in web services, presenting a service-oriented architecture with three layers, but does not focus on multilingual programming language integration. While the study offers technical solutions for web servic…
Multi-standards metadata cataloguing tools for Ocean Observatories;Barde J Ird, Egdington D Ird, J. Barde, J.-C.desCOnnets, V. egdingtOn, Heurteaux;10.12681/MMS.70;https://doi.org/10.12681/MMS.70;-;0;2011;maybe;While interoperability is central to the paper, it is focused on metadata and information systems rather than programming language interaction.;maybe;Cannot be determined from the abstract alone.;maybe;The paper focuses on interoperability between systems, but not specifically between programming languages. It discusses metadata standards and information systems.;no;The abstract does not mention any specific software systems built with multiple programming languages.;yes;The abstract is written in English, meeting this criterion.;yes;The paper appears to be from a relevant field (information systems and software engineering), though the specific venue is not mentioned.;maybe;"The abstract mentions ""models to manage different kinds of standardized metadata"" but does not clearly present assessment methods for interoperability.";maybe;The abstract suggests a proposed solution but does not clearly indicate empirical evaluation.;yes;The paper goes beyond NLP, focusing on metadata and information systems integration.;yes;The paper strongly focuses on interoperability, but at the metadata/information system level rather than programming language level.;maybe;The abstract discusses interoperability between different systems but does not specifically mention multiple programming languages. It focuses on metadata standards and information systems.;maybe;The focus is on multi-standard systems rather than multilingual programming systems.;yes;The paper appears to present technical solutions rather than just opinions.;maybe;The paper presents technical solutions for integration, but not specifically for programming language integration.;Exclude;The abstract addresses information system interoperability and metadata standards, but does not meet the specific screening criteria related to multilingual programming language integration. While the paper discusses technical solutions for system integration, it lacks focus on programming language interaction, empirical evidence of multilingual software systems, and explicit analysis of language-specific interoperability challenges.;2.5;EC1;The abstract addresses information system interoperability and metadata standards, but does not meet the specific screening criteria related to multilingual programming language integration. While the paper discusses technical solutions for system integration,…
Development of a method for remediation of water with excessive content of fluoride using eggshell;M. Lupo, M. B. Vescovo, O. M. Terjes, A. Rigalli;10.1016/j.bone.2014.12.041;https://doi.org/10.1016/j.bone.2014.12.041;-;0;2016;no;The main subject of the paper is spelling correction in cross-language information retrieval, not programming language interoperability.;maybe;The full-text accessibility of the paper cannot be determined from the abstract alone.;no;The paper focuses on natural language processing and information retrieval, not on programming language interoperability.;no;The paper discusses multilingual systems, but these are for natural language processing, not programming languages.;yes;The abstract is written in English, meeting the publication language criterion.;maybe;While the paper appears to be a technical paper, it is not explicitly clear if it is from a software engineering or programming languages venue.;yes;The paper presents evaluation methods for testing different approaches to spelling correction.;yes;The study includes empirical evaluation using real user-generated spelling errors.;no;The paper focuses specifically on natural language processing and information retrieval, not on software integration aspects beyond just natural language processing.;no;The integration discussed in the paper is for natural language processing, not programming language integration.;yes;The paper explicitly deals with cross-language information retrieval (CLIR) between Spanish and English, indicating that it addresses systems supporting multiple languages.;yes;The paper focuses on multilingual systems, but only for natural language processing, not programming languages.;yes;The study presents technical and empirical evidence.;yes;The paper presents technical solutions for spelling correction in CLIR, not for programming language integration.;Exclude;The research focuses on cross-language information retrieval and spelling correction techniques, primarily addressing natural language processing challenges rather than programming language interoperability. While the study demonstrates technical sophistication and multilingual system analysis, it does not meet key screening criteria related to programming language integration and software engineering. The paper's scope is narrowly defined within natural language processing, limiting its alignment with the systematic review's core objectives.;1.4;EC1;The research focuses on cross-language information retrieval and spelling correction techniques, primarily addressing natural language processing challenges rather than programming language interoperability. While the study demonstrates technical sophisticatio…
THE ARCHAEOLOGICAL URBAN INFORMATION SYSTEM OF VERONA: AN APPROACH TO INTEROPERABILITY THROUGH STANDARD-BASED CONCEPTUAL MODELLING;A. Belussi, S. Migliorini, Piergiovanna Grossi;10.19282/AC.29.2018.19;https://doi.org/10.19282/AC.29.2018.19;-;0;2018;no;While interoperability is central to the paper, it is about data exchange and system integration rather than programming language interoperability.;maybe;The full-text accessibility cannot be determined from the abstract alone.;no;The paper focuses on interoperability between two systems, but not specifically between components written in different programming languages.;no;The abstract does not mention any specific programming languages or multilingual software systems.;yes;The abstract is written in English, meeting this criterion.;no;The paper appears to be from a field related to information systems and cultural heritage, not specifically software engineering or programming languages.;maybe;"The paper mentions ""practical tests of interoperability"" and query execution experiments, but these are not specifically about programming language interoperability.";yes;The paper includes empirical evaluation through practical tests and query execution experiments.;yes;The integration discussed is about archaeological data systems, not natural language processing.;maybe;The paper does address integration challenges, but at the system and data level rather than the programming language level.;maybe;The abstract does not explicitly mention support for multiple programming languages. It discusses interoperability between two systems (SITAVR and SITAR) but not in terms of programming languages.;no;The paper does not focus on software systems handling multiple languages or locales.;yes;The paper presents technical and empirical evidence, meeting this criterion.;no;The paper presents technical solutions for system integration, but not specifically for multilingual software integration.;Exclude;The abstract describes an archaeological information system integration project that does not meet the screening criteria for multilingual programming language research. While the paper demonstrates technical interoperability between two systems, it lacks focus on programming language interactions, multilingual software challenges, or specific language integration techniques. The research is primarily centered on archaeological data management rather than software engineering or programming language interoperability.;2.5;EC1;The abstract describes an archaeological information system integration project that does not meet the screening criteria for multilingual programming language research. While the paper demonstrates technical interoperability between two systems, it lacks focu…
Multilingualism and conceptual modelling;Ricardo Mairal-Usón, Carlos Periñán-Pascual;10.5209/CLAC.52774;https://doi.org/10.5209/CLAC.52774;-;0;2016;no;The paper focuses on conceptual modeling and knowledge representation in multilingual contexts, not programming language interoperability.;maybe;Cannot be determined from abstract alone.;no;The paper does not address interaction between programming languages. It focuses on natural language processing and knowledge representation.;no;While it discusses multilingual systems, these are not programming language-based systems.;yes;The abstract is in English, meeting this criterion.;no;While this appears to be an academic paper, it seems to be from linguistics/semantic web rather than software engineering or programming languages.;no;The abstract mentions formal representation but doesn't clearly indicate assessment methods for interoperability.;no;The abstract doesn't clearly indicate empirical evaluation.;no;The paper appears to focus primarily on natural language processing and knowledge representation.;no;While it discusses integration, it's focused on natural language and knowledge representation rather than programming language integration.;no;The paper discusses multilingual semantic web and knowledge bases, but focuses on natural language rather than programming languages.;no;While it focuses on multilingual systems, these are not programming language-based systems.;yes;The paper appears to present technical content rather than just opinions.;no;The paper presents a framework (FunGramKB) but for natural language processing rather than programming language integration.;Exclude;The research focuses on multilingual semantic web and knowledge representation in natural language contexts, fundamentally diverging from programming language interoperability requirements. Despite addressing multilingual systems, the study fails to meet critical screening criteria related to software engineering, programming language interaction, and technical integration challenges. Consequently, the paper does not align with the specified research parameters for multilingual software systems.;1.4;EC1;The research focuses on multilingual semantic web and knowledge representation in natural language contexts, fundamentally diverging from programming language interoperability requirements. Despite addressing multilingual systems, the study fails to meet criti…